row_id,episode_ordinal,episode_id,split,model_step,raw_step,transition_block,normalized_position,interaction_contact,support_contact,free,regime,sensor_grasp_onset,sensor_release,mse_model,mse_persistence,excess,mse_model_whitened,mse_persistence_whitened,excess_whitened,phase_decile
0,0,0,calibration,3,15,2,0.075,False,True,False,support,False,False,0.012173722498118877,0.053079839795827866,-0.040906116366386414,8.876036859211435,3.0632226869975754,5.81281417221386,0
1,0,0,calibration,4,20,3,0.1,False,True,False,support,False,False,0.010973788797855377,0.11582618206739426,-0.10485239326953888,7.927741618462843,2.0322371481594064,5.895504470303436,1
2,0,0,calibration,5,25,4,0.125,False,True,False,support,False,False,0.007547948509454727,0.0783553346991539,-0.07080738246440887,6.737886759887307,0.7950053233090953,5.942881436578212,1
3,0,0,calibration,6,30,5,0.15,True,True,False,interaction,True,False,0.006515705492347479,0.06065218523144722,-0.0541364811360836,7.250613463603007,1.5646046282525825,5.686008835350425,1
4,0,0,calibration,7,35,6,0.175,True,False,False,interaction,False,False,0.06643261015415192,0.2866609990596771,-0.2202283889055252,10.840392471094304,2.531496397140684,8.30889607395362,1
5,0,0,calibration,8,40,7,0.2,True,False,False,interaction,False,False,0.24070072174072266,0.499184250831604,-0.25848352909088135,14.570008694962487,2.741216955779825,11.828791739182662,2
6,0,0,calibration,9,45,8,0.225,True,False,False,interaction,False,False,0.35495853424072266,0.6277828216552734,-0.2728242874145508,10.265122080801488,2.5704428010283085,7.69467927977318,2
7,0,0,calibration,10,50,9,0.25,True,False,False,interaction,False,False,0.748487651348114,1.241601586341858,-0.4931139349937439,14.711052922412799,2.9638393942048595,11.74721352820794,2
8,0,0,calibration,11,55,10,0.275,True,False,False,interaction,False,False,0.4086732864379883,0.9185064435005188,-0.5098331570625305,11.90237153841491,2.739168524257021,9.163203014157888,2
9,0,0,calibration,12,60,11,0.3,True,False,False,interaction,False,False,0.020642375573515892,0.21012592315673828,-0.18948355317115784,8.16105403846237,1.9578572401844194,6.20319679827795,3
10,0,0,calibration,13,65,12,0.325,True,False,False,interaction,False,False,0.04123618081212044,0.16604717075824738,-0.12481099367141724,10.024455605456179,2.008024296560515,8.016431308895664,3
11,0,0,calibration,14,70,13,0.35,True,True,False,interaction,False,True,0.02069101296365261,0.07688684016466141,-0.05619582533836365,7.382024378552071,0.9821193130745111,6.39990506547756,3
12,0,0,calibration,15,75,14,0.375,False,True,False,support,False,False,0.0745980367064476,0.10242599248886108,-0.027827955782413483,7.7240398702846536,0.8394365217247423,6.884603348559911,3
13,0,0,calibration,16,80,15,0.4,False,True,False,support,False,False,0.1290191262960434,0.24911348521709442,-0.12009435892105103,6.600310232437562,0.7994096579988845,5.8009005744386775,4
14,0,0,calibration,17,85,16,0.425,False,True,False,support,False,False,0.05424760282039642,0.16043755412101746,-0.10618995130062103,6.545702138772856,0.7814430691708507,5.764259069602005,4
15,0,0,calibration,18,90,17,0.45,False,True,False,support,False,False,0.04169202968478203,0.11826688051223755,-0.07657484710216522,8.640872209050654,1.2965891450443656,7.344283064006288,4
16,0,0,calibration,19,95,18,0.475,False,True,False,support,False,False,0.016534311696887016,0.07071661949157715,-0.05418230593204498,7.916064356864562,0.7526834059556146,7.163380950908948,4
17,0,0,calibration,20,100,19,0.5,False,True,False,support,False,False,0.04269182309508324,0.16260264813899994,-0.1199108213186264,6.973227358961822,1.0283897796889288,5.9448375792728925,5
18,0,0,calibration,21,105,20,0.525,False,True,False,support,False,False,0.0071436516009271145,0.10070229321718216,-0.09355863928794861,6.691729311594448,0.7024004504089625,5.989328861185485,5
19,0,0,calibration,22,110,21,0.55,False,True,False,support,False,False,0.013257022015750408,0.20743592083454132,-0.19417889416217804,6.883254856846729,0.9455890867335205,5.937665770113208,5
20,0,0,calibration,23,115,22,0.575,True,True,False,interaction,True,False,0.0025048304814845324,0.03959156945347786,-0.037086740136146545,7.781833706063412,0.7389512845663028,7.042882421497109,5
21,0,0,calibration,24,120,23,0.6,True,True,False,interaction,False,False,0.048059698194265366,0.10531976073980331,-0.05726006254553795,10.295063540168275,1.9134115419895512,8.381651998178723,6
22,0,0,calibration,25,125,24,0.625,True,False,False,interaction,False,False,0.0993555411696434,0.33169427514076233,-0.23233872652053833,12.257332235475355,1.6846511299391367,10.572681105536217,6
23,0,0,calibration,26,130,25,0.65,True,False,False,interaction,False,False,0.2204044908285141,0.5025525689125061,-0.2821480631828308,10.191980976716907,2.0264383875544936,8.165542589162413,6
24,0,0,calibration,27,135,26,0.675,True,False,False,interaction,False,False,0.10477577894926071,0.46723127365112305,-0.36245548725128174,5.360427537218733,3.202227606175219,2.158199931043514,6
25,0,0,calibration,28,140,27,0.7,True,False,False,interaction,False,False,0.04788315296173096,0.22424812614917755,-0.1763649731874466,6.12789121778692,2.0223535597104383,4.105537658076482,7
26,0,0,calibration,29,145,28,0.725,True,False,False,interaction,False,False,0.0694304034113884,0.41570261120796204,-0.34627220034599304,6.596706698275068,1.4580320471131702,5.138674651161898,7
27,0,0,calibration,30,150,29,0.75,True,False,False,interaction,False,False,0.03868596628308296,0.32012835144996643,-0.2814423739910126,8.997121894550135,1.507782004001015,7.48933989054912,7
28,0,0,calibration,31,155,30,0.775,True,False,False,interaction,False,False,0.04986806586384773,0.2538496255874634,-0.20398156344890594,9.222621931785566,0.9331834868818637,8.289438444903702,7
29,0,0,calibration,32,160,31,0.8,True,True,False,interaction,False,True,0.023420507088303566,0.028858989477157593,-0.005438482388854027,7.626694359752441,0.58037857257526,7.046315787177181,8
30,0,0,calibration,33,165,32,0.825,False,True,False,support,False,False,0.1472966969013214,0.28177663683891296,-0.13447993993759155,7.839260232936806,0.9511205703368834,6.888139662599923,8
31,0,0,calibration,34,170,33,0.85,False,True,False,support,False,False,0.14133964478969574,0.3785892426967621,-0.23724959790706635,7.036147763790997,1.132377594128348,5.903770169662649,8
32,0,0,calibration,35,175,34,0.875,False,True,False,support,False,False,0.03721730411052704,0.19632892310619354,-0.1591116189956665,10.753686594314596,1.8028436550320446,8.950842939282552,8
33,0,0,calibration,36,180,35,0.9,False,True,False,support,False,False,0.0077815274707973,0.002856505336239934,0.004925021901726723,9.544147852832474,0.19115508815515295,9.352992764677321,9
34,0,0,calibration,37,185,36,0.925,False,True,False,support,False,False,0.05408851429820061,0.19263269007205963,-0.13854417204856873,7.90404976139578,1.2836154622383467,6.620434299157433,9
35,0,0,calibration,38,190,37,0.95,False,True,False,support,False,False,0.021574469283223152,0.12541328370571136,-0.10383881628513336,6.549045623163232,0.8457077962424769,5.703337826920754,9
36,0,0,calibration,39,195,38,0.975,False,True,False,support,False,False,0.01052949856966734,0.16956329345703125,-0.15903379023075104,7.06125893156985,0.9534243464831981,6.1078345850866524,9
37,0,0,calibration,40,200,39,1.0,False,True,False,support,False,False,0.007466502487659454,0.1435539424419403,-0.13608744740486145,7.139404417695762,1.0618881816579087,6.077516236037853,9
38,1,1,calibration,3,15,2,0.075,False,True,False,support,False,False,0.014027520082890987,0.06160607933998108,-0.04757855832576752,9.358761810917974,8.364885701374297,0.9938761095436774,0
39,1,1,calibration,4,20,3,0.1,False,True,False,support,False,False,0.01935984008014202,0.07382205128669739,-0.05446220934391022,8.72647046897537,1.7989035704895473,6.927566898485822,1
40,1,1,calibration,5,25,4,0.125,False,True,False,support,False,False,0.00362359918653965,0.06458055227994919,-0.06095695495605469,10.099462597045086,1.5479154184551043,8.551547178589981,1
41,1,1,calibration,6,30,5,0.15,True,True,False,interaction,True,False,0.011150114238262177,0.039030805230140686,-0.02788069099187851,11.120033296993427,1.808216584749471,9.311816712243957,1
42,1,1,calibration,7,35,6,0.175,True,False,False,interaction,False,False,0.043907731771469116,0.12426286935806274,-0.08035513758659363,15.00783160923612,2.443215276428487,12.564616332807633,1
43,1,1,calibration,8,40,7,0.2,True,False,False,interaction,False,False,0.06061384081840515,0.29257676005363464,-0.2319629192352295,10.945237045178727,3.0769698743836607,7.868267170795066,2
44,1,1,calibration,9,45,8,0.225,True,False,False,interaction,False,False,0.6556033492088318,1.3999418020248413,-0.7443384528160095,24.440457074266533,3.7990638236217564,20.641393250644775,2
45,1,1,calibration,10,50,9,0.25,True,False,False,interaction,False,False,0.47560396790504456,0.9425014853477478,-0.46689751744270325,8.351119621036842,3.7356695526501187,4.615450068386723,2
46,1,1,calibration,11,55,10,0.275,True,False,False,interaction,False,False,0.55387282371521,1.2052093744277954,-0.6513365507125854,17.52661939984678,2.9538505517407394,14.57276884810604,2
47,1,1,calibration,12,60,11,0.3,True,False,False,interaction,False,False,0.06412958353757858,0.2360237091779709,-0.1718941330909729,9.88336665305711,2.072740979481868,7.810625673575242,3
48,1,1,calibration,13,65,12,0.325,True,False,False,interaction,False,False,0.0098068006336689,0.06590622663497925,-0.05609942600131035,6.738539364051209,0.4063643721536034,6.332174991897606,3
49,1,1,calibration,14,70,13,0.35,True,True,False,interaction,False,False,0.014580038376152515,0.05246013402938843,-0.03788009658455849,6.702354402280556,0.74248924259154,5.959865159689016,3
50,1,1,calibration,15,75,14,0.375,False,True,False,support,False,True,0.06264279037714005,0.059569358825683594,0.0030734315514564514,6.940811118006778,0.4972987364795203,6.443512381527258,3
51,1,1,calibration,16,80,15,0.4,False,True,False,support,False,False,0.12493941932916641,0.23794035613536835,-0.11300093680620193,7.785147699609415,0.6869684729167537,7.098179226692661,4
52,1,1,calibration,17,85,16,0.425,False,True,False,support,False,False,0.14225085079669952,0.3181076645851135,-0.175856813788414,7.980728534944667,1.2947689965826605,6.685959538362007,4
53,1,1,calibration,18,90,17,0.45,False,True,False,support,False,False,0.017448166385293007,0.014187323860824108,0.0032608425244688988,6.908682529997123,0.8688478380897294,6.0398346919073935,4
54,1,1,calibration,19,95,18,0.475,False,True,False,support,False,False,0.09318739175796509,0.14230145514011383,-0.04911406338214874,8.991942309256729,1.9823878079602213,7.009554501296507,4
55,1,1,calibration,20,100,19,0.5,False,True,False,support,False,False,0.06758615374565125,0.11210113763809204,-0.044514983892440796,7.819774024245656,1.2692548492861546,6.5505191749595015,5
56,1,1,calibration,21,105,20,0.525,False,True,False,support,False,False,0.021637165918946266,0.13363631069660187,-0.11199914664030075,7.985000613691686,1.0451054595522427,6.939895154139443,5
57,1,1,calibration,22,110,21,0.55,False,True,False,support,False,False,0.005534979049116373,0.19724245369434357,-0.19170747697353363,7.306211472680371,0.6099778953622251,6.696233577318146,5
58,1,1,calibration,23,115,22,0.575,True,True,False,interaction,True,False,0.0018125943606719375,0.031354133039712906,-0.029541539028286934,6.430083725881303,0.39097213446463236,6.039111591416671,5
59,1,1,calibration,24,120,23,0.6,True,True,False,interaction,False,False,0.014075103215873241,0.0602569542825222,-0.046181850135326385,7.736005075293998,0.7332219651259777,7.0027831101680205,6
60,1,1,calibration,25,125,24,0.625,True,False,False,interaction,False,False,0.08619636297225952,0.33959588408470154,-0.253399521112442,9.215558000650319,1.1298187294165418,8.085739271233777,6
61,1,1,calibration,26,130,25,0.65,True,False,False,interaction,False,False,0.9307641386985779,1.4066747426986694,-0.47591060400009155,9.144028133899832,1.8411224663889045,7.302905667510927,6
62,1,1,calibration,27,135,26,0.675,True,False,False,interaction,False,False,0.002121127210557461,0.011665225960314274,-0.009544098749756813,3.570345282342887,0.527678994857431,3.042666287485456,6
63,1,1,calibration,28,140,27,0.7,True,False,False,interaction,False,False,0.7592085003852844,1.0710656642913818,-0.3118571639060974,8.757835156136155,2.0692959224656096,6.688539233670545,7
64,1,1,calibration,29,145,28,0.725,True,False,False,interaction,False,False,0.10934889316558838,0.22352834045886993,-0.11417944729328156,8.163591916079536,1.9285378265007003,6.235054089578836,7
65,1,1,calibration,30,150,29,0.75,True,False,False,interaction,False,False,0.01793045736849308,0.11737465858459473,-0.0994442030787468,7.493188037564369,0.5405119176836224,6.952676119880747,7
66,1,1,calibration,31,155,30,0.775,True,False,False,interaction,False,False,0.005195395555347204,0.03662240877747536,-0.031427014619112015,6.94538010697075,0.4256462501853317,6.519733856785418,7
67,1,1,calibration,32,160,31,0.8,False,True,False,support,False,True,0.0250286553055048,0.02140035293996334,0.003628302365541458,6.8588816548472735,0.2705700022199515,6.588311652627322,8
68,1,1,calibration,33,165,32,0.825,False,True,False,support,False,False,0.10574053972959518,0.1769559234380722,-0.07121538370847702,7.75411032340167,0.9380765352953003,6.8160337881063695,8
69,1,1,calibration,34,170,33,0.85,False,True,False,support,False,False,0.07649747282266617,0.1611560434103012,-0.08465857058763504,8.522842890957746,0.6922185006308391,7.830624390326906,8
70,1,1,calibration,35,175,34,0.875,False,True,False,support,False,False,0.04955577850341797,0.16868895292282104,-0.11913317441940308,6.985437146912379,1.447277122703021,5.5381600242093585,8
71,1,1,calibration,36,180,35,0.9,False,True,False,support,False,False,0.008476235903799534,0.002357681281864643,0.006118554621934891,6.784181311630749,0.1334782907417513,6.650703020888998,9
72,1,1,calibration,37,185,36,0.925,False,True,False,support,False,False,0.033273596316576004,0.10494088381528854,-0.07166728377342224,7.710694933747629,1.229494328806285,6.4812006049413435,9
73,1,1,calibration,38,190,37,0.95,False,True,False,support,False,False,0.015592296607792377,0.09604373574256897,-0.08045143634080887,7.397395273220845,0.7714974691908552,6.625897804029989,9
74,1,1,calibration,39,195,38,0.975,False,True,False,support,False,False,0.01942095346748829,0.18197286128997803,-0.1625519096851349,8.351157650292352,0.8362284773852834,7.514929172907069,9
75,1,1,calibration,40,200,39,1.0,False,True,False,support,False,False,0.010135873220860958,0.12208820134401321,-0.11195232719182968,8.22336305708324,0.9130444095857045,7.310318647497536,9
76,2,2,calibration,3,15,2,0.075,False,True,False,support,False,False,0.01160535216331482,0.10270273685455322,-0.0910973846912384,5.9584024454924664,9.435177761364814,-3.476775315872348,0
77,2,2,calibration,4,20,3,0.1,False,True,False,support,False,False,0.005805323366075754,0.18572662770748138,-0.17992129921913147,5.9257601692696475,3.587314441701693,2.3384457275679544,1
78,2,2,calibration,5,25,4,0.125,False,True,False,support,False,False,0.03377874940633774,0.10115506500005722,-0.06737631559371948,8.25686686247999,3.7233208748618054,4.533545987618185,1
79,2,2,calibration,6,30,5,0.15,True,True,False,interaction,True,False,0.06645994633436203,0.14215087890625,-0.07569093257188797,16.21700348252756,3.8278787743854923,12.389124708142067,1
80,2,2,calibration,7,35,6,0.175,True,False,False,interaction,False,False,0.11881015449762344,0.330112487077713,-0.21130234003067017,46.41563702959015,3.7932185003140546,42.622418529276096,1
81,2,2,calibration,8,40,7,0.2,True,False,False,interaction,False,False,0.6986019015312195,1.5424460172653198,-0.8438441157341003,126.23733038133969,3.919843975748685,122.317486405591,2
82,2,2,calibration,9,45,8,0.225,True,False,False,interaction,False,False,1.0294030904769897,1.7466087341308594,-0.7172056436538696,29.152382951104187,3.9335800547404687,25.21880289636372,2
83,2,2,calibration,10,50,9,0.25,True,False,False,interaction,False,False,1.4883203506469727,1.8342313766479492,-0.34591102600097656,105.48837977663551,3.419358655251854,102.06902112138366,2
84,2,2,calibration,11,55,10,0.275,True,False,False,interaction,False,False,1.5387760400772095,1.7623945474624634,-0.2236185073852539,78.94908865588029,3.4853263506386476,75.46376230524164,2
85,2,2,calibration,12,60,11,0.3,True,False,False,interaction,False,False,1.344758152961731,1.8345478773117065,-0.4897897243499756,54.78770464650765,3.047907733728858,51.73979691277879,3
86,2,2,calibration,13,65,12,0.325,True,False,False,interaction,False,False,0.06083862483501434,0.2839873135089874,-0.22314868867397308,5.51931696859526,1.5288861163460041,3.990430852249256,3
87,2,2,calibration,14,70,13,0.35,True,True,False,interaction,False,True,0.0063567510806024075,0.052094340324401855,-0.04573759064078331,5.416174813989279,0.791732967645213,4.624441846344066,3
88,2,2,calibration,15,75,14,0.375,False,True,False,support,False,False,0.08973772078752518,0.11589273810386658,-0.0261550173163414,6.240523150711666,0.6227560879381119,5.617767062773554,3
89,2,2,calibration,16,80,15,0.4,False,True,False,support,False,False,0.17634983360767365,0.276713103055954,-0.10036326944828033,6.552601800986214,0.7688979598717546,5.78370384111446,4
90,2,2,calibration,17,85,16,0.425,False,True,False,support,False,False,0.060430046170949936,0.12057586759328842,-0.060145821422338486,8.385222395345945,0.8117579266432537,7.573464468702691,4
91,2,2,calibration,18,90,17,0.45,False,True,False,support,False,False,0.06328286975622177,0.12424510717391968,-0.060962237417697906,11.804119143846478,1.5771694475869904,10.226949696259487,4
92,2,2,calibration,19,95,18,0.475,False,True,False,support,False,False,0.017829691991209984,0.07261588424444199,-0.05478619039058685,9.78652625868917,1.1503108762742005,8.636215382414969,4
93,2,2,calibration,20,100,19,0.5,False,True,False,support,False,False,0.02449074387550354,0.08272061496973038,-0.05822987109422684,7.874629756618721,0.7794062834237966,7.095223473194925,5
94,2,2,calibration,21,105,20,0.525,False,True,False,support,False,False,0.006710316985845566,0.07673606276512146,-0.0700257420539856,7.3471063470645825,0.7574868353481925,6.58961951171639,5
95,2,2,calibration,22,110,21,0.55,False,True,False,support,False,False,0.007007127162069082,0.2133954018354416,-0.20638827979564667,6.874861715258979,0.5353826953607471,6.339479019898232,5
96,2,2,calibration,23,115,22,0.575,False,True,False,support,False,False,0.01849711872637272,0.14456163346767426,-0.1260645091533661,7.237563870370063,1.8513672250951434,5.38619664527492,5
97,2,2,calibration,24,120,23,0.6,True,True,False,interaction,True,False,0.04772798344492912,0.06685233861207962,-0.019124355167150497,7.415669424177473,1.6104900925939667,5.805179331583506,6
98,2,2,calibration,25,125,24,0.625,True,False,False,interaction,False,False,0.09775110334157944,0.3003678023815155,-0.20261669158935547,8.099009737204812,1.4535340933893506,6.645475643815461,6
99,2,2,calibration,26,130,25,0.65,True,False,False,interaction,False,False,0.07967662811279297,0.4496813714504242,-0.3700047433376312,7.714009863195656,1.4074793469316604,6.3065305162639955,6
100,2,2,calibration,27,135,26,0.675,True,False,False,interaction,False,False,0.03988737240433693,0.1865573674440384,-0.14666999876499176,5.835161889976912,1.6786399477159133,4.156521942260999,6
101,2,2,calibration,28,140,27,0.7,True,False,False,interaction,False,False,0.051264166831970215,0.40586137771606445,-0.35459721088409424,4.634612482324505,2.285150925413497,2.349461556911008,7
102,2,2,calibration,29,145,28,0.725,True,False,False,interaction,False,False,0.0349142961204052,0.24639646708965302,-0.21148216724395752,5.181070585546321,1.3693344420428755,3.8117361435034454,7
103,2,2,calibration,30,150,29,0.75,True,False,False,interaction,False,False,0.013461246155202389,0.09095904976129532,-0.07749780267477036,5.052751245522685,0.9386860972789933,4.114065148243691,7
104,2,2,calibration,31,155,30,0.775,True,False,False,interaction,False,False,0.003958150278776884,0.043116357177495956,-0.039158206433057785,5.938875723625897,0.4484281851125825,5.4904475385133145,7
105,2,2,calibration,32,160,31,0.8,True,True,False,interaction,False,True,0.0031311947386711836,0.021191949024796486,-0.018060754984617233,5.433152066384491,0.3359472371176954,5.097204829266796,8
106,2,2,calibration,33,165,32,0.825,False,True,False,support,False,False,0.09065654128789902,0.10971593856811523,-0.019059397280216217,6.458936763058702,0.5596891108571931,5.899247652201509,8
107,2,2,calibration,34,170,33,0.85,False,True,False,support,False,False,0.2604494094848633,0.3803853988647461,-0.11993598937988281,8.280402276545118,0.7801429697875504,7.500259306757568,8
108,2,2,calibration,35,175,34,0.875,False,True,False,support,False,False,0.09191472083330154,0.10263713449239731,-0.010722413659095764,9.825106381692507,0.8875701084692506,8.937536273223257,8
109,2,2,calibration,36,180,35,0.9,False,True,False,support,False,False,0.00737781822681427,0.004790882114320993,0.0025869361124932766,8.176806624573336,0.2750886190779306,7.901718005495406,9
110,2,2,calibration,37,185,36,0.925,False,True,False,support,False,False,0.0190682765096426,0.07143620401620865,-0.0523679256439209,6.0217615421450965,1.0827035430808163,4.93905799906428,9
111,2,2,calibration,38,190,37,0.95,False,True,False,support,False,False,0.008114843629300594,0.08977001905441284,-0.08165517449378967,6.416342657699759,0.7605080838635484,5.65583457383621,9
112,2,2,calibration,39,195,38,0.975,False,True,False,support,False,False,0.016307828947901726,0.06667060405015945,-0.05036277323961258,5.906601271100576,0.5324682744967149,5.374132996603861,9
113,2,2,calibration,40,200,39,1.0,False,True,False,support,False,False,0.012690001167356968,0.09219107031822205,-0.07950107008218765,5.594190431586366,0.7403536266195893,4.853836804966777,9
114,3,3,calibration,3,15,2,0.075,False,True,False,support,False,False,0.01612081564962864,0.1018863096833229,-0.08576549589633942,8.338922117867837,4.195727642329474,4.143194475538363,0
115,3,3,calibration,4,20,3,0.1,False,True,False,support,False,False,0.003530193818733096,0.18055029213428497,-0.1770201027393341,6.556531026094171,2.5045644695023426,4.051966556591829,1
116,3,3,calibration,5,25,4,0.125,False,True,False,support,False,False,0.01345313061028719,0.13097071647644043,-0.11751758307218552,8.211318080000511,1.2406776907866401,6.970640389213871,1
117,3,3,calibration,6,30,5,0.15,True,True,False,interaction,True,False,0.015493550337851048,0.0672636404633522,-0.05177009105682373,8.63626327016138,1.942602241410829,6.693661028750552,1
118,3,3,calibration,7,35,6,0.175,True,False,False,interaction,False,False,0.12315613776445389,0.3368411064147949,-0.21368497610092163,16.63235706870353,3.575565236716393,13.056791831987137,1
119,3,3,calibration,8,40,7,0.2,True,False,False,interaction,False,False,0.37172508239746094,1.0571657419204712,-0.6854406595230103,22.607872043420752,3.8973496865991564,18.710522356821595,2
120,3,3,calibration,9,45,8,0.225,True,False,False,interaction,False,False,1.1054528951644897,1.6992902755737305,-0.5938373804092407,78.96892672084925,3.586277429184843,75.3826492916644,2
121,3,3,calibration,10,50,9,0.25,True,False,False,interaction,False,False,1.0056580305099487,1.591503620147705,-0.5858455896377563,9.58884753327792,3.297450054083279,6.291397479194641,2
122,3,3,calibration,11,55,10,0.275,True,False,False,interaction,False,False,1.2723432779312134,1.706578254699707,-0.43423497676849365,14.212599354543833,2.6738744234560143,11.538724931087819,2
123,3,3,calibration,12,60,11,0.3,True,False,False,interaction,False,False,0.09671521186828613,0.465578556060791,-0.3688633441925049,11.63469089878505,2.514259458468288,9.120431440316763,3
124,3,3,calibration,13,65,12,0.325,True,False,False,interaction,False,False,0.07670360058546066,0.32685747742652893,-0.25015386939048767,10.330296675668995,1.7484320882129,8.581864587456096,3
125,3,3,calibration,14,70,13,0.35,True,True,False,interaction,False,True,0.034762073308229446,0.05564787983894348,-0.020885806530714035,7.3305484595951755,0.8542821551817029,6.476266304413473,3
126,3,3,calibration,15,75,14,0.375,False,True,False,support,False,False,0.04986170306801796,0.04229557886719704,0.007566124200820923,7.129195680825263,0.5177868876661161,6.611408793159147,3
127,3,3,calibration,16,80,15,0.4,False,True,False,support,False,False,0.17275293171405792,0.3292224109172821,-0.15646947920322418,9.362188063517523,0.7194693076693545,8.642718755848168,4
128,3,3,calibration,17,85,16,0.425,False,True,False,support,False,False,0.05871335789561272,0.1794063001871109,-0.12069293856620789,15.419360561938083,1.2176376482416675,14.201722913696415,4
129,3,3,calibration,18,90,17,0.45,False,True,False,support,False,False,0.014429221861064434,0.031860511749982834,-0.017431288957595825,11.467587889458839,1.2629784669531592,10.20460942250568,4
130,3,3,calibration,19,95,18,0.475,False,True,False,support,False,False,0.017762884497642517,0.03759217634797096,-0.019829291850328445,7.949776034975284,1.7898776974164077,6.159898337558876,4
131,3,3,calibration,20,100,19,0.5,False,True,False,support,False,False,0.013814707286655903,0.0547637939453125,-0.04094908758997917,8.330684530216379,0.7440387252677514,7.586645804948628,5
132,3,3,calibration,21,105,20,0.525,False,True,False,support,False,False,0.025712326169013977,0.2100319117307663,-0.18431958556175232,8.205908943363026,0.8698434192472694,7.336065524115757,5
133,3,3,calibration,22,110,21,0.55,False,True,False,support,False,False,0.015067479573190212,0.2236844301223755,-0.2086169570684433,7.003565077457473,0.7205093037351965,6.2830557737222765,5
134,3,3,calibration,23,115,22,0.575,True,True,False,interaction,True,False,0.016547981649637222,0.06245270371437073,-0.045904722064733505,7.179987241698659,1.0195671047932617,6.1604201369053975,5
135,3,3,calibration,24,120,23,0.6,True,True,False,interaction,False,False,0.06265231221914291,0.21665091812610626,-0.15399861335754395,8.36177320597736,1.767201795432136,6.594571410545225,6
136,3,3,calibration,25,125,24,0.625,True,False,False,interaction,False,False,0.12255162000656128,0.36186859011650085,-0.23931697010993958,10.795504206773343,2.044387928399061,8.751116278374282,6
137,3,3,calibration,26,130,25,0.65,True,False,False,interaction,False,False,0.4805006682872772,1.2216867208480835,-0.7411860227584839,11.073281178787186,2.765590447179518,8.307690731607668,6
138,3,3,calibration,27,135,26,0.675,True,False,False,interaction,False,False,0.3019181489944458,0.7896077632904053,-0.4876896142959595,7.431146047694358,3.335227502248891,4.095918545445467,6
139,3,3,calibration,28,140,27,0.7,True,False,False,interaction,False,False,0.6892774701118469,1.2826886177062988,-0.5934111475944519,9.980465484173903,3.4097009794503337,6.57076450472357,7
140,3,3,calibration,29,145,28,0.725,True,False,False,interaction,False,False,0.3134610652923584,0.7394604682922363,-0.42599940299987793,11.367828969706801,2.244372763928989,9.123456205777812,7
141,3,3,calibration,30,150,29,0.75,True,False,False,interaction,False,False,0.06759023666381836,0.28647127747535706,-0.2188810408115387,12.270890612574656,1.4867814649541982,10.784109147620457,7
142,3,3,calibration,31,155,30,0.775,True,False,False,interaction,False,False,0.048406932502985,0.1355750560760498,-0.0871681272983551,8.634063491784632,1.0403967063065487,7.593666785478083,7
143,3,3,calibration,32,160,31,0.8,False,True,False,support,False,True,0.022255877032876015,0.0236692875623703,-0.0014134105294942856,6.428813280239347,0.46060154314320284,5.968211737096144,8
144,3,3,calibration,33,165,32,0.825,False,True,False,support,False,False,0.10045937448740005,0.11017408221960068,-0.009714707732200623,7.569113427243768,0.5421746570700899,7.026938770173678,8
145,3,3,calibration,34,170,33,0.85,False,True,False,support,False,False,0.13752827048301697,0.29978904128074646,-0.1622607707977295,8.848195886186474,0.8511745536704546,7.997021332516019,8
146,3,3,calibration,35,175,34,0.875,False,True,False,support,False,False,0.10620323568582535,0.3434046506881714,-0.23720142245292664,10.470251688005005,1.3781638738859272,9.092087814119077,8
147,3,3,calibration,36,180,35,0.9,False,True,False,support,False,False,0.008475172333419323,0.0008753605070523918,0.007599812000989914,9.409918693950864,0.07891035317024438,9.33100834078062,9
148,3,3,calibration,37,185,36,0.925,False,True,False,support,False,False,0.03287816420197487,0.19316299259662628,-0.1602848321199417,9.82823748453309,1.1596689247635925,8.668568559769499,9
149,3,3,calibration,38,190,37,0.95,False,True,False,support,False,False,0.03522400185465813,0.20344294607639313,-0.1682189404964447,6.73625045690444,0.889144645060313,5.847105811844127,9
150,3,3,calibration,39,195,38,0.975,False,True,False,support,False,False,0.024753371253609657,0.14742763340473175,-0.12267426401376724,6.585559339091056,0.823755614951696,5.76180372413936,9
151,3,3,calibration,40,200,39,1.0,False,True,False,support,False,False,0.007613146677613258,0.03626326099038124,-0.028650114312767982,5.943566996964743,0.4495898909509806,5.493977106013762,9
152,4,4,calibration,3,15,2,0.075,False,True,False,support,False,False,0.0078065600246191025,0.08564841002225876,-0.0778418481349945,4.597632722811672,4.280382720736667,0.31725000207500464,0
153,4,4,calibration,4,20,3,0.1,False,True,False,support,False,False,0.028696725144982338,0.12088070064783096,-0.09218397736549377,6.831091275403029,2.6813684923734074,4.149722783029622,1
154,4,4,calibration,5,25,4,0.125,False,True,False,support,False,False,0.01999959908425808,0.049283578991889954,-0.029283979907631874,7.13996737005838,2.1331800156450176,5.006787354413362,1
155,4,4,calibration,6,30,5,0.15,True,True,False,interaction,True,False,0.0033022649586200714,0.036293238401412964,-0.03299097344279289,6.09648371309257,1.4531358454522236,4.643347867640347,1
156,4,4,calibration,7,35,6,0.175,True,False,False,interaction,False,False,0.13717035949230194,0.19190329313278198,-0.05473293364048004,15.516194334645979,3.2579238318001646,12.258270502845814,1
157,4,4,calibration,8,40,7,0.2,True,False,False,interaction,False,False,0.13166110217571259,0.5252332091331482,-0.3935720920562744,15.16548639051499,3.7355505671453826,11.429935823369608,2
158,4,4,calibration,9,45,8,0.225,True,False,False,interaction,False,False,0.6776272654533386,1.494207739830017,-0.8165804743766785,85.45567743743868,3.8781617128100545,81.57751572462863,2
159,4,4,calibration,10,50,9,0.25,True,False,False,interaction,False,False,1.3384733200073242,1.7530940771102905,-0.4146207571029663,361.1719504096405,3.3534375729424535,357.81851283669806,2
160,4,4,calibration,11,55,10,0.275,True,False,False,interaction,False,False,1.5074081420898438,1.8735796213150024,-0.3661714792251587,63.56164170509272,2.296532156650784,61.265109548441934,2
161,4,4,calibration,12,60,11,0.3,True,False,False,interaction,False,False,0.08990452438592911,0.3104546070098877,-0.22055009007453918,6.536718878748903,1.4956180177415728,5.04110086100733,3
162,4,4,calibration,13,65,12,0.325,True,False,False,interaction,False,False,0.09109001606702805,0.2349209040403366,-0.14383089542388916,9.111936108580108,1.0116196151066272,8.100316493473482,3
163,4,4,calibration,14,70,13,0.35,True,False,False,interaction,False,False,0.030883664265275,0.12057111412286758,-0.08968745172023773,6.82496488184799,0.8909631708548326,5.934001710993157,3
164,4,4,calibration,15,75,14,0.375,False,True,False,support,False,True,0.10344790667295456,0.10714337974786758,-0.003695473074913025,6.10038911968087,0.7757107514427961,5.324678368238074,3
165,4,4,calibration,16,80,15,0.4,False,True,False,support,False,False,0.15895326435565948,0.30665433406829834,-0.14770106971263885,5.483779675468824,0.9890386408672756,4.494741034601549,4
166,4,4,calibration,17,85,16,0.425,False,True,False,support,False,False,0.11870476603507996,0.2600500285625458,-0.14134526252746582,8.599742913912278,1.4360771746942778,7.1636657392180005,4
167,4,4,calibration,18,90,17,0.45,False,True,False,support,False,False,0.01170821487903595,0.0026518048252910376,0.009056409820914268,9.404103276456508,0.13361384916982605,9.270489427286682,4
168,4,4,calibration,19,95,18,0.475,False,True,False,support,False,False,0.07127489149570465,0.18824023008346558,-0.11696533858776093,9.263782583418115,1.3088334605055991,7.954949122912516,4
169,4,4,calibration,20,100,19,0.5,False,True,False,support,False,False,0.010940439067780972,0.06041215732693672,-0.049471717327833176,6.536265207568071,0.5380451928834654,5.998220014684606,5
170,4,4,calibration,21,105,20,0.525,False,True,False,support,False,False,0.005686245858669281,0.09309115260839462,-0.08740490674972534,6.1156643946442815,0.5194294214052397,5.596234973239042,5
171,4,4,calibration,22,110,21,0.55,False,True,False,support,False,False,0.01190433744341135,0.08801218122243881,-0.07610784471035004,7.204521897871373,0.566040621348416,6.638481276522957,5
172,4,4,calibration,23,115,22,0.575,True,True,False,interaction,True,False,0.004015232902020216,0.04347972944378853,-0.039464496076107025,7.459082550158399,0.5452950948101042,6.913787455348295,5
173,4,4,calibration,24,120,23,0.6,True,True,False,interaction,False,False,0.026288852095603943,0.17717403173446655,-0.1508851796388626,6.9816374445972995,1.447325105103091,5.534312339494209,6
174,4,4,calibration,25,125,24,0.625,True,False,False,interaction,False,False,0.4799973964691162,0.7209479212760925,-0.24095052480697632,7.5975988731688675,3.0067051358969477,4.590893737271919,6
175,4,4,calibration,26,130,25,0.65,True,False,False,interaction,False,False,0.751271665096283,1.1691950559616089,-0.4179233908653259,6.518376781524753,2.895229987956618,3.6231467935681354,6
176,4,4,calibration,27,135,26,0.675,True,False,False,interaction,False,False,0.15769734978675842,0.38862061500549316,-0.23092326521873474,4.407335978334696,2.329061122879176,2.0782748554555197,6
177,4,4,calibration,28,140,27,0.7,True,False,False,interaction,False,False,0.47845086455345154,0.8672241568565369,-0.3887732923030853,8.245289110201737,2.1845434397955876,6.060745670406149,7
178,4,4,calibration,29,145,28,0.725,True,False,False,interaction,False,False,0.05903860554099083,0.25854405760765076,-0.19950544834136963,6.741869884972803,1.1295592501881024,5.6123106347847,7
179,4,4,calibration,30,150,29,0.75,True,False,False,interaction,False,False,0.04860036447644234,0.20304985344409943,-0.1544494926929474,8.45231866984773,0.7999278486648956,7.652390821182833,7
180,4,4,calibration,31,155,30,0.775,True,False,False,interaction,False,False,0.014779889024794102,0.10445282608270645,-0.08967293798923492,6.51294011304497,0.8521074322350847,5.660832680809886,7
181,4,4,calibration,32,160,31,0.8,False,True,False,support,False,True,0.05393628776073456,0.07397278398275375,-0.020036496222019196,6.001690632374422,0.6428448362164959,5.358845796157926,8
182,4,4,calibration,33,165,32,0.825,False,True,False,support,False,False,0.21412153542041779,0.3351689279079437,-0.12104739248752594,5.106210727919618,0.8658523432471673,4.240358384672451,8
183,4,4,calibration,34,170,33,0.85,False,True,False,support,False,False,0.05494660139083862,0.1918926239013672,-0.13694602251052856,8.539980764152189,1.5176994719144818,7.0222812922377065,8
184,4,4,calibration,35,175,34,0.875,False,True,False,support,False,False,0.01832452416419983,0.03815948963165283,-0.019834965467453003,8.883783206513241,1.8543493887182898,7.029433817794952,8
185,4,4,calibration,36,180,35,0.9,False,True,False,support,False,False,0.04971472546458244,0.11810604482889175,-0.06839132308959961,9.057401524151988,2.5547213769509844,6.502680147201003,9
186,4,4,calibration,37,185,36,0.925,False,True,False,support,False,False,0.046932071447372437,0.133509561419487,-0.08657748997211456,7.098752567087952,1.1491106608260202,5.949641906261932,9
187,4,4,calibration,38,190,37,0.95,False,True,False,support,False,False,0.015010740607976913,0.09592538326978683,-0.08091464638710022,5.268683472146303,0.30271256684023246,4.9659709053060705,9
188,4,4,calibration,39,195,38,0.975,False,True,False,support,False,False,0.01053228136152029,0.1006772518157959,-0.09014496952295303,5.798838170344884,0.5232010287385312,5.275637141606353,9
189,4,4,calibration,40,200,39,1.0,True,True,False,interaction,True,False,0.0029172366484999657,0.025207677856087685,-0.022290442138910294,5.8476064141760284,0.2273404804400454,5.620265933735983,9
190,5,5,calibration,3,15,2,0.075,False,True,False,support,False,False,0.006361959967762232,0.05321365222334862,-0.046851690858602524,5.174139468591153,0.5722572572650702,4.601882211326083,0
191,5,5,calibration,4,20,3,0.1,False,True,False,support,False,False,0.012246650643646717,0.16838522255420685,-0.1561385691165924,6.548430116637341,0.8965368154498172,5.651893301187524,1
192,5,5,calibration,5,25,4,0.125,False,True,False,support,False,False,0.017297619953751564,0.18169331550598145,-0.16439568996429443,7.763729534113082,0.8725278600489189,6.891201674064163,1
193,5,5,calibration,6,30,5,0.15,True,True,False,interaction,True,False,0.008507654070854187,0.07874152064323425,-0.07023386657238007,8.13306262535484,0.8252194708163096,7.307843154538531,1
194,5,5,calibration,7,35,6,0.175,True,False,False,interaction,False,False,0.10146645456552505,0.3524295389652252,-0.25096309185028076,10.085015456345149,1.9084161930572427,8.176599263287907,1
195,5,5,calibration,8,40,7,0.2,True,False,False,interaction,False,False,0.5570844411849976,0.8484475016593933,-0.29136306047439575,8.123612405211631,3.043425677790322,5.080186727421308,2
196,5,5,calibration,9,45,8,0.225,True,False,False,interaction,False,False,1.3959145545959473,1.9310325384140015,-0.5351179838180542,11.523795630389989,3.0054835330658425,8.518312097324147,2
197,5,5,calibration,10,50,9,0.25,True,False,False,interaction,False,False,0.1227545216679573,0.1772109717130661,-0.054456450045108795,8.460743590566883,2.474446467997514,5.986297122569369,2
198,5,5,calibration,11,55,10,0.275,True,False,False,interaction,False,False,0.18176837265491486,0.5907200574874878,-0.40895169973373413,10.226198203016496,2.7124229790309013,7.513775223985595,2
199,5,5,calibration,12,60,11,0.3,True,False,False,interaction,False,False,0.04915079101920128,0.26505324244499207,-0.2159024477005005,8.093790792191518,1.2500176216748644,6.843773170516654,3
200,5,5,calibration,13,65,12,0.325,True,False,False,interaction,False,False,0.02287396974861622,0.2704334259033203,-0.24755945801734924,8.674033853414686,1.1882503510712759,7.48578350234341,3
201,5,5,calibration,14,70,13,0.35,True,True,False,interaction,False,True,0.04015244171023369,0.10120531171560287,-0.061052870005369186,7.679162411725538,1.2359907018432186,6.44317170988232,3
202,5,5,calibration,15,75,14,0.375,False,True,False,support,False,False,0.06601852178573608,0.05343782901763916,0.012580692768096924,6.707736320964924,0.37781814082825377,6.32991818013667,3
203,5,5,calibration,16,80,15,0.4,False,True,False,support,False,False,0.17978155612945557,0.31630444526672363,-0.13652288913726807,7.347138697397227,0.6475202433020306,6.699618454095196,4
204,5,5,calibration,17,85,16,0.425,False,True,False,support,False,False,0.06889599561691284,0.19321048259735107,-0.12431448698043823,8.153922908319393,0.8338017525050091,7.320121155814384,4
205,5,5,calibration,18,90,17,0.45,False,True,False,support,False,False,0.02064143680036068,0.0504794679582119,-0.02983803115785122,8.553681270023509,0.7300042908046759,7.823676979218833,4
206,5,5,calibration,19,95,18,0.475,False,True,False,support,False,False,0.01592717319726944,0.08747545629739761,-0.07154828310012817,11.772131044104205,1.0674997040198342,10.70463134008437,4
207,5,5,calibration,20,100,19,0.5,False,True,False,support,False,False,0.012555718421936035,0.09790119528770447,-0.08534547686576843,8.023960578348767,0.4481805218812415,7.575780056467526,5
208,5,5,calibration,21,105,20,0.525,False,True,False,support,False,False,0.006189281120896339,0.12023361772298813,-0.11404433846473694,7.063525001605115,0.4266225263949936,6.636902475210122,5
209,5,5,calibration,22,110,21,0.55,False,True,False,support,False,False,0.004195929039269686,0.12578196823596954,-0.12158603966236115,7.16162033362988,0.509453846946791,6.65216648668309,5
210,5,5,calibration,23,115,22,0.575,False,True,False,support,False,False,0.002948792651295662,0.04626798629760742,-0.04331919550895691,7.685409872680432,0.5370578341087296,7.148352038571702,5
211,5,5,calibration,24,120,23,0.6,True,True,False,interaction,True,False,0.013010230846703053,0.04793337360024452,-0.034923143684864044,7.140724031567778,0.920275738700813,6.2204482928669655,6
212,5,5,calibration,25,125,24,0.625,True,False,False,interaction,False,False,0.14027278125286102,0.38987064361572266,-0.24959786236286163,11.16150802031214,1.4076596222242737,9.753848398087868,6
213,5,5,calibration,26,130,25,0.65,True,False,False,interaction,False,False,0.1991027593612671,0.7528374791145325,-0.5537347197532654,6.7770197075503065,2.676726529498134,4.100293178052173,6
214,5,5,calibration,27,135,26,0.675,True,False,False,interaction,False,False,0.19749236106872559,0.9117500185966492,-0.7142576575279236,6.955022102869468,3.1613706001856645,3.7936515026838036,6
215,5,5,calibration,28,140,27,0.7,True,False,False,interaction,False,False,0.44967034459114075,1.2725212574005127,-0.8228509426116943,9.962908580682027,2.871763601177539,7.091144979504488,7
216,5,5,calibration,29,145,28,0.725,True,False,False,interaction,False,False,0.07898198813199997,0.6174458861351013,-0.5384638905525208,7.852738986205999,1.8425703704792236,6.0101686157267755,7
217,5,5,calibration,30,150,29,0.75,True,False,False,interaction,False,False,0.06959090381860733,0.20798170566558838,-0.13839080929756165,9.860032576796678,1.2312717138839497,8.628760862912728,7
218,5,5,calibration,31,155,30,0.775,True,False,False,interaction,False,False,0.03372805938124657,0.10933969169855118,-0.07561163604259491,6.924263394074294,1.2682075713402552,5.6560558227340385,7
219,5,5,calibration,32,160,31,0.8,True,True,False,interaction,False,True,0.07263263314962387,0.07681608200073242,-0.004183448851108551,7.792593981005621,1.1635333031577642,6.629060677847857,8
220,5,5,calibration,33,165,32,0.825,False,True,False,support,False,False,0.07035376876592636,0.0658746138215065,0.004479154944419861,6.923793772800024,0.6304206947735581,6.293373078026466,8
221,5,5,calibration,34,170,33,0.85,False,True,False,support,False,False,0.14722436666488647,0.26305830478668213,-0.11583393812179565,5.927607247506322,0.6480529518604056,5.279554295645917,8
222,5,5,calibration,35,175,34,0.875,False,True,False,support,False,False,0.08529938012361526,0.16344037652015686,-0.0781409963965416,8.582556351333599,2.025740614450285,6.556815736883314,8
223,5,5,calibration,36,180,35,0.9,False,True,False,support,False,False,0.014054276049137115,0.032983943819999695,-0.01892966777086258,8.751162384687317,1.1473590173379506,7.603803367349367,9
224,5,5,calibration,37,185,36,0.925,False,True,False,support,False,False,0.022360051050782204,0.09185224026441574,-0.06949219107627869,7.382882594794573,0.9839357042391709,6.398946890555402,9
225,5,5,calibration,38,190,37,0.95,False,True,False,support,False,False,0.015796953812241554,0.08802837133407593,-0.07223141938447952,7.761612830785228,0.47453076592982163,7.287082064855406,9
226,5,5,calibration,39,195,38,0.975,False,True,False,support,False,False,0.010882403701543808,0.08993726968765259,-0.07905486226081848,7.765881934838347,0.9214838989715527,6.844398035866795,9
227,5,5,calibration,40,200,39,1.0,False,True,False,support,False,False,0.006349558476358652,0.033478379249572754,-0.02712882123887539,6.845239582371055,0.6418481597035722,6.203391422667482,9
228,6,6,calibration,3,15,2,0.075,False,True,False,support,False,False,0.00777077442035079,0.1105637326836586,-0.10279295593500137,7.6816496964930145,5.187791868184449,2.493857828308566,0
229,6,6,calibration,4,20,3,0.1,False,True,False,support,False,False,0.013373603112995625,0.22650854289531708,-0.21313494443893433,8.080363811928656,2.5287095250834906,5.5516542868451655,1
230,6,6,calibration,5,25,4,0.125,False,True,False,support,False,False,0.003307394916191697,0.07973644137382507,-0.07642904669046402,6.530027937302343,1.4194658545240106,5.1105620827783325,1
231,6,6,calibration,6,30,5,0.15,True,True,False,interaction,True,False,0.0082465261220932,0.06658016890287399,-0.05833364278078079,5.634098541971578,1.602658462557032,4.031440079414546,1
232,6,6,calibration,7,35,6,0.175,True,False,False,interaction,False,False,0.0806710347533226,0.18350756168365479,-0.10283652693033218,8.234064790671509,2.5332855308570568,5.7007792598144515,1
233,6,6,calibration,8,40,7,0.2,True,False,False,interaction,False,False,0.2061154842376709,0.8550951480865479,-0.648979663848877,5.112443660111035,2.9623776480629327,2.1500660120481023,2
234,6,6,calibration,9,45,8,0.225,True,False,False,interaction,False,False,0.5415213108062744,1.470781922340393,-0.9292606115341187,5.886828064558688,3.2506633713743143,2.6361646931843734,2
235,6,6,calibration,10,50,9,0.25,True,False,False,interaction,False,False,0.11982043832540512,0.2701932489871979,-0.15037280321121216,5.996891949479686,2.0307134234158917,3.966178526063794,2
236,6,6,calibration,11,55,10,0.275,True,False,False,interaction,False,False,0.27717873454093933,0.6222695112228394,-0.3450907766819,6.058746457256255,1.8496285883730004,4.209117868883255,2
237,6,6,calibration,12,60,11,0.3,True,False,False,interaction,False,False,0.04794694855809212,0.2037818878889084,-0.15583494305610657,5.065879588773478,1.354976435740198,3.7109031530332794,3
238,6,6,calibration,13,65,12,0.325,True,False,False,interaction,False,False,0.03243931010365486,0.1726284623146057,-0.14018915593624115,6.135358201866329,0.7173009549399761,5.418057246926353,3
239,6,6,calibration,14,70,13,0.35,True,True,False,interaction,False,True,0.03392014279961586,0.09898096323013306,-0.0650608241558075,5.806467114464293,1.1048390733234386,4.701628041140854,3
240,6,6,calibration,15,75,14,0.375,False,True,False,support,False,False,0.10968074947595596,0.10975568741559982,-7.493793964385986e-05,7.31436051326477,1.007469706853992,6.306890806410778,3
241,6,6,calibration,16,80,15,0.4,False,True,False,support,False,False,0.13085578382015228,0.31738951802253723,-0.18653373420238495,8.011302373425293,0.638592348744128,7.372710024681165,4
242,6,6,calibration,17,85,16,0.425,False,True,False,support,False,False,0.07308787852525711,0.14418067038059235,-0.07109279185533524,7.160626136836378,0.8093059658663355,6.351320170970043,4
243,6,6,calibration,18,90,17,0.45,False,True,False,support,False,False,0.054869454354047775,0.08966974169015884,-0.03480028733611107,8.2413338593209,1.7154625249893511,6.525871334331549,4
244,6,6,calibration,19,95,18,0.475,False,True,False,support,False,False,0.06563562154769897,0.08618271350860596,-0.020547091960906982,6.631333254412827,1.6073396781251528,5.023993576287674,4
245,6,6,calibration,20,100,19,0.5,False,True,False,support,False,False,0.10878600925207138,0.1588173657655716,-0.050031356513500214,6.875255494995763,0.9061800902001177,5.969075404795645,5
246,6,6,calibration,21,105,20,0.525,False,True,False,support,False,False,0.016999760642647743,0.08099234104156494,-0.06399258226156235,6.7884434119124135,0.651382181445156,6.137061230467258,5
247,6,6,calibration,22,110,21,0.55,False,True,False,support,False,False,0.004931807518005371,0.17590279877185822,-0.17097099125385284,6.294345717918172,0.7495781331567923,5.544767584761379,5
248,6,6,calibration,23,115,22,0.575,False,True,False,support,False,False,0.010840650647878647,0.10546875,-0.09462809562683105,5.044422280789344,0.9641068985925364,4.080315382196807,5
249,6,6,calibration,24,120,23,0.6,True,True,False,interaction,True,False,0.013962757773697376,0.0458531491458416,-0.0318903923034668,6.4154859431757885,0.7191598490748831,5.696326094100906,6
250,6,6,calibration,25,125,24,0.625,True,False,False,interaction,False,False,0.13196705281734467,0.3831857442855835,-0.25121867656707764,9.60842685393606,1.0711764637253725,8.537250390210687,6
251,6,6,calibration,26,130,25,0.65,True,False,False,interaction,False,False,0.2237275391817093,0.9021391272544861,-0.678411602973938,8.009465423917796,1.8270481781962908,6.1824172457215045,6
252,6,6,calibration,27,135,26,0.675,True,False,False,interaction,False,False,0.13684506714344025,0.3956451416015625,-0.25880008935928345,6.309133625064896,2.4243555526292866,3.8847780724356094,6
253,6,6,calibration,28,140,27,0.7,True,False,False,interaction,False,False,0.1237882599234581,0.4246598780155182,-0.3008716106414795,5.93162501576693,2.086648384888616,3.8449766308783144,7
254,6,6,calibration,29,145,28,0.725,True,False,False,interaction,False,False,0.16925616562366486,0.5653339624404907,-0.39607781171798706,6.06193642531542,1.2591685477558985,4.802767877559522,7
255,6,6,calibration,30,150,29,0.75,True,False,False,interaction,False,False,0.03283877670764923,0.21675686538219452,-0.1839180886745453,6.786209583961543,1.181278532832905,5.604931051128638,7
256,6,6,calibration,31,155,30,0.775,True,False,False,interaction,False,False,0.04309511557221413,0.18312853574752808,-0.14003342390060425,6.706281568303915,0.796311736347345,5.90996983195657,7
257,6,6,calibration,32,160,31,0.8,False,True,False,support,False,True,0.01751439832150936,0.026318125426769257,-0.008803727105259895,5.538625489781239,0.33886688455077146,5.199758605230468,8
258,6,6,calibration,33,165,32,0.825,False,True,False,support,False,False,0.09365862607955933,0.10230696201324463,-0.008648335933685303,5.915174404001589,0.6797289650890036,5.235445438912586,8
259,6,6,calibration,34,170,33,0.85,False,True,False,support,False,False,0.14205028116703033,0.18349850177764893,-0.04144822061061859,8.878444189457994,0.6036925863318577,8.274751603126136,8
260,6,6,calibration,35,175,34,0.875,False,True,False,support,False,False,0.14570552110671997,0.48405370116233826,-0.3383481800556183,11.810775088487645,1.097023486398034,10.713751602089612,8
261,6,6,calibration,36,180,35,0.9,False,True,False,support,False,False,0.03943822905421257,0.11571111530065536,-0.0762728899717331,10.57978578360653,1.2884911078827443,9.291294675723785,9
262,6,6,calibration,37,185,36,0.925,False,True,False,support,False,False,0.040021974593400955,0.1267315000295639,-0.08670952916145325,12.13308455078328,1.5801442941454151,10.552940256637866,9
263,6,6,calibration,38,190,37,0.95,False,True,False,support,False,False,0.08816514164209366,0.24588455259799957,-0.15771940350532532,9.249531163820954,0.9937803367790049,8.255750827041949,9
264,6,6,calibration,39,195,38,0.975,False,True,False,support,False,False,0.012022641487419605,0.11183581501245499,-0.09981317073106766,6.953436403225439,0.689843420507623,6.263592982717816,9
265,6,6,calibration,40,200,39,1.0,False,True,False,support,False,False,0.01051569078117609,0.19952446222305298,-0.18900877237319946,5.919728088952077,0.5842098509321639,5.335518238019913,9
266,7,7,calibration,3,15,2,0.075,False,True,False,support,False,False,0.006523212883621454,0.05896947905421257,-0.052446264773607254,7.0686064537319195,5.7855641311566615,1.283042322575258,0
267,7,7,calibration,4,20,3,0.1,False,True,False,support,False,False,0.010788767598569393,0.13566981256008148,-0.12488104403018951,6.093114124942801,2.2933365136074197,3.799777611335381,1
268,7,7,calibration,5,25,4,0.125,False,True,False,support,False,False,0.005730967968702316,0.08527741581201553,-0.07954645156860352,5.729767823466331,1.285680614432516,4.444087209033816,1
269,7,7,calibration,6,30,5,0.15,True,True,False,interaction,True,False,0.04453333839774132,0.0740993544459343,-0.029566016048192978,9.60813019138682,2.6620323658095733,6.946097825577247,1
270,7,7,calibration,7,35,6,0.175,True,False,False,interaction,False,False,0.08607268333435059,0.2599550485610962,-0.1738823652267456,15.936470463137715,3.6987270607705263,12.237743402367188,1
271,7,7,calibration,8,40,7,0.2,True,False,False,interaction,False,False,0.3295914828777313,1.0568755865097046,-0.7272840738296509,32.97334991133451,3.9022744938959057,29.071075417438603,2
272,7,7,calibration,9,45,8,0.225,True,False,False,interaction,False,False,1.4371331930160522,2.068700075149536,-0.6315668821334839,120.72301840979064,3.8470758518137713,116.87594255797687,2
273,7,7,calibration,10,50,9,0.25,True,False,False,interaction,False,False,0.08510132879018784,0.21342702209949493,-0.1283257007598877,7.602624276852137,3.5842025654228746,4.018421711429262,2
274,7,7,calibration,11,55,10,0.275,True,False,False,interaction,False,False,0.11544523388147354,0.542769193649292,-0.42732396721839905,6.626371197215001,3.1182795294327526,3.508091667782248,2
275,7,7,calibration,12,60,11,0.3,True,False,False,interaction,False,False,0.1007460355758667,0.390744686126709,-0.2899986505508423,7.020048271368097,1.5240183880549028,5.496029883313194,3
276,7,7,calibration,13,65,12,0.325,True,False,False,interaction,False,False,0.06001502275466919,0.34093037247657776,-0.28091534972190857,7.75440589419897,1.6753054250785133,6.079100469120457,3
277,7,7,calibration,14,70,13,0.35,True,False,False,interaction,False,False,0.022101692855358124,0.038640350103378296,-0.016538657248020172,7.263947733145993,1.340840690174107,5.9231070429718855,3
278,7,7,calibration,15,75,14,0.375,False,True,False,support,False,True,0.062392186373472214,0.0627383291721344,-0.00034614279866218567,6.841948158781368,0.8936549979844021,5.948293160796966,3
279,7,7,calibration,16,80,15,0.4,False,True,False,support,False,False,0.2487352341413498,0.5038970708847046,-0.2551618218421936,7.680800813941886,0.9581972728556064,6.722603541086279,4
280,7,7,calibration,17,85,16,0.425,False,True,False,support,False,False,0.15868932008743286,0.3891182839870453,-0.23042896389961243,9.182015829796585,1.8740740457074818,7.307941784089103,4
281,7,7,calibration,18,90,17,0.45,False,True,False,support,False,False,0.010271656326949596,0.002126497682183981,0.008145159110426903,9.967283211856113,0.16009165899357317,9.80719155286254,4
282,7,7,calibration,19,95,18,0.475,False,True,False,support,False,False,0.041011739522218704,0.11446381360292435,-0.07345207035541534,8.810127373771648,1.1325563995680985,7.677570974203549,4
283,7,7,calibration,20,100,19,0.5,False,True,False,support,False,False,0.032043833285570145,0.15059572458267212,-0.11855189502239227,7.209311987558169,0.5828847320171165,6.626427255541053,5
284,7,7,calibration,21,105,20,0.525,False,True,False,support,False,False,0.01120837777853012,0.14136351644992828,-0.13015514612197876,5.476772120143011,0.47513833679856426,5.001633783344446,5
285,7,7,calibration,22,110,21,0.55,False,True,False,support,False,False,0.011026616208255291,0.10111019760370255,-0.09008358418941498,6.261459782270443,0.7213920584633837,5.540067723807059,5
286,7,7,calibration,23,115,22,0.575,True,True,False,interaction,True,False,0.008124176412820816,0.03474422171711922,-0.0266200453042984,6.225876237135523,0.8909403442269092,5.334935892908614,5
287,7,7,calibration,24,120,23,0.6,True,False,False,interaction,False,False,0.07608561962842941,0.17757846415042877,-0.10149284452199936,6.9326181679851855,0.9972683172659647,5.935349850719221,6
288,7,7,calibration,25,125,24,0.625,True,False,False,interaction,False,False,0.20463663339614868,0.7264809012413025,-0.5218442678451538,8.706116235261602,2.818853562486931,5.887262672774671,6
289,7,7,calibration,26,130,25,0.65,True,False,False,interaction,False,False,0.35670337080955505,1.1924359798431396,-0.8357325792312622,28.82738042833452,3.566162198356082,25.26121822997844,6
290,7,7,calibration,27,135,26,0.675,True,False,False,interaction,False,False,0.02748352847993374,0.0672232136130333,-0.03973968327045441,17.57218647470312,3.423291654296946,14.148894820406174,6
291,7,7,calibration,28,140,27,0.7,True,False,False,interaction,False,False,0.7725682854652405,1.2431491613388062,-0.4705808758735657,14.75318042231135,2.736108682811827,12.017071739499524,7
292,7,7,calibration,29,145,28,0.725,True,False,False,interaction,False,False,0.1140715703368187,0.5153231620788574,-0.40125158429145813,4.9527929861063305,1.9928289089855127,2.9599640771208175,7
293,7,7,calibration,30,150,29,0.75,True,False,False,interaction,False,False,0.03533332794904709,0.20204217731952667,-0.16670885682106018,6.23117189382063,1.2938161711375027,4.937355722683127,7
294,7,7,calibration,31,155,30,0.775,True,False,False,interaction,False,False,0.03852858021855354,0.10319288820028305,-0.06466430425643921,6.697581226500591,1.2401096681119004,5.457471558388691,7
295,7,7,calibration,32,160,31,0.8,False,True,False,support,False,True,0.05298207327723503,0.07653702050447464,-0.02355494722723961,7.249289975412684,1.1731305945391368,6.0761593808735475,8
296,7,7,calibration,33,165,32,0.825,False,True,False,support,False,False,0.19719941914081573,0.3225613832473755,-0.12536196410655975,6.534807483336408,1.0288153430498481,5.50599214028656,8
297,7,7,calibration,34,170,33,0.85,False,True,False,support,False,False,0.1157633438706398,0.17497074604034424,-0.05920740216970444,7.232759108538847,0.8581658614751554,6.374593247063691,8
298,7,7,calibration,35,175,34,0.875,False,True,False,support,False,False,0.059781432151794434,0.08530575037002563,-0.0255243182182312,5.959103269152034,1.6354477286844287,4.323655540467605,8
299,7,7,calibration,36,180,35,0.9,False,True,False,support,False,False,0.04864150285720825,0.06366761028766632,-0.015026107430458069,6.7162593794679,1.4947628675796498,5.22149651188825,9
300,7,7,calibration,37,185,36,0.925,False,True,False,support,False,False,0.02632877789437771,0.05204293504357338,-0.02571415714919567,5.824631618531886,0.6822819947567341,5.142349623775152,9
301,7,7,calibration,38,190,37,0.95,False,True,False,support,False,False,0.010438566096127033,0.1573246270418167,-0.14688606560230255,5.617680005833695,0.7831926862434854,4.83448731959021,9
302,7,7,calibration,39,195,38,0.975,False,True,False,support,False,False,0.03152918815612793,0.22944937646389008,-0.19792018830776215,6.913205510904464,1.4405158827963918,5.472689628108072,9
303,7,7,calibration,40,200,39,1.0,True,True,False,interaction,True,False,0.03852078691124916,0.10961388796567917,-0.07109309732913971,7.745674589587206,2.032383408167737,5.713291181419469,9
304,8,8,calibration,3,15,2,0.075,False,True,False,support,False,False,0.013282324187457561,0.0728430524468422,-0.05956072732806206,10.533518250471019,3.135604611986763,7.3979136384842565,0
305,8,8,calibration,4,20,3,0.1,False,True,False,support,False,False,0.015930986031889915,0.13161079585552216,-0.11567980796098709,8.559312917458525,1.7580654845188073,6.801247432939718,1
306,8,8,calibration,5,25,4,0.125,False,True,False,support,False,False,0.021008580923080444,0.1396578699350357,-0.11864928901195526,7.912402945307124,1.584476545889814,6.3279263994173105,1
307,8,8,calibration,6,30,5,0.15,True,True,False,interaction,True,False,0.0077233766205608845,0.044000428169965744,-0.03627705201506615,6.468967693282636,1.1489210859971735,5.320046607285462,1
308,8,8,calibration,7,35,6,0.175,True,False,False,interaction,False,False,0.061388272792100906,0.17725996673107147,-0.11587169766426086,10.834764159917027,1.9354195433809673,8.899344616536059,1
309,8,8,calibration,8,40,7,0.2,True,False,False,interaction,False,False,0.17027811706066132,0.3622869551181793,-0.192008838057518,9.159153965494268,2.319355786897367,6.839798178596901,2
310,8,8,calibration,9,45,8,0.225,True,False,False,interaction,False,False,0.3305361270904541,0.7747181057929993,-0.44418197870254517,6.817294024996738,3.004908564495086,3.8123854605016523,2
311,8,8,calibration,10,50,9,0.25,True,False,False,interaction,False,False,0.8221115469932556,1.5296863317489624,-0.7075747847557068,7.619023242835671,3.1623225885198765,4.456700654315794,2
312,8,8,calibration,11,55,10,0.275,True,False,False,interaction,False,False,1.3872522115707397,1.9036985635757446,-0.5164463520050049,10.53345778661299,3.041982363034282,7.4914754235787075,2
313,8,8,calibration,12,60,11,0.3,True,False,False,interaction,False,False,0.2309350222349167,0.5965343117713928,-0.36559927463531494,7.110267515823886,2.6650961503082296,4.445171365515657,3
314,8,8,calibration,13,65,12,0.325,True,False,False,interaction,False,False,0.15732206404209137,0.3206743896007538,-0.16335232555866241,7.873460107160594,1.8409427659856294,6.032517341174964,3
315,8,8,calibration,14,70,13,0.35,True,True,False,interaction,False,True,0.016939906403422356,0.024533338844776154,-0.007593432441353798,5.674316387725104,0.9815458665418365,4.6927705211832675,3
316,8,8,calibration,15,75,14,0.375,False,True,False,support,False,False,0.07129248976707458,0.055187735706567764,0.01610475406050682,5.280628045749318,1.0874878941131607,4.1931401516361575,3
317,8,8,calibration,16,80,15,0.4,False,True,False,support,False,False,0.28136762976646423,0.34859800338745117,-0.06723037362098694,5.243787474109081,1.356770183275297,3.887017290833784,4
318,8,8,calibration,17,85,16,0.425,False,True,False,support,False,False,0.1527639478445053,0.2777353823184967,-0.1249714344739914,6.579359655848421,1.606853860393523,4.972505795454898,4
319,8,8,calibration,18,90,17,0.45,False,True,False,support,False,False,0.022304942831397057,0.02566641755402088,-0.003361474722623825,6.721243785577859,0.719863881089014,6.001379904488845,4
320,8,8,calibration,19,95,18,0.475,False,True,False,support,False,False,0.08041460812091827,0.11442702263593674,-0.03401241451501846,8.065670276815325,1.7398876303781587,6.325782646437166,4
321,8,8,calibration,20,100,19,0.5,False,True,False,support,False,False,0.026071414351463318,0.11516857892274857,-0.08909716457128525,5.6369619494031395,1.0747214390507194,4.56224051035242,5
322,8,8,calibration,21,105,20,0.525,False,True,False,support,False,False,0.012187164276838303,0.17177855968475342,-0.15959139168262482,5.473934210664349,1.0852972087788004,4.388637001885549,5
323,8,8,calibration,22,110,21,0.55,False,True,False,support,False,False,0.009926754049956799,0.12820853292942047,-0.1182817816734314,6.04928571555308,0.8844035403374991,5.164882175215581,5
324,8,8,calibration,23,115,22,0.575,True,True,False,interaction,True,False,0.0056831869296729565,0.03684787452220917,-0.031164687126874924,5.011365623778029,0.45993856573626557,4.551427058041764,5
325,8,8,calibration,24,120,23,0.6,True,True,False,interaction,False,False,0.015617713332176208,0.06512604653835297,-0.04950833320617676,4.695893720840647,0.5733914077115156,4.1225023131291305,6
326,8,8,calibration,25,125,24,0.625,True,False,False,interaction,False,False,0.10110807418823242,0.30759310722351074,-0.20648503303527832,5.192327220588184,1.4570144613231522,3.7353127592650317,6
327,8,8,calibration,26,130,25,0.65,True,False,False,interaction,False,False,0.47395023703575134,1.198012351989746,-0.7240620851516724,11.114105211016104,2.6211659539701753,8.49293925704593,6
328,8,8,calibration,27,135,26,0.675,True,False,False,interaction,False,False,0.10508821159601212,0.3603098690509796,-0.2552216649055481,7.314468809979889,3.3344362658423883,3.980032544137501,6
329,8,8,calibration,28,140,27,0.7,True,False,False,interaction,False,False,0.5695013403892517,1.243179440498352,-0.6736781001091003,8.62504936753575,2.619561066332596,6.005488301203155,7
330,8,8,calibration,29,145,28,0.725,True,False,False,interaction,False,False,0.095146544277668,0.31487759947776794,-0.21973106265068054,5.6944383575913,1.1569373245067662,4.537501033084533,7
331,8,8,calibration,30,150,29,0.75,True,False,False,interaction,False,False,0.04693339765071869,0.1399962604045868,-0.0930628627538681,6.354877268480169,0.7989698394478091,5.555907429032359,7
332,8,8,calibration,31,155,30,0.775,True,False,False,interaction,False,False,0.09690841287374496,0.1637396365404129,-0.06683122366666794,6.101669168879089,1.3842305411673552,4.717438627711734,7
333,8,8,calibration,32,160,31,0.8,False,True,False,support,False,True,0.03764398768544197,0.03459492698311806,0.0030490607023239136,6.428706471348598,0.5968384365686685,5.83186803477993,8
334,8,8,calibration,33,165,32,0.825,False,True,False,support,False,False,0.12798921763896942,0.21105211973190308,-0.08306290209293365,5.055692912365666,0.7412721268234549,4.314420785542211,8
335,8,8,calibration,34,170,33,0.85,False,True,False,support,False,False,0.18523842096328735,0.1809103935956955,0.004328027367591858,4.208285324945904,0.5881902281968179,3.620095096749086,8
336,8,8,calibration,35,175,34,0.875,False,True,False,support,False,False,0.10525468736886978,0.2786789834499359,-0.17342430353164673,7.640010315054739,1.574988881834803,6.065021433219936,8
337,8,8,calibration,36,180,35,0.9,False,True,False,support,False,False,0.01738831400871277,0.002191489562392235,0.015196824446320534,7.673585829106045,0.15694554862731872,7.516640280478726,9
338,8,8,calibration,37,185,36,0.925,False,True,False,support,False,False,0.06023172661662102,0.1346546709537506,-0.0744229406118393,7.827921756842817,1.606366891547313,6.221554865295504,9
339,8,8,calibration,38,190,37,0.95,False,True,False,support,False,False,0.016903189942240715,0.12846241891384125,-0.11155922710895538,5.120448568700702,1.1630616877182407,3.9573868809824617,9
340,8,8,calibration,39,195,38,0.975,False,True,False,support,False,False,0.010439443401992321,0.15842123329639435,-0.14798179268836975,5.832552578794666,1.0141108574470226,4.818441721347644,9
341,8,8,calibration,40,200,39,1.0,False,True,False,support,False,False,0.005560252815485001,0.1721978634595871,-0.1666376143693924,6.085653693791035,1.18606360516544,4.899590088625595,9
342,9,9,calibration,3,15,2,0.075,False,True,False,support,False,False,0.01914624497294426,0.07346907258033752,-0.054322827607393265,7.761612874717044,3.360071118722271,4.4015417559947725,0
343,9,9,calibration,4,20,3,0.1,False,True,False,support,False,False,0.019753506407141685,0.14426761865615845,-0.12451411038637161,8.42220574619307,1.8308764973075407,6.591329248885529,1
344,9,9,calibration,5,25,4,0.125,False,True,False,support,False,False,0.00860962551087141,0.11731337755918503,-0.10870375484228134,8.999363663506273,1.299723189094731,7.699640474411542,1
345,9,9,calibration,6,30,5,0.15,True,True,False,interaction,True,False,0.03061950020492077,0.12341219186782837,-0.09279268980026245,9.864819994662827,2.423273983391065,7.441546011271763,1
346,9,9,calibration,7,35,6,0.175,True,False,False,interaction,False,False,0.13094592094421387,0.3272008001804352,-0.1962548792362213,14.81214606150455,3.2297158841745053,11.582430177330044,1
347,9,9,calibration,8,40,7,0.2,True,False,False,interaction,False,False,0.33255329728126526,0.9406893849372864,-0.6081360578536987,13.908070461269212,3.391069524541631,10.51700093672758,2
348,9,9,calibration,9,45,8,0.225,True,False,False,interaction,False,False,0.4201551377773285,1.238724708557129,-0.818569540977478,6.656709389799192,3.579464859037927,3.077244530761265,2
349,9,9,calibration,10,50,9,0.25,True,False,False,interaction,False,False,0.19506125152111053,0.31252408027648926,-0.11746282875537872,7.620108234226873,2.873237027716596,4.746871206510276,2
350,9,9,calibration,11,55,10,0.275,True,False,False,interaction,False,False,0.19979314506053925,0.9257020950317383,-0.7259089350700378,5.518291590596257,2.1699069211116218,3.348384669484635,2
351,9,9,calibration,12,60,11,0.3,True,False,False,interaction,False,False,0.095847487449646,0.42969512939453125,-0.33384764194488525,10.390211764601851,1.487573977454848,8.902637787147004,3
352,9,9,calibration,13,65,12,0.325,True,False,False,interaction,False,False,0.09319496899843216,0.2682766318321228,-0.17508167028427124,9.733623338974693,0.8670837243874215,8.866539614587271,3
353,9,9,calibration,14,70,13,0.35,True,True,False,interaction,True,True,0.011193457990884781,0.03158682584762573,-0.02039336785674095,8.874192059910607,0.5363770925051198,8.337814967405487,3
354,9,9,calibration,15,75,14,0.375,True,True,False,interaction,False,True,0.04907112196087837,0.06803259253501892,-0.01896147057414055,10.147935159425083,1.2740112147369829,8.8739239446881,3
355,9,9,calibration,16,80,15,0.4,False,True,False,support,False,False,0.24298208951950073,0.43290233612060547,-0.18992024660110474,8.723894703627366,0.9836034823223675,7.740291221304998,4
356,9,9,calibration,17,85,16,0.425,False,True,False,support,False,False,0.12076172977685928,0.2886195480823517,-0.167857825756073,7.26887548435078,1.110058254707962,6.1588172296428185,4
357,9,9,calibration,18,90,17,0.45,False,True,False,support,False,False,0.012865420430898666,0.019151069223880768,-0.0062856487929821014,6.909711839138583,0.28329265280362154,6.626419186334962,4
358,9,9,calibration,19,95,18,0.475,False,True,False,support,False,False,0.028799347579479218,0.12225165963172913,-0.09345231205224991,6.472138604220279,0.9801742587180621,5.491964345502217,4
359,9,9,calibration,20,100,19,0.5,False,True,False,support,False,False,0.01705159805715084,0.09059365838766098,-0.07354205846786499,5.973033728035028,0.5058184328282497,5.4672152952067785,5
360,9,9,calibration,21,105,20,0.525,False,True,False,support,False,False,0.012465137988328934,0.21064035594463348,-0.19817522168159485,7.176148267685164,0.6561611918720174,6.519987075813146,5
361,9,9,calibration,22,110,21,0.55,False,True,False,support,False,False,0.01792440190911293,0.13181182742118835,-0.11388742923736572,9.649638985800989,0.7530961755321054,8.896542810268883,5
362,9,9,calibration,23,115,22,0.575,True,True,False,interaction,True,False,0.0027251269202679396,0.012784373946487904,-0.01005924679338932,9.710268968691146,0.4930140457786272,9.217254922912518,5
363,9,9,calibration,24,120,23,0.6,True,True,False,interaction,False,False,0.04183751344680786,0.15183424949645996,-0.1099967360496521,10.188507391271559,1.2230827514468585,8.9654246398247,6
364,9,9,calibration,25,125,24,0.625,True,False,False,interaction,False,False,0.10524916648864746,0.2805629074573517,-0.17531374096870422,8.76820477031984,1.2488685211011095,7.519336249218731,6
365,9,9,calibration,26,130,25,0.65,True,False,False,interaction,False,False,0.21094441413879395,0.5783801674842834,-0.3674357533454895,8.280406285549342,1.8125280744916532,6.4678782110576885,6
366,9,9,calibration,27,135,26,0.675,True,False,False,interaction,False,False,0.19424505531787872,0.46029698848724365,-0.2660519480705261,5.331501241221663,2.5138624852023006,2.8176387560193628,6
367,9,9,calibration,28,140,27,0.7,True,False,False,interaction,False,False,0.21481239795684814,0.7091794610023499,-0.4943670630455017,5.104883504832867,2.3322632779956654,2.7726202268372018,7
368,9,9,calibration,29,145,28,0.725,True,False,False,interaction,False,False,0.1364569514989853,0.37134382128715515,-0.23488686978816986,9.49306239253666,1.5563968074626475,7.936665585074012,7
369,9,9,calibration,30,150,29,0.75,True,False,False,interaction,False,False,0.053018152713775635,0.2304714322090149,-0.17745327949523926,10.7236546608804,0.9162285898535356,9.807426071026866,7
370,9,9,calibration,31,155,30,0.775,True,False,False,interaction,False,False,0.03246317058801651,0.167494997382164,-0.1350318193435669,9.020313006765209,0.7793161800613868,8.240996826703821,7
371,9,9,calibration,32,160,31,0.8,True,True,False,interaction,False,True,0.018340447917580605,0.020446214824914932,-0.0021057669073343277,9.451595533304461,0.3645942006222154,9.087001332682245,8
372,9,9,calibration,33,165,32,0.825,False,True,False,support,False,False,0.17042027413845062,0.30107763409614563,-0.130657359957695,9.25174795341396,0.8820788587209133,8.369669094693046,8
373,9,9,calibration,34,170,33,0.85,False,True,False,support,False,False,0.09591979533433914,0.20978955924510956,-0.11386976391077042,6.656197086540645,0.6590553097858365,5.997141776754808,8
374,9,9,calibration,35,175,34,0.875,False,True,False,support,False,False,0.05643931403756142,0.2543804943561554,-0.19794118404388428,8.299712883055694,1.7996659608410825,6.5000469222146116,8
375,9,9,calibration,36,180,35,0.9,False,True,False,support,False,False,0.014201696030795574,0.021001463755965233,-0.006799767725169659,6.657866531207485,0.6679710434420235,5.9898954877654615,9
376,9,9,calibration,37,185,36,0.925,False,True,False,support,False,False,0.06907597184181213,0.16152922809123993,-0.0924532562494278,5.747415974307675,0.8930753874398202,4.854340586867854,9
377,9,9,calibration,38,190,37,0.95,False,True,False,support,False,False,0.009450502693653107,0.10029347985982895,-0.09084297716617584,5.785079787421782,0.9972787523552281,4.787801035066553,9
378,9,9,calibration,39,195,38,0.975,False,True,False,support,False,False,0.02361942268908024,0.3035496473312378,-0.2799302339553833,8.0565697278335,1.0547332886292065,7.001836439204293,9
379,9,9,calibration,40,200,39,1.0,False,True,False,support,False,False,0.006701345089823008,0.0934838354587555,-0.08678249269723892,9.559820847174139,0.5314230677059685,9.02839777946817,9
380,10,10,heldout,3,15,2,0.075,False,True,False,support,False,False,0.011899675242602825,0.07997092604637146,-0.06807125359773636,16.46945242258229,88.2380595974999,-71.7686071749176,0
381,10,10,heldout,4,20,3,0.1,False,True,False,support,False,False,0.023061899468302727,0.16957403719425201,-0.14651213586330414,16.18907474860671,172.26578500766536,-156.07671025905864,1
382,10,10,heldout,5,25,4,0.125,False,True,False,support,False,False,0.011396323330700397,0.11628756672143936,-0.10489124059677124,13.594206941676125,126.16295731990772,-112.5687503782316,1
383,10,10,heldout,6,30,5,0.15,True,True,False,interaction,True,False,0.03353554382920265,0.07911758124828339,-0.045582037419080734,68.53564728698315,129.61835581016723,-61.08270852318408,1
384,10,10,heldout,7,35,6,0.175,True,False,False,interaction,False,False,0.07871222496032715,0.31228259205818176,-0.23357036709785461,62.237262096402084,248.31461120226757,-186.0773491058655,1
385,10,10,heldout,8,40,7,0.2,True,False,False,interaction,False,False,0.28729248046875,0.6071630120277405,-0.3198705315589905,394.72686018848367,794.8473084117144,-400.1204482232307,2
386,10,10,heldout,9,45,8,0.225,True,False,False,interaction,False,False,0.3411298990249634,0.7290332317352295,-0.3879033327102661,396.3268936184184,1267.3107190475323,-870.983825429114,2
387,10,10,heldout,10,50,9,0.25,True,False,False,interaction,False,False,0.060402292758226395,0.21980278193950653,-0.15940049290657043,103.27422983101347,343.137792850679,-239.8635630196655,2
388,10,10,heldout,11,55,10,0.275,True,False,False,interaction,False,False,0.2619972229003906,0.5368489623069763,-0.2748517394065857,501.42947702739303,1195.7318261614273,-694.3023491340343,2
389,10,10,heldout,12,60,11,0.3,True,False,False,interaction,False,False,0.07918330281972885,0.25838789343833923,-0.17920458316802979,112.21975895503726,257.24783990843844,-145.02808095340117,3
390,10,10,heldout,13,65,12,0.325,True,False,False,interaction,False,False,0.019070811569690704,0.14806388318538666,-0.12899306416511536,30.76901961301102,127.04930292271199,-96.28028330970096,3
391,10,10,heldout,14,70,13,0.35,True,True,False,interaction,False,True,0.042113546282052994,0.09403248876333237,-0.05191894248127937,67.851698856216,147.10556590895604,-79.25386705274003,3
392,10,10,heldout,15,75,14,0.375,False,True,False,support,False,False,0.06026666238903999,0.05189202353358269,0.008374638855457306,101.73162307541132,90.92966442261668,10.801958652794639,3
393,10,10,heldout,16,80,15,0.4,False,True,False,support,False,False,0.1587294489145279,0.3301530182361603,-0.17142356932163239,163.13728572962933,250.93982289552642,-87.80253716589709,4
394,10,10,heldout,17,85,16,0.425,False,True,False,support,False,False,0.11386492103338242,0.36963143944740295,-0.25576651096343994,170.6050780154855,316.8680694722597,-146.26299145677422,4
395,10,10,heldout,18,90,17,0.45,False,True,False,support,False,False,0.023632192984223366,0.10652752965688705,-0.08289533853530884,26.90927539128568,108.92375027105602,-82.01447487977035,4
396,10,10,heldout,19,95,18,0.475,False,True,False,support,False,False,0.024720633402466774,0.10459643602371216,-0.07987580448389053,29.881436804515193,106.21803084722524,-76.33659404271005,4
397,10,10,heldout,20,100,19,0.5,False,True,False,support,False,False,0.027243340387940407,0.13192786276340485,-0.10468452423810959,23.662463077571942,93.35385284930516,-69.69138977173321,5
398,10,10,heldout,21,105,20,0.525,False,True,False,support,False,False,0.02282857336103916,0.20789702236652374,-0.18506844341754913,22.268847790580057,155.32371014499327,-133.05486235441322,5
399,10,10,heldout,22,110,21,0.55,False,True,False,support,False,False,0.046840399503707886,0.2453443557024002,-0.19850395619869232,104.09748214333474,247.71979384600715,-143.6223117026724,5
400,10,10,heldout,23,115,22,0.575,True,True,False,interaction,True,False,0.005691463127732277,0.054153114557266235,-0.04846165329217911,9.396487636651836,64.36336014406687,-54.96687250741504,5
401,10,10,heldout,24,120,23,0.6,True,True,False,interaction,False,False,0.014634951017796993,0.08314450830221176,-0.0685095563530922,14.594421521953985,87.5239816726317,-72.92956015067772,6
402,10,10,heldout,25,125,24,0.625,True,False,False,interaction,False,False,0.17608046531677246,0.38814473152160645,-0.21206426620483398,221.13908472045952,328.6583208972969,-107.51923617683738,6
403,10,10,heldout,26,130,25,0.65,True,False,False,interaction,False,False,0.6296467781066895,1.6262651681900024,-0.996618390083313,585.1795334682378,2222.728450526853,-1637.5489170586152,6
404,10,10,heldout,27,135,26,0.675,True,False,False,interaction,False,False,0.32421183586120605,0.9720751643180847,-0.6478633284568787,42.30438855808702,160.81189989392843,-118.5075113358414,6
405,10,10,heldout,28,140,27,0.7,True,False,False,interaction,False,False,1.0952681303024292,1.7776836156845093,-0.6824154853820801,652.3875138255252,751.7396675867541,-99.35215376122892,7
406,10,10,heldout,29,145,28,0.725,True,False,False,interaction,False,False,0.14656411111354828,0.5581876039505005,-0.411623477935791,197.8553505503212,821.0440336020307,-623.1886830517095,7
407,10,10,heldout,30,150,29,0.75,True,False,False,interaction,False,False,0.07656721770763397,0.2561006546020508,-0.1795334368944168,121.53922463933043,282.98807941697766,-161.44885477764723,7
408,10,10,heldout,31,155,30,0.775,True,False,False,interaction,False,False,0.037861619144678116,0.19743786752223969,-0.15957625210285187,52.522987534305024,229.48965936501259,-176.96667183070755,7
409,10,10,heldout,32,160,31,0.8,True,True,False,interaction,False,True,0.016693370416760445,0.027545126155018806,-0.010851755738258362,33.979152563430176,40.47857862523923,-6.499426061809054,8
410,10,10,heldout,33,165,32,0.825,False,True,False,support,False,False,0.12206733226776123,0.17468638718128204,-0.05261905491352081,135.3870396132647,160.77843896449616,-25.391399351231456,8
411,10,10,heldout,34,170,33,0.85,False,True,False,support,False,False,0.22083278000354767,0.4393753111362457,-0.21854253113269806,287.2378293847095,377.2422394390974,-90.00441005438785,8
412,10,10,heldout,35,175,34,0.875,False,True,False,support,False,False,0.14248955249786377,0.3529950678348541,-0.21050551533699036,140.65435780779003,393.385548485828,-252.73119067803796,8
413,10,10,heldout,36,180,35,0.9,False,True,False,support,False,False,0.012801195494830608,0.006526125129312277,0.0062750703655183315,24.43186427681796,10.025373139744277,14.406491137073685,9
414,10,10,heldout,37,185,36,0.925,False,True,False,support,False,False,0.10052964091300964,0.2909887135028839,-0.19045907258987427,38.48222756037668,213.75799943784196,-175.27577187746527,9
415,10,10,heldout,38,190,37,0.95,False,True,False,support,False,False,0.019004030153155327,0.12469614297151566,-0.10569211095571518,16.926396074121673,107.21396498606315,-90.28756891194148,9
416,10,10,heldout,39,195,38,0.975,False,True,False,support,False,False,0.017910180613398552,0.22824150323867798,-0.21033132076263428,20.50536810218537,175.12619864663452,-154.62083054444915,9
417,10,10,heldout,40,200,39,1.0,False,True,False,support,False,False,0.013632245361804962,0.09810399264097214,-0.08447174727916718,37.02925349177952,93.98654004679264,-56.95728655501312,9
418,11,11,heldout,3,15,2,0.075,False,True,False,support,False,False,0.010348528623580933,0.05757034197449684,-0.04722181335091591,9.503333725341982,8.45535042478422,1.0479833005577621,0
419,11,11,heldout,4,20,3,0.1,False,True,False,support,False,False,0.016396960243582726,0.19189776480197906,-0.1755008101463318,9.919796419788801,14.803014977724823,-4.883218557936022,1
420,11,11,heldout,5,25,4,0.125,False,True,False,support,False,False,0.008207972161471844,0.08282918483018875,-0.07462121546268463,9.46484639804531,9.178255033556791,0.28659136448851896,1
421,11,11,heldout,6,30,5,0.15,True,True,False,interaction,True,False,0.017081312835216522,0.10701102018356323,-0.08992970734834671,11.675309734500308,10.670518351830587,1.0047913826697208,1
422,11,11,heldout,7,35,6,0.175,True,False,False,interaction,False,False,0.06050907447934151,0.2618758976459503,-0.2013668268918991,17.080649782105493,23.520468139639252,-6.43981835753376,1
423,11,11,heldout,8,40,7,0.2,True,False,False,interaction,False,False,0.12260989099740982,0.3722270429134369,-0.24961715936660767,27.386703776580784,55.34012338612637,-27.953419609545588,2
424,11,11,heldout,9,45,8,0.225,True,False,False,interaction,False,False,0.08661190420389175,0.37285467982292175,-0.2862427830696106,18.733939604093145,36.494349930477256,-17.76041032638411,2
425,11,11,heldout,10,50,9,0.25,True,False,False,interaction,False,False,0.11007485538721085,0.25090110301971436,-0.1408262550830841,13.988295925430753,13.030908077165094,0.9573878482656593,2
426,11,11,heldout,11,55,10,0.275,True,False,False,interaction,False,False,0.2648336589336395,0.6603406667709351,-0.39550700783729553,15.680212631865368,30.35323885432261,-14.67302622245724,2
427,11,11,heldout,12,60,11,0.3,True,False,False,interaction,False,False,0.042510390281677246,0.2918461859226227,-0.24933579564094543,12.33753745751801,12.154844608717404,0.1826928488006061,3
428,11,11,heldout,13,65,12,0.325,True,False,False,interaction,False,False,0.0423254631459713,0.22949576377868652,-0.18717029690742493,13.063295753538236,13.124782512479237,-0.061486758941001085,3
429,11,11,heldout,14,70,13,0.35,True,True,False,interaction,False,True,0.018384648486971855,0.047529011964797974,-0.02914436347782612,9.277184248165783,2.2138331041782773,7.063351143987505,3
430,11,11,heldout,15,75,14,0.375,False,True,False,support,False,False,0.06984639167785645,0.08995574712753296,-0.020109355449676514,10.11569688246206,3.8925392212529246,6.223157661209136,3
431,11,11,heldout,16,80,15,0.4,False,True,False,support,False,False,0.1466212272644043,0.2864954471588135,-0.13987421989440918,12.63900989023456,9.015002732776452,3.6240071574581076,4
432,11,11,heldout,17,85,16,0.425,False,True,False,support,False,False,0.04436538740992546,0.11949072033166885,-0.07512533664703369,11.221968909353668,4.862602750189143,6.359366159164526,4
433,11,11,heldout,18,90,17,0.45,False,True,False,support,False,False,0.010412399657070637,0.0030605171341449022,0.007351882755756378,10.083284241046172,0.14518233185538035,9.938101909190792,4
434,11,11,heldout,19,95,18,0.475,False,True,False,support,False,False,0.01381422858685255,0.02695627696812153,-0.013142048381268978,9.547741778512897,0.9703952826045565,8.57734649590834,4
435,11,11,heldout,20,100,19,0.5,False,True,False,support,False,False,0.01005647610872984,0.06505823880434036,-0.05500176176428795,9.522772270122223,2.842534375542962,6.68023789457926,5
436,11,11,heldout,21,105,20,0.525,False,True,False,support,False,False,0.014408946968615055,0.12730427086353302,-0.11289532482624054,8.476313371017289,4.331564674002012,4.144748697015277,5
437,11,11,heldout,22,110,21,0.55,False,True,False,support,False,False,0.009929504245519638,0.11112534999847412,-0.10119584202766418,8.111978027140744,4.059790472535453,4.052187554605291,5
438,11,11,heldout,23,115,22,0.575,True,True,False,interaction,True,False,0.010472510941326618,0.03586288169026375,-0.025390371680259705,8.424443343074918,1.6878044899070537,6.7366388531678645,5
439,11,11,heldout,24,120,23,0.6,True,True,False,interaction,False,False,0.03345954790711403,0.13969169557094574,-0.10623215138912201,9.202437968824093,5.4661673976983876,3.736270571125705,6
440,11,11,heldout,25,125,24,0.625,True,False,False,interaction,False,False,0.09205328673124313,0.3682467043399811,-0.27619341015815735,9.423440442043702,16.21811343117862,-6.7946729891349165,6
441,11,11,heldout,26,130,25,0.65,True,False,False,interaction,False,False,0.27883532643318176,0.8794133067131042,-0.6005779504776001,11.966065147696398,16.195845236983587,-4.229780089287189,6
442,11,11,heldout,27,135,26,0.675,True,False,False,interaction,False,False,0.029293671250343323,0.09447727352380753,-0.0651836022734642,8.305497363650026,4.7192512894483185,3.586246074201708,6
443,11,11,heldout,28,140,27,0.7,True,False,False,interaction,False,False,0.26655781269073486,0.6615486741065979,-0.39499086141586304,14.018797600498814,26.368584716695953,-12.349787116197138,7
444,11,11,heldout,29,145,28,0.725,True,False,False,interaction,False,False,0.10780569911003113,0.44850626587867737,-0.34070056676864624,14.769420079464602,15.014907669308116,-0.24548758984351338,7
445,11,11,heldout,30,150,29,0.75,True,False,False,interaction,False,False,0.03381896764039993,0.19206692278385162,-0.1582479476928711,12.120489964605817,8.069828320467623,4.050661644138193,7
446,11,11,heldout,31,155,30,0.775,True,False,False,interaction,False,False,0.026744602248072624,0.12547613680362701,-0.09873153269290924,10.396973509889042,4.792280300698329,5.604693209190713,7
447,11,11,heldout,32,160,31,0.8,False,True,False,support,False,True,0.03175295889377594,0.056992728263139725,-0.025239769369363785,9.448812599895577,3.048517624247887,6.4002949756476895,8
448,11,11,heldout,33,165,32,0.825,False,True,False,support,False,False,0.1651971936225891,0.24231316149234772,-0.0771159678697586,12.544565642754014,6.972268574645067,5.572297068108947,8
449,11,11,heldout,34,170,33,0.85,False,True,False,support,False,False,0.07149183005094528,0.20397615432739258,-0.1324843168258667,12.95571576883792,9.07839925170921,3.87731651712871,8
450,11,11,heldout,35,175,34,0.875,False,True,False,support,False,False,0.033256564289331436,0.09345269203186035,-0.060196127742528915,13.021388888009392,4.483933111661031,8.537455776348361,8
451,11,11,heldout,36,180,35,0.9,False,True,False,support,False,False,0.023045629262924194,0.020106583833694458,0.0029390454292297363,10.636851293221456,1.2568356526899276,9.380015640531528,9
452,11,11,heldout,37,185,36,0.925,False,True,False,support,False,False,0.0423516146838665,0.08143426477909088,-0.03908265009522438,9.920273859071784,4.440725893633572,5.479547965438212,9
453,11,11,heldout,38,190,37,0.95,False,True,False,support,False,False,0.012040284462273121,0.08047569543123245,-0.06843540817499161,9.707816845475243,3.732648609668235,5.975168235807008,9
454,11,11,heldout,39,195,38,0.975,False,True,False,support,False,False,0.012608920224010944,0.12853829562664032,-0.11592937260866165,9.022012736507625,3.7877197977192067,5.234292938788418,9
455,11,11,heldout,40,200,39,1.0,False,True,False,support,False,False,0.005294885486364365,0.082379050552845,-0.07708416879177094,8.611718221396229,3.187590868544357,5.4241273528518725,9
456,12,12,heldout,3,15,2,0.075,False,True,False,support,False,False,0.014726455323398113,0.05290153622627258,-0.038175079971551895,15.929365745981153,18.821221324462602,-2.891855578481449,0
457,12,12,heldout,4,20,3,0.1,False,True,False,support,False,False,0.02055995538830757,0.09700509160757065,-0.07644513249397278,31.78549605083869,41.66812362566665,-9.88262757482796,1
458,12,12,heldout,5,25,4,0.125,False,True,False,support,False,False,0.007037349045276642,0.0778912752866745,-0.07085392624139786,13.981851112017965,39.2696370338673,-25.287785921849334,1
459,12,12,heldout,6,30,5,0.15,True,True,False,interaction,True,False,0.002318530110642314,0.043305616825819016,-0.04098708555102348,6.258053294827185,34.41933724242134,-28.161283947594157,1
460,12,12,heldout,7,35,6,0.175,True,False,False,interaction,False,False,0.05359116569161415,0.23141057789325714,-0.1778194159269333,85.83244415996505,200.80548767383766,-114.97304351387261,1
461,12,12,heldout,8,40,7,0.2,True,False,False,interaction,False,False,0.10497625917196274,0.44291433691978455,-0.3379380702972412,82.95293332551465,381.97507740502493,-299.02214407951027,2
462,12,12,heldout,9,45,8,0.225,True,False,False,interaction,False,False,0.30237218737602234,0.8823533058166504,-0.5799810886383057,63.04238541538562,464.2129090731366,-401.17052365775095,2
463,12,12,heldout,10,50,9,0.25,True,False,False,interaction,False,False,0.8626286387443542,1.4314312934875488,-0.5688026547431946,64.97239302966814,73.52102782239972,-8.548634792731576,2
464,12,12,heldout,11,55,10,0.275,True,False,False,interaction,False,False,1.798722267150879,2.123244524002075,-0.3245222568511963,277.0184654304547,41.49660279635083,235.52186263410385,2
465,12,12,heldout,12,60,11,0.3,True,False,False,interaction,False,False,1.0865001678466797,1.6644033193588257,-0.577903151512146,35.442158860123406,15.400751010781946,20.04140784934146,3
466,12,12,heldout,13,65,12,0.325,True,False,False,interaction,False,False,0.06731992214918137,0.2864968478679657,-0.21917691826820374,11.106311539455632,9.030121070423872,2.0761904690317596,3
467,12,12,heldout,14,70,13,0.35,True,True,False,interaction,False,True,0.013048219494521618,0.037320274859666824,-0.024272054433822632,8.189986941301319,1.266328460223476,6.923658481077843,3
468,12,12,heldout,15,75,14,0.375,False,True,False,support,False,False,0.05103018879890442,0.06222652271389961,-0.011196333914995193,8.922758603993051,2.566865623790686,6.3558929802023645,3
469,12,12,heldout,16,80,15,0.4,False,True,False,support,False,False,0.1619432121515274,0.19849412143230438,-0.03655090928077698,11.912851011862402,7.359538820860283,4.553312191002119,4
470,12,12,heldout,17,85,16,0.425,False,True,False,support,False,False,0.15393994748592377,0.2406538724899292,-0.08671392500400543,16.460342297046264,17.73455417648309,-1.2742118794368267,4
471,12,12,heldout,18,90,17,0.45,False,True,False,support,False,False,0.1768399029970169,0.28814414143562317,-0.11130423843860626,24.122854484662298,20.042689432782648,4.08016505187965,4
472,12,12,heldout,19,95,18,0.475,False,True,False,support,False,False,0.09986931085586548,0.14259959757328033,-0.042730286717414856,14.93823408911733,13.132271526075934,1.8059625630413958,4
473,12,12,heldout,20,100,19,0.5,False,True,False,support,False,False,0.10123270750045776,0.1727723479270935,-0.07153964042663574,12.396976739694665,11.161749193192719,1.235227546501946,5
474,12,12,heldout,21,105,20,0.525,False,True,False,support,False,False,0.0067422823049128056,0.08751454204320908,-0.08077225834131241,7.826675107155395,2.6365002411218987,5.190174866033496,5
475,12,12,heldout,22,110,21,0.55,False,True,False,support,False,False,0.016253920271992683,0.23691481351852417,-0.22066089510917664,9.243851712935376,7.436516339987937,1.8073353729474393,5
476,12,12,heldout,23,115,22,0.575,False,True,False,support,False,False,0.007673509418964386,0.09481897205114365,-0.08714546263217926,8.13240921098222,2.5699056708566492,5.5625035401255705,5
477,12,12,heldout,24,120,23,0.6,True,True,False,interaction,True,False,0.014151185750961304,0.0643063634634018,-0.05015517771244049,8.74494820908753,2.2391971950218843,6.5057510140656465,6
478,12,12,heldout,25,125,24,0.625,True,False,False,interaction,False,False,0.09253544360399246,0.271215558052063,-0.17868012189865112,8.625044820521998,6.047324295195882,2.577720525326116,6
479,12,12,heldout,26,130,25,0.65,True,False,False,interaction,False,False,0.3308866322040558,0.5337591171264648,-0.20287248492240906,11.912815614862547,9.947048600979892,1.9657670138826546,6
480,12,12,heldout,27,135,26,0.675,True,False,False,interaction,False,False,0.2884010970592499,0.4903291165828705,-0.2019280195236206,8.475887690107838,5.183017493199578,3.29287019690826,6
481,12,12,heldout,28,140,27,0.7,True,False,False,interaction,False,False,0.2356618195772171,0.5024113655090332,-0.2667495608329773,7.180382772817263,4.972590082771497,2.2077926900457667,7
482,12,12,heldout,29,145,28,0.725,True,False,False,interaction,False,False,0.21282100677490234,0.38769587874412537,-0.17487487196922302,12.06373433915222,8.774660943053528,3.2890733960986918,7
483,12,12,heldout,30,150,29,0.75,True,False,False,interaction,False,False,0.043981701135635376,0.16343821585178375,-0.11945651471614838,7.993978151750919,3.651322191238053,4.342655960512866,7
484,12,12,heldout,31,155,30,0.775,True,False,False,interaction,False,False,0.02617599628865719,0.17069439589977264,-0.1445184051990509,9.411442664276384,6.2704812650092725,3.1409613992671117,7
485,12,12,heldout,32,160,31,0.8,True,True,False,interaction,False,True,0.02356262505054474,0.04006500169634819,-0.01650237664580345,8.063989964634123,1.664244815762176,6.399745148871947,8
486,12,12,heldout,33,165,32,0.825,False,True,False,support,False,False,0.10985300689935684,0.14597323536872864,-0.036120228469371796,9.116260159577912,4.090942418954589,5.025317740623323,8
487,12,12,heldout,34,170,33,0.85,False,True,False,support,False,False,0.1320888102054596,0.3159621059894562,-0.18387329578399658,8.268650908811486,5.911463427633959,2.357187481177527,8
488,12,12,heldout,35,175,34,0.875,False,True,False,support,False,False,0.07126569747924805,0.19043786823749542,-0.11917217075824738,8.866358311431457,3.7568943010434306,5.109464010388026,8
489,12,12,heldout,36,180,35,0.9,False,True,False,support,False,False,0.018009785562753677,0.007159372325986624,0.010850412771105766,8.479310064968478,0.28371425592945243,8.195595809039027,9
490,12,12,heldout,37,185,36,0.925,False,True,False,support,False,False,0.06129097938537598,0.17666171491146088,-0.1153707355260849,7.540016506554603,3.9419294404722307,3.5980870660823725,9
491,12,12,heldout,38,190,37,0.95,False,True,False,support,False,False,0.01671295426785946,0.0814099833369255,-0.0646970272064209,6.049841820422931,1.1663037974656558,4.883538022957275,9
492,12,12,heldout,39,195,38,0.975,False,True,False,support,False,False,0.012927480973303318,0.11522620171308517,-0.10229872167110443,7.956307596183177,3.2830791024939407,4.673228493689237,9
493,12,12,heldout,40,200,39,1.0,False,True,False,support,False,False,0.0061859809793531895,0.11253387480974197,-0.10634789615869522,7.886564637991217,3.2635357242352363,4.623028913755981,9
494,13,13,heldout,3,15,2,0.075,False,True,False,support,False,False,0.010451090522110462,0.10994670540094376,-0.09949561208486557,12.557171053925236,13.97961465973129,-1.4224436058060537,0
495,13,13,heldout,4,20,3,0.1,False,True,False,support,False,False,0.008925769478082657,0.19771532714366913,-0.18878956139087677,8.691008802018867,30.752227572242635,-22.061218770223768,1
496,13,13,heldout,5,25,4,0.125,False,True,False,support,False,False,0.0033302437514066696,0.060884539037942886,-0.057554297149181366,6.570629038108675,9.968588326191409,-3.397959288082734,1
497,13,13,heldout,6,30,5,0.15,True,True,False,interaction,True,False,0.04388497397303581,0.10823875665664673,-0.06435377895832062,39.61303863176773,86.07022779345941,-46.45718916169168,1
498,13,13,heldout,7,35,6,0.175,True,False,False,interaction,False,False,0.1432618349790573,0.3101634085178375,-0.1669015735387802,96.93238188321203,103.00146813317026,-6.069086249958232,1
499,13,13,heldout,8,40,7,0.2,True,False,False,interaction,False,False,0.17242343723773956,0.7374599575996399,-0.5650365352630615,30.400154203824247,235.44812861449046,-205.0479744106662,2
500,13,13,heldout,9,45,8,0.225,True,False,False,interaction,False,False,1.3642228841781616,2.0947189331054688,-0.7304960489273071,16.330819941436165,23.44326133907209,-7.112441397635926,2
501,13,13,heldout,10,50,9,0.25,True,False,False,interaction,False,False,0.3934573829174042,0.7252877354621887,-0.33183035254478455,11.287900724424077,11.475416831543038,-0.18751610711896127,2
502,13,13,heldout,11,55,10,0.275,True,False,False,interaction,False,False,0.13042990863323212,0.41737857460975647,-0.28694868087768555,14.41896049829357,13.72260717414016,0.6963533241534101,2
503,13,13,heldout,12,60,11,0.3,True,False,False,interaction,False,False,0.049273401498794556,0.23535828292369843,-0.18608488142490387,11.762460158115056,12.902250844631638,-1.1397906865165819,3
504,13,13,heldout,13,65,12,0.325,True,False,False,interaction,False,False,0.07619666308164597,0.19927756488323212,-0.12308090180158615,17.08142266123278,22.499772628051947,-5.418349966819168,3
505,13,13,heldout,14,70,13,0.35,True,True,False,interaction,False,True,0.01976255513727665,0.03025474213063717,-0.01049218699336052,11.873331356699282,3.846993135184174,8.026338221515108,3
506,13,13,heldout,15,75,14,0.375,False,True,False,support,False,False,0.018848052248358727,0.010598319582641125,0.008249732665717602,14.822426116140674,2.5740235617716034,12.24840255436907,3
507,13,13,heldout,16,80,15,0.4,False,True,False,support,False,False,0.17845839262008667,0.27622154355049133,-0.09776315093040466,38.15932901336201,42.419945656183806,-4.260616642821795,4
508,13,13,heldout,17,85,16,0.425,False,True,False,support,False,False,0.10710515826940536,0.2896556556224823,-0.18255048990249634,12.277389172130187,26.564611640982502,-14.287222468852315,4
509,13,13,heldout,18,90,17,0.45,False,True,False,support,False,False,0.012923046946525574,0.007559426128864288,0.005363620817661285,9.777191286609431,0.46614975627619454,9.311041530333236,4
510,13,13,heldout,19,95,18,0.475,False,True,False,support,False,False,0.017495302483439445,0.03488239273428917,-0.017387090250849724,14.012295783757734,5.157793546182047,8.854502237575687,4
511,13,13,heldout,20,100,19,0.5,False,True,False,support,False,False,0.011685398407280445,0.06380368024110794,-0.05211828276515007,10.526288348355303,5.111258416773846,5.415029931581457,5
512,13,13,heldout,21,105,20,0.525,False,True,False,support,False,False,0.019941654056310654,0.19199955463409424,-0.1720578968524933,8.439548138192864,21.14820447536572,-12.708656337172856,5
513,13,13,heldout,22,110,21,0.55,False,True,False,support,False,False,0.036388128995895386,0.16552697122097015,-0.12913884222507477,11.262893942459762,33.298088354214805,-22.035194411755043,5
514,13,13,heldout,23,115,22,0.575,True,True,False,interaction,True,False,0.01250338926911354,0.04120674356818199,-0.02870335429906845,8.81404104674312,8.579949425255867,0.23409162148725216,5
515,13,13,heldout,24,120,23,0.6,True,False,False,interaction,False,False,0.10507678985595703,0.26925575733184814,-0.1641789674758911,19.909400526537922,31.721490816207265,-11.812090289669342,6
516,13,13,heldout,25,125,24,0.625,True,False,False,interaction,False,False,0.26917561888694763,0.5365855097770691,-0.26740989089012146,27.19131965746243,53.44958359761696,-26.258263940154528,6
517,13,13,heldout,26,130,25,0.65,True,False,False,interaction,False,False,0.7802947163581848,1.1466150283813477,-0.36632031202316284,11.70871988373657,10.713709332857293,0.995010550879277,6
518,13,13,heldout,27,135,26,0.675,True,False,False,interaction,False,False,0.06094195321202278,0.2022256851196289,-0.14128373563289642,5.14061781411551,2.6708907513403566,2.4697270627751533,6
519,13,13,heldout,28,140,27,0.7,True,False,False,interaction,False,False,0.683002769947052,0.9840838313102722,-0.3010810613632202,29.713170092996666,22.6687082093561,7.044461883640565,7
520,13,13,heldout,29,145,28,0.725,True,False,False,interaction,False,False,0.14767704904079437,0.2664995491504669,-0.11882250010967255,26.408767141082905,21.09147416388132,5.317292977201586,7
521,13,13,heldout,30,150,29,0.75,True,False,False,interaction,False,False,0.05031448230147362,0.14533506333827972,-0.09502057731151581,15.331052807814118,22.115423391901743,-6.784370584087625,7
522,13,13,heldout,31,155,30,0.775,True,True,False,interaction,False,True,0.039934199303388596,0.07605725526809692,-0.03612305596470833,15.985390282123126,9.335015671390993,6.650374610732133,7
523,13,13,heldout,32,160,31,0.8,False,True,False,support,False,False,0.04847527667880058,0.05052387714385986,-0.0020486004650592804,21.968009895647825,10.732040368103895,11.23596952754393,8
524,13,13,heldout,33,165,32,0.825,False,True,False,support,False,False,0.06993117928504944,0.11410949379205704,-0.0441783145070076,19.69192899750998,15.785389821804477,3.906539175705502,8
525,13,13,heldout,34,170,33,0.85,False,True,False,support,False,False,0.11549153178930283,0.2457837462425232,-0.13029220700263977,14.339993976941296,29.75553009243912,-15.415536115497824,8
526,13,13,heldout,35,175,34,0.875,False,True,False,support,False,False,0.03437330201268196,0.07971066981554031,-0.04533736780285835,12.094835505095423,10.235843596058208,1.858991909037215,8
527,13,13,heldout,36,180,35,0.9,False,True,False,support,False,False,0.021731620654463768,0.058173101395368576,-0.03644148260354996,15.774643864451207,14.211105677856807,1.5635381865943998,9
528,13,13,heldout,37,185,36,0.925,False,True,False,support,False,False,0.025141233578324318,0.06843042373657227,-0.0432891920208931,15.890314965679723,9.291279442745035,6.599035522934688,9
529,13,13,heldout,38,190,37,0.95,False,True,False,support,False,False,0.015361945144832134,0.13427037000656128,-0.11890842765569687,8.54888894417297,12.637351004302468,-4.088462060129498,9
530,13,13,heldout,39,195,38,0.975,False,True,False,support,False,False,0.011844483204185963,0.12892721593379974,-0.11708272993564606,6.895348963622447,17.842049174301266,-10.94670021067882,9
531,13,13,heldout,40,200,39,1.0,True,True,False,interaction,True,False,0.007888875901699066,0.054756224155426025,-0.04686734825372696,8.168685978756079,10.434737171519856,-2.2660511927637774,9
532,14,14,heldout,3,15,2,0.075,False,True,False,support,False,False,0.016677023842930794,0.12221973389387131,-0.10554271191358566,9.20557054009544,4.092220711155932,5.1133498289395085,0
533,14,14,heldout,4,20,3,0.1,False,True,False,support,False,False,0.010523510165512562,0.12535612285137177,-0.11483260989189148,9.098774989307786,4.412202498125024,4.686572491182763,1
534,14,14,heldout,5,25,4,0.125,False,True,False,support,False,False,0.0034263385459780693,0.06077641248703003,-0.057350073009729385,8.671804661159028,3.065778248789974,5.606026412369054,1
535,14,14,heldout,6,30,5,0.15,True,True,False,interaction,True,False,0.0029797821771353483,0.017002379521727562,-0.01402259711176157,7.15430463640849,0.8637887654654702,6.29051587094302,1
536,14,14,heldout,7,35,6,0.175,True,False,False,interaction,False,False,0.039322543889284134,0.16981160640716553,-0.1304890662431717,9.968077375596256,7.047441345801235,2.9206360297950207,1
537,14,14,heldout,8,40,7,0.2,True,False,False,interaction,False,False,0.06248858571052551,0.2890655994415283,-0.2265770137310028,9.06268075329998,13.152865381162853,-4.0901846278628735,2
538,14,14,heldout,9,45,8,0.225,True,False,False,interaction,False,False,0.1545834094285965,0.7318139672279358,-0.5772305727005005,11.257179809715817,28.250738236090882,-16.993558426375067,2
539,14,14,heldout,10,50,9,0.25,True,False,False,interaction,False,False,1.00358247756958,1.6317138671875,-0.6281313896179199,11.076302670059581,5.188197103677973,5.888105566381609,2
540,14,14,heldout,11,55,10,0.275,True,False,False,interaction,False,False,1.8917049169540405,1.9590096473693848,-0.06730473041534424,448.0990243982507,503.26988529739265,-55.17086089914193,2
541,14,14,heldout,12,60,11,0.3,True,False,False,interaction,False,False,0.627623975276947,1.1960591077804565,-0.5684351325035095,470.888550209647,1061.8336067188745,-590.9450565092275,3
542,14,14,heldout,13,65,12,0.325,True,False,False,interaction,False,False,0.05300017073750496,0.2954457700252533,-0.24244560301303864,54.11387394773728,220.65079966181966,-166.53692571408237,3
543,14,14,heldout,14,70,13,0.35,True,True,False,interaction,False,True,0.04215499758720398,0.11350563168525696,-0.07135063409805298,48.690488354370494,68.39139865215998,-19.700910297789484,3
544,14,14,heldout,15,75,14,0.375,False,True,False,support,False,False,0.10938448458909988,0.11471104621887207,-0.005326561629772186,121.14307781089367,97.890781743266,23.252296067627668,3
545,14,14,heldout,16,80,15,0.4,False,True,False,support,False,False,0.20216740667819977,0.27662792801856995,-0.07446052134037018,234.81779718069296,243.33323828816583,-8.515441107472867,4
546,14,14,heldout,17,85,16,0.425,False,True,False,support,False,False,0.07329612225294113,0.19053123891353607,-0.11723511666059494,67.67548284047113,121.52134963227535,-53.84586679180421,4
547,14,14,heldout,18,90,17,0.45,False,True,False,support,False,False,0.03695892170071602,0.13242016732692719,-0.09546124935150146,16.023247500724484,33.679060040911025,-17.655812540186542,4
548,14,14,heldout,19,95,18,0.475,False,True,False,support,False,False,0.024480635300278664,0.09569235891103745,-0.07121172547340393,17.06261496991584,28.088698723560896,-11.026083753645057,4
549,14,14,heldout,20,100,19,0.5,False,True,False,support,False,False,0.01949220336973667,0.12477006763219833,-0.10527786612510681,13.52840912088628,68.20866209830122,-54.68025297741494,5
550,14,14,heldout,21,105,20,0.525,False,True,False,support,False,False,0.012084211222827435,0.17848925292491913,-0.16640503704547882,11.607075749113191,163.21722413776212,-151.61014838864892,5
551,14,14,heldout,22,110,21,0.55,False,True,False,support,False,False,0.006612172815948725,0.16430824995040894,-0.15769608318805695,10.029181869665896,129.54037377687436,-119.51119190720847,5
552,14,14,heldout,23,115,22,0.575,True,True,False,interaction,True,False,0.0053484137170016766,0.050780799239873886,-0.04543238505721092,12.535763165017094,52.975070578607784,-40.43930741359069,5
553,14,14,heldout,24,120,23,0.6,True,True,False,interaction,False,False,0.010484148748219013,0.06857635825872421,-0.058092210441827774,8.91093616481775,49.103829503156476,-40.19289333833873,6
554,14,14,heldout,25,125,24,0.625,True,False,False,interaction,False,False,0.13478867709636688,0.2847540080547333,-0.1499653309583664,205.19674747268868,215.65586630677896,-10.459118834090276,6
555,14,14,heldout,26,130,25,0.65,True,False,False,interaction,False,False,0.2083827704191208,0.7878932952880859,-0.579510509967804,268.642089381556,682.2643341561042,-413.62224477454816,6
556,14,14,heldout,27,135,26,0.675,True,False,False,interaction,False,False,0.11777021735906601,0.5936456322669983,-0.4758754074573517,117.09762670889144,552.8668654496613,-435.7692387407699,6
557,14,14,heldout,28,140,27,0.7,True,False,False,interaction,False,False,0.2350429743528366,0.6938729882240295,-0.45882999897003174,57.45724481200974,170.87387620724,-113.41663139523024,7
558,14,14,heldout,29,145,28,0.725,True,False,False,interaction,False,False,0.10576948523521423,0.7157905101776123,-0.6100209951400757,97.10652981496236,792.7872433425915,-695.6807135276292,7
559,14,14,heldout,30,150,29,0.75,True,False,False,interaction,False,False,0.08265221863985062,0.22712449729442596,-0.14447227120399475,89.94070570524502,201.63765063658164,-111.69694493133662,7
560,14,14,heldout,31,155,30,0.775,True,False,False,interaction,False,False,0.02271263860166073,0.1774323731660843,-0.154719740152359,32.34194543849379,161.25027714801456,-128.90833170952078,7
561,14,14,heldout,32,160,31,0.8,True,True,False,interaction,False,True,0.01655602641403675,0.00848305318504572,0.008072973228991032,26.505086685157575,6.669903111312479,19.835183573845097,8
562,14,14,heldout,33,165,32,0.825,False,True,False,support,False,False,0.10809793323278427,0.11067428439855576,-0.0025763511657714844,126.11579973912662,87.09569547456503,39.02010426456158,8
563,14,14,heldout,34,170,33,0.85,False,True,False,support,False,False,0.15835286676883698,0.2848159968852997,-0.1264631301164627,201.62625565895144,257.32107646448503,-55.694820805533595,8
564,14,14,heldout,35,175,34,0.875,False,True,False,support,False,False,0.031095899641513824,0.055555135011672974,-0.02445923537015915,27.06839490310809,20.557880545018303,6.510514358089786,8
565,14,14,heldout,36,180,35,0.9,False,True,False,support,False,False,0.02074541710317135,0.0025125881657004356,0.018232829868793488,23.307762689440555,0.8531192253791614,22.454643464061395,9
566,14,14,heldout,37,185,36,0.925,False,True,False,support,False,False,0.031962692737579346,0.03868740051984787,-0.006724707782268524,37.068297316817386,15.831654398661462,21.236642918155923,9
567,14,14,heldout,38,190,37,0.95,False,True,False,support,False,False,0.013222661800682545,0.02490880899131298,-0.011686147190630436,21.71030495547603,11.409740008809122,10.300564946666908,9
568,14,14,heldout,39,195,38,0.975,False,True,False,support,False,False,0.0189219880849123,0.24940522015094757,-0.23048323392868042,16.102899400353802,210.8234170296444,-194.72051762929058,9
569,14,14,heldout,40,200,39,1.0,False,True,False,support,False,False,0.02709658443927765,0.14622706174850464,-0.11913047730922699,38.1792074569422,150.4435779264476,-112.2643704695054,9
570,15,15,heldout,3,15,2,0.075,False,True,False,support,False,False,0.01643458567559719,0.05303891375660896,-0.03660432994365692,12.459856789261996,16.946423806802162,-4.486567017540166,0
571,15,15,heldout,4,20,3,0.1,False,True,False,support,False,False,0.006219855044037104,0.12276379019021988,-0.11654393374919891,9.876563968512064,46.87442036116331,-36.997856392651244,1
572,15,15,heldout,5,25,4,0.125,False,True,False,support,False,False,0.007257975172251463,0.1641654670238495,-0.15690749883651733,8.434795346881698,79.25467369528457,-70.81987834840287,1
573,15,15,heldout,6,30,5,0.15,True,True,False,interaction,True,False,0.0021586292423307896,0.010499472729861736,-0.00834084302186966,7.697290108495973,7.240218021458342,0.4570720870376306,1
574,15,15,heldout,7,35,6,0.175,True,False,False,interaction,False,False,0.04304474964737892,0.17688141763210297,-0.13383667171001434,56.405068809573095,152.1732892689137,-95.7682204593406,1
575,15,15,heldout,8,40,7,0.2,True,False,False,interaction,False,False,0.755264937877655,1.5007476806640625,-0.7454827427864075,212.31469295702428,731.2612022967978,-518.9465093397736,2
576,15,15,heldout,9,45,8,0.225,True,False,False,interaction,False,False,1.4722312688827515,1.9447039365768433,-0.4724726676940918,21.261177135672202,86.05235729094306,-64.79118015527087,2
577,15,15,heldout,10,50,9,0.25,True,False,False,interaction,False,False,1.573330283164978,1.8931961059570312,-0.3198658227920532,160.42976320203357,16.331415786357493,144.09834741567607,2
578,15,15,heldout,11,55,10,0.275,True,False,False,interaction,False,False,0.6038277745246887,1.447269320487976,-0.8434415459632874,287.2196034993663,381.92068692921833,-94.70108342985202,2
579,15,15,heldout,12,60,11,0.3,True,False,False,interaction,False,False,0.040695831179618835,0.25750085711479187,-0.21680502593517303,19.651371475082303,113.69726527118127,-94.04589379609897,3
580,15,15,heldout,13,65,12,0.325,True,False,False,interaction,False,False,0.01818300597369671,0.17342810332775116,-0.1552450954914093,8.831782077473001,64.76535093685882,-55.93356885938582,3
581,15,15,heldout,14,70,13,0.35,True,True,False,interaction,False,True,0.00697389105334878,0.01616445742547512,-0.009190566837787628,7.090093900637719,13.390745737942334,-6.300651837304615,3
582,15,15,heldout,15,75,14,0.375,False,True,False,support,False,False,0.04285749793052673,0.02965375781059265,0.013203740119934082,14.423264051025932,8.032979263543181,6.39028478748275,3
583,15,15,heldout,16,80,15,0.4,False,True,False,support,False,False,0.21081586182117462,0.23167330026626587,-0.020857438445091248,98.84277858075374,83.00768802827174,15.835090552482,4
584,15,15,heldout,17,85,16,0.425,False,True,False,support,False,False,0.1526803821325302,0.1876310110092163,-0.034950628876686096,48.40588719210331,66.09398799382012,-17.688100801716814,4
585,15,15,heldout,18,90,17,0.45,False,True,False,support,False,False,0.029082318767905235,0.07875210791826248,-0.0496697872877121,12.272256377034315,13.958920416490256,-1.6866640394559411,4
586,15,15,heldout,19,95,18,0.475,False,True,False,support,False,False,0.020772220566868782,0.08951058983802795,-0.06873837113380432,12.89675574164877,12.88269210971788,0.014063631930889997,4
587,15,15,heldout,20,100,19,0.5,False,True,False,support,False,False,0.0221001747995615,0.08137961477041245,-0.059279441833496094,13.596406151540478,23.150732298632192,-9.554326147091714,5
588,15,15,heldout,21,105,20,0.525,False,True,False,support,False,False,0.004956193268299103,0.0641690194606781,-0.059212826192379,9.114004648289937,25.89292205811915,-16.778917409829212,5
589,15,15,heldout,22,110,21,0.55,False,True,False,support,False,False,0.0033603375777602196,0.13043974339962006,-0.12707941234111786,5.807123418978025,37.10431789680267,-31.297194477824643,5
590,15,15,heldout,23,115,22,0.575,True,True,False,interaction,True,False,0.01832123100757599,0.12392997741699219,-0.1056087464094162,14.269731512052743,51.26394212887826,-36.99421061682552,5
591,15,15,heldout,24,120,23,0.6,True,True,False,interaction,False,False,0.02751409262418747,0.11023864150047302,-0.08272454887628555,10.616204752278286,24.08802348981486,-13.471818737536573,6
592,15,15,heldout,25,125,24,0.625,True,False,False,interaction,False,False,0.12530866265296936,0.2438838928937912,-0.11857523024082184,70.35960511306035,83.69584926158232,-13.33624414852197,6
593,15,15,heldout,26,130,25,0.65,True,False,False,interaction,False,False,0.27229782938957214,0.6114943623542786,-0.3391965329647064,231.11118562962304,603.118897078681,-372.007711449058,6
594,15,15,heldout,27,135,26,0.675,True,False,False,interaction,False,False,0.12099718302488327,0.20830267667770386,-0.08730549365282059,102.31107324481661,224.850860159058,-122.53978691424138,6
595,15,15,heldout,28,140,27,0.7,True,False,False,interaction,False,False,0.5193327069282532,0.8988099098205566,-0.37947720289230347,534.5714950875212,1128.036848570571,-593.4653534830499,7
596,15,15,heldout,29,145,28,0.725,True,False,False,interaction,False,False,0.09031674265861511,0.26647040247917175,-0.17615365982055664,66.3318743450385,172.8884468960316,-106.55657255099311,7
597,15,15,heldout,30,150,29,0.75,True,False,False,interaction,False,False,0.057727962732315063,0.13393397629261017,-0.0762060135602951,59.25281002498039,48.8022237144499,10.45058631053049,7
598,15,15,heldout,31,155,30,0.775,True,True,False,interaction,False,True,0.00691447826102376,0.07029087096452713,-0.06337638944387436,7.043457806142478,23.60922714486934,-16.565769338726863,7
599,15,15,heldout,32,160,31,0.8,False,True,False,support,False,False,0.01356040220707655,0.019331416115164757,-0.005771013908088207,7.255478897505289,3.8850810797131063,3.3703978177921825,8
600,15,15,heldout,33,165,32,0.825,False,True,False,support,False,False,0.12604176998138428,0.13333888351917267,-0.007297113537788391,47.70635495494168,35.607255183250096,12.099099771691584,8
601,15,15,heldout,34,170,33,0.85,False,True,False,support,False,False,0.1344224512577057,0.1752336174249649,-0.040811166167259216,40.29131421614948,60.859196499368345,-20.567882283218864,8
602,15,15,heldout,35,175,34,0.875,False,True,False,support,False,False,0.0824195072054863,0.18411536514759064,-0.10169585794210434,28.94835673724803,53.73829990513409,-24.78994316788606,8
603,15,15,heldout,36,180,35,0.9,False,True,False,support,False,False,0.00907808355987072,0.009378806687891483,-0.0003007231280207634,12.884851077507905,2.6460193556674096,10.238831721840496,9
604,15,15,heldout,37,185,36,0.925,False,True,False,support,False,False,0.02164575643837452,0.06530410051345825,-0.04365834593772888,13.95523831938551,15.692562026548439,-1.737323707162929,9
605,15,15,heldout,38,190,37,0.95,False,True,False,support,False,False,0.006841700989753008,0.04276663064956665,-0.03592493012547493,8.469701168483304,18.510178700925923,-10.040477532442619,9
606,15,15,heldout,39,195,38,0.975,False,True,False,support,False,False,0.008387640118598938,0.10902436822652817,-0.10063672810792923,10.978790388512692,33.8830450250069,-22.90425463649421,9
607,15,15,heldout,40,200,39,1.0,False,True,False,support,False,False,0.009078150615096092,0.14064769446849823,-0.13156954944133759,11.20212096032659,37.90740238097854,-26.70528142065195,9
608,16,16,heldout,3,15,2,0.075,False,True,False,support,False,False,0.020389067009091377,0.05208240821957588,-0.031693339347839355,11.88633372762053,22.66719095847134,-10.780857230850811,0
609,16,16,heldout,4,20,3,0.1,False,True,False,support,False,False,0.0092769181355834,0.14822305738925934,-0.13894614577293396,6.174738097353335,96.82822791411517,-90.65348981676183,1
610,16,16,heldout,5,25,4,0.125,False,True,False,support,False,False,0.026785723865032196,0.13556666672229767,-0.10878094285726547,28.00315387732293,77.42734190818038,-49.42418803085745,1
611,16,16,heldout,6,30,5,0.15,True,True,False,interaction,True,False,0.0062098936177790165,0.06609904021024704,-0.05988914519548416,6.495843073373426,28.585134599924505,-22.08929152655108,1
612,16,16,heldout,7,35,6,0.175,True,False,False,interaction,False,False,0.146347776055336,0.3915518522262573,-0.24520407617092133,57.112741793443405,60.690808408480414,-3.5780666150370095,1
613,16,16,heldout,8,40,7,0.2,True,False,False,interaction,False,False,0.2765604257583618,0.9133533835411072,-0.6367929577827454,81.54576038938575,565.7435942271605,-484.1978338377748,2
614,16,16,heldout,9,45,8,0.225,True,False,False,interaction,False,False,0.4736005365848541,1.2088247537612915,-0.7352242469787598,13.94849846294854,68.94596698941973,-54.99746852647119,2
615,16,16,heldout,10,50,9,0.25,True,False,False,interaction,False,False,0.39897847175598145,0.6522400379180908,-0.2532615661621094,10.303967005003852,15.60272328547565,-5.298756280471798,2
616,16,16,heldout,11,55,10,0.275,True,False,False,interaction,False,False,0.6230031251907349,1.2061630487442017,-0.5831599235534668,37.96093237929556,48.55241718932191,-10.591484810026344,2
617,16,16,heldout,12,60,11,0.3,True,False,False,interaction,False,False,0.059331659227609634,0.3298715651035309,-0.27053990960121155,8.748034227981918,13.541866722477542,-4.793832494495623,3
618,16,16,heldout,13,65,12,0.325,True,False,False,interaction,False,False,0.05266762897372246,0.2997666299343109,-0.24709899723529816,9.347612833516905,8.83785662193201,0.5097562115848948,3
619,16,16,heldout,14,70,13,0.35,True,True,False,interaction,False,True,0.012978467158973217,0.04487726464867592,-0.03189879655838013,7.900038562310833,3.6342081353877056,4.265830426923127,3
620,16,16,heldout,15,75,14,0.375,False,True,False,support,False,False,0.06102779507637024,0.06553728133440018,-0.004509486258029938,12.156893943920943,6.442982487552392,5.713911456368551,3
621,16,16,heldout,16,80,15,0.4,False,True,False,support,False,False,0.18553777039051056,0.38292238116264343,-0.19738461077213287,15.363274692554151,22.725221258319696,-7.361946565765544,4
622,16,16,heldout,17,85,16,0.425,False,True,False,support,False,False,0.21408140659332275,0.5439954400062561,-0.32991403341293335,13.10628763702354,19.30418003132718,-6.197892394303642,4
623,16,16,heldout,18,90,17,0.45,False,True,False,support,False,False,0.009984948672354221,0.0002867023285944015,0.009698246605694294,6.553294322510406,0.050778027315135484,6.502516295195271,4
624,16,16,heldout,19,95,18,0.475,False,True,False,support,False,False,0.05947069451212883,0.2513459026813507,-0.19187520444393158,6.532381570065167,7.539690042202152,-1.0073084721369856,4
625,16,16,heldout,20,100,19,0.5,False,True,False,support,False,False,0.02340286411345005,0.12146911770105362,-0.09806625545024872,5.158547373090369,7.818978454723717,-2.660431081633348,5
626,16,16,heldout,21,105,20,0.525,False,True,False,support,False,False,0.009836286306381226,0.07776372879743576,-0.06792744249105453,6.501471848773817,4.304826476189474,2.196645372584343,5
627,16,16,heldout,22,110,21,0.55,False,True,False,support,False,False,0.032587822526693344,0.10819133371114731,-0.07560351490974426,12.46507334339558,7.416487567677628,5.048585775717953,5
628,16,16,heldout,23,115,22,0.575,True,True,False,interaction,True,False,0.008918202482163906,0.051570188254117966,-0.042651984840631485,8.164476901703141,5.8063397114173005,2.3581371902858406,5
629,16,16,heldout,24,120,23,0.6,True,True,False,interaction,False,False,0.0304273571819067,0.11768943071365356,-0.08726207166910172,9.280068884938862,3.3074461160450155,5.972622768893846,6
630,16,16,heldout,25,125,24,0.625,True,False,False,interaction,False,False,0.3378468453884125,0.6132444143295288,-0.27539756894111633,19.70580234268601,26.315999698236894,-6.610197355550884,6
631,16,16,heldout,26,130,25,0.65,True,False,False,interaction,False,False,0.819770336151123,1.197168231010437,-0.37739789485931396,12.637363164678938,36.35087035758625,-23.713507192907315,6
632,16,16,heldout,27,135,26,0.675,True,False,False,interaction,False,False,0.07364695519208908,0.4296581745147705,-0.35601121187210083,5.01430484322224,5.429020451757583,-0.41471560853534317,6
633,16,16,heldout,28,140,27,0.7,True,False,False,interaction,False,False,0.47622379660606384,1.2048425674438477,-0.7286187410354614,21.861897082216853,40.43565536669691,-18.57375828448006,7
634,16,16,heldout,29,145,28,0.725,True,False,False,interaction,False,False,0.13478496670722961,0.3969435691833496,-0.26215860247612,14.464222779525633,23.25043866828065,-8.786215888755018,7
635,16,16,heldout,30,150,29,0.75,True,False,False,interaction,False,False,0.043485164642333984,0.24146902561187744,-0.19798386096954346,8.40067942485468,9.592188821094338,-1.191509396239658,7
636,16,16,heldout,31,155,30,0.775,True,True,False,interaction,False,False,0.022272659465670586,0.05900346860289574,-0.0367308109998703,11.757882130499276,4.6378602600278365,7.120021870471439,7
637,16,16,heldout,32,160,31,0.8,True,True,False,interaction,False,True,0.015266845934092999,0.03174622356891632,-0.016479376703500748,7.102505249261994,2.701657811483377,4.4008474377786175,8
638,16,16,heldout,33,165,32,0.825,False,True,False,support,False,False,0.19789154827594757,0.3093586266040802,-0.11146707832813263,20.863620559967575,25.58087076485013,-4.7172502048825535,8
639,16,16,heldout,34,170,33,0.85,False,True,False,support,False,False,0.14022904634475708,0.32001185417175293,-0.17978280782699585,15.71753008142828,18.47077032458583,-2.753240243157549,8
640,16,16,heldout,35,175,34,0.875,False,True,False,support,False,False,0.0356445349752903,0.08277653902769089,-0.04713200405240059,8.6736273620564,6.6570023103005775,2.016625051755823,8
641,16,16,heldout,36,180,35,0.9,False,True,False,support,False,False,0.025641515851020813,0.07042359560728073,-0.04478207975625992,9.11255913587844,5.839475775357122,3.2730833605213183,9
642,16,16,heldout,37,185,36,0.925,False,True,False,support,False,False,0.0718979686498642,0.18111638724803925,-0.10921841859817505,10.890356890497658,9.064738091372568,1.82561879912509,9
643,16,16,heldout,38,190,37,0.95,False,True,False,support,False,False,0.011318925768136978,0.07638954371213913,-0.06507061421871185,6.285387509362856,5.600880691731564,0.6845068176312923,9
644,16,16,heldout,39,195,38,0.975,False,True,False,support,False,False,0.006114224437624216,0.14510925114154816,-0.13899502158164978,6.470464585545659,12.788146192741928,-6.31768160719627,9
645,16,16,heldout,40,200,39,1.0,True,True,False,interaction,True,False,0.006907355040311813,0.06727704405784607,-0.060369689017534256,7.599011660859259,6.932221047390609,0.6667906134686499,9
646,17,17,heldout,3,15,2,0.075,False,True,False,support,False,False,0.007852951996028423,0.08176494389772415,-0.07391199469566345,7.321962332157533,48.12985887261983,-40.807896540462295,0
647,17,17,heldout,4,20,3,0.1,False,True,False,support,False,False,0.007689956575632095,0.14960351586341858,-0.14191356301307678,7.391552851027957,69.66708571693921,-62.27553286591125,1
648,17,17,heldout,5,25,4,0.125,False,True,False,support,False,False,0.009972930885851383,0.09760453552007675,-0.08763160556554794,10.151473089186277,48.88189267807915,-38.73041958889287,1
649,17,17,heldout,6,30,5,0.15,True,True,False,interaction,True,False,0.007243994623422623,0.04556946083903313,-0.038325466215610504,13.398575909588041,47.069918052354716,-33.671342142766676,1
650,17,17,heldout,7,35,6,0.175,True,False,False,interaction,False,False,0.13611425459384918,0.3407682478427887,-0.20465399324893951,42.11668507919341,188.00834909498028,-145.89166401578686,1
651,17,17,heldout,8,40,7,0.2,True,False,False,interaction,False,False,0.6218211650848389,1.2058321237564087,-0.5840109586715698,266.16941373412743,667.4477196507986,-401.2783059166712,2
652,17,17,heldout,9,45,8,0.225,True,False,False,interaction,False,False,1.1029893159866333,1.8408259153366089,-0.7378365993499756,677.0632703608788,1165.9875918672512,-488.9243215063724,2
653,17,17,heldout,10,50,9,0.25,True,False,False,interaction,False,False,1.4700876474380493,1.7599611282348633,-0.28987348079681396,115.09467360320919,262.7855706720004,-147.69089706879123,2
654,17,17,heldout,11,55,10,0.275,True,False,False,interaction,False,False,1.2949448823928833,1.7412678003311157,-0.4463229179382324,19.69200949285973,29.931009844705716,-10.239000351845988,2
655,17,17,heldout,12,60,11,0.3,True,False,False,interaction,False,False,0.11960207670927048,0.30275747179985046,-0.1831553876399994,6.966895843972618,4.5784010341483,2.3884948098243184,3
656,17,17,heldout,13,65,12,0.325,True,False,False,interaction,False,False,0.04467212036252022,0.2967841625213623,-0.2521120309829712,5.440917727583887,6.60558935132966,-1.1646716237457726,3
657,17,17,heldout,14,70,13,0.35,True,True,False,interaction,False,True,0.018904177471995354,0.04364752769470215,-0.024743350222706795,4.115572961720349,1.621481613981901,2.494091347738448,3
658,17,17,heldout,15,75,14,0.375,False,True,False,support,False,False,0.06455367058515549,0.07002720981836319,-0.005473539233207703,4.690649719367382,1.2905852739587813,3.400064445408601,3
659,17,17,heldout,16,80,15,0.4,False,True,False,support,False,False,0.1542922705411911,0.3018350899219513,-0.1475428193807602,11.596081415218649,6.653466930788149,4.9426144844305,4
660,17,17,heldout,17,85,16,0.425,False,True,False,support,False,False,0.09695122390985489,0.27424564957618713,-0.17729443311691284,11.73323314339609,4.859767048398571,6.873466094997519,4
661,17,17,heldout,18,90,17,0.45,False,True,False,support,False,False,0.01919080689549446,0.019345207139849663,-0.00015440024435520172,7.774515426835992,0.34885767404331913,7.425657752792674,4
662,17,17,heldout,19,95,18,0.475,False,True,False,support,False,False,0.0368521623313427,0.17152397334575653,-0.13467180728912354,7.998275735983801,2.1867338263841045,5.811541909599696,4
663,17,17,heldout,20,100,19,0.5,False,True,False,support,False,False,0.012024166993796825,0.09016865491867065,-0.07814449071884155,5.933763347935101,2.2743654361428898,3.6593979117922113,5
664,17,17,heldout,21,105,20,0.525,False,True,False,support,False,False,0.01361759752035141,0.07839903980493546,-0.06478144228458405,5.574535958746626,1.9084674622632694,3.6660684964833568,5
665,17,17,heldout,22,110,21,0.55,False,True,False,support,False,False,0.016157003119587898,0.06870938092470169,-0.05255237966775894,4.374822863581918,1.5737863733964559,2.801036490185462,5
666,17,17,heldout,23,115,22,0.575,True,True,False,interaction,True,False,0.027149518951773643,0.13401108980178833,-0.10686156898736954,4.704142103455746,3.1687081535288204,1.5354339499269258,5
667,17,17,heldout,24,120,23,0.6,True,False,False,interaction,False,False,0.06774670630693436,0.13514406979084015,-0.06739736348390579,7.100222575747907,1.57865869312817,5.521563882619737,6
668,17,17,heldout,25,125,24,0.625,True,False,False,interaction,False,False,0.12538307905197144,0.487900972366333,-0.3625178933143616,6.904164517837657,9.270187634391144,-2.366023116553487,6
669,17,17,heldout,26,130,25,0.65,True,False,False,interaction,False,False,0.5456503033638,1.3200631141662598,-0.7744128108024597,26.0356605923597,31.786727495944728,-5.751066903585027,6
670,17,17,heldout,27,135,26,0.675,True,False,False,interaction,False,False,0.095159150660038,0.12043007463216782,-0.025270923972129822,9.881150132997826,4.722717717073214,5.1584324159246115,6
671,17,17,heldout,28,140,27,0.7,True,False,False,interaction,False,False,0.4609467089176178,1.036523461341858,-0.5755767822265625,17.803100674128824,20.97559591507127,-3.172495240942446,7
672,17,17,heldout,29,145,28,0.725,True,False,False,interaction,False,False,0.06641291826963425,0.28072312474250793,-0.2143101990222931,5.305158839212312,4.831802328118337,0.47335651109397503,7
673,17,17,heldout,30,150,29,0.75,True,False,False,interaction,False,False,0.019795412197709084,0.15474152565002441,-0.13494610786437988,5.138643475952565,2.3620187251156586,2.776624750836907,7
674,17,17,heldout,31,155,30,0.775,True,False,False,interaction,False,False,0.039159130305051804,0.14089210331439972,-0.10173296928405762,4.021979265784444,3.71848637590255,0.30349288988189427,7
675,17,17,heldout,32,160,31,0.8,True,True,False,interaction,False,True,0.018155882135033607,0.03326284512877464,-0.015106962993741035,4.249544551384893,0.7866264709987068,3.462918080386186,8
676,17,17,heldout,33,165,32,0.825,False,True,False,support,False,False,0.14164867997169495,0.21525521576404572,-0.07360653579235077,7.249163910400387,3.8289303708957263,3.420233539504661,8
677,17,17,heldout,34,170,33,0.85,False,True,False,support,False,False,0.08154813200235367,0.23495155572891235,-0.15340343117713928,9.830453717266154,5.834070757925235,3.9963829593409192,8
678,17,17,heldout,35,175,34,0.875,False,True,False,support,False,False,0.034354839473962784,0.08184471726417542,-0.04748987779021263,10.124097481304647,3.6515306433167205,6.472566837987927,8
679,17,17,heldout,36,180,35,0.9,False,True,False,support,False,False,0.006753979716449976,0.0008426617714576423,0.005911318119615316,6.546126192607077,0.1438698657326335,6.4022563268744435,9
680,17,17,heldout,37,185,36,0.925,False,True,False,support,False,False,0.03549093008041382,0.06475502252578735,-0.029264092445373535,5.42171287288505,3.0169720225455436,2.4047408503395062,9
681,17,17,heldout,38,190,37,0.95,False,True,False,support,False,False,0.0211071465164423,0.06998055428266525,-0.0488734096288681,5.598707999582245,2.1068522161651306,3.491855783417114,9
682,17,17,heldout,39,195,38,0.975,False,True,False,support,False,False,0.007541327271610498,0.09044011682271957,-0.08289878815412521,5.000349718330269,1.924685628055827,3.075664090274442,9
683,17,17,heldout,40,200,39,1.0,False,True,False,support,False,False,0.012732483446598053,0.14303721487522125,-0.1303047239780426,3.7758432460596745,2.3530934693463927,1.4227497767132817,9
684,18,18,heldout,3,15,2,0.075,False,True,False,support,False,False,0.008179236203432083,0.05414200946688652,-0.04596277326345444,7.586549997918158,10.868308085941253,-3.2817580880230954,0
685,18,18,heldout,4,20,3,0.1,False,True,False,support,False,False,0.007501585874706507,0.13404347002506256,-0.1265418827533722,5.980626940604381,17.73174162792592,-11.75111468732154,1
686,18,18,heldout,5,25,4,0.125,False,True,False,support,False,False,0.03516329452395439,0.15016460418701172,-0.11500130593776703,31.687150443749697,31.92461844652981,-0.23746800278011193,1
687,18,18,heldout,6,30,5,0.15,True,True,False,interaction,True,False,0.04616143926978111,0.10842624306678772,-0.06226480379700661,54.082895037932566,60.079192120458885,-5.996297082526318,1
688,18,18,heldout,7,35,6,0.175,True,False,False,interaction,False,False,0.10348238795995712,0.34837019443511963,-0.2448877990245819,27.9705568920065,82.35691035655209,-54.38635346454559,1
689,18,18,heldout,8,40,7,0.2,True,False,False,interaction,False,False,0.12022330611944199,0.46117424964904785,-0.34095093607902527,6.392726787478838,129.4905093948702,-123.09778260739137,2
690,18,18,heldout,9,45,8,0.225,True,False,False,interaction,False,False,0.16975219547748566,0.5858328342437744,-0.41608065366744995,17.068455494885313,65.4891116912861,-48.420656196400785,2
691,18,18,heldout,10,50,9,0.25,True,False,False,interaction,False,False,1.225808024406433,1.7176471948623657,-0.4918391704559326,277.1274591258635,279.7910233007074,-2.663564174843941,2
692,18,18,heldout,11,55,10,0.275,True,False,False,interaction,False,False,0.6390812397003174,1.3446197509765625,-0.7055385112762451,1022.6910189162131,1850.44179570719,-827.7507767909769,2
693,18,18,heldout,12,60,11,0.3,True,False,False,interaction,False,False,0.025091448798775673,0.208590567111969,-0.18349911272525787,16.871267791095534,110.90610113179343,-94.0348333406979,3
694,18,18,heldout,13,65,12,0.325,True,False,False,interaction,False,False,0.044485803693532944,0.2549959719181061,-0.21051016449928284,46.916598685826386,104.89116533439115,-57.97456664856476,3
695,18,18,heldout,14,70,13,0.35,True,True,False,interaction,True,True,0.004593703895807266,0.015070132911205292,-0.010476429015398026,9.392021142511865,16.17716009762304,-6.785138955111176,3
696,18,18,heldout,15,75,14,0.375,False,True,False,support,False,True,0.04648132249712944,0.04335268214344978,0.003128640353679657,46.80885038953189,30.14173596301713,16.66711442651476,3
697,18,18,heldout,16,80,15,0.4,False,True,False,support,False,False,0.13459576666355133,0.27752888202667236,-0.14293311536312103,85.70346435054996,171.41466196693656,-85.7111976163866,4
698,18,18,heldout,17,85,16,0.425,False,True,False,support,False,False,0.08977017551660538,0.23776443302631378,-0.1479942500591278,48.23885112180969,175.50114860027392,-127.26229747846423,4
699,18,18,heldout,18,90,17,0.45,False,True,False,support,False,False,0.015789171680808067,0.0161674115806818,-0.0003782398998737335,10.203532078590127,6.346878091215866,3.856653987374261,4
700,18,18,heldout,19,95,18,0.475,False,True,False,support,False,False,0.037322938442230225,0.12082628160715103,-0.0835033431649208,23.935464380011584,53.00702371521937,-29.071559335207784,4
701,18,18,heldout,20,100,19,0.5,False,True,False,support,False,False,0.009241855703294277,0.09084949642419815,-0.0816076397895813,9.554588445008855,67.90984648010583,-58.35525803509697,5
702,18,18,heldout,21,105,20,0.525,False,True,False,support,False,False,0.005538582801818848,0.10363394021987915,-0.0980953574180603,7.7669514783641445,71.29909594040487,-63.532144462040726,5
703,18,18,heldout,22,110,21,0.55,False,True,False,support,False,False,0.009131603874266148,0.04949887469410896,-0.04036727175116539,20.916982487680908,27.402689905549767,-6.485707417868859,5
704,18,18,heldout,23,115,22,0.575,True,True,False,interaction,True,False,0.01404701266437769,0.01882060430943966,-0.00477359164506197,29.99861347564745,10.443468810634847,19.5551446650126,5
705,18,18,heldout,24,120,23,0.6,True,True,False,interaction,False,False,0.05324181914329529,0.12489917874336243,-0.07165735960006714,60.559442659997046,105.76364436119148,-45.204201701194435,6
706,18,18,heldout,25,125,24,0.625,True,False,False,interaction,False,False,0.08722587674856186,0.39283761382102966,-0.3056117296218872,59.80579068171446,312.01665393042754,-252.21086324871308,6
707,18,18,heldout,26,130,25,0.65,True,False,False,interaction,False,False,0.2657149136066437,0.8839671015739441,-0.618252158164978,357.2000003375492,1297.799118222397,-940.5991178848478,6
708,18,18,heldout,27,135,26,0.675,True,False,False,interaction,False,False,0.09414071589708328,0.38398268818855286,-0.28984197974205017,49.76647391951351,159.72212804745834,-109.95565412794483,6
709,18,18,heldout,28,140,27,0.7,True,False,False,interaction,False,False,0.308845579624176,0.7124335765838623,-0.4035879969596863,434.0273641515705,779.3834347019896,-345.3560705504191,7
710,18,18,heldout,29,145,28,0.725,True,False,False,interaction,False,False,0.09336008876562119,0.2892344295978546,-0.19587433338165283,140.0665001622568,367.7280708308076,-227.6615706685508,7
711,18,18,heldout,30,150,29,0.75,True,False,False,interaction,False,False,0.02927248366177082,0.2777007818222046,-0.24842830002307892,19.017498311520242,159.59552261034455,-140.5780242988243,7
712,18,18,heldout,31,155,30,0.775,True,False,False,interaction,False,False,0.03826528415083885,0.2152315229177475,-0.17696623504161835,48.0272149683532,119.62850793819037,-71.60129296983717,7
713,18,18,heldout,32,160,31,0.8,True,True,False,interaction,False,True,0.015753580257296562,0.01962563395500183,-0.003872053697705269,12.449383599808934,7.295149047845335,5.154234551963599,8
714,18,18,heldout,33,165,32,0.825,False,True,False,support,False,False,0.1399817168712616,0.20530064404010773,-0.06531892716884613,70.72807523770109,107.46581416149827,-36.73773892379718,8
715,18,18,heldout,34,170,33,0.85,False,True,False,support,False,False,0.07481340318918228,0.1597253382205963,-0.08491193503141403,57.48549374603812,111.1753087640342,-53.68981501799608,8
716,18,18,heldout,35,175,34,0.875,False,True,False,support,False,False,0.06756996363401413,0.14770613610744476,-0.08013617247343063,29.878632822963457,75.47007288914939,-45.59144006618594,8
717,18,18,heldout,36,180,35,0.9,False,True,False,support,False,False,0.01031018141657114,0.015176039189100266,-0.004865857772529125,14.93552273424856,6.038212898045096,8.897309836203464,9
718,18,18,heldout,37,185,36,0.925,False,True,False,support,False,False,0.04038110002875328,0.07910806685686111,-0.038726966828107834,27.53975893376395,41.89273760569713,-14.35297867193318,9
719,18,18,heldout,38,190,37,0.95,False,True,False,support,False,False,0.006938774138689041,0.051297202706336975,-0.044358428567647934,9.173395086911446,37.48736827108657,-28.31397318417512,9
720,18,18,heldout,39,195,38,0.975,False,True,False,support,False,False,0.010539078153669834,0.12337643653154373,-0.11283735930919647,13.681949971285592,71.86229504276552,-58.180345071479934,9
721,18,18,heldout,40,200,39,1.0,False,True,False,support,False,False,0.002741394564509392,0.13134270906448364,-0.1286013126373291,6.940115761941509,92.34135092971151,-85.40123516777,9
722,19,19,heldout,3,15,2,0.075,False,True,False,support,False,False,0.01508502196520567,0.12100981920957565,-0.10592480003833771,7.266885012830514,7.943062367456725,-0.6761773546262111,0
723,19,19,heldout,4,20,3,0.1,False,True,False,support,False,False,0.01390987541526556,0.19653324782848358,-0.18262337148189545,7.96663101732086,15.623038761077629,-7.656407743756769,1
724,19,19,heldout,5,25,4,0.125,False,True,False,support,False,False,0.012383132241666317,0.04569907486438751,-0.03331594169139862,8.859012214311894,4.4718958126052195,4.387116401706675,1
725,19,19,heldout,6,30,5,0.15,True,True,False,interaction,True,False,0.024409165605902672,0.05473176762461662,-0.03032260201871395,9.734268251421367,2.8089483139403626,6.925319937481005,1
726,19,19,heldout,7,35,6,0.175,True,False,False,interaction,False,False,0.06469165533781052,0.22289572656154633,-0.1582040786743164,9.826482634806391,14.904405584260443,-5.077922949454052,1
727,19,19,heldout,8,40,7,0.2,True,False,False,interaction,False,False,0.5377642512321472,0.8825414776802063,-0.3447772264480591,14.305604961445852,22.43111242103906,-8.125507459593209,2
728,19,19,heldout,9,45,8,0.225,True,False,False,interaction,False,False,0.8526350855827332,1.323241949081421,-0.47060686349868774,27.600766810979376,48.0742367538679,-20.473469942888524,2
729,19,19,heldout,10,50,9,0.25,True,False,False,interaction,False,False,0.038172561675310135,0.0661102756857872,-0.027937714010477066,10.659574296232528,3.6545107299956285,7.005063566236899,2
730,19,19,heldout,11,55,10,0.275,True,False,False,interaction,False,False,0.0990193784236908,0.4171781539916992,-0.3181587755680084,13.497758387656722,16.126165311750665,-2.6284069240939427,2
731,19,19,heldout,12,60,11,0.3,True,False,False,interaction,False,False,0.02894403599202633,0.19095437228679657,-0.1620103418827057,9.706654133368845,11.27968233815063,-1.5730282047817852,3
732,19,19,heldout,13,65,12,0.325,True,False,False,interaction,False,False,0.02457677386701107,0.17115747928619385,-0.14658071100711823,8.926238737001952,10.950818966072369,-2.0245802290704162,3
733,19,19,heldout,14,70,13,0.35,True,True,False,interaction,False,True,0.0026058193761855364,0.004853299353271723,-0.0022474799770861864,7.1947166132084215,0.47039375404043865,6.724322859167983,3
734,19,19,heldout,15,75,14,0.375,False,True,False,support,False,False,0.03460624814033508,0.04437291622161865,-0.00976666808128357,8.040995264197663,4.174616484713699,3.8663787794839646,3
735,19,19,heldout,16,80,15,0.4,False,True,False,support,False,False,0.2139011174440384,0.2939411401748657,-0.08004002273082733,15.182481004605519,20.55762696271424,-5.375145958108723,4
736,19,19,heldout,17,85,16,0.425,False,True,False,support,False,False,0.1895313411951065,0.43624672293663025,-0.24671538174152374,15.948369227045044,23.396168318095004,-7.44779909104996,4
737,19,19,heldout,18,90,17,0.45,False,True,False,support,False,False,0.013151208870112896,0.011075548827648163,0.002075660042464733,6.684865726804812,0.7416888047144846,5.943176922090328,4
738,19,19,heldout,19,95,18,0.475,False,True,False,support,False,False,0.046212974935770035,0.1149139478802681,-0.06870096921920776,7.430022828665069,6.259777789559213,1.1702450391058559,4
739,19,19,heldout,20,100,19,0.5,False,True,False,support,False,False,0.016352221369743347,0.07904285192489624,-0.0626906305551529,6.292039606219013,4.4187361303352715,1.8733034758837412,5
740,19,19,heldout,21,105,20,0.525,False,True,False,support,False,False,0.016106611117720604,0.2314600944519043,-0.21535348892211914,11.270295830700183,16.671802933110254,-5.40150710241007,5
741,19,19,heldout,22,110,21,0.55,False,True,False,support,False,False,0.013731968589127064,0.16834580898284912,-0.15461383759975433,10.481016078260177,12.372403699350905,-1.8913876210907272,5
742,19,19,heldout,23,115,22,0.575,True,True,False,interaction,True,False,0.003609603038057685,0.03414411470293999,-0.03053451143205166,8.141974482295382,3.1806833989293515,4.96129108336603,5
743,19,19,heldout,24,120,23,0.6,True,False,False,interaction,False,False,0.07510439306497574,0.3695228099822998,-0.29441842436790466,8.9614508937989,19.939946857605552,-10.978495963806651,6
744,19,19,heldout,25,125,24,0.625,True,False,False,interaction,False,False,0.20618011057376862,0.3805525302886963,-0.17437241971492767,16.749627514464482,20.38543773864771,-3.6358102241832277,6
745,19,19,heldout,26,130,25,0.65,True,False,False,interaction,False,False,0.14895039796829224,0.31546416878700256,-0.16651377081871033,13.899640099483427,18.22887181350593,-4.329231714022502,6
746,19,19,heldout,27,135,26,0.675,True,False,False,interaction,False,False,0.007547663990408182,0.009862584993243217,-0.0023149210028350353,7.062162329965763,1.0461994745036012,6.015962855462162,6
747,19,19,heldout,28,140,27,0.7,True,False,False,interaction,False,False,0.24228326976299286,0.4964822232723236,-0.25419896841049194,22.574283879696676,31.274690057465772,-8.700406177769096,7
748,19,19,heldout,29,145,28,0.725,True,False,False,interaction,False,False,0.028709596022963524,0.15989114344120026,-0.13118155300617218,9.283564776120217,9.799470500107404,-0.5159057239871867,7
749,19,19,heldout,30,150,29,0.75,True,False,False,interaction,False,False,0.03729517385363579,0.18628214299678802,-0.14898696541786194,9.385005552538244,7.840347534468383,1.5446580180698612,7
750,19,19,heldout,31,155,30,0.775,True,True,False,interaction,False,False,0.026787055656313896,0.12355268001556396,-0.09676562249660492,9.19050376897214,10.963087603074905,-1.7725838341027647,7
751,19,19,heldout,32,160,31,0.8,False,True,False,support,False,True,0.09847355633974075,0.11719390749931335,-0.0187203511595726,10.879532939516638,10.477172775082709,0.4023601644339294,8
752,19,19,heldout,33,165,32,0.825,False,True,False,support,False,False,0.17319625616073608,0.2913452088832855,-0.11814895272254944,14.795121752011752,21.00692996219103,-6.211808210179278,8
753,19,19,heldout,34,170,33,0.85,False,True,False,support,False,False,0.14604096114635468,0.4276866912841797,-0.2816457152366638,15.24567278622859,20.671585986160377,-5.425913199931786,8
754,19,19,heldout,35,175,34,0.875,False,True,False,support,False,False,0.06906195729970932,0.1478452831506729,-0.07878332585096359,22.63609936936746,12.407888162933446,10.228211206434015,8
755,19,19,heldout,36,180,35,0.9,False,True,False,support,False,False,0.056779082864522934,0.14552603662014008,-0.08874695003032684,11.288791884094545,11.498661683395271,-0.20986979930072636,9
756,19,19,heldout,37,185,36,0.925,False,True,False,support,False,False,0.09468700736761093,0.33220377564430237,-0.23751676082611084,12.24374709409696,20.236006922798094,-7.992259828701133,9
757,19,19,heldout,38,190,37,0.95,False,True,False,support,False,False,0.01461029052734375,0.11466244608163834,-0.10005215555429459,8.27038368015731,7.315879058481163,0.9545046216761479,9
758,19,19,heldout,39,195,38,0.975,False,True,False,support,False,False,0.007644084747880697,0.09450844675302505,-0.08686435967683792,8.532116074902456,6.683919129986436,1.8481969449160198,9
759,19,19,heldout,40,200,39,1.0,False,True,False,support,False,False,0.006956860888749361,0.06336896866559982,-0.05641210824251175,8.471264517709486,5.43106091542806,3.0402036022814256,9
760,20,20,heldout,3,15,2,0.075,False,True,False,support,False,False,0.003801502287387848,0.08839365839958191,-0.08459215611219406,6.1734516895252485,3.1098332224621603,3.063618467063088,0
761,20,20,heldout,4,20,3,0.1,False,True,False,support,False,False,0.01364604290574789,0.16712959110736847,-0.1534835547208786,6.921739824016041,6.2426840681621485,0.6790557558538923,1
762,20,20,heldout,5,25,4,0.125,False,True,False,support,False,False,0.0046098544262349606,0.07516957074403763,-0.07055971771478653,6.962192511576639,4.676162536628446,2.2860299749481925,1
763,20,20,heldout,6,30,5,0.15,True,True,False,interaction,True,False,0.004160551819950342,0.017368590459227562,-0.013208039104938507,6.6765516889237455,1.493159474591834,5.183392214331912,1
764,20,20,heldout,7,35,6,0.175,True,False,False,interaction,False,False,0.1466800421476364,0.3903749883174896,-0.2436949461698532,14.826850732971657,14.166960814874214,0.6598899180974431,1
765,20,20,heldout,8,40,7,0.2,True,False,False,interaction,False,False,0.636994481086731,1.4121028184890747,-0.7751083374023438,20.161224286008025,42.02951434092571,-21.868290054917683,2
766,20,20,heldout,9,45,8,0.225,True,False,False,interaction,False,False,1.0681143999099731,1.8303085565567017,-0.7621941566467285,16.815856446681483,30.68107040144044,-13.865213954758957,2
767,20,20,heldout,10,50,9,0.25,True,False,False,interaction,False,False,0.09126293659210205,0.23424792289733887,-0.14298498630523682,10.98468477104071,4.691516444247674,6.293168326793036,2
768,20,20,heldout,11,55,10,0.275,True,False,False,interaction,False,False,0.08055471628904343,0.5298937559127808,-0.44933903217315674,13.834487911371504,27.59656831022848,-13.762080398856977,2
769,20,20,heldout,12,60,11,0.3,True,False,False,interaction,False,False,0.03712194040417671,0.17192059755325317,-0.13479866087436676,11.434593054042281,5.25804060504406,6.176552448998222,3
770,20,20,heldout,13,65,12,0.325,True,False,False,interaction,False,False,0.027950644493103027,0.1790953278541565,-0.15114468336105347,10.392964052465745,6.217826734164003,4.175137318301742,3
771,20,20,heldout,14,70,13,0.35,True,True,False,interaction,False,False,0.011975660920143127,0.03903116658329964,-0.02705550566315651,9.265232542990669,2.5146911605441447,6.750541382446524,3
772,20,20,heldout,15,75,14,0.375,False,True,False,support,False,True,0.022964462637901306,0.021535636857151985,0.001428825780749321,8.588354554922281,1.7368714167170307,6.851483138205251,3
773,20,20,heldout,16,80,15,0.4,False,True,False,support,False,False,0.14086908102035522,0.21288783848285675,-0.07201875746250153,12.454171643661596,9.657489678871194,2.7966819647904018,4
774,20,20,heldout,17,85,16,0.425,False,True,False,support,False,False,0.1408625841140747,0.3128589689731598,-0.17199638485908508,21.400859457656782,18.582202735651475,2.818656722005308,4
775,20,20,heldout,18,90,17,0.45,False,True,False,support,False,False,0.03680548071861267,0.07547905296087265,-0.03867357224225998,15.665616361176655,5.328630764926663,10.336985596249992,4
776,20,20,heldout,19,95,18,0.475,False,True,False,support,False,False,0.04425285384058952,0.06151542440056801,-0.017262570559978485,12.32814247101716,4.032658367373036,8.295484103644124,4
777,20,20,heldout,20,100,19,0.5,False,True,False,support,False,False,0.05303732678294182,0.0863288938999176,-0.033291567116975784,12.488541471300719,5.504338719638675,6.984202751662044,5
778,20,20,heldout,21,105,20,0.525,False,True,False,support,False,False,0.013084766454994678,0.17048203945159912,-0.15739727020263672,12.083650195614908,9.44011131014613,2.6435388854687787,5
779,20,20,heldout,22,110,21,0.55,False,True,False,support,False,False,0.01505728717893362,0.19126911461353302,-0.17621183395385742,9.640283733577467,8.015875337091549,1.6244083964859186,5
780,20,20,heldout,23,115,22,0.575,True,True,False,interaction,True,False,0.003019965486600995,0.03454287722706795,-0.03152291104197502,9.919730787808225,2.0838653250732952,7.83586546273493,5
781,20,20,heldout,24,120,23,0.6,True,True,False,interaction,False,False,0.0329640693962574,0.07188861817121506,-0.03892454877495766,10.124753665504784,3.9522099002929925,6.172543765211792,6
782,20,20,heldout,25,125,24,0.625,True,False,False,interaction,False,False,0.06810316443443298,0.2121889442205429,-0.14408577978610992,9.77785248137052,5.367716598590811,4.410135882779708,6
783,20,20,heldout,26,130,25,0.65,True,False,False,interaction,False,False,0.46438169479370117,1.04954993724823,-0.5851682424545288,17.526491469991495,34.275774102588855,-16.74928263259736,6
784,20,20,heldout,27,135,26,0.675,True,False,False,interaction,False,False,0.11547788232564926,0.23989634215831757,-0.1244184598326683,26.964137374006736,47.49246400967717,-20.528326635670435,6
785,20,20,heldout,28,140,27,0.7,True,False,False,interaction,False,False,0.27709177136421204,0.5794966220855713,-0.30240485072135925,24.512207667667514,67.75478943457834,-43.24258176691083,7
786,20,20,heldout,29,145,28,0.725,True,False,False,interaction,False,False,0.16182652115821838,0.37432315945625305,-0.21249663829803467,18.459371597033957,11.531791681996182,6.927579915037775,7
787,20,20,heldout,30,150,29,0.75,True,False,False,interaction,False,False,0.029376545920968056,0.24019618332386017,-0.21081963181495667,9.312239745867737,10.791712928866867,-1.4794731829991292,7
788,20,20,heldout,31,155,30,0.775,True,True,False,interaction,False,False,0.032050613313913345,0.11031868308782578,-0.07826806604862213,12.527625788015518,5.5696942091981585,6.95793157881736,7
789,20,20,heldout,32,160,31,0.8,True,True,False,interaction,False,True,0.018407979980111122,0.025872955098748207,-0.007464975118637085,8.80668559734088,2.063708035049268,6.742977562291612,8
790,20,20,heldout,33,165,32,0.825,False,True,False,support,False,False,0.11965455859899521,0.15692690014839172,-0.037272341549396515,9.923255323924392,4.806238028141078,5.117017295783314,8
791,20,20,heldout,34,170,33,0.85,False,True,False,support,False,False,0.15016908943653107,0.25856444239616394,-0.10839535295963287,14.042874190702705,11.767973407310421,2.274900783392283,8
792,20,20,heldout,35,175,34,0.875,False,True,False,support,False,False,0.054929107427597046,0.18326754868030548,-0.12833844125270844,10.071154680003646,10.124762354354134,-0.053607674350487855,8
793,20,20,heldout,36,180,35,0.9,False,True,False,support,False,False,0.013682975433766842,0.0007439902401529253,0.012938985601067543,8.832751939193347,0.07040961408193501,8.762342325111412,9
794,20,20,heldout,37,185,36,0.925,False,True,False,support,False,False,0.015032299794256687,0.08013424277305603,-0.06510194391012192,11.73899055733284,4.676582561264024,7.062407996068816,9
795,20,20,heldout,38,190,37,0.95,False,True,False,support,False,False,0.012700374238193035,0.1096893772482872,-0.09698900580406189,12.567123741152356,4.9976671605008995,7.569456580651456,9
796,20,20,heldout,39,195,38,0.975,False,True,False,support,False,False,0.01233131717890501,0.18102388083934784,-0.16869255900382996,10.258783275908133,8.781618947166388,1.477164328741745,9
797,20,20,heldout,40,200,39,1.0,False,True,False,support,False,False,0.005584013182669878,0.08240621536970139,-0.0768221989274025,8.924839626204692,3.89298025600467,5.0318593702000225,9
798,21,21,heldout,3,15,2,0.075,False,True,False,support,False,False,0.009746191091835499,0.07472128421068192,-0.06497509032487869,12.619278112058751,17.134328097133206,-4.515049985074455,0
799,21,21,heldout,4,20,3,0.1,False,True,False,support,False,False,0.017673803493380547,0.1669856756925583,-0.1493118703365326,17.185263776454352,40.7320427815466,-23.54677900509225,1
800,21,21,heldout,5,25,4,0.125,False,True,False,support,False,False,0.007959376089274883,0.11155959218740463,-0.10360021889209747,11.829674882532714,54.65544058097985,-42.825765698447135,1
801,21,21,heldout,6,30,5,0.15,True,True,False,interaction,True,False,0.014390361495316029,0.016096973791718483,-0.0017066122964024544,18.10797311186749,12.279822781279968,5.828150330587523,1
802,21,21,heldout,7,35,6,0.175,True,False,False,interaction,False,False,0.06548066437244415,0.30626413226127625,-0.2407834678888321,40.72942788553471,144.58332926679353,-103.85390138125882,1
803,21,21,heldout,8,40,7,0.2,True,False,False,interaction,False,False,0.1827986240386963,0.38775959610939026,-0.20496097207069397,237.50683985252002,269.74817934560156,-32.24133949308154,2
804,21,21,heldout,9,45,8,0.225,True,False,False,interaction,False,False,0.7246509194374084,1.206483244895935,-0.4818323254585266,164.12892189301638,380.4218994166733,-216.2929775236569,2
805,21,21,heldout,10,50,9,0.25,True,False,False,interaction,False,False,0.21282446384429932,0.2691571116447449,-0.05633264780044556,220.17378361654366,295.8745111233134,-75.70072750676977,2
806,21,21,heldout,11,55,10,0.275,True,False,False,interaction,False,False,0.4349546432495117,0.8725159764289856,-0.4375613331794739,156.9091416319787,321.95114503781775,-165.04200340583904,2
807,21,21,heldout,12,60,11,0.3,True,False,False,interaction,False,False,0.08594102412462234,0.4107421934604645,-0.32480117678642273,69.76058722299992,193.21775832706922,-123.4571711040693,3
808,21,21,heldout,13,65,12,0.325,True,False,False,interaction,False,False,0.11057250946760178,0.27743446826934814,-0.16686195135116577,107.35994083316477,129.50228458757942,-22.142343754414654,3
809,21,21,heldout,14,70,13,0.35,True,True,False,interaction,False,True,0.037646565586328506,0.08279264718294144,-0.04514608159661293,32.897798497169084,60.94228069965141,-28.044482202482328,3
810,21,21,heldout,15,75,14,0.375,False,True,False,support,False,False,0.09267624467611313,0.12176289409399033,-0.029086649417877197,27.063517190079676,39.16347095333675,-12.099953763257073,3
811,21,21,heldout,16,80,15,0.4,False,True,False,support,False,False,0.11026234179735184,0.24768845736980438,-0.13742610812187195,49.950097751493445,112.33174689138423,-62.38164913989078,4
812,21,21,heldout,17,85,16,0.425,False,True,False,support,False,False,0.04326130077242851,0.1046513095498085,-0.06139000877737999,21.029971823463665,54.4378853850392,-33.40791356157554,4
813,21,21,heldout,18,90,17,0.45,False,True,False,support,False,False,0.006844753865152597,0.009226902388036251,-0.0023821485228836536,9.641309831418587,4.624853835770623,5.016455995647964,4
814,21,21,heldout,19,95,18,0.475,False,True,False,support,False,False,0.03005046397447586,0.09700673073530197,-0.06695626676082611,14.926537269276551,47.24484008489629,-32.31830281561974,4
815,21,21,heldout,20,100,19,0.5,False,True,False,support,False,False,0.013683230616152287,0.08137116581201553,-0.06768793612718582,11.893208754286363,36.805333193664026,-24.912124439377664,5
816,21,21,heldout,21,105,20,0.525,False,True,False,support,False,False,0.0072578731924295425,0.08605756610631943,-0.07879969477653503,9.888611462937282,34.59601764147084,-24.707406178533553,5
817,21,21,heldout,22,110,21,0.55,False,True,False,support,False,False,0.024933049455285072,0.06542331725358963,-0.04049026966094971,32.27933619769802,21.96210907430537,10.317227123392652,5
818,21,21,heldout,23,115,22,0.575,True,True,False,interaction,True,False,0.02620280720293522,0.05770089104771614,-0.03149808198213577,35.15128208964575,54.99377592559066,-19.842493835944914,5
819,21,21,heldout,24,120,23,0.6,True,False,False,interaction,False,False,0.03886807709932327,0.13059085607528687,-0.09172277897596359,20.744478705762813,55.61463720018105,-34.870158494418234,6
820,21,21,heldout,25,125,24,0.625,True,False,False,interaction,False,False,0.04494236037135124,0.18638400733470917,-0.14144164323806763,39.608129395845516,54.120010361010394,-14.511880965164877,6
821,21,21,heldout,26,130,25,0.65,True,False,False,interaction,False,False,0.8768355846405029,1.739251732826233,-0.86241614818573,228.36682027171696,522.1617544220065,-293.7949341502896,6
822,21,21,heldout,27,135,26,0.675,True,False,False,interaction,False,False,0.12015771865844727,0.19537870585918427,-0.075220987200737,22.04346087771586,23.193509128051872,-1.1500482503360132,6
823,21,21,heldout,28,140,27,0.7,True,False,False,interaction,False,False,0.7207339406013489,1.3026233911514282,-0.5818894505500793,102.4447389963738,213.7696074822928,-111.324868485919,7
824,21,21,heldout,29,145,28,0.725,True,False,False,interaction,False,False,0.05548839643597603,0.35541823506355286,-0.29992982745170593,19.639647197679086,98.46357490261482,-78.82392770493574,7
825,21,21,heldout,30,150,29,0.75,True,False,False,interaction,False,False,0.10511655360460281,0.30729854106903076,-0.20218199491500854,95.8141700017327,142.0275830287677,-46.213413027035,7
826,21,21,heldout,31,155,30,0.775,True,True,False,interaction,False,True,0.04935276508331299,0.15145479142665863,-0.10210202634334564,43.46623800763526,106.3942424216827,-62.92800441404744,7
827,21,21,heldout,32,160,31,0.8,False,True,False,support,False,False,0.06502500176429749,0.04928581789135933,0.015739183872938156,17.32487520329723,12.694638022717003,4.630237180580226,8
828,21,21,heldout,33,165,32,0.825,False,True,False,support,False,False,0.11913367360830307,0.20829536020755768,-0.08916168659925461,52.43914439494489,78.54859577784259,-26.109451382897703,8
829,21,21,heldout,34,170,33,0.85,False,True,False,support,False,False,0.07775875926017761,0.16855162382125854,-0.09079286456108093,34.191848804054295,60.477551806775615,-26.28570300272132,8
830,21,21,heldout,35,175,34,0.875,False,True,False,support,False,False,0.078543521463871,0.1639673262834549,-0.08542380481958389,26.76506401265708,34.14768203585063,-7.382618023193547,8
831,21,21,heldout,36,180,35,0.9,False,True,False,support,False,False,0.05408094450831413,0.09772118180990219,-0.04364023730158806,17.393140219755548,27.620727522001047,-10.2275873022455,9
832,21,21,heldout,37,185,36,0.925,False,True,False,support,False,False,0.04832984507083893,0.1076885387301445,-0.05935869365930557,13.850840260912895,31.35472639678481,-17.503886135871916,9
833,21,21,heldout,38,190,37,0.95,False,True,False,support,False,False,0.00814228318631649,0.06316586583852768,-0.05502358078956604,8.358611052046273,30.989675390586168,-22.631064338539893,9
834,21,21,heldout,39,195,38,0.975,False,True,False,support,False,False,0.0075418297201395035,0.0887356624007225,-0.08119383454322815,9.659707464810134,35.47913954595891,-25.819432081148776,9
835,21,21,heldout,40,200,39,1.0,False,True,False,support,False,False,0.004214874468743801,0.058791909366846085,-0.05457703396677971,7.313173780045095,19.98962261696153,-12.676448836916435,9
836,22,22,heldout,3,15,2,0.075,False,True,False,support,False,False,0.00913667120039463,0.09112919121980667,-0.08199252188205719,8.080945008638684,17.44757408968552,-9.366629081046836,0
837,22,22,heldout,4,20,3,0.1,False,True,False,support,False,False,0.018982823938131332,0.25904786586761475,-0.24006503820419312,9.138922545408322,44.578517689964805,-35.439595144556485,1
838,22,22,heldout,5,25,4,0.125,False,True,False,support,False,False,0.006226537749171257,0.12955278158187866,-0.12332624197006226,10.006820824030378,25.017811051181706,-15.010990227151328,1
839,22,22,heldout,6,30,5,0.15,True,True,False,interaction,True,False,0.018101466819643974,0.12359561771154404,-0.10549414902925491,13.959589465812186,34.65812306900241,-20.69853360319022,1
840,22,22,heldout,7,35,6,0.175,True,False,False,interaction,False,False,0.08706716448068619,0.312107115983963,-0.22503995895385742,20.67697649758765,86.10467134296186,-65.42769484537422,1
841,22,22,heldout,8,40,7,0.2,True,False,False,interaction,False,False,0.9974438548088074,1.9038419723510742,-0.9063981175422668,15.39924345547056,83.86613682681555,-68.466893371345,2
842,22,22,heldout,9,45,8,0.225,True,False,False,interaction,False,False,1.3604540824890137,1.9977359771728516,-0.6372818946838379,15.671878118762441,11.55064352901284,4.121234589749601,2
843,22,22,heldout,10,50,9,0.25,True,False,False,interaction,False,False,1.3333364725112915,1.800185203552246,-0.4668487310409546,92.82614979392287,86.11453182114685,6.711617972776011,2
844,22,22,heldout,11,55,10,0.275,True,False,False,interaction,False,False,1.182596206665039,1.893951416015625,-0.7113552093505859,616.8524594377341,235.48608479958443,381.36637463814964,2
845,22,22,heldout,12,60,11,0.3,True,False,False,interaction,False,False,0.12274602800607681,0.4881119728088379,-0.3653659522533417,100.93709542089432,388.39677965289275,-287.45968423199844,3
846,22,22,heldout,13,65,12,0.325,True,False,False,interaction,False,False,0.10512705892324448,0.3484952449798584,-0.24336817860603333,73.95940011270203,202.1497322343274,-128.19033212162537,3
847,22,22,heldout,14,70,13,0.35,True,True,False,interaction,False,False,0.24625861644744873,0.43894699215888977,-0.19268837571144104,132.8658264639739,206.88859868754523,-74.02277222357134,3
848,22,22,heldout,15,75,14,0.375,False,True,False,support,False,True,0.125294491648674,0.15789364278316498,-0.03259915113449097,120.46302810072912,108.32621199603894,12.136816104690183,3
849,22,22,heldout,16,80,15,0.4,False,True,False,support,False,False,0.21095936000347137,0.3177822530269623,-0.1068228930234909,261.4979949991407,303.35267513844957,-41.85468013930887,4
850,22,22,heldout,17,85,16,0.425,False,True,False,support,False,False,0.08262266963720322,0.19377654790878296,-0.11115387827157974,86.0278349667902,140.69960329775014,-54.67176833095995,4
851,22,22,heldout,18,90,17,0.45,False,True,False,support,False,False,0.030757421627640724,0.07220783829689026,-0.041450418531894684,18.94363686601561,35.75259304576165,-16.80895617974604,4
852,22,22,heldout,19,95,18,0.475,False,True,False,support,False,False,0.04068491980433464,0.0754462480545044,-0.034761328250169754,46.34763536132832,41.95460950576094,4.39302585556738,4
853,22,22,heldout,20,100,19,0.5,False,True,False,support,False,False,0.03593460097908974,0.07777147740125656,-0.041836876422166824,35.3974729518282,49.68420141294681,-14.286728461118614,5
854,22,22,heldout,21,105,20,0.525,False,True,False,support,False,False,0.012191365472972393,0.13203977048397064,-0.11984840780496597,12.61954827296455,149.59823763675357,-136.97868936378902,5
855,22,22,heldout,22,110,21,0.55,False,True,False,support,False,False,0.01352549809962511,0.15123994648456573,-0.1377144455909729,15.138839528853543,144.7115707899318,-129.57273126107827,5
856,22,22,heldout,23,115,22,0.575,False,True,False,support,False,False,0.015671344473958015,0.0733237937092781,-0.05765245109796524,26.2196804430902,105.7617403658899,-79.54205992279971,5
857,22,22,heldout,24,120,23,0.6,True,True,False,interaction,True,False,0.011226196773350239,0.02209443412721157,-0.010868237353861332,17.039358276103727,16.77359553133137,0.2657627447723563,6
858,22,22,heldout,25,125,24,0.625,True,False,False,interaction,False,False,0.11141722649335861,0.32179775834083557,-0.21038052439689636,143.07057362650264,129.90729493874687,13.163278687755763,6
859,22,22,heldout,26,130,25,0.65,True,False,False,interaction,False,False,0.4739433825016022,1.0483590364456177,-0.5744156837463379,758.767059892255,1604.2735997649825,-845.5065398727274,6
860,22,22,heldout,27,135,26,0.675,True,False,False,interaction,False,False,0.13455908000469208,0.33279627561569214,-0.19823719561100006,91.58476247206345,209.4948958482693,-117.91013337620585,6
861,22,22,heldout,28,140,27,0.7,True,False,False,interaction,False,False,0.18753580749034882,0.5786582827568054,-0.3911224603652954,91.22371958731789,361.1856267875387,-269.9619072002208,7
862,22,22,heldout,29,145,28,0.725,True,False,False,interaction,False,False,0.26040172576904297,0.6505841612815857,-0.3901824355125427,264.6409503945782,671.9684623618291,-407.32751196725087,7
863,22,22,heldout,30,150,29,0.75,True,False,False,interaction,False,False,0.003661123337224126,0.0877946987748146,-0.0841335728764534,7.10214555080547,53.64309225522188,-46.54094670441641,7
864,22,22,heldout,31,155,30,0.775,True,False,False,interaction,False,False,0.03003942035138607,0.09136229753494263,-0.06132287532091141,40.2605885992534,71.82118668047062,-31.560598081217215,7
865,22,22,heldout,32,160,31,0.8,True,True,False,interaction,False,True,0.08198244124650955,0.12238604575395584,-0.04040360450744629,101.81010853514373,119.99677231222056,-18.18666377707683,8
866,22,22,heldout,33,165,32,0.825,False,True,False,support,False,False,0.06611413508653641,0.05791241303086281,0.0082017220556736,71.56182386272577,44.47020423394704,27.091619628778737,8
867,22,22,heldout,34,170,33,0.85,False,True,False,support,False,False,0.192552387714386,0.17595620453357697,0.01659618318080902,224.32245748017678,172.4391788671068,51.88327861306999,8
868,22,22,heldout,35,175,34,0.875,False,True,False,support,False,False,0.11694186925888062,0.13153627514839172,-0.014594405889511108,88.28405003183536,83.42782435155112,4.85622568028424,8
869,22,22,heldout,36,180,35,0.9,False,True,False,support,False,False,0.018116533756256104,0.0054050832986831665,0.012711450457572937,20.249976594505437,2.888647830825414,17.361328763680024,9
870,22,22,heldout,37,185,36,0.925,False,True,False,support,False,False,0.013446230441331863,0.020387878641486168,-0.0069416482001543045,19.430867170033054,9.453675195364735,9.977191974668319,9
871,22,22,heldout,38,190,37,0.95,False,True,False,support,False,False,0.014347097836434841,0.05385017395019531,-0.0395030751824379,23.430302958165413,27.819575905439184,-4.389272947273771,9
872,22,22,heldout,39,195,38,0.975,False,True,False,support,False,False,0.009173396043479443,0.1476191133260727,-0.13844572007656097,10.522361539961539,99.96914698344125,-89.44678544347971,9
873,22,22,heldout,40,200,39,1.0,False,True,False,support,False,False,0.013644658029079437,0.09391778707504272,-0.08027312904596329,15.505745107234096,96.50908884921454,-81.00334374198044,9
874,23,23,heldout,3,15,2,0.075,False,True,False,support,False,False,0.007609013468027115,0.09349239617586136,-0.08588337898254395,5.958833469258743,3.5721172158046968,2.3867162534540465,0
875,23,23,heldout,4,20,3,0.1,False,True,False,support,False,False,0.01763339713215828,0.2845942974090576,-0.26696088910102844,6.870215035450085,4.998841073816608,1.871373961633477,1
876,23,23,heldout,5,25,4,0.125,False,True,False,support,False,False,0.03762516751885414,0.18114332854747772,-0.14351816475391388,8.256755070774373,8.09908966113039,0.15766540964398246,1
877,23,23,heldout,6,30,5,0.15,True,True,False,interaction,True,False,0.004621848929673433,0.02096257545053959,-0.016340726986527443,6.211268246114179,0.9177350153048435,5.293533230809336,1
878,23,23,heldout,7,35,6,0.175,True,False,False,interaction,False,False,0.09568744897842407,0.29835066199302673,-0.20266321301460266,5.908597582147823,5.755918764709495,0.15267881743832756,1
879,23,23,heldout,8,40,7,0.2,True,False,False,interaction,False,False,0.20838738977909088,0.8375104069709778,-0.6291230320930481,28.0895913953475,57.975007751573735,-29.885416356226234,2
880,23,23,heldout,9,45,8,0.225,True,False,False,interaction,False,False,1.1651952266693115,1.812181830406189,-0.6469866037368774,34.023559945796286,154.1872890102071,-120.16372906441083,2
881,23,23,heldout,10,50,9,0.25,True,False,False,interaction,False,False,0.9600740075111389,1.5423741340637207,-0.5823001265525818,10.951571643731157,52.303163213187126,-41.35159156945597,2
882,23,23,heldout,11,55,10,0.275,True,False,False,interaction,False,False,1.3122683763504028,1.7631536722183228,-0.4508852958679199,130.78318684240085,167.71991579477935,-36.9367289523785,2
883,23,23,heldout,12,60,11,0.3,True,False,False,interaction,False,False,0.37858831882476807,0.7598673701286316,-0.3812790513038635,203.5386750957981,351.1745762056134,-147.63590110981528,3
884,23,23,heldout,13,65,12,0.325,True,False,False,interaction,False,False,0.07314997911453247,0.234044149518013,-0.16089417040348053,29.261001730139014,42.21428986133251,-12.953288131193496,3
885,23,23,heldout,14,70,13,0.35,True,True,False,interaction,False,True,0.0137003930285573,0.045793116092681885,-0.03209272399544716,13.784302459879882,11.038811193874878,2.745491266005004,3
886,23,23,heldout,15,75,14,0.375,False,True,False,support,False,False,0.04826619103550911,0.04662235081195831,0.0016438402235507965,21.922148880227073,13.99982322404709,7.922325656179984,3
887,23,23,heldout,16,80,15,0.4,False,True,False,support,False,False,0.24135708808898926,0.46245846152305603,-0.22110137343406677,74.25194899515945,151.06704063587657,-76.81509164071711,4
888,23,23,heldout,17,85,16,0.425,False,True,False,support,False,False,0.0746556743979454,0.17636209726333618,-0.10170642286539078,24.56233817146179,40.67099387099296,-16.10865569953117,4
889,23,23,heldout,18,90,17,0.45,False,True,False,support,False,False,0.01754171960055828,0.011284506879746914,0.006257212720811367,11.642520394619039,1.2972091535206054,10.345311241098434,4
890,23,23,heldout,19,95,18,0.475,False,True,False,support,False,False,0.06651491671800613,0.09275541454553604,-0.026240497827529907,11.903434502811054,11.384031190401217,0.5194033124098372,4
891,23,23,heldout,20,100,19,0.5,False,True,False,support,False,False,0.028023554012179375,0.048900801688432693,-0.02087724767625332,11.505855111779939,11.583229216230713,-0.07737410445077408,5
892,23,23,heldout,21,105,20,0.525,False,True,False,support,False,False,0.009945664554834366,0.12045475840568542,-0.11050909757614136,9.71883604944152,35.01152133265777,-25.29268528321625,5
893,23,23,heldout,22,110,21,0.55,False,True,False,support,False,False,0.007963474839925766,0.17812876403331757,-0.1701652854681015,9.331599996077331,59.72200571771299,-50.39040572163566,5
894,23,23,heldout,23,115,22,0.575,True,True,False,interaction,True,False,0.008868020959198475,0.054052550345659256,-0.045184530317783356,10.826320878171815,21.94931106784936,-11.122990189677546,5
895,23,23,heldout,24,120,23,0.6,True,True,False,interaction,False,False,0.015415509231388569,0.11121219396591187,-0.09579668194055557,8.053390191141611,16.99793541610591,-8.9445452249643,6
896,23,23,heldout,25,125,24,0.625,True,False,False,interaction,False,False,0.09373325854539871,0.25000134110450745,-0.15626809000968933,19.73771975542616,48.43645724649324,-28.69873749106708,6
897,23,23,heldout,26,130,25,0.65,True,False,False,interaction,False,False,0.40777161717414856,0.9604194760322571,-0.5526478290557861,79.97879133334841,281.41978049339593,-201.44098916004754,6
898,23,23,heldout,27,135,26,0.675,True,False,False,interaction,False,False,0.0917433500289917,0.19015181064605713,-0.09840846061706543,16.299246978762735,17.61084191531239,-1.3115949365496533,6
899,23,23,heldout,28,140,27,0.7,True,False,False,interaction,False,False,0.8575488924980164,1.3377903699874878,-0.48024147748947144,223.361975436523,269.9909419421621,-46.62896650563911,7
900,23,23,heldout,29,145,28,0.725,True,False,False,interaction,False,False,0.07479538768529892,0.17814336717128754,-0.10334797948598862,33.860130329288076,56.54497335235295,-22.68484302306487,7
901,23,23,heldout,30,150,29,0.75,True,False,False,interaction,False,False,0.03900889307260513,0.1607619971036911,-0.12175310403108597,21.695054516531183,45.6010047732654,-23.90595025673422,7
902,23,23,heldout,31,155,30,0.775,True,False,False,interaction,False,False,0.0044920253567397594,0.03552183136343956,-0.031029805541038513,8.829924339702249,6.9870602333782665,1.8428641063239821,7
903,23,23,heldout,32,160,31,0.8,False,True,False,support,False,True,0.061039362102746964,0.09578043967485428,-0.034741077572107315,29.155711269537406,28.47101065479717,0.6847006147402368,8
904,23,23,heldout,33,165,32,0.825,False,True,False,support,False,False,0.2049953192472458,0.2567491829395294,-0.05175386369228363,62.11008561610054,79.86569825045059,-17.75561263435005,8
905,23,23,heldout,34,170,33,0.85,False,True,False,support,False,False,0.11069820076227188,0.15700000524520874,-0.04630180448293686,38.43256761029427,43.680998240027236,-5.248430629732965,8
906,23,23,heldout,35,175,34,0.875,False,True,False,support,False,False,0.08238280564546585,0.18255309760570526,-0.10017029196023941,15.312053936049068,29.350177847229162,-14.038123911180094,8
907,23,23,heldout,36,180,35,0.9,False,True,False,support,False,False,0.017687944695353508,0.005661558825522661,0.012026386335492134,10.925831255381743,0.4380541828247446,10.487777072556998,9
908,23,23,heldout,37,185,36,0.925,False,True,False,support,False,False,0.09530377388000488,0.11905402690172195,-0.02375025302171707,13.277395363334795,19.356659190291158,-6.079263826956362,9
909,23,23,heldout,38,190,37,0.95,False,True,False,support,False,False,0.015767013654112816,0.11113327741622925,-0.09536626189947128,11.817810936775752,37.46919429787825,-25.651383361102503,9
910,23,23,heldout,39,195,38,0.975,False,True,False,support,False,False,0.013000777922570705,0.2385360449552536,-0.22553527355194092,10.457564085894518,81.03350091591197,-70.57593683001745,9
911,23,23,heldout,40,200,39,1.0,False,True,False,support,False,False,0.01017135102301836,0.13364571332931519,-0.1234743595123291,10.684882640696225,53.80265079812904,-43.11776815743281,9
912,24,24,heldout,3,15,2,0.075,False,True,False,support,False,False,0.01756558194756508,0.093185193836689,-0.07561960816383362,11.715058451217345,4.869302465977058,6.845755985240287,0
913,24,24,heldout,4,20,3,0.1,False,True,False,support,False,False,0.015231717377901077,0.11644407361745834,-0.10121235251426697,9.602433092877309,4.499765618017874,5.102667474859435,1
914,24,24,heldout,5,25,4,0.125,False,True,False,support,False,False,0.006418498698621988,0.09783261269330978,-0.09141411632299423,9.026229724896481,3.3659772932421537,5.660252431654328,1
915,24,24,heldout,6,30,5,0.15,True,True,False,interaction,True,False,0.03849351033568382,0.11984100192785263,-0.0813474953174591,11.073787341873254,9.113420084758456,1.9603672571147985,1
916,24,24,heldout,7,35,6,0.175,True,False,False,interaction,False,False,0.08083907514810562,0.2309609055519104,-0.15012183785438538,13.436612162208483,5.788919317196292,7.647692845012191,1
917,24,24,heldout,8,40,7,0.2,True,False,False,interaction,False,False,0.5656052231788635,1.5003256797790527,-0.9347204566001892,15.877636197147666,21.38162852983378,-5.5039923326861135,2
918,24,24,heldout,9,45,8,0.225,True,False,False,interaction,False,False,1.3579822778701782,1.858876347541809,-0.5008940696716309,17.515068221727358,17.741567833426718,-0.22649961169936006,2
919,24,24,heldout,10,50,9,0.25,True,False,False,interaction,False,False,1.0369552373886108,1.5057735443115234,-0.4688183069229126,28.10674243189597,13.843899630012437,14.262842801883533,2
920,24,24,heldout,11,55,10,0.275,True,False,False,interaction,False,False,1.0006619691848755,1.7414544820785522,-0.7407925128936768,1065.5717151903798,2273.3573384447973,-1207.7856232544175,2
921,24,24,heldout,12,60,11,0.3,True,False,False,interaction,False,False,0.05781586840748787,0.26706215739250183,-0.20924629271030426,113.77149643241694,400.0950082599555,-286.32351182753854,3
922,24,24,heldout,13,65,12,0.325,True,False,False,interaction,False,False,0.008549814112484455,0.1205117478966713,-0.11196193099021912,9.002974883738501,108.21026969214734,-99.20729480840883,3
923,24,24,heldout,14,70,13,0.35,True,True,False,interaction,False,True,0.008050992153584957,0.02754877507686615,-0.019497781991958618,13.137148274944005,24.35652492748012,-11.219376652536114,3
924,24,24,heldout,15,75,14,0.375,False,True,False,support,False,False,0.03972850367426872,0.047261107712984085,-0.0075326040387153625,45.60308042118737,66.12800504977078,-20.524924628583406,3
925,24,24,heldout,16,80,15,0.4,False,True,False,support,False,False,0.18977411091327667,0.1705864518880844,0.01918765902519226,218.50880586607124,174.73137538092408,43.777430485147164,4
926,24,24,heldout,17,85,16,0.425,False,True,False,support,False,False,0.15920989215373993,0.2928566634654999,-0.13364677131175995,194.79411783868883,347.98709141634026,-153.19297357765143,4
927,24,24,heldout,18,90,17,0.45,False,True,False,support,False,False,0.028220990672707558,0.052921194583177567,-0.02470020391047001,24.41116089428971,49.04266048675936,-24.63149959246965,4
928,24,24,heldout,19,95,18,0.475,False,True,False,support,False,False,0.021538905799388885,0.04250876605510712,-0.02096986025571823,21.66576905283773,43.795811477355535,-22.130042424517804,4
929,24,24,heldout,20,100,19,0.5,False,True,False,support,False,False,0.015400481410324574,0.043710511177778244,-0.028310030698776245,13.214355409522023,37.7734369062589,-24.55908149673688,5
930,24,24,heldout,21,105,20,0.525,False,True,False,support,False,False,0.004081495571881533,0.11005719751119614,-0.10597570240497589,10.547677604017297,121.51116884875921,-110.96349124474192,5
931,24,24,heldout,22,110,21,0.55,False,True,False,support,False,False,0.011506617069244385,0.21339936554431915,-0.20189274847507477,27.096220575393485,200.3029702275936,-173.2067496522001,5
932,24,24,heldout,23,115,22,0.575,True,True,False,interaction,True,False,0.004895711783319712,0.07369103282690048,-0.06879532337188721,12.351945359533,80.37491388464532,-68.02296852511232,5
933,24,24,heldout,24,120,23,0.6,True,False,False,interaction,False,False,0.09313420206308365,0.37905213236808777,-0.2859179377555847,180.9011868816908,404.2527322025106,-223.35154532081978,6
934,24,24,heldout,25,125,24,0.625,True,False,False,interaction,False,False,0.14232896268367767,0.6422091126441956,-0.4998801350593567,322.03102639136915,1210.0587455926823,-888.0277192013132,6
935,24,24,heldout,26,130,25,0.65,True,False,False,interaction,False,False,0.8891491889953613,1.7912451028823853,-0.9020959138870239,348.5164487726227,1425.6852621351075,-1077.1688133624848,6
936,24,24,heldout,27,135,26,0.675,True,False,False,interaction,False,False,0.0692843422293663,0.20642738044261932,-0.13714304566383362,29.708730162427486,122.31918037194866,-92.61045020952118,6
937,24,24,heldout,28,140,27,0.7,True,False,False,interaction,False,False,0.6432099938392639,1.4915233850479126,-0.8483133912086487,1704.4939709591272,2325.5666921018355,-621.0727211427084,7
938,24,24,heldout,29,145,28,0.725,True,False,False,interaction,False,False,0.08638312667608261,0.3458762466907501,-0.2594931125640869,156.61344423482365,707.7181696495671,-551.1047254147435,7
939,24,24,heldout,30,150,29,0.75,True,False,False,interaction,False,False,0.015918055549263954,0.18231356143951416,-0.16639550030231476,16.414593831810944,181.70888711333893,-165.29429328152798,7
940,24,24,heldout,31,155,30,0.775,True,True,False,interaction,False,False,0.02920585684478283,0.07399498671293259,-0.04478912800550461,52.10980065338396,96.54330246347861,-44.433501810094654,7
941,24,24,heldout,32,160,31,0.8,True,True,False,interaction,True,True,0.02487608790397644,0.028718693181872368,-0.0038426052778959274,40.78169886459085,43.39123663612914,-2.6095377715382924,8
942,24,24,heldout,33,165,32,0.825,False,True,False,support,False,False,0.1085095927119255,0.12691883742809296,-0.01840924471616745,109.59145123226529,119.1367910767449,-9.545339844479614,8
943,24,24,heldout,34,170,33,0.85,False,True,False,support,False,False,0.14610160887241364,0.22033052146434784,-0.0742289125919342,159.23169736768423,220.77653340304508,-61.544836035360845,8
944,24,24,heldout,35,175,34,0.875,False,True,False,support,False,False,0.10195755213499069,0.3248731195926666,-0.22291556000709534,76.23681240958204,295.3323178656004,-219.09550545601832,8
945,24,24,heldout,36,180,35,0.9,False,True,False,support,False,False,0.00927632488310337,0.043049413710832596,-0.033773086965084076,16.60876231080723,38.02593200287588,-21.417169692068647,9
946,24,24,heldout,37,185,36,0.925,False,True,False,support,False,False,0.025195211172103882,0.1892751008272171,-0.16407988965511322,21.428315718381004,166.48911612920642,-145.0608004108254,9
947,24,24,heldout,38,190,37,0.95,False,True,False,support,False,False,0.014308501966297626,0.08628728240728378,-0.07197877764701843,14.98053656894515,83.5558623477046,-68.57532577875945,9
948,24,24,heldout,39,195,38,0.975,False,True,False,support,False,False,0.007449109107255936,0.09971535205841064,-0.09226624667644501,14.47396636492004,91.55963716520444,-77.08567080028439,9
949,24,24,heldout,40,200,39,1.0,False,True,False,support,False,False,0.00502428226172924,0.07358556240797043,-0.06856127828359604,12.742812985319825,87.0094649092071,-74.26665192388727,9
950,25,25,heldout,3,15,2,0.075,False,True,False,support,False,False,0.007984857074916363,0.04797587916254997,-0.039991021156311035,13.016553661955667,40.40380176064396,-27.38724809868829,0
951,25,25,heldout,4,20,3,0.1,False,True,False,support,False,False,0.006973986979573965,0.1252969652414322,-0.11832297593355179,14.198898858099392,62.81675263763116,-48.61785377953177,1
952,25,25,heldout,5,25,4,0.125,False,True,False,support,False,False,0.004849977325648069,0.0742587074637413,-0.06940872967243195,14.969969214339487,34.78115186044392,-19.811182646104434,1
953,25,25,heldout,6,30,5,0.15,True,True,False,interaction,True,False,0.00741781247779727,0.02564736269414425,-0.018229549750685692,18.234644164995206,13.179896208473687,5.054747956521519,1
954,25,25,heldout,7,35,6,0.175,True,False,False,interaction,False,False,0.061346281319856644,0.21833890676498413,-0.15699262917041779,88.56158913413832,120.6214286422354,-32.059839508097085,1
955,25,25,heldout,8,40,7,0.2,True,False,False,interaction,False,False,0.08390214294195175,0.23521824181079865,-0.1513161063194275,126.6984355078935,245.24198285776194,-118.54354734986843,2
956,25,25,heldout,9,45,8,0.225,True,False,False,interaction,False,False,0.19503110647201538,0.4943183362483978,-0.29928722977638245,209.98688655268452,641.6502280427061,-431.6633414900216,2
957,25,25,heldout,10,50,9,0.25,True,False,False,interaction,False,False,0.1411186009645462,0.300430029630661,-0.1593114286661148,61.37881829616285,146.77349649553832,-85.39467819937548,2
958,25,25,heldout,11,55,10,0.275,True,False,False,interaction,False,False,0.3594965934753418,0.6008946299552917,-0.24139803647994995,122.75181966282587,317.83491099924385,-195.08309133641797,2
959,25,25,heldout,12,60,11,0.3,True,False,False,interaction,False,False,0.03635020926594734,0.18159900605678558,-0.14524880051612854,42.47284250053505,122.44622100611201,-79.97337850557696,3
960,25,25,heldout,13,65,12,0.325,True,False,False,interaction,False,False,0.013299025595188141,0.13814018666744232,-0.12484116107225418,8.663389346411195,57.500240961899486,-48.83685161548829,3
961,25,25,heldout,14,70,13,0.35,True,True,False,interaction,False,True,0.09044039249420166,0.18921424448490143,-0.09877385199069977,37.62263538726942,68.03432481779565,-30.41168943052623,3
962,25,25,heldout,15,75,14,0.375,False,True,False,support,False,False,0.04303234815597534,0.07665855437517166,-0.03362620621919632,17.125429126458886,42.71038865765117,-25.584959531192286,3
963,25,25,heldout,16,80,15,0.4,False,True,False,support,False,False,0.20054411888122559,0.2149118185043335,-0.01436769962310791,59.914095935825266,68.42092009468318,-8.506824158857917,4
964,25,25,heldout,17,85,16,0.425,False,True,False,support,False,False,0.09918292611837387,0.15174813568592072,-0.052565209567546844,44.8845149281407,50.31473801360354,-5.430223085462835,4
965,25,25,heldout,18,90,17,0.45,False,True,False,support,False,False,0.024607369676232338,0.002338039455935359,0.02226933091878891,15.50080087885121,1.1626694847422634,14.338131394108947,4
966,25,25,heldout,19,95,18,0.475,False,True,False,support,False,False,0.024744078516960144,0.04039068892598152,-0.015646610409021378,16.659317987261677,12.806663968387054,3.852654018874622,4
967,25,25,heldout,20,100,19,0.5,False,True,False,support,False,False,0.005659970920532942,0.065969318151474,-0.06030934676527977,9.491679922438012,31.542868999146478,-22.051189076708468,5
968,25,25,heldout,21,105,20,0.525,False,True,False,support,False,False,0.017652278766036034,0.20447033643722534,-0.18681806325912476,16.598073280686364,62.41329651356049,-45.815223232874125,5
969,25,25,heldout,22,110,21,0.55,False,True,False,support,False,False,0.0027252149302512407,0.08422552794218063,-0.08150031417608261,8.977233771395948,23.503564557776727,-14.526330786380779,5
970,25,25,heldout,23,115,22,0.575,True,True,False,interaction,True,False,0.012835190631449223,0.04442742466926575,-0.0315922349691391,20.455612395514752,41.216072621501084,-20.760460225986332,5
971,25,25,heldout,24,120,23,0.6,True,False,False,interaction,False,False,0.07426819205284119,0.4098524749279022,-0.33558428287506104,42.47193409499745,180.68740156560852,-138.2154674706111,6
972,25,25,heldout,25,125,24,0.625,True,False,False,interaction,False,False,0.2922816574573517,0.5012853145599365,-0.20900365710258484,253.94527104006374,321.69122647816204,-67.74595543809829,6
973,25,25,heldout,26,130,25,0.65,True,False,False,interaction,False,False,0.31856587529182434,0.5677006840705872,-0.24913480877876282,135.18310939372793,228.3945891132049,-93.21147971947696,6
974,25,25,heldout,27,135,26,0.675,True,False,False,interaction,False,False,0.011006989516317844,0.009748673997819424,0.0012583155184984207,17.861021341145456,5.0527302715971905,12.808291069548265,6
975,25,25,heldout,28,140,27,0.7,True,False,False,interaction,False,False,0.20103633403778076,0.41008904576301575,-0.20905271172523499,74.53736886775656,174.29102017306002,-99.75365130530346,7
976,25,25,heldout,29,145,28,0.725,True,False,False,interaction,False,False,0.08261960744857788,0.2622392475605011,-0.17961964011192322,39.53153484724106,159.2670001194849,-119.73546527224383,7
977,25,25,heldout,30,150,29,0.75,True,False,False,interaction,False,False,0.06637395173311234,0.47930023074150085,-0.4129262864589691,52.56697992123975,229.56654823148207,-176.99956831024232,7
978,25,25,heldout,31,155,30,0.775,True,True,False,interaction,False,True,0.049697842448949814,0.10534399747848511,-0.055646155029535294,19.54859582438234,36.181794739023765,-16.633198914641426,7
979,25,25,heldout,32,160,31,0.8,False,True,False,support,False,False,0.0646706372499466,0.08413932472467422,-0.01946868747472763,17.57152155482802,46.57646544492985,-29.00494389010183,8
980,25,25,heldout,33,165,32,0.825,False,True,False,support,False,False,0.16689623892307281,0.28195521235466003,-0.11505897343158722,53.210332411710816,96.81607408832521,-43.60574167661439,8
981,25,25,heldout,34,170,33,0.85,False,True,False,support,False,False,0.058098193258047104,0.15027745068073273,-0.09217925369739532,22.81395695284623,68.7782175389193,-45.96426058607307,8
982,25,25,heldout,35,175,34,0.875,False,True,False,support,False,False,0.035093434154987335,0.09191194921731949,-0.05681851506233215,12.118889308489807,22.725850632869633,-10.606961324379826,8
983,25,25,heldout,36,180,35,0.9,False,True,False,support,False,False,0.02716062031686306,0.08072458952665329,-0.05356396734714508,13.806740724197207,19.301652198055365,-5.494911473858158,9
984,25,25,heldout,37,185,36,0.925,False,True,False,support,False,False,0.017377959564328194,0.0973549410700798,-0.07997698336839676,13.285355111931048,43.45768815658207,-30.172333044651026,9
985,25,25,heldout,38,190,37,0.95,False,True,False,support,False,False,0.00911248754709959,0.10272636264562607,-0.0936138778924942,10.48868932856468,47.94586195321234,-37.457172624647654,9
986,25,25,heldout,39,195,38,0.975,False,True,False,support,False,False,0.030611418187618256,0.10819510370492935,-0.0775836855173111,37.54459363614047,44.30674575667462,-6.762152120534154,9
987,25,25,heldout,40,200,39,1.0,False,True,False,support,False,False,0.025335021317005157,0.0998501405119896,-0.07451511919498444,25.361989061457205,43.205016376440824,-17.84302731498362,9
988,26,26,heldout,3,15,2,0.075,False,True,False,support,False,False,0.017089229077100754,0.09654124826192856,-0.0794520229101181,10.474268464794251,18.54067371533687,-8.066405250542617,0
989,26,26,heldout,4,20,3,0.1,False,True,False,support,False,False,0.011242625303566456,0.14091400802135468,-0.1296713799238205,9.471101886858504,22.303862335715536,-12.832760448857032,1
990,26,26,heldout,5,25,4,0.125,False,True,False,support,False,False,0.006044571753591299,0.06229696050286293,-0.05625239014625549,8.633312577874726,13.734415171399965,-5.101102593525239,1
991,26,26,heldout,6,30,5,0.15,True,True,False,interaction,True,False,0.003384531242772937,0.028857896104454994,-0.02547336556017399,9.516730421429347,6.6496151619085735,2.867115259520774,1
992,26,26,heldout,7,35,6,0.175,True,False,False,interaction,False,False,0.07105781137943268,0.20861442387104034,-0.13755661249160767,32.23890589896006,52.197678509019546,-19.958772610059484,1
993,26,26,heldout,8,40,7,0.2,True,False,False,interaction,False,False,0.7167642712593079,1.6872963905334473,-0.9705321192741394,65.60542019194223,196.3502223064485,-130.74480211450629,2
994,26,26,heldout,9,45,8,0.225,True,False,False,interaction,False,False,1.3984450101852417,1.8962053060531616,-0.4977602958679199,24.304643593286542,24.57047932236989,-0.2658357290833493,2
995,26,26,heldout,10,50,9,0.25,True,False,False,interaction,False,False,1.718222975730896,1.8736991882324219,-0.15547621250152588,17.581139522116114,16.21375636626463,1.3673831558514848,2
996,26,26,heldout,11,55,10,0.275,True,False,False,interaction,False,False,1.8039517402648926,1.977481722831726,-0.1735299825668335,1582.9589795909833,1682.7372798206545,-99.77830022967123,2
997,26,26,heldout,12,60,11,0.3,True,False,False,interaction,False,False,0.1741005927324295,0.4710288941860199,-0.2969282865524292,176.99833340995733,372.71189344369606,-195.71356003373873,3
998,26,26,heldout,13,65,12,0.325,True,False,False,interaction,False,False,0.04005153477191925,0.10546047240495682,-0.06540893763303757,60.40377002340228,72.76370816836338,-12.359938144961099,3
999,26,26,heldout,14,70,13,0.35,True,True,False,interaction,False,True,0.006554304156452417,0.014956812374293804,-0.0084025077521801,14.425431256151057,15.069028688290969,-0.6435974321399112,3
1000,26,26,heldout,15,75,14,0.375,False,True,False,support,False,False,0.042842838913202286,0.04594133421778679,-0.003098495304584503,54.19718590405046,45.3909036493333,8.806282254717154,3
1001,26,26,heldout,16,80,15,0.4,False,True,False,support,False,False,0.1252744197845459,0.1457163542509079,-0.020441934466362,149.87632119391637,135.29572874600842,14.580592447907947,4
1002,26,26,heldout,17,85,16,0.425,False,True,False,support,False,False,0.12656965851783752,0.1784348338842392,-0.05186517536640167,158.77900779581634,122.99678670671516,35.782221089101185,4
1003,26,26,heldout,18,90,17,0.45,False,True,False,support,False,False,0.022843757644295692,0.005621832329779863,0.017221925780177116,36.28481040248795,1.9232590137852448,34.36155138870271,4
1004,26,26,heldout,19,95,18,0.475,False,True,False,support,False,False,0.01882665790617466,0.03889119625091553,-0.020064538344740868,36.471189972547876,21.099643810591218,15.371546161956658,4
1005,26,26,heldout,20,100,19,0.5,False,True,False,support,False,False,0.013435025699436665,0.04354789853096008,-0.030112873762845993,31.075819873867705,31.527490467800988,-0.451670593933283,5
1006,26,26,heldout,21,105,20,0.525,False,True,False,support,False,False,0.00685465382412076,0.06977378576993942,-0.06291913241147995,13.600654162424137,72.36116733320983,-58.7605131707857,5
1007,26,26,heldout,22,110,21,0.55,False,True,False,support,False,False,0.007582038640975952,0.05102197453379631,-0.04343993589282036,16.700298403047775,45.5929350337257,-28.892636630677927,5
1008,26,26,heldout,23,115,22,0.575,True,True,False,interaction,True,False,0.014135186560451984,0.05033029988408089,-0.03619511425495148,23.126246728310065,65.23689707093705,-42.11065034262698,5
1009,26,26,heldout,24,120,23,0.6,True,True,False,interaction,False,False,0.06348197907209396,0.11939875036478043,-0.05591677129268646,65.6258268702643,96.8533452526092,-31.227518382344897,6
1010,26,26,heldout,25,125,24,0.625,True,False,False,interaction,False,False,0.14796172082424164,0.41074836254119873,-0.2627866268157959,159.1883493866595,322.95791054115966,-163.76956115450017,6
1011,26,26,heldout,26,130,25,0.65,True,False,False,interaction,False,False,0.6139212250709534,1.356208324432373,-0.7422870993614197,904.806227738839,2058.0223686198947,-1153.2161408810557,6
1012,26,26,heldout,27,135,26,0.675,True,False,False,interaction,False,False,0.029437115415930748,0.03562075272202492,-0.00618363730609417,9.906529452749739,8.663872359929515,1.2426570928202239,6
1013,26,26,heldout,28,140,27,0.7,True,False,False,interaction,False,False,0.45098748803138733,0.9911307692527771,-0.5401432514190674,529.967318781178,916.4446167539331,-386.4772979727551,7
1014,26,26,heldout,29,145,28,0.725,True,False,False,interaction,False,False,0.10538550466299057,0.28117358684539795,-0.17578807473182678,94.31022555033371,245.08438062979948,-150.77415507946577,7
1015,26,26,heldout,30,150,29,0.75,True,False,False,interaction,False,False,0.022253720089793205,0.1625482589006424,-0.14029453694820404,22.36906914048659,120.82207572399818,-98.4530065835116,7
1016,26,26,heldout,31,155,30,0.775,True,True,False,interaction,False,True,0.02173711359500885,0.08795422315597534,-0.06621710956096649,33.63337809232406,94.27650185078905,-60.64312375846499,7
1017,26,26,heldout,32,160,31,0.8,False,True,False,support,False,False,0.0830623060464859,0.07388238608837128,0.009179919958114624,127.45470002216071,81.40705176958271,46.047648252578,8
1018,26,26,heldout,33,165,32,0.825,False,True,False,support,False,False,0.1929047703742981,0.25250378251075745,-0.05959901213645935,278.3152647663206,248.04366202763936,30.271602738681224,8
1019,26,26,heldout,34,170,33,0.85,False,True,False,support,False,False,0.06299544125795364,0.09150087833404541,-0.028505437076091766,98.62510425456419,86.67442410326079,11.950680151303402,8
1020,26,26,heldout,35,175,34,0.875,False,True,False,support,False,False,0.038011033087968826,0.06217585504055023,-0.024164821952581406,32.06885033490604,17.071056336541833,14.997793998364205,8
1021,26,26,heldout,36,180,35,0.9,False,True,False,support,False,False,0.02218897081911564,0.06776231527328491,-0.04557334631681442,21.88953417915435,20.166702019846362,1.7228321593079876,9
1022,26,26,heldout,37,185,36,0.925,False,True,False,support,False,False,0.0162265095859766,0.06070876121520996,-0.04448225349187851,22.972097879558405,24.04476345388156,-1.0726655743231568,9
1023,26,26,heldout,38,190,37,0.95,False,True,False,support,False,False,0.005998706910759211,0.07175035029649734,-0.06575164198875427,11.835039347301631,69.31857547653571,-57.48353612923408,9
1024,26,26,heldout,39,195,38,0.975,False,True,False,support,False,False,0.013272593729197979,0.06854405999183655,-0.055271465331315994,19.451005916720195,55.86005925407932,-36.409053337359126,9
1025,26,26,heldout,40,200,39,1.0,False,True,False,support,False,False,0.007852003909647465,0.06040316820144653,-0.05255116522312164,15.829609128683595,67.69482072009187,-51.865211591408276,9
1026,27,27,heldout,3,15,2,0.075,False,True,False,support,False,False,0.004986829590052366,0.06538712233304977,-0.06040029227733612,7.823719019217454,1.637832779469136,6.185886239748318,0
1027,27,27,heldout,4,20,3,0.1,False,True,False,support,False,False,0.004926824942231178,0.1660744696855545,-0.16114763915538788,7.724312180296781,1.8160409212351707,5.90827125906161,1
1028,27,27,heldout,5,25,4,0.125,False,True,False,support,False,False,0.008270223625004292,0.13317729532718658,-0.12490706890821457,8.673637992514264,2.0180748088788274,6.6555631836354365,1
1029,27,27,heldout,6,30,5,0.15,True,True,False,interaction,True,False,0.005516332108527422,0.04648333787918091,-0.040967006236314774,8.475554500955369,1.607189193890072,6.868365307065297,1
1030,27,27,heldout,7,35,6,0.175,True,False,False,interaction,False,False,0.09490176290273666,0.339084267616272,-0.2441824972629547,10.398074700838352,7.62903611171873,2.7690385891196216,1
1031,27,27,heldout,8,40,7,0.2,True,False,False,interaction,False,False,0.1194874569773674,0.395538330078125,-0.276050865650177,5.670766309750507,7.024342562539001,-1.3535762527884936,2
1032,27,27,heldout,9,45,8,0.225,True,False,False,interaction,False,False,0.1549738049507141,0.7536232471466064,-0.5986494421958923,7.463619747432869,10.742639696650897,-3.2790199492180285,2
1033,27,27,heldout,10,50,9,0.25,True,False,False,interaction,False,False,0.9031224250793457,1.4339890480041504,-0.5308666229248047,23.26916045897744,30.84211717803127,-7.572956719053831,2
1034,27,27,heldout,11,55,10,0.275,True,False,False,interaction,False,False,1.4351476430892944,1.7254053354263306,-0.29025769233703613,1798.944320904898,2108.500640958766,-309.5563200538679,2
1035,27,27,heldout,12,60,11,0.3,True,False,False,interaction,False,False,0.08328630030155182,0.3216649293899536,-0.2383786290884018,159.6884241802601,523.1005641324526,-363.41213995219255,3
1036,27,27,heldout,13,65,12,0.325,True,False,False,interaction,False,False,0.03996798023581505,0.22793304920196533,-0.18796506524085999,63.136704838329514,241.11957003807618,-177.98286519974667,3
1037,27,27,heldout,14,70,13,0.35,True,True,False,interaction,False,True,0.012578372843563557,0.03473760187625885,-0.022159229964017868,24.022691981818138,41.37535249971526,-17.352660517897124,3
1038,27,27,heldout,15,75,14,0.375,False,True,False,support,False,False,0.05804809555411339,0.0664392039179802,-0.008391108363866806,65.8031211968593,80.86379655989145,-15.06067536303216,3
1039,27,27,heldout,16,80,15,0.4,False,True,False,support,False,False,0.22889256477355957,0.2661205530166626,-0.03722798824310303,274.89332580531027,268.07261104502044,6.820714760289832,4
1040,27,27,heldout,17,85,16,0.425,False,True,False,support,False,False,0.07716015726327896,0.1761927604675293,-0.09903260320425034,65.9654294917055,157.63197933364222,-91.66654984193671,4
1041,27,27,heldout,18,90,17,0.45,False,True,False,support,False,False,0.01820712350308895,0.02179836668074131,-0.003591243177652359,14.897666731131928,15.37422622383287,-0.4765594927009431,4
1042,27,27,heldout,19,95,18,0.475,False,True,False,support,False,False,0.027146058157086372,0.08896943926811218,-0.06182338297367096,16.524467936907428,37.52762303324636,-21.00315509633893,4
1043,27,27,heldout,20,100,19,0.5,False,True,False,support,False,False,0.006799934897571802,0.05010083317756653,-0.043300896883010864,8.777750844060995,44.846464081542216,-36.06871323748122,5
1044,27,27,heldout,21,105,20,0.525,False,True,False,support,False,False,0.0043355249799788,0.11425802856683731,-0.10992250591516495,10.560103406257994,126.82850583563273,-116.26840242937473,5
1045,27,27,heldout,22,110,21,0.55,False,True,False,support,False,False,0.009970917366445065,0.1399340182542801,-0.12996309995651245,24.01704354120916,141.95577541555033,-117.93873187434117,5
1046,27,27,heldout,23,115,22,0.575,True,True,False,interaction,True,False,0.011448872275650501,0.04868748411536217,-0.03723861277103424,25.306340347008064,53.58078517529793,-28.27444482828987,5
1047,27,27,heldout,24,120,23,0.6,True,False,False,interaction,False,False,0.03430316969752312,0.18600952625274658,-0.15170635282993317,55.74705743124505,199.5605172543825,-143.81345982313744,6
1048,27,27,heldout,25,125,24,0.625,True,False,False,interaction,False,False,0.10267031192779541,0.3252951204776764,-0.22262480854988098,195.39119978934445,462.02623850644926,-266.6350387171048,6
1049,27,27,heldout,26,130,25,0.65,True,False,False,interaction,False,False,0.20319326221942902,0.8498695492744446,-0.6466763019561768,275.8319039880694,1535.4059433441498,-1259.5740393560804,6
1050,27,27,heldout,27,135,26,0.675,True,False,False,interaction,False,False,0.10077285766601562,0.6412313580513,-0.5404585003852844,64.75847950484108,345.24668097822155,-280.48820147338046,6
1051,27,27,heldout,28,140,27,0.7,True,False,False,interaction,False,False,0.33144131302833557,1.2752352952957153,-0.9437940120697021,434.03222423346944,921.8719764363253,-487.8397522028559,7
1052,27,27,heldout,29,145,28,0.725,True,False,False,interaction,False,False,0.05517026409506798,0.4311159551143646,-0.37594568729400635,108.1997761566589,786.9199454791775,-678.7201693225186,7
1053,27,27,heldout,30,150,29,0.75,True,False,False,interaction,False,False,0.04930084943771362,0.2507501244544983,-0.20144927501678467,104.96776006182019,354.33164048758255,-249.36388042576237,7
1054,27,27,heldout,31,155,30,0.775,True,False,False,interaction,False,False,0.019839568063616753,0.1976335048675537,-0.1777939349412918,21.82953052746507,207.15124229757325,-185.32171177010818,7
1055,27,27,heldout,32,160,31,0.8,False,True,False,support,False,True,0.029749369248747826,0.023572588339447975,0.0061767809092998505,36.95563644661564,24.57885861271644,12.376777833899201,8
1056,27,27,heldout,33,165,32,0.825,False,True,False,support,False,False,0.2205020636320114,0.28280016779899597,-0.06229810416698456,230.5300969453838,260.3360739704106,-29.805977025026806,8
1057,27,27,heldout,34,170,33,0.85,False,True,False,support,False,False,0.0834786668419838,0.15075017511844635,-0.06727150827646255,87.42563986521345,171.409102439524,-83.98346257431054,8
1058,27,27,heldout,35,175,34,0.875,False,True,False,support,False,False,0.07086558640003204,0.16308310627937317,-0.09221751987934113,41.06707150570776,43.5021789454681,-2.435107439760344,8
1059,27,27,heldout,36,180,35,0.9,False,True,False,support,False,False,0.01338165532797575,0.02526717446744442,-0.01188551913946867,15.240151176263899,10.340419656370479,4.89973151989342,9
1060,27,27,heldout,37,185,36,0.925,False,True,False,support,False,False,0.03666988015174866,0.13536857068538666,-0.098698690533638,13.026119914139803,47.92719392650033,-34.901074012360525,9
1061,27,27,heldout,38,190,37,0.95,False,True,False,support,False,False,0.0034089237451553345,0.06843995302915573,-0.0650310292840004,10.296511902473464,76.99898737705831,-66.70247547458484,9
1062,27,27,heldout,39,195,38,0.975,False,True,False,support,False,False,0.009424933232367039,0.09189873933792114,-0.08247380703687668,18.01615759185641,97.35786319670306,-79.34170560484665,9
1063,27,27,heldout,40,200,39,1.0,False,True,False,support,False,False,0.009177849628031254,0.09382343292236328,-0.0846455842256546,16.288436927290654,89.89063514984372,-73.60219822255306,9
1064,28,28,heldout,3,15,2,0.075,False,True,False,support,False,False,0.009521548636257648,0.07657528668642044,-0.06705373525619507,14.78992465402761,55.205345361313704,-40.415420707286096,0
1065,28,28,heldout,4,20,3,0.1,False,True,False,support,False,False,0.010723243467509747,0.11849107593297958,-0.10776783525943756,19.40360097862308,82.841410331798,-63.43780935317493,1
1066,28,28,heldout,5,25,4,0.125,False,True,False,support,False,False,0.0023335767909884453,0.04343864321708679,-0.04110506549477577,7.714876591903194,30.185990498962905,-22.47111390705971,1
1067,28,28,heldout,6,30,5,0.15,True,True,False,interaction,True,False,0.00821069348603487,0.010577251203358173,-0.0023665577173233032,16.321636488536566,7.635633364818609,8.686003123717956,1
1068,28,28,heldout,7,35,6,0.175,True,False,False,interaction,False,False,0.04487978294491768,0.19710560142993927,-0.1522258222103119,33.94896776341199,116.33809761062714,-82.38912984721514,1
1069,28,28,heldout,8,40,7,0.2,True,False,False,interaction,False,False,0.12059129029512405,0.5505304932594299,-0.4299392104148865,121.5814787325454,822.1629445096872,-700.5814657771418,2
1070,28,28,heldout,9,45,8,0.225,True,False,False,interaction,False,False,0.40330278873443604,1.2776515483856201,-0.8743487596511841,247.55044096382028,1725.9695177018093,-1478.4190767379891,2
1071,28,28,heldout,10,50,9,0.25,True,False,False,interaction,False,False,0.8570734858512878,1.4623074531555176,-0.6052339673042297,214.34756701049233,217.12055963348237,-2.7729926229900457,2
1072,28,28,heldout,11,55,10,0.275,True,False,False,interaction,False,False,0.5571920871734619,1.2669483423233032,-0.7097562551498413,61.65290519216516,150.55075566873523,-88.89785047657008,2
1073,28,28,heldout,12,60,11,0.3,True,False,False,interaction,False,False,0.024116965010762215,0.262710303068161,-0.23859333992004395,10.236066234437954,54.23488705271014,-43.998820818272186,3
1074,28,28,heldout,13,65,12,0.325,True,False,False,interaction,False,False,0.017867552116513252,0.16168062388896942,-0.14381307363510132,9.451689947989474,24.900161231954183,-15.44847128396471,3
1075,28,28,heldout,14,70,13,0.35,True,True,False,interaction,True,True,0.03049999475479126,0.09696926921606064,-0.06646927446126938,11.085887040734823,10.877973327412429,0.2079137133223945,3
1076,28,28,heldout,15,75,14,0.375,False,True,False,support,False,True,0.09283959120512009,0.09966122359037399,-0.006821632385253906,25.384268964170555,22.81618035859908,2.568088605571475,3
1077,28,28,heldout,16,80,15,0.4,False,True,False,support,False,False,0.1729590743780136,0.29920312762260437,-0.12624405324459076,42.35348841650293,63.89503929421634,-21.541550877713412,4
1078,28,28,heldout,17,85,16,0.425,False,True,False,support,False,False,0.09699209779500961,0.281853049993515,-0.1848609447479248,23.946505767126933,43.95857011518412,-20.01206434805719,4
1079,28,28,heldout,18,90,17,0.45,False,True,False,support,False,False,0.005471732467412949,0.0009394103544764221,0.004532322287559509,8.005952455954082,0.16227024764858278,7.843682208305499,4
1080,28,28,heldout,19,95,18,0.475,False,True,False,support,False,False,0.020706700161099434,0.10154517740011215,-0.08083847910165787,8.69427204144469,18.233068990762373,-9.538796949317684,4
1081,28,28,heldout,20,100,19,0.5,False,True,False,support,False,False,0.014927496202290058,0.12546484172344208,-0.1105373427271843,9.740041255997607,25.597398894637212,-15.857357638639606,5
1082,28,28,heldout,21,105,20,0.525,False,True,False,support,False,False,0.011437591165304184,0.1485527902841568,-0.13711519539356232,8.970129581610864,34.18791481669559,-25.217785235084726,5
1083,28,28,heldout,22,110,21,0.55,False,True,False,support,False,False,0.00491367420181632,0.08470964431762695,-0.0797959715127945,7.145710522065413,17.42047895316306,-10.274768431097645,5
1084,28,28,heldout,23,115,22,0.575,True,True,False,interaction,True,False,0.003942025359719992,0.02079065889120102,-0.01684863306581974,6.172195270449862,3.473196343654859,2.698998926795003,5
1085,28,28,heldout,24,120,23,0.6,True,True,False,interaction,False,False,0.02495352178812027,0.12482497841119766,-0.09987145662307739,8.901885731410749,11.79409239425773,-2.8922066628469807,6
1086,28,28,heldout,25,125,24,0.625,True,False,False,interaction,False,False,0.1657112091779709,0.641718864440918,-0.4760076403617859,40.086677541161926,116.84248286550836,-76.75580532434643,6
1087,28,28,heldout,26,130,25,0.65,True,False,False,interaction,False,False,0.3898768424987793,1.2664765119552612,-0.8765996694564819,76.26610640973045,258.8382289245159,-182.5721225147854,6
1088,28,28,heldout,27,135,26,0.675,True,False,False,interaction,False,False,0.06073220446705818,0.14861030876636505,-0.08787810802459717,13.219690115583438,13.425459056653088,-0.2057689410696497,6
1089,28,28,heldout,28,140,27,0.7,True,False,False,interaction,False,False,0.6466702818870544,1.4844417572021484,-0.837771475315094,107.93256841384364,228.80026772181282,-120.86769930796918,7
1090,28,28,heldout,29,145,28,0.725,True,False,False,interaction,False,False,0.0632464662194252,0.41676273941993713,-0.35351628065109253,18.659274747963774,82.33981371939852,-63.68053897143474,7
1091,28,28,heldout,30,150,29,0.75,True,False,False,interaction,False,False,0.027003014460206032,0.1858035773038864,-0.15880055725574493,9.559694377576585,26.253867220278256,-16.69417284270167,7
1092,28,28,heldout,31,155,30,0.775,True,False,False,interaction,False,False,0.007009397726505995,0.08411481976509094,-0.07710542529821396,7.873967258418179,10.01610671318957,-2.1421394547713914,7
1093,28,28,heldout,32,160,31,0.8,True,True,False,interaction,False,True,0.038526520133018494,0.05743066966533661,-0.018904149532318115,14.655097025336046,15.071912609355197,-0.416815584019151,8
1094,28,28,heldout,33,165,32,0.825,False,True,False,support,False,False,0.2093588262796402,0.265360951423645,-0.05600212514400482,51.63339686243978,63.86476807805326,-12.231371215613478,8
1095,28,28,heldout,34,170,33,0.85,False,True,False,support,False,False,0.1304129809141159,0.26552724838256836,-0.13511426746845245,28.23548300879968,47.03599306755942,-18.800510058759738,8
1096,28,28,heldout,35,175,34,0.875,False,True,False,support,False,False,0.02965538762509823,0.09682023525238037,-0.067164845764637,12.303317631904177,16.979175437292522,-4.675857805388345,8
1097,28,28,heldout,36,180,35,0.9,False,True,False,support,False,False,0.028754383325576782,0.09000933170318604,-0.06125494837760925,9.97940177512565,14.140796164932048,-4.161394389806398,9
1098,28,28,heldout,37,185,36,0.925,False,True,False,support,False,False,0.018830982968211174,0.10797885805368423,-0.08914787322282791,9.323628966139692,18.363525608726068,-9.039896642586376,9
1099,28,28,heldout,38,190,37,0.95,False,True,False,support,False,False,0.007468899246305227,0.10560961812734604,-0.09814071655273438,7.92011803203291,21.06043571588722,-13.14031768385431,9
1100,28,28,heldout,39,195,38,0.975,False,True,False,support,False,False,0.010450199246406555,0.1438034325838089,-0.13335323333740234,8.393109194153622,36.00918811236709,-27.616078918213468,9
1101,28,28,heldout,40,200,39,1.0,True,True,False,interaction,True,False,0.012683190405368805,0.08211656659841537,-0.06943337619304657,8.115535568570298,16.84784222372394,-8.732306655153643,9
1102,29,29,heldout,3,15,2,0.075,False,True,False,support,False,False,0.005246376618742943,0.0849388837814331,-0.07969250530004501,10.501682090428792,69.35023557814712,-58.84855348771833,0
1103,29,29,heldout,4,20,3,0.1,False,True,False,support,False,False,0.0069362446665763855,0.11537257581949234,-0.10843633115291595,12.713862868714221,97.11703405741741,-84.4031711887032,1
1104,29,29,heldout,5,25,4,0.125,False,True,False,support,False,False,0.0031293416395783424,0.052645307034254074,-0.049515966325998306,5.957947722859227,44.600074573034824,-38.6421268501756,1
1105,29,29,heldout,6,30,5,0.15,True,True,False,interaction,True,False,0.0072335475124418736,0.00689529487863183,0.00033825263381004333,18.543288567470466,8.434599467002153,10.108689100468313,1
1106,29,29,heldout,7,35,6,0.175,True,False,False,interaction,False,False,0.035789117217063904,0.12810248136520386,-0.09231336414813995,52.50086196860345,78.52989357719856,-26.029031608595112,1
1107,29,29,heldout,8,40,7,0.2,True,False,False,interaction,False,False,0.04434378817677498,0.18471188843250275,-0.14036810398101807,71.64820674029075,115.94301616439384,-44.29480942410309,2
1108,29,29,heldout,9,45,8,0.225,True,False,False,interaction,False,False,0.3590751886367798,0.9451770186424255,-0.5861018300056458,530.7217500359053,944.435926269749,-413.71417623384366,2
1109,29,29,heldout,10,50,9,0.25,True,False,False,interaction,False,False,1.633447527885437,1.8386942148208618,-0.2052466869354248,226.82247037376555,536.0533199381057,-309.23084956434013,2
1110,29,29,heldout,11,55,10,0.275,True,False,False,interaction,False,False,1.8247228860855103,1.8585070371627808,-0.03378415107727051,118.49108015699062,106.48383829751275,12.007241859477872,2
1111,29,29,heldout,12,60,11,0.3,True,False,False,interaction,False,False,0.13356773555278778,0.23298554122447968,-0.0994178056716919,28.661194426458877,34.288205068989924,-5.627010642531047,3
1112,29,29,heldout,13,65,12,0.325,True,False,False,interaction,False,False,0.026151424273848534,0.08157584816217422,-0.05542442202568054,7.131384734693637,6.887787952239286,0.24359678245435124,3
1113,29,29,heldout,14,70,13,0.35,True,True,False,interaction,False,True,0.005204309243708849,0.020675159990787506,-0.015470851212739944,5.331756609381512,1.5999670931508703,3.7317895162306414,3
1114,29,29,heldout,15,75,14,0.375,False,True,False,support,False,False,0.06963204592466354,0.08628776669502258,-0.01665572077035904,13.227837921367358,10.422656629915856,2.805181291451502,3
1115,29,29,heldout,16,80,15,0.4,False,True,False,support,False,False,0.12872593104839325,0.1766829490661621,-0.04795701801776886,22.412766590565724,29.126501691348434,-6.71373510078271,4
1116,29,29,heldout,17,85,16,0.425,False,True,False,support,False,False,0.1149616613984108,0.20458240807056427,-0.08962074667215347,19.21924098387534,26.6635218000165,-7.444280816141159,4
1117,29,29,heldout,18,90,17,0.45,False,True,False,support,False,False,0.06856179237365723,0.11895517259836197,-0.05039338022470474,16.83769989148693,13.706305652636127,3.1313942388508043,4
1118,29,29,heldout,19,95,18,0.475,False,True,False,support,False,False,0.09748661518096924,0.12492423504590988,-0.027437619864940643,13.862611555499177,10.179131758129842,3.683479797369335,4
1119,29,29,heldout,20,100,19,0.5,False,True,False,support,False,False,0.06821385771036148,0.10440752655267715,-0.036193668842315674,10.566633467629027,8.170523660886767,2.3961098067422597,5
1120,29,29,heldout,21,105,20,0.525,False,True,False,support,False,False,0.018256954848766327,0.08324465155601501,-0.06498769670724869,8.079877520591074,13.218592699014167,-5.138715178423093,5
1121,29,29,heldout,22,110,21,0.55,False,True,False,support,False,False,0.01619008183479309,0.22355134785175323,-0.20736126601696014,7.905132552800109,21.570518343312354,-13.665385790512246,5
1122,29,29,heldout,23,115,22,0.575,False,True,False,support,False,False,0.09305954724550247,0.20039285719394684,-0.10733330994844437,15.687403998790098,36.04103793247322,-20.353633933683128,5
1123,29,29,heldout,24,120,23,0.6,True,True,False,interaction,True,False,0.034148477017879486,0.14017842710018158,-0.1060299500823021,8.284849307478966,10.19825149599359,-1.913402188514624,6
1124,29,29,heldout,25,125,24,0.625,True,False,False,interaction,False,False,0.08611961454153061,0.23341752588748932,-0.1472979187965393,18.114965101641264,27.51938983848107,-9.404424736839808,6
1125,29,29,heldout,26,130,25,0.65,True,False,False,interaction,False,False,0.08372247219085693,0.35688653588294983,-0.2731640636920929,14.157926327262976,47.94766434875003,-33.789738021487054,6
1126,29,29,heldout,27,135,26,0.675,True,False,False,interaction,False,False,0.10124143958091736,0.3884133994579315,-0.28717195987701416,16.297179532875063,39.23223971605881,-22.935060183183744,6
1127,29,29,heldout,28,140,27,0.7,True,False,False,interaction,False,False,0.07962758094072342,0.21508873999118805,-0.13546115159988403,11.919692880802648,17.939998722323146,-6.020305841520498,7
1128,29,29,heldout,29,145,28,0.725,True,False,False,interaction,False,False,0.09385842084884644,0.3108080327510834,-0.21694961190223694,18.692070646085295,30.737693035059085,-12.04562238897379,7
1129,29,29,heldout,30,150,29,0.75,True,False,False,interaction,False,False,0.04535818099975586,0.3294782340526581,-0.2841200530529022,11.78430960492402,26.674439330254668,-14.890129725330647,7
1130,29,29,heldout,31,155,30,0.775,True,False,False,interaction,False,False,0.054048117250204086,0.2164870947599411,-0.16243897378444672,10.276136825344354,16.682345758108283,-6.4062089327639296,7
1131,29,29,heldout,32,160,31,0.8,True,True,False,interaction,True,True,0.004740979056805372,0.011023014783859253,-0.006282035727053881,5.110638247638698,0.6613426631510624,4.449295584487635,8
1132,29,29,heldout,33,165,32,0.825,False,True,False,support,False,False,0.08297818154096603,0.10028252005577087,-0.01730433851480484,11.90978623197365,9.543852969984362,2.365933261989287,8
1133,29,29,heldout,34,170,33,0.85,False,True,False,support,False,False,0.24934332072734833,0.414597749710083,-0.16525442898273468,32.43612644491659,48.08056795367804,-15.644441508761453,8
1134,29,29,heldout,35,175,34,0.875,False,True,False,support,False,False,0.06177473068237305,0.23398901522159576,-0.17221428453922272,12.832090522239776,14.487616706259011,-1.6555261840192355,8
1135,29,29,heldout,36,180,35,0.9,False,True,False,support,False,False,0.008782843127846718,0.002291240030899644,0.006491603329777718,7.860058253028851,0.19163483190943095,7.66842342111942,9
1136,29,29,heldout,37,185,36,0.925,False,True,False,support,False,False,0.01857823133468628,0.12711602449417114,-0.10853779315948486,9.431360192153074,7.4994880579103915,1.9318721342426821,9
1137,29,29,heldout,38,190,37,0.95,False,True,False,support,False,False,0.008429087698459625,0.11716342717409134,-0.10873433947563171,7.983196265529249,11.758335530721006,-3.775139265191757,9
1138,29,29,heldout,39,195,38,0.975,False,True,False,support,False,False,0.01042867824435234,0.1459253877401352,-0.13549670577049255,6.909114654076137,20.96108796722395,-14.051973313147812,9
1139,29,29,heldout,40,200,39,1.0,False,True,False,support,False,False,0.009039209224283695,0.06999041885137558,-0.06095121055841446,4.93958212324032,9.311465484146721,-4.371883360906401,9
