radius_bin,left_row_id,right_row_id,left_episode_key,right_episode_key,left_radius,right_radius,abs_radius_gap,left_local_expansion,right_local_expansion,left_model_sensitivity,right_model_sensitivity
1,swm/FetchSlideDense-v3::450::44,swm/FetchPushDense-v3::382::38,swm/FetchSlideDense-v3::450,swm/FetchPushDense-v3::382,0.22696588551425145,0.2269432833394468,2.260217480465343e-05,5.708549394527127,5.931437915146729,1.8976315122353666,0.6238786729110255
1,swm/FetchSlideDense-v3::450::46,swm/FetchSlideDense-v3::14::26,swm/FetchSlideDense-v3::450,swm/FetchSlideDense-v3::14,0.23772744596009163,0.23772230044107695,5.145519014676525e-06,5.297011418167653,4.285877539274291,0.682683733527957,0.5846982499240787
1,swm/FetchSlideDense-v3::121::11,swm/FetchSlideDense-v3::101::14,swm/FetchSlideDense-v3::121,swm/FetchSlideDense-v3::101,0.24350680215524284,0.24353020988214277,2.3407726899932202e-05,5.672798664761864,3.614393658255822,3.568777372854156,0.6596139455625794
1,swm/FetchSlideDense-v3::196::9,swm/FetchSlideDense-v3::77::14,swm/FetchSlideDense-v3::196,swm/FetchSlideDense-v3::77,0.24980566652342717,0.24987710935814506,7.144283471788304e-05,4.974965029574336,4.088929747257379,4.29791140808665,0.6311907864356314
2,swm/FetchSlideDense-v3::296::6,swm/FetchSlideDense-v3::441::28,swm/FetchSlideDense-v3::296,swm/FetchSlideDense-v3::441,0.25270794033351013,0.25271652065747174,8.580323961615566e-06,10.15125673369805,5.140680171124954,4.062055196005128,0.7648500469210587
2,swm/FetchSlideDense-v3::39::11,swm/FetchSlideDense-v3::450::34,swm/FetchSlideDense-v3::39,swm/FetchSlideDense-v3::450,0.25412736413670817,0.2541255254096165,1.8387270916409015e-06,4.682254882774003,5.50090231512172,3.03375504981716,0.6820711066554856
2,swm/FetchSlideDense-v3::396::11,swm/FetchSlideDense-v3::78::27,swm/FetchSlideDense-v3::396,swm/FetchSlideDense-v3::78,0.25540855989565275,0.25540916478920633,6.048935535796218e-07,5.8412347587148945,4.865399564241627,4.058248703854946,0.646506470110003
2,swm/FetchSlideDense-v3::267::6,swm/FetchSlideDense-v3::25::15,swm/FetchSlideDense-v3::267,swm/FetchSlideDense-v3::25,0.266975622308971,0.2669688894527439,6.732856227098516e-06,9.235390463116026,4.265936301855083,3.887103224883619,1.2204933223332293
2,swm/FetchSlideDense-v3::48::8,swm/FetchSlideDense-v3::323::41,swm/FetchSlideDense-v3::48,swm/FetchSlideDense-v3::323,0.26909387520019,0.26904309819856453,5.077700162547938e-05,4.657955666015411,5.04280374387468,2.0615914141391025,0.6926916624385113
2,swm/FetchSlideDense-v3::14::5,swm/FetchSlideDense-v3::180::10,swm/FetchSlideDense-v3::14,swm/FetchSlideDense-v3::180,0.27869889324000563,0.2787033708305572,4.477590551554833e-06,8.833635436685737,5.9109883315941625,6.432397661385754,1.005177179164421
2,swm/FetchSlideDense-v3::40::6,swm/FetchPushDense-v3::201::27,swm/FetchSlideDense-v3::40,swm/FetchPushDense-v3::201,0.28166896610991754,0.2817258367946355,5.687068471793566e-05,7.845731499109737,4.8675711630177085,2.8806669206652287,0.6047728845273351
2,swm/FetchSlideDense-v3::2::5,swm/FetchSlideDense-v3::77::21,swm/FetchSlideDense-v3::2,swm/FetchSlideDense-v3::77,0.2821230983137266,0.28207164961985387,5.144869387274653e-05,8.96810966534769,3.094042523324243,3.73243379015133,0.5336581616942774
2,swm/FetchSlideDense-v3::346::14,swm/FetchSlideDense-v3::310::49,swm/FetchSlideDense-v3::346,swm/FetchSlideDense-v3::310,0.2826582071750266,0.28263392257052333,2.4284604503266305e-05,4.399304394841709,5.398891042604369,2.989514572399683,1.026929743433312
2,swm/FetchSlideDense-v3::352::13,swm/FetchSlideDense-v3::441::26,swm/FetchSlideDense-v3::352,swm/FetchSlideDense-v3::441,0.28334399102209734,0.2833339917797636,9.999242333746938e-06,5.086859516171202,4.514687618272921,1.4825163428421404,0.7045993589536967
3,swm/FetchSlideDense-v3::450::5,swm/FetchSlideDense-v3::392::46,swm/FetchSlideDense-v3::450,swm/FetchSlideDense-v3::392,0.295110821769381,0.2951229759937866,1.2154224405591663e-05,9.15576508267573,4.6909069685136835,3.490805362749344,1.0071387004519763
3,swm/FetchSlideDense-v3::1::11,swm/FetchPushDense-v3::330::39,swm/FetchSlideDense-v3::1,swm/FetchPushDense-v3::330,0.29709048266042054,0.2970555958147,3.488684572056089e-05,4.761841859962498,4.928167974767296,2.735874676761268,1.0373744434336507
3,swm/FetchSlideDense-v3::408::9,swm/FetchPushDense-v3::330::28,swm/FetchSlideDense-v3::408,swm/FetchPushDense-v3::330,0.29752959746412866,0.297544863042091,1.526557796233119e-05,5.888278115269065,5.296579467662871,1.1243013567770304,1.4544484252235002
3,swm/FetchSlideDense-v3::223::14,swm/FetchSlideDense-v3::40::47,swm/FetchSlideDense-v3::223,swm/FetchSlideDense-v3::40,0.3091404230683451,0.30927712695188037,0.00013670388353526075,5.789947956773564,6.368837429531012,4.53536616864453,0.9688339795506056
3,swm/FetchSlideDense-v3::130::6,swm/FetchSlideDense-v3::217::22,swm/FetchSlideDense-v3::130,swm/FetchSlideDense-v3::217,0.3107605188915345,0.31080687407219226,4.635518065776445e-05,7.711695048329707,4.019240836823792,3.43367474204626,0.45608861629669484
3,swm/FetchSlideDense-v3::262::5,swm/FetchPushDense-v3::438::5,swm/FetchSlideDense-v3::262,swm/FetchPushDense-v3::438,0.3283891797429546,0.3283944420165427,5.262273588102495e-06,8.240209056738871,3.932840000478714,3.3951343351912016,1.779424517662089
4,swm/FetchSlideDense-v3::374::8,swm/FetchSlideDense-v3::20::37,swm/FetchSlideDense-v3::374,swm/FetchSlideDense-v3::20,0.33085536968980017,0.3308241350405454,3.123464925475217e-05,7.0802188879301,4.493179914862581,4.678910183574453,0.5115695327554959
4,swm/FetchSlideDense-v3::278::6,swm/FetchSlideDense-v3::2::26,swm/FetchSlideDense-v3::278,swm/FetchSlideDense-v3::2,0.33174193036482147,0.33170197827012327,3.995209469820349e-05,9.512629904477407,5.091725630704797,7.420021828413204,0.5134653159339805
4,swm/FetchSlideDense-v3::408::12,swm/FetchPushDense-v3::330::44,swm/FetchSlideDense-v3::408,swm/FetchPushDense-v3::330,0.34178187470944144,0.341804155436713,2.228072727156194e-05,4.461081982340393,4.255871107738472,1.9064600437340387,0.87275132219414
4,swm/FetchSlideDense-v3::49::6,swm/FetchPushDense-v3::382::19,swm/FetchSlideDense-v3::49,swm/FetchPushDense-v3::382,0.34305325156967176,0.34305437391558025,1.1223459084885867e-06,7.295622507656004,4.49673065412457,3.875930853019884,0.7198914443024111
4,swm/FetchSlideDense-v3::33::34,swm/FetchSlideDense-v3::323::19,swm/FetchSlideDense-v3::33,swm/FetchSlideDense-v3::323,0.34564081326912494,0.34560200636607974,3.880690304519652e-05,6.02342723023973,6.360704682982389,1.616214168160863,0.5460267612942924
4,swm/FetchPushDense-v3::198::8,swm/FetchSlideDense-v3::162::10,swm/FetchPushDense-v3::198,swm/FetchSlideDense-v3::162,0.35020045116723764,0.3502241841841438,2.3733016906168913e-05,4.943102020365277,5.3905878696845715,4.10355007744275,2.3319062816670386
4,swm/FetchSlideDense-v3::195::15,swm/FetchSlideDense-v3::322::43,swm/FetchSlideDense-v3::195,swm/FetchSlideDense-v3::322,0.35821473962666417,0.35821485174174905,1.1211508488262467e-07,8.022065190183966,5.398271451018358,5.47320803241005,0.43928185434375777
4,swm/FetchSlideDense-v3::107::10,swm/FetchPushDense-v3::452::28,swm/FetchSlideDense-v3::107,swm/FetchPushDense-v3::452,0.36283650857496497,0.36287435817370384,3.7849598738870505e-05,6.689145923413894,4.6652694708698,1.4230449199797903,0.7246204623528006
4,swm/FetchSlideDense-v3::436::11,swm/FetchPushDense-v3::499::44,swm/FetchSlideDense-v3::436,swm/FetchPushDense-v3::499,0.3638087067865206,0.36379111192634817,1.759486017244294e-05,8.012287259906655,4.380568679588087,5.930758235455979,0.6887167040459286
4,swm/FetchSlideDense-v3::240::22,swm/FetchSlideDense-v3::238::47,swm/FetchSlideDense-v3::240,swm/FetchSlideDense-v3::238,0.3643462935321597,0.364328108164667,1.8185367492706828e-05,5.460198511802795,6.8763008580095635,2.8009508940572014,0.6129756556951312
4,swm/FetchPushDense-v3::100::3,swm/FetchSlideDense-v3::350::21,swm/FetchPushDense-v3::100,swm/FetchSlideDense-v3::350,0.36463322911018736,0.3646261155525825,7.113557604854215e-06,7.539089261475712,4.847565478271446,6.407211843214676,0.6715526914101454
4,swm/FetchSlideDense-v3::48::15,swm/FetchSlideDense-v3::203::11,swm/FetchSlideDense-v3::48,swm/FetchSlideDense-v3::203,0.36643871327572725,0.3664135800781494,2.5133197577853483e-05,9.491922412335864,5.891774018779202,5.74351342434481,1.374368898988549
4,swm/FetchPushDense-v3::358::12,swm/FetchSlideDense-v3::240::39,swm/FetchPushDense-v3::358,swm/FetchSlideDense-v3::240,0.3667292929488589,0.36666640778934406,6.288515951485829e-05,3.8333773038585996,4.617534042245962,2.1742650824982466,0.6704560553754215
4,swm/FetchSlideDense-v3::20::7,swm/FetchPushDense-v3::499::31,swm/FetchSlideDense-v3::20,swm/FetchPushDense-v3::499,0.36934037573289186,0.3693418444814909,1.468748599020575e-06,4.164393656421729,4.279552084741643,1.0325466739938902,0.6672856866022842
4,swm/FetchPushDense-v3::134::3,swm/FetchSlideDense-v3::180::13,swm/FetchPushDense-v3::134,swm/FetchSlideDense-v3::180,0.37077897891602096,0.37077704001524736,1.938900773601482e-06,8.416756276115674,4.892922475020595,6.590130113947048,1.1973401980512215
4,swm/FetchSlideDense-v3::357::8,swm/FetchSlideDense-v3::71::25,swm/FetchSlideDense-v3::357,swm/FetchSlideDense-v3::71,0.37133656918561664,0.37133964644341877,3.0772578021309727e-06,6.1914447515467534,5.34700154729368,3.6379209635909877,0.7024488811443904
4,swm/FetchSlideDense-v3::78::6,swm/FetchSlideDense-v3::326::45,swm/FetchSlideDense-v3::78,swm/FetchSlideDense-v3::326,0.37441109768044345,0.3743867670011305,2.433067931295607e-05,5.944226569476113,6.726859018465956,2.642250070815511,0.6157694424468342
4,swm/FetchSlideDense-v3::217::6,swm/FetchSlideDense-v3::1::17,swm/FetchSlideDense-v3::217,swm/FetchSlideDense-v3::1,0.37461992658445165,0.3745876956835299,3.2230900921748074e-05,9.314039464207655,5.44424790906172,6.276057816047549,2.361246046168662
4,swm/FetchSlideDense-v3::182::44,swm/FetchSlideDense-v3::419::45,swm/FetchSlideDense-v3::182,swm/FetchSlideDense-v3::419,0.37468231911182903,0.37469360730676604,1.1288194937009166e-05,5.711565878414093,6.154587196187317,1.4094193855954746,0.4992727600411344
5,swm/FetchPushDense-v3::104::4,swm/FetchSlideDense-v3::324::33,swm/FetchPushDense-v3::104,swm/FetchSlideDense-v3::324,0.37685427688390694,0.3768464708584104,7.806025496548408e-06,6.056519996203145,4.357029409000076,4.183598542751198,0.5949722337230325
5,swm/FetchSlideDense-v3::331::12,swm/FetchPushDense-v3::35::12,swm/FetchSlideDense-v3::331,swm/FetchPushDense-v3::35,0.37762592338696893,0.3776342863579695,8.36297100054173e-06,6.634109398388685,5.309694324480563,3.5049016884405506,2.251600460639397
5,swm/FetchPushDense-v3::317::4,swm/FetchSlideDense-v3::408::40,swm/FetchPushDense-v3::317,swm/FetchSlideDense-v3::408,0.3823200908667048,0.3824018421216314,8.175125492659863e-05,4.611984583837234,5.569278494371719,3.2267383305302224,0.5173780227813438
5,swm/FetchPushDense-v3::45::4,swm/FetchSlideDense-v3::278::38,swm/FetchPushDense-v3::45,swm/FetchSlideDense-v3::278,0.38410386872911917,0.3840910866188354,1.2782110283771075e-05,7.158703056847246,7.273576818752882,4.770988916979961,1.5832515967679264
5,swm/FetchSlideDense-v3::497::6,swm/FetchSlideDense-v3::53::7,swm/FetchSlideDense-v3::497,swm/FetchSlideDense-v3::53,0.38778232010021196,0.38771893676805513,6.338333215683001e-05,5.88282407267975,6.064433162772836,4.231672906834874,1.071870096972311
5,swm/FetchSlideDense-v3::202::7,swm/FetchSlideDense-v3::182::42,swm/FetchSlideDense-v3::202,swm/FetchSlideDense-v3::182,0.3886366655964938,0.3886981094681172,6.144387162343445e-05,7.193010638582894,5.52359063236548,4.513111300834017,0.6824215705136555
5,swm/FetchPushDense-v3::289::8,swm/FetchSlideDense-v3::100::45,swm/FetchPushDense-v3::289,swm/FetchSlideDense-v3::100,0.3887093169324001,0.3887854805873106,7.616365491053267e-05,4.794041076607136,3.4461025062074926,3.5471635160187693,0.7031600323852595
5,swm/FetchSlideDense-v3::274::5,swm/FetchSlideDense-v3::171::15,swm/FetchSlideDense-v3::274,swm/FetchSlideDense-v3::171,0.38964316588678893,0.38963518596530894,7.979921479994712e-06,5.437984404433837,5.252948272669023,4.156707145913952,0.5365317357633187
5,swm/FetchPushDense-v3::389::3,swm/FetchSlideDense-v3::71::24,swm/FetchPushDense-v3::389,swm/FetchSlideDense-v3::71,0.3898671129688558,0.38986808917449256,9.762056367712546e-07,8.088974725992689,5.13071124395332,4.787904198659532,0.6196647486541699
5,swm/FetchPushDense-v3::37::10,swm/FetchSlideDense-v3::447::42,swm/FetchPushDense-v3::37,swm/FetchSlideDense-v3::447,0.3903286812435519,0.39034355114893815,1.486990538623889e-05,4.855704276961361,4.258561352590854,5.901384527251667,0.9193357995007045
5,swm/FetchPushDense-v3::45::6,swm/FetchPushDense-v3::108::11,swm/FetchPushDense-v3::45,swm/FetchPushDense-v3::108,0.3920480889108801,0.3921197632961837,7.167438530358838e-05,5.862606967058466,5.28052259315194,3.26489455858525,0.9970684864741879
5,swm/FetchPushDense-v3::184::3,swm/FetchSlideDense-v3::455::23,swm/FetchPushDense-v3::184,swm/FetchSlideDense-v3::455,0.3922073199027111,0.3922578174153098,5.0497512598668415e-05,6.9753811734839095,5.118105363730859,3.686995605909051,0.7572439018078294
5,swm/FetchSlideDense-v3::494::39,swm/FetchPushDense-v3::35::4,swm/FetchSlideDense-v3::494,swm/FetchPushDense-v3::35,0.39447038212144797,0.39447983853796875,9.456416520781108e-06,5.131878225009558,6.348160586056525,2.706053100091326,4.208980557946596
5,swm/FetchPushDense-v3::239::9,swm/FetchSlideDense-v3::326::40,swm/FetchPushDense-v3::239,swm/FetchSlideDense-v3::326,0.39449756907263867,0.3946042191938482,0.00010665012120952833,7.108179529163851,6.025832403935188,5.85340963731926,0.49099001576984297
5,swm/FetchPushDense-v3::108::3,swm/FetchSlideDense-v3::331::5,swm/FetchPushDense-v3::108,swm/FetchSlideDense-v3::331,0.3948452913526052,0.3948242432938188,2.1048058786388157e-05,7.4123125294731285,4.489958074555464,5.929736110743773,1.4640561188654815
5,swm/FetchPushDense-v3::167::9,swm/FetchSlideDense-v3::64::3,swm/FetchPushDense-v3::167,swm/FetchSlideDense-v3::64,0.3958575066641299,0.39592447238601075,6.69657218808628e-05,5.0654883018833665,5.034826899536943,5.3022187841831245,0.770982407963233
5,swm/FetchPushDense-v3::219::3,swm/FetchSlideDense-v3::53::27,swm/FetchPushDense-v3::219,swm/FetchSlideDense-v3::53,0.3966281704091972,0.3966331665386631,4.9961294659173205e-06,7.175022522534016,4.292642969463922,5.562252646150349,0.7604728344102841
5,swm/FetchPushDense-v3::69::15,swm/FetchSlideDense-v3::374::5,swm/FetchPushDense-v3::69,swm/FetchSlideDense-v3::374,0.3970483505782414,0.39701999021469647,2.836036354492144e-05,5.195432085867393,5.417170830394427,3.148608142716713,1.1347938656040453
5,swm/FetchPushDense-v3::370::8,swm/FetchSlideDense-v3::326::39,swm/FetchPushDense-v3::370,swm/FetchSlideDense-v3::326,0.3970733735124181,0.397121941983349,4.856847093087646e-05,5.291285824546244,6.385315068028146,4.117030795648504,0.5268009159134889
5,swm/FetchSlideDense-v3::20::3,swm/FetchSlideDense-v3::317::7,swm/FetchSlideDense-v3::20,swm/FetchSlideDense-v3::317,0.3993785235325254,0.3994160068090057,3.748327648028793e-05,7.118828211335241,6.308493459158598,4.019884543721876,2.514763940453372
5,swm/FetchPushDense-v3::69::14,swm/FetchSlideDense-v3::485::15,swm/FetchPushDense-v3::69,swm/FetchSlideDense-v3::485,0.4019074694019773,0.4018407317157965,6.673768618081777e-05,3.7481646786932914,3.58469604745624,2.9116967830285754,0.45122109884932804
5,swm/FetchSlideDense-v3::240::26,swm/FetchSlideDense-v3::449::47,swm/FetchSlideDense-v3::240,swm/FetchSlideDense-v3::449,0.4019385045313776,0.40182394187647197,0.00011456265490561446,5.57945825953696,7.387065117409891,3.586953138069888,0.6620829781112154
5,swm/FetchPushDense-v3::198::9,swm/FetchSlideDense-v3::476::47,swm/FetchPushDense-v3::198,swm/FetchSlideDense-v3::476,0.40260075713335586,0.40255292809623167,4.782903712419184e-05,4.773433932150315,7.53974745307175,4.654104188600033,0.7659821325547551
5,swm/FetchPushDense-v3::347::6,swm/FetchSlideDense-v3::473::27,swm/FetchPushDense-v3::347,swm/FetchSlideDense-v3::473,0.4043090137349093,0.4043573708171726,4.835708226330615e-05,3.991004737773231,8.700022509425809,3.032837819535364,7.999448430405321
5,swm/FetchPushDense-v3::339::3,swm/FetchSlideDense-v3::53::18,swm/FetchPushDense-v3::339,swm/FetchSlideDense-v3::53,0.40457826043703904,0.4045334602553222,4.4800181716819765e-05,6.933048940563039,4.275457790562204,3.5384864538872516,0.5200160028700096
5,swm/FetchPushDense-v3::260::3,swm/FetchSlideDense-v3::153::45,swm/FetchPushDense-v3::260,swm/FetchSlideDense-v3::153,0.4051698095437126,0.405150502417186,1.9307126526646456e-05,8.513494496509528,6.914484230527255,5.633951796724699,0.7609152588432422
5,swm/FetchPushDense-v3::292::9,swm/FetchSlideDense-v3::449::49,swm/FetchPushDense-v3::292,swm/FetchSlideDense-v3::449,0.40679647356491333,0.4067947219753687,1.751589544629617e-06,3.9265926984713793,7.449467208751911,3.385125988183936,0.5959027658309577
5,swm/FetchSlideDense-v3::262::7,swm/FetchPushDense-v3::84::18,swm/FetchSlideDense-v3::262,swm/FetchPushDense-v3::84,0.4071238686437497,0.40709783629770435,2.6032346045368193e-05,6.277000234988759,5.324451606263778,2.5808747810044084,3.6018363613995823
5,swm/FetchPushDense-v3::69::16,swm/FetchPushDense-v3::317::37,swm/FetchPushDense-v3::69,swm/FetchPushDense-v3::317,0.408128850529731,0.40818742319222034,5.857266248932014e-05,4.679114260240388,4.563647225847282,4.533346231312083,1.9081838069782655
5,swm/FetchPushDense-v3::481::18,swm/FetchSlideDense-v3::467::45,swm/FetchPushDense-v3::481,swm/FetchSlideDense-v3::467,0.40817482956710216,0.4080114677334821,0.00016336183362003487,4.818919577259026,5.539624525386696,3.841785726227684,0.5456930992080802
5,swm/FetchPushDense-v3::486::4,swm/FetchSlideDense-v3::196::24,swm/FetchPushDense-v3::486,swm/FetchSlideDense-v3::196,0.4088699188455217,0.4089205718126261,5.065296710438094e-05,6.459480562816377,4.306033486727086,4.259607727626727,0.7140484879111263
5,swm/FetchSlideDense-v3::145::16,swm/FetchPushDense-v3::289::10,swm/FetchSlideDense-v3::145,swm/FetchPushDense-v3::289,0.40977502593900195,0.40977797908049296,2.9531414910133336e-06,5.477513800573061,4.6641365654666,3.767859264412301,3.575877118623757
5,swm/FetchSlideDense-v3::121::16,swm/FetchPushDense-v3::268::6,swm/FetchSlideDense-v3::121,swm/FetchPushDense-v3::268,0.40996118450662616,0.40998656231558506,2.5377808958892967e-05,6.060512233672913,4.596181741282347,3.9325748679014203,3.1685446992171555
5,swm/FetchPushDense-v3::201::3,swm/FetchPushDense-v3::452::19,swm/FetchPushDense-v3::201,swm/FetchPushDense-v3::452,0.4108105469198678,0.41081722948516264,6.682565294846565e-06,6.385182198411668,3.9980775692925095,3.61722318698993,0.700290362893714
5,swm/FetchSlideDense-v3::100::17,swm/FetchSlideDense-v3::455::25,swm/FetchSlideDense-v3::100,swm/FetchSlideDense-v3::455,0.41173138116165486,0.4117424339741771,1.1052812522227562e-05,6.431707026502211,4.5138430936204506,4.111062818842943,0.5892797282084047
5,swm/FetchPushDense-v3::158::5,swm/FetchPushDense-v3::92::17,swm/FetchPushDense-v3::158,swm/FetchPushDense-v3::92,0.4120839291241193,0.4120980756777012,1.4146553581895205e-05,7.722186748222222,4.529556417445846,4.582310668404483,3.5414895181042176
5,swm/FetchPushDense-v3::438::25,swm/FetchPushDense-v3::405::5,swm/FetchPushDense-v3::438,swm/FetchPushDense-v3::405,0.4123385841638063,0.4122741690080694,6.44151557369077e-05,6.008264439653992,5.045650227077022,4.537404731935714,3.6338075773682172
5,swm/FetchSlideDense-v3::324::11,swm/FetchSlideDense-v3::41::28,swm/FetchSlideDense-v3::324,swm/FetchSlideDense-v3::41,0.41290535354464886,0.41285969034409425,4.5663200554602046e-05,6.678439685037819,5.44595341769624,5.390811086057079,1.1200872012355911
5,swm/FetchPushDense-v3::198::10,swm/FetchSlideDense-v3::153::43,swm/FetchPushDense-v3::198,swm/FetchSlideDense-v3::153,0.4129565815477556,0.41311331277308505,0.00015673122532944284,8.085150972881268,6.978569280056266,5.822078229684527,0.6386033439285572
5,swm/FetchSlideDense-v3::100::47,swm/FetchSlideDense-v3::16::18,swm/FetchSlideDense-v3::100,swm/FetchSlideDense-v3::16,0.4130879380565299,0.41315893921926744,7.100116273756063e-05,8.395007559140229,7.138067238483647,4.418905136813883,1.2709681403204345
5,swm/FetchPushDense-v3::292::8,swm/FetchSlideDense-v3::182::37,swm/FetchPushDense-v3::292,swm/FetchSlideDense-v3::182,0.4144846819067823,0.41450845375950685,2.377185272456339e-05,3.5839497007353156,5.84453706586908,3.044431501398929,0.6161469032863842
5,swm/FetchPushDense-v3::483::7,swm/FetchSlideDense-v3::53::3,swm/FetchPushDense-v3::483,swm/FetchSlideDense-v3::53,0.4146587310164701,0.41467422659028397,1.5495573813861796e-05,6.620173965253982,8.011243019154401,4.585642382389021,7.316030320097782
5,swm/FetchPushDense-v3::210::3,swm/FetchSlideDense-v3::305::5,swm/FetchPushDense-v3::210,swm/FetchSlideDense-v3::305,0.41520489916037195,0.4151708599341296,3.40392262423439e-05,5.825534902848456,4.314433601437564,3.0564955465837373,1.0418166398579116
5,swm/FetchSlideDense-v3::346::21,swm/FetchSlideDense-v3::171::42,swm/FetchSlideDense-v3::346,swm/FetchSlideDense-v3::171,0.41525434891855295,0.4152764556689833,2.2106750430350708e-05,7.356652651221191,6.532795231073982,4.325585935141998,0.7179103398384059
5,swm/FetchSlideDense-v3::100::41,swm/FetchPushDense-v3::272::4,swm/FetchSlideDense-v3::100,swm/FetchPushDense-v3::272,0.41685435674248567,0.41685261297588877,1.7437665968955685e-06,6.200613050547978,8.200475878256748,2.591048165333473,3.9797897045392747
5,swm/FetchPushDense-v3::289::3,swm/FetchSlideDense-v3::161::16,swm/FetchPushDense-v3::289,swm/FetchSlideDense-v3::161,0.4172928170538535,0.4172971742589733,4.357205119764895e-06,8.289593656861967,4.569119266069854,4.764894873728936,0.5467934218821241
5,swm/FetchSlideDense-v3::155::15,swm/FetchPushDense-v3::23::7,swm/FetchSlideDense-v3::155,swm/FetchPushDense-v3::23,0.4174792097967398,0.41749995165533194,2.0741858592132623e-05,6.607563714416585,9.11343916048387,4.019252348220475,7.537529419350812
5,swm/FetchPushDense-v3::499::3,swm/FetchSlideDense-v3::436::29,swm/FetchPushDense-v3::499,swm/FetchSlideDense-v3::436,0.4177273238211809,0.41791712648410473,0.00018980266292384362,6.252281110836945,7.690518332212065,6.136590555469404,6.130427115164299
5,swm/FetchPushDense-v3::481::16,swm/FetchPushDense-v3::92::18,swm/FetchPushDense-v3::481,swm/FetchPushDense-v3::92,0.418663011251605,0.4186107059822307,5.2305269374275376e-05,4.7388160964559995,4.671038373608593,2.895447416605901,2.323817614145845
5,swm/FetchPushDense-v3::322::9,swm/FetchPushDense-v3::386::24,swm/FetchPushDense-v3::322,swm/FetchPushDense-v3::386,0.41883183037505084,0.4187503427790424,8.148759600845601e-05,7.035348446857321,3.8730259908395577,5.381866907378834,0.6628999694961826
5,swm/FetchSlideDense-v3::261::4,swm/FetchSlideDense-v3::449::36,swm/FetchSlideDense-v3::261,swm/FetchSlideDense-v3::449,0.41925038772615786,0.419254587315161,4.199589003162085e-06,5.76667183574699,7.249724083938012,1.9311706757017768,0.47774939070043954
5,swm/FetchSlideDense-v3::95::12,swm/FetchSlideDense-v3::322::17,swm/FetchSlideDense-v3::95,swm/FetchSlideDense-v3::322,0.4209154386857063,0.4208878885942558,2.7550091450501135e-05,5.217785462634424,4.222530269484848,3.3591580542315365,0.4748544599588962
5,swm/FetchPushDense-v3::15::11,swm/FetchSlideDense-v3::238::27,swm/FetchPushDense-v3::15,swm/FetchSlideDense-v3::238,0.421141643276552,0.4208799103261392,0.0002617329504128185,5.581514946023138,6.399884245734921,3.959744168001464,0.7172799249598412
5,swm/FetchPushDense-v3::292::6,swm/FetchSlideDense-v3::161::38,swm/FetchPushDense-v3::292,swm/FetchSlideDense-v3::161,0.42121211533860803,0.42146494711410953,0.00025283177550150526,3.4895912872862613,3.9745982917668883,2.207840682496231,1.2195292027259248
5,swm/FetchSlideDense-v3::81::17,swm/FetchSlideDense-v3::182::39,swm/FetchSlideDense-v3::81,swm/FetchSlideDense-v3::182,0.4220761273154874,0.4221075392782444,3.141196275702196e-05,6.0859423122335565,5.425595201614699,2.7981317309241436,0.7081881479617067
5,swm/FetchSlideDense-v3::352::25,swm/FetchPushDense-v3::257::11,swm/FetchSlideDense-v3::352,swm/FetchPushDense-v3::257,0.4223802254087451,0.4222372943875842,0.00014293102116086365,6.178720259786451,4.23003599434061,3.465225446034759,1.4375437141361704
5,swm/FetchPushDense-v3::314::3,swm/FetchPushDense-v3::22::4,swm/FetchPushDense-v3::314,swm/FetchPushDense-v3::22,0.4229169726967343,0.42285366557874315,6.330711799112931e-05,5.7469389477674255,7.6046164717821965,4.855729140386843,3.3846335410971946
5,swm/FetchSlideDense-v3::441::5,swm/FetchPushDense-v3::192::15,swm/FetchSlideDense-v3::441,swm/FetchPushDense-v3::192,0.4229322961957619,0.4230354499202814,0.00010315372451952243,9.63830273057189,4.597740270552659,5.973384541627206,2.4605996468449285
5,swm/FetchSlideDense-v3::217::9,swm/FetchPushDense-v3::426::10,swm/FetchSlideDense-v3::217,swm/FetchPushDense-v3::426,0.4230800813856358,0.4231207655220941,4.0684136458302156e-05,5.846552750384263,4.999637332961603,4.154704618154899,2.9291342115580763
5,swm/FetchSlideDense-v3::14::8,swm/FetchPushDense-v3::61::40,swm/FetchSlideDense-v3::14,swm/FetchPushDense-v3::61,0.42368107079363926,0.42336159523774314,0.0003194755558961204,7.219188486310452,3.02293718895264,3.2392688175979836,1.899245069302442
5,swm/FetchPushDense-v3::471::16,swm/FetchPushDense-v3::219::9,swm/FetchPushDense-v3::471,swm/FetchPushDense-v3::219,0.4242377175919383,0.4242365930459737,1.1245459645703448e-06,5.1395142782015295,5.767181714526857,2.4269989512755044,4.564180583057878
5,swm/FetchPushDense-v3::471::15,swm/FetchSlideDense-v3::396::38,swm/FetchPushDense-v3::471,swm/FetchSlideDense-v3::396,0.4246718346409732,0.42464937980481626,2.245483615692656e-05,4.922588638988245,4.025893732391971,3.3385154310787204,0.3983380731369871
5,swm/FetchPushDense-v3::96::3,swm/FetchPushDense-v3::386::22,swm/FetchPushDense-v3::96,swm/FetchPushDense-v3::386,0.4249152698607872,0.4249487135086011,3.3443647813879984e-05,6.963635026833671,3.672239809997681,3.187618857671681,0.6801549706321413
6,swm/FetchPushDense-v3::239::7,swm/FetchPushDense-v3::125::24,swm/FetchPushDense-v3::239,swm/FetchPushDense-v3::125,0.4264860931124112,0.4264898795149881,3.7864025769218657e-06,5.748775370513692,3.675749480437709,4.673711729767703,0.5633444686170422
6,swm/FetchSlideDense-v3::21::7,swm/FetchSlideDense-v3::54::14,swm/FetchSlideDense-v3::21,swm/FetchSlideDense-v3::54,0.42717342279224757,0.42724843777939026,7.501498714268529e-05,6.366263898191167,3.7364343422998507,2.7070223726726477,0.6871367620906191
6,swm/FetchPushDense-v3::409::4,swm/FetchSlideDense-v3::187::21,swm/FetchPushDense-v3::409,swm/FetchSlideDense-v3::187,0.4273856487939568,0.42737835477035685,7.294023599946353e-06,7.26716875792502,8.400570698639987,2.7117921909852667,4.626438424653027
6,swm/FetchSlideDense-v3::203::19,swm/FetchPushDense-v3::339::4,swm/FetchSlideDense-v3::203,swm/FetchPushDense-v3::339,0.4278827459514174,0.4279770109705415,9.426501912412899e-05,6.145084746808205,8.740507211582996,3.1500875516375215,6.294594735164819
6,swm/FetchSlideDense-v3::350::14,swm/FetchPushDense-v3::386::21,swm/FetchSlideDense-v3::350,swm/FetchPushDense-v3::386,0.428039040979486,0.42798022932642155,5.8811653064427816e-05,6.269176205864696,3.6691596218556954,3.8295087781866477,0.758317505035615
6,swm/FetchSlideDense-v3::258::6,swm/FetchSlideDense-v3::256::48,swm/FetchSlideDense-v3::258,swm/FetchSlideDense-v3::256,0.4290505306984586,0.42901527188127486,3.525881718374757e-05,7.216160917985187,5.456082304389791,2.3469626447692375,0.38627915766040055
6,swm/FetchPushDense-v3::352::3,swm/FetchSlideDense-v3::256::40,swm/FetchPushDense-v3::352,swm/FetchSlideDense-v3::256,0.4292150804913163,0.4293280422490364,0.0001129617577201314,8.761441323334294,6.097039427089038,4.912218615249506,0.5433460214585443
6,swm/FetchSlideDense-v3::258::13,swm/FetchSlideDense-v3::41::25,swm/FetchSlideDense-v3::258,swm/FetchSlideDense-v3::41,0.4296809022022559,0.42965721540040425,2.3686801851663386e-05,3.72428451531027,5.677126547033687,1.7899378587710848,0.8708873586842887
6,swm/FetchPushDense-v3::405::3,swm/FetchPushDense-v3::177::12,swm/FetchPushDense-v3::405,swm/FetchPushDense-v3::177,0.4303948417414699,0.43064325475007065,0.0002484130086007341,6.287504232143811,3.4181832845765316,3.4099518328917617,1.524702784171064
6,swm/FetchPushDense-v3::144::10,swm/FetchSlideDense-v3::343::9,swm/FetchPushDense-v3::144,swm/FetchSlideDense-v3::343,0.4308851658598881,0.4309744056041164,8.923974422825331e-05,4.505566654046697,4.361385818648275,3.8638529951162845,0.6166961475406065
6,swm/FetchPushDense-v3::219::5,swm/FetchPushDense-v3::292::35,swm/FetchPushDense-v3::219,swm/FetchPushDense-v3::292,0.4324404365619774,0.4322750295254617,0.00016540703651568567,5.208742996525686,5.580484477469653,4.695779606479291,0.6391156748153252
6,swm/FetchSlideDense-v3::322::10,swm/FetchSlideDense-v3::161::43,swm/FetchSlideDense-v3::322,swm/FetchSlideDense-v3::161,0.43338347015498613,0.4332831816015634,0.00010028855342270049,6.386634304679825,3.7495491750324508,2.9025639664104212,0.7384551379212212
6,swm/FetchPushDense-v3::227::7,swm/FetchPushDense-v3::268::39,swm/FetchPushDense-v3::227,swm/FetchPushDense-v3::268,0.4335475957467454,0.4335701866868088,2.2590940063405007e-05,7.791117242473992,3.7137244342131757,4.316649558913744,0.7335396543834501
6,swm/FetchPushDense-v3::330::6,swm/FetchPushDense-v3::104::10,swm/FetchPushDense-v3::330,swm/FetchPushDense-v3::104,0.433942187052273,0.433888166515803,5.402053647002303e-05,9.439835399071915,3.93324049892135,5.986516062857145,0.7708768646342626
6,swm/FetchPushDense-v3::253::7,swm/FetchSlideDense-v3::450::13,swm/FetchPushDense-v3::253,swm/FetchSlideDense-v3::450,0.43457078997594695,0.4345390935561898,3.1696419757143435e-05,6.566799537447003,4.114995303170051,3.870736524513413,1.4877651256785906
6,swm/FetchPushDense-v3::45::7,swm/FetchSlideDense-v3::343::8,swm/FetchPushDense-v3::45,swm/FetchSlideDense-v3::343,0.4347209132681872,0.43460821980335484,0.00011269346483233633,4.446261597826714,4.058723056127422,3.106495345926142,0.6671839367670758
6,swm/FetchPushDense-v3::471::17,swm/FetchPushDense-v3::292::37,swm/FetchPushDense-v3::471,swm/FetchPushDense-v3::292,0.4354071098495402,0.4354098141200494,2.704270509246154e-06,4.920339209364904,5.7340312460439335,2.9408942205708426,0.598993533837907
6,swm/FetchPushDense-v3::158::3,swm/FetchSlideDense-v3::317::44,swm/FetchPushDense-v3::158,swm/FetchSlideDense-v3::317,0.43569826630454267,0.4356672519990976,3.1014305445054013e-05,5.880776018287438,5.157452739659487,5.433230052716187,0.6479617136587739
6,swm/FetchPushDense-v3::69::17,swm/FetchPushDense-v3::409::9,swm/FetchPushDense-v3::69,swm/FetchPushDense-v3::409,0.4360759072832632,0.4359823157707136,9.359151254956233e-05,7.804245965799188,5.4125270924484505,5.674624080980139,3.38934553140373
6,swm/FetchSlideDense-v3::223::22,swm/FetchSlideDense-v3::40::4,swm/FetchSlideDense-v3::223,swm/FetchSlideDense-v3::40,0.43629561676264333,0.43627480947295205,2.0807289691282538e-05,4.69180198756528,4.769740135898629,2.8743346461863672,0.778086852430598
6,swm/FetchPushDense-v3::118::5,swm/FetchSlideDense-v3::310::22,swm/FetchPushDense-v3::118,swm/FetchSlideDense-v3::310,0.4364932462899843,0.43640094448505623,9.230180492808548e-05,6.524756930079612,5.0788503583752584,6.42287002989799,1.5562704494291617
6,swm/FetchPushDense-v3::219::20,swm/FetchPushDense-v3::292::36,swm/FetchPushDense-v3::219,swm/FetchPushDense-v3::292,0.43883482604922436,0.438769407667984,6.541838124035637e-05,4.280394385481758,5.62923656520523,2.8618225305310765,0.6240970791715343
6,swm/FetchPushDense-v3::15::9,swm/FetchPushDense-v3::257::3,swm/FetchPushDense-v3::15,swm/FetchPushDense-v3::257,0.43963442745149206,0.43953495341765525,9.947403383681053e-05,5.837136527560999,6.717890465707664,4.453624762793083,2.9867747500479447
6,swm/FetchPushDense-v3::405::9,swm/FetchPushDense-v3::386::31,swm/FetchPushDense-v3::405,swm/FetchPushDense-v3::386,0.439827726339591,0.4398275886333601,1.377062309182442e-07,3.954335445222644,3.6830286886764765,2.0227297529392647,0.5893177198526107
6,swm/FetchPushDense-v3::92::15,swm/FetchSlideDense-v3::279::8,swm/FetchPushDense-v3::92,swm/FetchSlideDense-v3::279,0.4417393646694465,0.4416141820397883,0.00012518262965821592,4.281897086051946,4.0734752275863135,2.2023056048758667,1.158846821561795
6,swm/FetchPushDense-v3::219::18,swm/FetchPushDense-v3::92::10,swm/FetchPushDense-v3::219,swm/FetchPushDense-v3::92,0.44343751031776635,0.4433750310735746,6.247924419172657e-05,4.687082620685425,7.263388531415813,3.2695745223598283,4.815703511657595
6,swm/FetchPushDense-v3::167::4,swm/FetchSlideDense-v3::374::36,swm/FetchPushDense-v3::167,swm/FetchSlideDense-v3::374,0.4441787213389575,0.4440639352912549,0.000114786047702653,5.318857122786203,4.549349719687087,3.216402864672776,1.0176940708829918
6,swm/FetchPushDense-v3::144::8,swm/FetchPushDense-v3::484::11,swm/FetchPushDense-v3::144,swm/FetchPushDense-v3::484,0.44505596845477957,0.44504926494122254,6.70351355702703e-06,4.336200315063257,11.10268571009107,2.754252880668277,8.116599951091708
6,swm/FetchSlideDense-v3::331::4,swm/FetchPushDense-v3::45::9,swm/FetchSlideDense-v3::331,swm/FetchPushDense-v3::45,0.44700811786793215,0.44704196656602785,3.384869809569535e-05,4.427216606680436,6.968574065536123,1.281466661591958,6.531527602067639
6,swm/FetchPushDense-v3::272::5,swm/FetchPushDense-v3::386::5,swm/FetchPushDense-v3::272,swm/FetchPushDense-v3::386,0.44752675330250946,0.44747940789117835,4.734541133111225e-05,4.740860794436275,6.4908289111921595,2.91381053763704,4.683937556376461
6,swm/FetchPushDense-v3::289::17,swm/FetchPushDense-v3::214::16,swm/FetchPushDense-v3::289,swm/FetchPushDense-v3::214,0.44833584963754713,0.4482794371162181,5.6412521329041176e-05,4.233350112572161,4.029765410467416,3.1798533504136315,1.2982348231051213
6,swm/FetchPushDense-v3::192::9,swm/FetchSlideDense-v3::441::3,swm/FetchPushDense-v3::192,swm/FetchSlideDense-v3::441,0.4483902870865967,0.44851498332465334,0.0001246962380566652,6.1635090605047305,4.694641084623725,4.658183902922571,1.5451719016674597
6,swm/FetchPushDense-v3::92::14,swm/FetchPushDense-v3::239::15,swm/FetchPushDense-v3::92,swm/FetchPushDense-v3::239,0.4488428031301561,0.44886342801000295,2.0624879846831146e-05,4.786018928851281,4.168312710417994,4.226003387708948,2.2895962982273224
6,swm/FetchSlideDense-v3::153::6,swm/FetchSlideDense-v3::37::24,swm/FetchSlideDense-v3::153,swm/FetchSlideDense-v3::37,0.4503188098585796,0.4502268140815633,9.199577701629602e-05,7.221557552702798,8.789048134322378,3.625577689971953,15.52292103004687
6,swm/FetchPushDense-v3::382::6,swm/FetchPushDense-v3::405::10,swm/FetchPushDense-v3::382,swm/FetchPushDense-v3::405,0.45068647054926014,0.45041698217056403,0.0002694883786961144,5.968438943151821,3.3359590010848845,4.365750520103178,1.5285357716695067
6,swm/FetchPushDense-v3::487::4,swm/FetchPushDense-v3::223::13,swm/FetchPushDense-v3::487,swm/FetchPushDense-v3::223,0.4507842207018655,0.45106795413802436,0.0002837334361588395,10.851642886432325,10.88583665474332,5.392700051578802,5.243170514537284
6,swm/FetchPushDense-v3::227::3,swm/FetchSlideDense-v3::369::35,swm/FetchPushDense-v3::227,swm/FetchSlideDense-v3::369,0.45091318211993003,0.4511370939549,0.0002239118349699476,6.635392632030301,4.799869640084077,3.407389457429718,1.2436299875064372
6,swm/FetchPushDense-v3::169::8,swm/FetchSlideDense-v3::39::42,swm/FetchPushDense-v3::169,swm/FetchSlideDense-v3::39,0.4514932991449451,0.45144552004263677,4.777910230835403e-05,5.379932862829564,4.995869500109363,3.5516636571891413,0.890416259669332
6,swm/FetchPushDense-v3::481::17,swm/FetchSlideDense-v3::449::44,swm/FetchPushDense-v3::481,swm/FetchSlideDense-v3::449,0.45184008824310284,0.4517612785668072,7.880967629564362e-05,4.464388617287318,6.812423758759459,2.957449283759008,0.5801381211133902
6,swm/FetchSlideDense-v3::2::15,swm/FetchPushDense-v3::389::10,swm/FetchSlideDense-v3::2,swm/FetchPushDense-v3::389,0.45292619531885275,0.4528911258099091,3.5069508943663674e-05,6.115861371115351,7.798201790056691,2.7056252600987736,4.276869543640353
6,swm/FetchSlideDense-v3::39::19,swm/FetchSlideDense-v3::357::5,swm/FetchSlideDense-v3::39,swm/FetchSlideDense-v3::357,0.45381833271437705,0.45379356217712286,2.477053725419287e-05,6.805019189749677,4.892960923636313,3.3032988891513306,1.0335889812348724
6,swm/FetchPushDense-v3::22::17,swm/FetchPushDense-v3::35::19,swm/FetchPushDense-v3::22,swm/FetchPushDense-v3::35,0.45434109068164685,0.45444410925817935,0.00010301857653249868,7.0969931860604785,2.0213911290253574,5.891542357660733,2.087705220441331
6,swm/FetchSlideDense-v3::240::29,swm/FetchPushDense-v3::292::18,swm/FetchSlideDense-v3::240,swm/FetchPushDense-v3::292,0.454356153103063,0.4541899773647784,0.00016617573828459076,5.0525684329534695,5.808207592962207,2.6686790026484015,4.065958039915956
6,swm/FetchPushDense-v3::45::5,swm/FetchSlideDense-v3::396::43,swm/FetchPushDense-v3::45,swm/FetchSlideDense-v3::396,0.454513509784302,0.4546559479271288,0.00014243814282682843,4.637577016436964,5.270989699457374,2.8519619734114876,0.6179724149992469
6,swm/FetchPushDense-v3::337::7,swm/FetchSlideDense-v3::182::15,swm/FetchPushDense-v3::337,swm/FetchSlideDense-v3::182,0.45471714843673666,0.4547453575943814,2.8209157644731864e-05,8.028415957220245,5.177777244571597,6.510340070095877,0.5009771469084324
6,swm/FetchSlideDense-v3::101::7,swm/FetchSlideDense-v3::392::21,swm/FetchSlideDense-v3::101,swm/FetchSlideDense-v3::392,0.4567756513879456,0.4567442403788513,3.14110090943176e-05,5.6771533093785465,5.563155085244281,2.7703214558665197,1.523675411546689
6,swm/FetchPushDense-v3::289::5,swm/FetchPushDense-v3::330::3,swm/FetchPushDense-v3::289,swm/FetchPushDense-v3::330,0.45763812302974594,0.4576061681061011,3.195492364482799e-05,4.733837803212905,8.784875273543362,2.906543591818303,5.635328319527921
6,swm/FetchPushDense-v3::438::19,swm/FetchPushDense-v3::303::18,swm/FetchPushDense-v3::438,swm/FetchPushDense-v3::303,0.4576938732771252,0.4577319046550077,3.8031377882497e-05,5.813039611935947,6.091783723869905,4.798530788942273,4.498779332922899
6,swm/FetchPushDense-v3::210::6,swm/FetchSlideDense-v3::1::45,swm/FetchPushDense-v3::210,swm/FetchSlideDense-v3::1,0.4583058764408091,0.45815213406117233,0.00015374237963677873,5.858231509670173,6.327910717001193,2.734852050153615,0.5028576488412991
6,swm/FetchPushDense-v3::169::6,swm/FetchSlideDense-v3::1::33,swm/FetchPushDense-v3::169,swm/FetchSlideDense-v3::1,0.4587216205631941,0.4588050485512061,8.342798801197482e-05,4.890385676911736,6.429525052596164,5.0690254054990165,0.6342711531786388
6,swm/FetchPushDense-v3::112::12,swm/FetchPushDense-v3::292::40,swm/FetchPushDense-v3::112,swm/FetchPushDense-v3::292,0.46022054620211084,0.46005935366265527,0.000161192539455568,7.299183815141079,5.7516991720417225,7.369173212948172,0.661936342795386
6,swm/FetchSlideDense-v3::53::8,swm/FetchSlideDense-v3::256::36,swm/FetchSlideDense-v3::53,swm/FetchSlideDense-v3::256,0.4607527254114687,0.4607015253818596,5.1200029609121955e-05,12.080494875440664,6.012161813524524,7.187989878637519,0.4417717285449346
6,swm/FetchPushDense-v3::386::3,swm/FetchSlideDense-v3::217::43,swm/FetchPushDense-v3::386,swm/FetchSlideDense-v3::217,0.46352019800090927,0.46355753972508856,3.7341724179296154e-05,8.349096009201045,3.7334457751722803,3.733035330300332,2.3646426795663147
6,swm/FetchSlideDense-v3::450::9,swm/FetchPushDense-v3::104::7,swm/FetchSlideDense-v3::450,swm/FetchPushDense-v3::104,0.46439504340447546,0.4645485407680698,0.00015349736359432375,5.047371581135031,6.76956613529555,1.8885658348455234,3.836368395992939
6,swm/FetchSlideDense-v3::240::5,swm/FetchPushDense-v3::415::11,swm/FetchSlideDense-v3::240,swm/FetchPushDense-v3::415,0.46479994285088944,0.46481094553976876,1.1002688879324651e-05,8.57506773184861,4.902509271205976,5.219579707824003,2.2710442638011514
6,swm/FetchSlideDense-v3::494::14,swm/FetchPushDense-v3::125::11,swm/FetchSlideDense-v3::494,swm/FetchPushDense-v3::125,0.4658350612064107,0.46597649172946065,0.00014143052304993464,6.498377471816568,4.0619632443458045,3.3150793697358405,0.9929549381485947
6,swm/FetchPushDense-v3::382::4,swm/FetchPushDense-v3::117::13,swm/FetchPushDense-v3::382,swm/FetchPushDense-v3::117,0.4663234995688605,0.4663204461177566,3.05345110390709e-06,4.122172552245595,23.257813561554443,3.9776536364426347,17.6784184151847
6,swm/FetchPushDense-v3::223::4,swm/FetchSlideDense-v3::262::32,swm/FetchPushDense-v3::223,swm/FetchSlideDense-v3::262,0.46728697036805067,0.4673646848910178,7.771452296712056e-05,8.998182901139378,3.9738660085420556,5.483395423301138,0.7258464446637938
6,swm/FetchSlideDense-v3::25::18,swm/FetchSlideDense-v3::16::22,swm/FetchSlideDense-v3::25,swm/FetchSlideDense-v3::16,0.467465380855807,0.46744470299001173,2.0677865795293293e-05,8.344312394778436,7.648066896142638,2.6074003277766704,4.6266847742308626
6,swm/FetchPushDense-v3::196::7,swm/FetchSlideDense-v3::153::38,swm/FetchPushDense-v3::196,swm/FetchSlideDense-v3::153,0.46901147544355015,0.46906247635199916,5.1000908449005955e-05,6.459486047247888,6.196304568783904,4.893127367268676,0.6667190813178745
6,swm/FetchSlideDense-v3::39::43,swm/FetchSlideDense-v3::1::35,swm/FetchSlideDense-v3::39,swm/FetchSlideDense-v3::1,0.4692039104524186,0.4691234855006695,8.042495174909181e-05,7.2129692871211235,5.754082314100531,3.9849813186046843,0.4602308568817136
6,swm/FetchPushDense-v3::339::5,swm/FetchSlideDense-v3::419::3,swm/FetchPushDense-v3::339,swm/FetchSlideDense-v3::419,0.4707960990533888,0.4709131930460373,0.00011709399264847598,5.554136891652588,4.056615263135952,3.029234611784098,0.8965456027809394
6,swm/FetchPushDense-v3::317::14,swm/FetchPushDense-v3::339::9,swm/FetchPushDense-v3::317,swm/FetchPushDense-v3::339,0.47086340185083425,0.4707593894748161,0.00010401237601814772,8.860816775481677,3.6356291515400905,6.6950754704065085,1.203412441178481
6,swm/FetchPushDense-v3::481::9,swm/FetchPushDense-v3::486::8,swm/FetchPushDense-v3::481,swm/FetchPushDense-v3::486,0.47164241720014577,0.47164080744801495,1.6097521308156004e-06,5.831947583010121,3.940321689481879,4.467268063979319,3.1966810692890504
6,swm/FetchPushDense-v3::308::4,swm/FetchPushDense-v3::358::9,swm/FetchPushDense-v3::308,swm/FetchPushDense-v3::358,0.47185906767813246,0.47191020559767377,5.113791954131086e-05,5.6557772615494715,3.447823870837455,4.726883176487809,2.455645245382124
6,swm/FetchPushDense-v3::69::7,swm/FetchPushDense-v3::496::32,swm/FetchPushDense-v3::69,swm/FetchPushDense-v3::496,0.4722884356807944,0.4723159588072358,2.752312644138666e-05,3.5904135956489163,4.275588220504806,3.03406801895583,0.7299365345130413
6,swm/FetchSlideDense-v3::121::35,swm/FetchSlideDense-v3::153::22,swm/FetchSlideDense-v3::121,swm/FetchSlideDense-v3::153,0.4725271522167863,0.47247212601570365,5.5026201082664095e-05,6.059600120604759,6.720108158973742,2.5625295320565615,4.018675549607929
6,swm/FetchPushDense-v3::125::5,swm/FetchSlideDense-v3::54::9,swm/FetchPushDense-v3::125,swm/FetchSlideDense-v3::54,0.47299106796876156,0.4727729079602958,0.0002181600084657509,10.506137248631836,11.556317968981622,10.535571445951863,8.90097358957693
6,swm/FetchPushDense-v3::144::5,swm/FetchPushDense-v3::196::26,swm/FetchPushDense-v3::144,swm/FetchPushDense-v3::196,0.47311137137688214,0.4733537892644366,0.00024241788755446914,4.033686315971775,4.648504895823525,2.2561541716565734,3.919743703245323
6,swm/FetchSlideDense-v3::408::21,swm/FetchPushDense-v3::125::10,swm/FetchSlideDense-v3::408,swm/FetchPushDense-v3::125,0.4731489473182555,0.4728595067572522,0.00028944056100332904,7.596412759380171,4.611986494332484,3.116590613991059,0.8903460024072123
6,swm/FetchPushDense-v3::346::10,swm/FetchPushDense-v3::337::4,swm/FetchPushDense-v3::346,swm/FetchPushDense-v3::337,0.47365724076409954,0.473694129668502,3.6888904402454514e-05,5.205885684286968,6.220110518095107,4.169418693892074,3.7071093951177
6,swm/FetchPushDense-v3::219::19,swm/FetchPushDense-v3::144::9,swm/FetchPushDense-v3::219,swm/FetchPushDense-v3::144,0.47390329895187294,0.4738796432626411,2.3655689231849575e-05,4.073275987460011,3.055127897195021,1.5811049138319004,1.927602832577984
6,swm/FetchPushDense-v3::347::4,swm/FetchSlideDense-v3::66::3,swm/FetchPushDense-v3::347,swm/FetchSlideDense-v3::66,0.4741471210451543,0.4741828682335858,3.5747188431523025e-05,5.6973908445851755,4.687793120671762,4.481654096572222,0.8904879296609957
6,swm/FetchPushDense-v3::196::28,swm/FetchSlideDense-v3::48::40,swm/FetchPushDense-v3::196,swm/FetchSlideDense-v3::48,0.4742640165233092,0.47421233003234003,5.168649096914946e-05,4.688759978536131,5.384051971844958,3.784933393401435,0.8975718188387097
6,swm/FetchPushDense-v3::384::3,swm/FetchPushDense-v3::471::10,swm/FetchPushDense-v3::384,swm/FetchPushDense-v3::471,0.47497770190864874,0.4749288842388517,4.881766979702995e-05,11.085674022598408,4.922910541691977,8.985512971847154,4.581502183549245
6,swm/FetchPushDense-v3::471::18,swm/FetchSlideDense-v3::2::32,swm/FetchPushDense-v3::471,swm/FetchSlideDense-v3::2,0.4756271974739648,0.47549539783493666,0.00013179963902815173,4.588709088993179,4.632847771345324,2.558195589759236,0.9124807579132463
6,swm/FetchPushDense-v3::20::4,swm/FetchSlideDense-v3::305::14,swm/FetchPushDense-v3::20,swm/FetchSlideDense-v3::305,0.4759232207061167,0.47587301530231263,5.0205403804071125e-05,6.30182734098091,3.9045762446323424,4.4629135482372515,0.5788594127587976
6,swm/FetchSlideDense-v3::161::5,swm/FetchPushDense-v3::158::8,swm/FetchSlideDense-v3::161,swm/FetchPushDense-v3::158,0.47899248429469593,0.4792222328661446,0.00022974857144869576,7.7078018044046885,3.9579773845205355,5.973244520997436,0.9842319898868104
6,swm/FetchSlideDense-v3::357::41,swm/FetchSlideDense-v3::278::24,swm/FetchSlideDense-v3::357,swm/FetchSlideDense-v3::278,0.4811096811772966,0.4809108071643168,0.00019887401297979945,4.6073772001774005,8.106266747864659,1.574160801768209,4.28592601445544
6,swm/FetchPushDense-v3::415::10,swm/FetchPushDense-v3::169::9,swm/FetchPushDense-v3::415,swm/FetchPushDense-v3::169,0.4812795291408401,0.4813584540088399,7.89248679998189e-05,5.201943272475761,6.154654002229438,3.178327086342198,5.09527944091165
6,swm/FetchSlideDense-v3::217::32,swm/FetchPushDense-v3::386::6,swm/FetchSlideDense-v3::217,swm/FetchPushDense-v3::386,0.4812935711816282,0.48149777449111697,0.00020420330948878185,6.064694054908782,6.694286295335538,2.2420896573142772,4.570148336673637
6,swm/FetchSlideDense-v3::81::44,swm/FetchSlideDense-v3::161::39,swm/FetchSlideDense-v3::81,swm/FetchSlideDense-v3::161,0.48151995624398974,0.4815238471136979,3.890869708145228e-06,10.405723897350066,4.951177241091388,4.557621914980392,2.030664485012359
6,swm/FetchPushDense-v3::289::15,swm/FetchSlideDense-v3::145::49,swm/FetchPushDense-v3::289,swm/FetchSlideDense-v3::145,0.48269596062041353,0.48270181567587045,5.855055456915892e-06,4.145235076413646,3.1689052322332323,2.676562706813003,0.7682424301543812
6,swm/FetchPushDense-v3::346::4,swm/FetchSlideDense-v3::53::4,swm/FetchPushDense-v3::346,swm/FetchSlideDense-v3::53,0.482979838456147,0.48289846486996,8.137358618698354e-05,4.318151458967235,4.2366509751051975,3.3481647274183337,1.0755655037425766
6,swm/FetchPushDense-v3::69::13,swm/FetchPushDense-v3::177::30,swm/FetchPushDense-v3::69,swm/FetchPushDense-v3::177,0.48304164743936195,0.48318387465940105,0.00014222722003909283,4.0830037019668035,3.317325043416643,2.313030810385145,1.5446144759317013
6,swm/FetchPushDense-v3::96::5,swm/FetchPushDense-v3::350::9,swm/FetchPushDense-v3::96,swm/FetchPushDense-v3::350,0.4831526419016509,0.4834362872564353,0.0002836453547843676,5.112001307605534,3.988086499860254,3.2728244225033065,0.8256138189449623
6,swm/FetchPushDense-v3::68::6,swm/FetchPushDense-v3::414::8,swm/FetchPushDense-v3::68,swm/FetchPushDense-v3::414,0.4841589973634827,0.48405696455220304,0.00010203281127968422,7.306152180237643,3.6445633921653102,5.1294622868287885,2.601883359937672
6,swm/FetchPushDense-v3::192::3,swm/FetchPushDense-v3::375::6,swm/FetchPushDense-v3::192,swm/FetchPushDense-v3::375,0.4847112336362792,0.48481157307764355,0.00010033944136433881,4.205113193057663,6.068750626318636,2.6889874212526794,4.228593490645544
6,swm/FetchSlideDense-v3::261::6,swm/FetchPushDense-v3::384::8,swm/FetchSlideDense-v3::261,swm/FetchPushDense-v3::384,0.48482218134225324,0.4850134889659803,0.0001913076237270439,6.740482643045557,4.777225555791748,4.0903550938912,3.1711300186711817
6,swm/FetchSlideDense-v3::467::13,swm/FetchPushDense-v3::219::14,swm/FetchSlideDense-v3::467,swm/FetchPushDense-v3::219,0.4853252556841666,0.48528749640569796,3.7759278468663116e-05,5.449225847219236,4.067265983921403,3.9277815574599413,2.9415618090922564
6,swm/FetchPushDense-v3::467::3,swm/FetchPushDense-v3::292::43,swm/FetchPushDense-v3::467,swm/FetchPushDense-v3::292,0.485857681519008,0.4859099228698485,5.224135084053172e-05,5.1631796198623325,5.677307934417663,2.8051118097490613,0.5881361996879241
6,swm/FetchSlideDense-v3::352::47,swm/FetchPushDense-v3::414::10,swm/FetchSlideDense-v3::352,swm/FetchPushDense-v3::414,0.4860318260203024,0.48595723364356913,7.459237673329566e-05,6.444958396230087,4.54551853682588,3.1419048633255158,1.8456345789948931
6,swm/FetchPushDense-v3::177::4,swm/FetchSlideDense-v3::107::15,swm/FetchPushDense-v3::177,swm/FetchSlideDense-v3::107,0.48685911330855347,0.4866571721068462,0.00020194120170724528,4.987408528188283,6.054062494865489,3.5346805453997225,1.4077446942611245
6,swm/FetchSlideDense-v3::48::41,swm/FetchSlideDense-v3::278::17,swm/FetchSlideDense-v3::48,swm/FetchSlideDense-v3::278,0.4875083854147316,0.48733402418592436,0.00017436122880726268,7.939772579717876,4.226712102851019,4.626563766264422,0.7923224651831166
6,swm/FetchPushDense-v3::69::12,swm/FetchPushDense-v3::346::17,swm/FetchPushDense-v3::69,swm/FetchPushDense-v3::346,0.4881226661990565,0.4880581242016264,6.454199743005651e-05,3.120515345136278,5.024364732499566,2.618022617358866,3.7289478639037426
6,swm/FetchSlideDense-v3::33::6,swm/FetchPushDense-v3::227::5,swm/FetchSlideDense-v3::33,swm/FetchPushDense-v3::227,0.48816301564634706,0.487921352502385,0.00024166314396206756,7.148909870073243,4.498589849725887,2.806845145783832,3.0843986972433184
6,swm/FetchPushDense-v3::414::3,swm/FetchSlideDense-v3::20::38,swm/FetchPushDense-v3::414,swm/FetchSlideDense-v3::20,0.489109695387855,0.48917383836640804,6.414297855306117e-05,10.519823095724155,4.48571901784159,8.581143236920752,1.0439870009823142
7,swm/FetchPushDense-v3::337::3,swm/FetchPushDense-v3::415::12,swm/FetchPushDense-v3::337,swm/FetchPushDense-v3::415,0.4903840364028955,0.4903878227355776,3.7863326821097054e-06,5.486475276265677,6.178796641565811,2.7331058640060633,4.42868049704042
7,swm/FetchPushDense-v3::270::7,swm/FetchSlideDense-v3::153::21,swm/FetchPushDense-v3::270,swm/FetchSlideDense-v3::153,0.49066374725383577,0.49056508892222905,9.865833160671578e-05,6.195120205093473,4.496912352591179,4.446499096574443,0.6308233819155836
7,swm/FetchPushDense-v3::164::8,swm/FetchPushDense-v3::117::6,swm/FetchPushDense-v3::164,swm/FetchPushDense-v3::117,0.4916087910007089,0.49160858274056723,2.0826014168751072e-07,5.675211073518327,5.382996921846292,1.4167673272479275,2.9773654035493733
7,swm/FetchPushDense-v3::342::9,swm/FetchSlideDense-v3::217::48,swm/FetchPushDense-v3::342,swm/FetchSlideDense-v3::217,0.4919261674254173,0.4919421666594489,1.5999234031616183e-05,7.43534454160264,3.6088561064856344,6.066581622944682,0.6005731388991038
7,swm/FetchPushDense-v3::23::12,swm/FetchSlideDense-v3::182::14,swm/FetchPushDense-v3::23,swm/FetchSlideDense-v3::182,0.4931426741352667,0.49315455916346657,1.1885028199876135e-05,7.907819165869506,5.017128652261618,6.010558023451617,0.5019613840806335
7,swm/FetchPushDense-v3::337::5,swm/FetchPushDense-v3::438::22,swm/FetchPushDense-v3::337,swm/FetchPushDense-v3::438,0.4933369046253494,0.49338914530616357,5.2240680814164e-05,6.3832868811089565,4.584466005105028,5.484911493631046,3.052358517047734
7,swm/FetchSlideDense-v3::383::16,swm/FetchPushDense-v3::292::44,swm/FetchSlideDense-v3::383,swm/FetchPushDense-v3::292,0.4934568389183277,0.4935811442157639,0.00012430529743617802,5.670252965608198,5.7412044688116035,3.527067852153308,0.6557270333242755
7,swm/FetchSlideDense-v3::13::29,swm/FetchPushDense-v3::438::20,swm/FetchSlideDense-v3::13,swm/FetchPushDense-v3::438,0.49415137256347874,0.4941304966390587,2.087592442001629e-05,7.022892011300659,6.189985793322029,2.050936949982988,3.5297697523617813
7,swm/FetchSlideDense-v3::267::16,swm/FetchPushDense-v3::164::38,swm/FetchSlideDense-v3::267,swm/FetchPushDense-v3::164,0.49481730519372247,0.49478169060564114,3.5614588081323006e-05,5.259712959042683,3.225545994660056,4.205881954582371,1.0205728084286527
7,swm/FetchPushDense-v3::289::48,swm/FetchSlideDense-v3::1::26,swm/FetchPushDense-v3::289,swm/FetchSlideDense-v3::1,0.4948805058269575,0.49470987485052764,0.00017063097642983083,4.391646468182459,5.15886754546166,3.484789555252677,0.6901328840151341
7,swm/FetchPushDense-v3::15::6,swm/FetchPushDense-v3::216::9,swm/FetchPushDense-v3::15,swm/FetchPushDense-v3::216,0.49597633538159763,0.4958675002904361,0.0001088350911615521,4.318332298136886,3.5126798516385804,2.269870355020288,0.7084088027035959
7,swm/FetchPushDense-v3::49::15,swm/FetchSlideDense-v3::195::45,swm/FetchPushDense-v3::49,swm/FetchSlideDense-v3::195,0.4969795224973377,0.49698059709026005,1.0745929223676676e-06,7.118123611066334,4.4998802015727515,7.248867122860115,0.530708895584197
7,swm/FetchSlideDense-v3::64::7,swm/FetchSlideDense-v3::16::20,swm/FetchSlideDense-v3::64,swm/FetchSlideDense-v3::16,0.4971988418607716,0.4970898724451769,0.0001089694155947396,6.485935410795609,6.147391978366074,3.481374076157017,1.0622422245789143
7,swm/FetchPushDense-v3::289::18,swm/FetchSlideDense-v3::39::3,swm/FetchPushDense-v3::289,swm/FetchSlideDense-v3::39,0.49807540699449104,0.4977247220310205,0.0003506849634705711,3.4456140057976907,5.358749057220392,1.7847395847120524,1.2706734923556553
7,swm/FetchPushDense-v3::481::11,swm/FetchSlideDense-v3::71::3,swm/FetchPushDense-v3::481,swm/FetchSlideDense-v3::71,0.499244668372364,0.49922203742327276,2.263094909121799e-05,3.470481828648508,6.244271729195586,2.8978519139065684,2.196114764466176
7,swm/FetchPushDense-v3::358::17,swm/FetchPushDense-v3::201::7,swm/FetchPushDense-v3::358,swm/FetchPushDense-v3::201,0.49928231806196754,0.4993224901048011,4.0172042833575006e-05,5.358208746147602,3.645730926304212,4.419190102379164,1.1607387434566232
7,swm/FetchPushDense-v3::99::7,swm/FetchPushDense-v3::342::11,swm/FetchPushDense-v3::99,swm/FetchPushDense-v3::342,0.4996437253061665,0.49954852031861796,9.520498754855833e-05,5.071362510940033,7.942003254896386,3.6237266907613446,6.082614493740934
7,swm/FetchPushDense-v3::452::3,swm/FetchSlideDense-v3::66::35,swm/FetchPushDense-v3::452,swm/FetchSlideDense-v3::66,0.500761584200691,0.5007438675916921,1.77166089988523e-05,5.328902920608893,8.222352886766245,3.2503128908650076,2.730091707700193
7,swm/FetchSlideDense-v3::171::4,swm/FetchPushDense-v3::350::6,swm/FetchSlideDense-v3::171,swm/FetchPushDense-v3::350,0.5007723995262908,0.5008445884665154,7.218894022453792e-05,8.16047275651891,4.569867205510078,4.399682912013274,2.0437956838345355
7,swm/FetchSlideDense-v3::13::6,swm/FetchSlideDense-v3::161::11,swm/FetchSlideDense-v3::13,swm/FetchSlideDense-v3::161,0.5015947803014786,0.50157803319249,1.6747108988690584e-05,4.765684546034994,5.3205831152867615,1.8629136790380008,1.2118746882923732
7,swm/FetchPushDense-v3::484::5,swm/FetchPushDense-v3::414::27,swm/FetchPushDense-v3::484,swm/FetchPushDense-v3::414,0.501622612890955,0.501657488014723,3.487512376798563e-05,3.7722249453372814,3.3546177116029794,2.6173458359237585,1.1005944712246054
7,swm/FetchPushDense-v3::405::14,swm/FetchSlideDense-v3::369::23,swm/FetchPushDense-v3::405,swm/FetchSlideDense-v3::369,0.5029844644772716,0.5028527063414046,0.00013175813586707719,6.3237765119820555,4.6641260895142835,5.05351716529175,0.5823893623917646
7,swm/FetchPushDense-v3::210::9,swm/FetchPushDense-v3::370::16,swm/FetchPushDense-v3::210,swm/FetchPushDense-v3::370,0.5031449374006488,0.5031403306754817,4.6067251671111364e-06,13.371622259428673,4.573412595277032,11.290010152208179,1.1726806669297631
7,swm/FetchPushDense-v3::289::13,swm/FetchSlideDense-v3::256::13,swm/FetchPushDense-v3::289,swm/FetchSlideDense-v3::256,0.5044625408743135,0.5045169279242752,5.4387049961635014e-05,3.9081210986390547,5.236260632554546,2.876374908916149,0.6684061767171618
7,swm/FetchPushDense-v3::92::46,swm/FetchSlideDense-v3::343::46,swm/FetchPushDense-v3::92,swm/FetchSlideDense-v3::343,0.504464741666202,0.5045848176998039,0.00012007603360186803,6.524412851038598,4.909973279502384,5.701009427466236,0.8154263909726991
7,swm/FetchPushDense-v3::252::5,swm/FetchSlideDense-v3::145::48,swm/FetchPushDense-v3::252,swm/FetchSlideDense-v3::145,0.5065541794329047,0.5065536713431984,5.080897063081125e-07,4.44830505275351,4.406516122555239,3.0798425650509587,0.6881896351018064
7,swm/FetchPushDense-v3::49::3,swm/FetchSlideDense-v3::408::43,swm/FetchPushDense-v3::49,swm/FetchSlideDense-v3::408,0.5065549355080878,0.5066175239180951,6.258841000728044e-05,8.760172182070164,5.519815935863184,6.277287199218784,3.1830099383451143
7,swm/FetchPushDense-v3::471::12,swm/FetchSlideDense-v3::187::22,swm/FetchPushDense-v3::471,swm/FetchSlideDense-v3::187,0.5070175110859405,0.5069839236217619,3.3587464178586046e-05,4.899443509548933,8.37388393738106,2.7615454428324977,1.884073422194571
7,swm/FetchPushDense-v3::69::9,swm/FetchPushDense-v3::253::11,swm/FetchPushDense-v3::69,swm/FetchPushDense-v3::253,0.5074073533610937,0.5073847372262059,2.2616134887742945e-05,4.062106215948823,6.62800766970404,4.266193882872535,5.001323394271527
7,swm/FetchPushDense-v3::438::27,swm/FetchPushDense-v3::292::19,swm/FetchPushDense-v3::438,swm/FetchPushDense-v3::292,0.5077053757517409,0.5077548408568919,4.946510515102531e-05,9.081901401097165,10.559876419151376,6.375969133434502,12.0872517173097
7,swm/FetchSlideDense-v3::71::6,swm/FetchPushDense-v3::1::21,swm/FetchSlideDense-v3::71,swm/FetchPushDense-v3::1,0.507817963712404,0.5080305060006571,0.00021254228825318133,5.725620472671134,6.59760641663696,3.070375860810964,3.919590915974882
7,swm/FetchPushDense-v3::294::13,swm/FetchPushDense-v3::223::11,swm/FetchPushDense-v3::294,swm/FetchPushDense-v3::223,0.5079715048633344,0.5082561127771619,0.00028460791382745043,6.2860154145057505,4.591579286947194,4.150762564209202,0.9526978450502235
7,swm/FetchPushDense-v3::92::4,swm/FetchSlideDense-v3::187::28,swm/FetchPushDense-v3::92,swm/FetchSlideDense-v3::187,0.5086742762071667,0.508671127913187,3.148293979626793e-06,5.187990830175027,10.88177225177303,3.291509834942181,5.8124058721060505
7,swm/FetchPushDense-v3::99::9,swm/FetchPushDense-v3::484::9,swm/FetchPushDense-v3::99,swm/FetchPushDense-v3::484,0.5093224554273044,0.5093064989756872,1.595645161711623e-05,5.368045628919638,4.533348087894558,4.774490037942474,4.587197813661537
7,swm/FetchPushDense-v3::357::6,swm/FetchSlideDense-v3::181::3,swm/FetchPushDense-v3::357,swm/FetchSlideDense-v3::181,0.5094545610069225,0.5093754233958758,7.913761104672012e-05,5.350112535608232,5.065524247449903,2.2693038746006944,0.8490832842886269
7,swm/FetchSlideDense-v3::262::24,swm/FetchSlideDense-v3::267::3,swm/FetchSlideDense-v3::262,swm/FetchSlideDense-v3::267,0.5097429817306248,0.5097744645249345,3.148279430964518e-05,4.7388973870383175,4.379853065269428,2.1521311558228957,1.1013456909833113
7,swm/FetchPushDense-v3::389::11,swm/FetchPushDense-v3::330::11,swm/FetchPushDense-v3::389,swm/FetchPushDense-v3::330,0.5103856600641272,0.5104712356500134,8.557558588617731e-05,4.527358430268896,4.249007691278396,3.4545333675746606,0.9893131732510269
7,swm/FetchPushDense-v3::23::10,swm/FetchPushDense-v3::227::15,swm/FetchPushDense-v3::23,swm/FetchPushDense-v3::227,0.5110042145868323,0.5109973362377054,6.878349126937522e-06,4.9161901235978265,3.9486778415597787,4.393356328873451,2.647689627216174
7,swm/FetchPushDense-v3::20::30,swm/FetchPushDense-v3::196::11,swm/FetchPushDense-v3::20,swm/FetchPushDense-v3::196,0.5118328773056398,0.5119287222752391,9.584496959935684e-05,5.497214332957884,4.436001589732211,4.089261860943713,3.339676197959667
7,swm/FetchPushDense-v3::347::14,swm/FetchSlideDense-v3::256::24,swm/FetchPushDense-v3::347,swm/FetchSlideDense-v3::256,0.512392323709528,0.5121547285071864,0.0002375952023416783,6.158060962470246,6.847291129906984,4.983480400919447,0.6546923441060589
7,swm/FetchPushDense-v3::389::5,swm/FetchSlideDense-v3::369::4,swm/FetchPushDense-v3::389,swm/FetchSlideDense-v3::369,0.5140531854278879,0.5140064201600751,4.6765267812776123e-05,5.72298064619691,4.310831465276706,2.71863784730477,0.84668599427963
7,swm/FetchPushDense-v3::481::10,swm/FetchPushDense-v3::357::5,swm/FetchPushDense-v3::481,swm/FetchPushDense-v3::357,0.5144625625636507,0.5144796315973897,1.7069033738992268e-05,4.428216239729028,6.00822972526745,3.1975456681759034,4.916959070690595
7,swm/FetchPushDense-v3::20::6,swm/FetchSlideDense-v3::267::32,swm/FetchPushDense-v3::20,swm/FetchSlideDense-v3::267,0.5144856021699307,0.5145484497255084,6.284755557772748e-05,3.9011213448819264,4.969197825981768,2.027240418782648,1.194636231468579
7,swm/FetchPushDense-v3::260::8,swm/FetchSlideDense-v3::369::16,swm/FetchPushDense-v3::260,swm/FetchSlideDense-v3::369,0.5155791080008161,0.5156225256401319,4.341763931581255e-05,6.96218977282784,4.680836549429714,5.250093496533846,0.6487645806845006
7,swm/FetchPushDense-v3::415::17,swm/FetchSlideDense-v3::79::12,swm/FetchPushDense-v3::415,swm/FetchSlideDense-v3::79,0.5174608897113442,0.5174238708545714,3.701885677276362e-05,5.462704585726286,5.2001317800123825,4.3376467647482215,0.677152092203569
7,swm/FetchPushDense-v3::69::18,swm/FetchSlideDense-v3::1::41,swm/FetchPushDense-v3::69,swm/FetchSlideDense-v3::1,0.5175136250496795,0.5175097148592165,3.910190462974583e-06,14.14164859877825,5.661034660648095,9.767536465689883,0.4459594477533036
7,swm/FetchPushDense-v3::272::14,swm/FetchSlideDense-v3::485::9,swm/FetchPushDense-v3::272,swm/FetchSlideDense-v3::485,0.5180065834550105,0.5178576081546316,0.00014897530037893958,4.666951186729387,4.84572376791954,2.7019978629014,0.5060998424467426
7,swm/FetchPushDense-v3::303::5,swm/FetchSlideDense-v3::343::49,swm/FetchPushDense-v3::303,swm/FetchSlideDense-v3::343,0.5185885246915911,0.5185571115263289,3.141316526222848e-05,9.256517517733137,4.671387702784178,4.732839266600335,0.9184812432270091
7,swm/FetchSlideDense-v3::476::3,swm/FetchPushDense-v3::384::17,swm/FetchSlideDense-v3::476,swm/FetchPushDense-v3::384,0.519498900617271,0.5194733293578395,2.557125943147831e-05,6.869640010491223,5.047629498353144,3.3879034339844556,3.633532560453093
7,swm/FetchPushDense-v3::270::4,swm/FetchSlideDense-v3::369::22,swm/FetchPushDense-v3::270,swm/FetchSlideDense-v3::369,0.5198731386513493,0.520070768200352,0.00019762954900270913,4.67876860508404,4.931853752119678,2.9674954626280123,0.4623958071635124
7,swm/FetchPushDense-v3::467::10,swm/FetchSlideDense-v3::256::3,swm/FetchPushDense-v3::467,swm/FetchSlideDense-v3::256,0.5203571123296464,0.5203883524543369,3.124012469046811e-05,5.964363169469854,5.592434901742167,2.8874472570125285,0.7785389083684896
7,swm/FetchPushDense-v3::389::9,swm/FetchSlideDense-v3::13::39,swm/FetchPushDense-v3::389,swm/FetchSlideDense-v3::13,0.5205874596421305,0.5205575256186993,2.9934023431210655e-05,5.032120567624875,4.654074131764438,3.2365584892926145,0.5840157546698751
7,swm/FetchSlideDense-v3::497::11,swm/FetchPushDense-v3::84::14,swm/FetchSlideDense-v3::497,swm/FetchPushDense-v3::84,0.5207904600346946,0.520814423671723,2.3963637028390217e-05,4.6302073462193,4.558503142114006,1.4216644113137082,1.4040387318410363
7,swm/FetchPushDense-v3::20::28,swm/FetchPushDense-v3::96::9,swm/FetchPushDense-v3::20,swm/FetchPushDense-v3::96,0.5215591384011347,0.5215591811722933,4.277115861484049e-08,4.800472485947518,7.260956177872809,2.8175155750716527,5.476105251466766
7,swm/FetchSlideDense-v3::450::16,swm/FetchSlideDense-v3::449::11,swm/FetchSlideDense-v3::450,swm/FetchSlideDense-v3::449,0.5227959974858267,0.5225917781814736,0.00020421930435310376,5.261507807740721,5.191180296739941,3.4169431825048053,0.5056496364121095
7,swm/FetchPushDense-v3::49::9,swm/FetchSlideDense-v3::455::13,swm/FetchPushDense-v3::49,swm/FetchSlideDense-v3::455,0.5240510464173338,0.5238989555420787,0.00015209087525513976,5.56972289782918,4.297600530768656,3.195459012977372,0.6913388163321619
7,swm/FetchPushDense-v3::303::12,swm/FetchSlideDense-v3::326::3,swm/FetchPushDense-v3::303,swm/FetchSlideDense-v3::326,0.5245464724185178,0.5246089505018723,6.247808335446692e-05,9.667495014327478,5.799216979257592,7.311900306958312,0.8194874844387436
7,swm/FetchPushDense-v3::415::13,swm/FetchPushDense-v3::99::26,swm/FetchPushDense-v3::415,swm/FetchPushDense-v3::99,0.5249077698133344,0.5249096603261496,1.8905128151835981e-06,5.225025216169719,5.265323110648078,2.7605269245021415,1.0414346356453636
7,swm/FetchSlideDense-v3::396::45,swm/FetchPushDense-v3::370::12,swm/FetchSlideDense-v3::396,swm/FetchPushDense-v3::370,0.5259202006671482,0.5257225240419571,0.00019767662519110107,8.520812603165211,4.597720475153918,2.9059269845558275,3.347532072494867
7,swm/FetchSlideDense-v3::284::6,swm/FetchPushDense-v3::164::37,swm/FetchSlideDense-v3::284,swm/FetchPushDense-v3::164,0.5271127770330053,0.5272982354323043,0.00018545839929895447,7.514161768567486,3.0696554441206896,2.6911460939217196,0.8881388497839866
7,swm/FetchPushDense-v3::346::8,swm/FetchPushDense-v3::303::3,swm/FetchPushDense-v3::346,swm/FetchPushDense-v3::303,0.5277197990542694,0.5278735502392213,0.00015375118495197793,4.165441173794316,6.033730835202719,3.6672401640416488,1.0834265798516272
7,swm/FetchPushDense-v3::257::27,swm/FetchSlideDense-v3::343::40,swm/FetchPushDense-v3::257,swm/FetchSlideDense-v3::343,0.5281362119736532,0.5280554643970903,8.074757656295617e-05,5.10241677346334,4.751934078138448,4.28815601048502,0.690687950413997
7,swm/FetchPushDense-v3::20::8,swm/FetchSlideDense-v3::2::11,swm/FetchPushDense-v3::20,swm/FetchSlideDense-v3::2,0.5281741693556035,0.5280508619926472,0.00012330736295629308,3.1554775335567267,8.087583357916115,1.9149834716081355,5.169407653984311
7,swm/FetchPushDense-v3::196::25,swm/FetchPushDense-v3::386::14,swm/FetchPushDense-v3::196,swm/FetchPushDense-v3::386,0.5283358602961933,0.5283329854094013,2.8748867919592414e-06,4.274206046998604,5.941220758254269,3.192802605692429,2.5571438502028596
7,swm/FetchPushDense-v3::84::7,swm/FetchPushDense-v3::317::16,swm/FetchPushDense-v3::84,swm/FetchPushDense-v3::317,0.5293284693493159,0.5293310989629236,2.629613607751935e-06,6.821377802506046,6.8260608621679575,3.528420810088928,6.444848444915308
7,swm/FetchPushDense-v3::112::10,swm/FetchSlideDense-v3::20::23,swm/FetchPushDense-v3::112,swm/FetchSlideDense-v3::20,0.5293576345573605,0.5291983985385212,0.00015923601883927052,4.431177704788044,3.884906910720856,3.273035883547669,0.48251108027882117
7,swm/FetchSlideDense-v3::196::20,swm/FetchPushDense-v3::272::29,swm/FetchSlideDense-v3::196,swm/FetchPushDense-v3::272,0.5297812238235917,0.5297835613333127,2.3375097210065476e-06,6.832913927628996,17.09828024687192,2.9076888912708916,19.34813584053183
7,swm/FetchPushDense-v3::196::9,swm/FetchSlideDense-v3::1::46,swm/FetchPushDense-v3::196,swm/FetchSlideDense-v3::1,0.5306283991211516,0.5306312171740184,2.8180528668375615e-06,6.050372376586448,5.004518323743018,4.630078461437524,0.5234827483244601
7,swm/FetchPushDense-v3::69::31,swm/FetchPushDense-v3::384::15,swm/FetchPushDense-v3::69,swm/FetchPushDense-v3::384,0.5306656726604262,0.5307240276525905,5.8354992164333375e-05,3.4976184901013356,5.402887045835644,2.372776305813591,2.5407687465122066
7,swm/FetchPushDense-v3::426::24,swm/FetchPushDense-v3::125::8,swm/FetchPushDense-v3::426,swm/FetchPushDense-v3::125,0.5316758768813519,0.5316236628932022,5.2213988149696355e-05,6.996940706697034,5.125654099049674,4.512436618340749,2.365094339109348
7,swm/FetchSlideDense-v3::419::5,swm/FetchSlideDense-v3::153::24,swm/FetchSlideDense-v3::419,swm/FetchSlideDense-v3::153,0.5318042836780776,0.5318318307652896,2.7547087211976518e-05,6.355430855475243,6.03120090227674,3.166100052358953,1.3351210046357014
7,swm/FetchPushDense-v3::214::29,swm/FetchPushDense-v3::322::26,swm/FetchPushDense-v3::214,swm/FetchPushDense-v3::322,0.5320422460538967,0.5321479427446404,0.00010569669074367294,4.343586206955179,4.63332047873102,2.1559683523485726,2.74481239054911
7,swm/FetchPushDense-v3::124::14,swm/FetchPushDense-v3::15::43,swm/FetchPushDense-v3::124,swm/FetchPushDense-v3::15,0.5324704946749126,0.5324213145057977,4.9180169114926287e-05,6.665653229209678,4.997979121022301,4.274316851600573,0.6840335914119233
7,swm/FetchSlideDense-v3::66::6,swm/FetchSlideDense-v3::305::46,swm/FetchSlideDense-v3::66,swm/FetchSlideDense-v3::305,0.5331444842338848,0.5329435941267271,0.00020089010715773625,7.501437210264555,4.9704543561317465,4.320621613086834,0.7748147132397585
7,swm/FetchPushDense-v3::486::29,swm/FetchSlideDense-v3::278::27,swm/FetchPushDense-v3::486,swm/FetchSlideDense-v3::278,0.5334285786729147,0.5334522924383224,2.3713765407662457e-05,4.885957580953552,6.410639765173221,3.6214923229369873,0.9517473491307432
7,swm/FetchPushDense-v3::483::10,swm/FetchSlideDense-v3::217::38,swm/FetchPushDense-v3::483,swm/FetchSlideDense-v3::217,0.5341089415555401,0.534104335379252,4.6061762881688395e-06,4.6307844595728085,4.417316701457605,3.1135420808729903,0.5940427001401082
7,swm/FetchPushDense-v3::438::17,swm/FetchSlideDense-v3::187::9,swm/FetchPushDense-v3::438,swm/FetchSlideDense-v3::187,0.5343925459708412,0.5341791954381788,0.0002133505326623597,5.035922413325966,4.35767072522472,3.9351766023950274,1.0920248600803653
7,swm/FetchPushDense-v3::339::22,swm/FetchPushDense-v3::358::14,swm/FetchPushDense-v3::339,swm/FetchPushDense-v3::358,0.5346464907591706,0.5346388715199515,7.6192392191032354e-06,8.235395376053676,5.915036336855154,4.71431270468734,3.314253770895304
7,swm/FetchPushDense-v3::164::29,swm/FetchPushDense-v3::467::20,swm/FetchPushDense-v3::164,swm/FetchPushDense-v3::467,0.536114564258515,0.5360966758228036,1.7888435711377326e-05,5.44112573072586,5.503148991019228,3.3511257257723948,1.407158920752995
7,swm/FetchSlideDense-v3::165::29,swm/FetchPushDense-v3::184::9,swm/FetchSlideDense-v3::165,swm/FetchPushDense-v3::184,0.5361215997818405,0.5360424920927374,7.91076891031306e-05,7.57726737191675,6.307789806961118,2.469648840220109,5.358032516689868
7,swm/FetchSlideDense-v3::181::6,swm/FetchSlideDense-v3::217::30,swm/FetchSlideDense-v3::181,swm/FetchSlideDense-v3::217,0.5362429990913418,0.5363288141403971,8.581504905535997e-05,4.638096175062227,3.705189585064938,2.9547830620981665,0.6906114061535836
7,swm/FetchSlideDense-v3::331::40,swm/FetchSlideDense-v3::278::28,swm/FetchSlideDense-v3::331,swm/FetchSlideDense-v3::278,0.5367120880856212,0.536724524444046,1.2436358424738891e-05,9.040143161260053,6.401246986724121,4.1431454676054775,1.7257159926561856
7,swm/FetchPushDense-v3::322::15,swm/FetchPushDense-v3::92::5,swm/FetchPushDense-v3::322,swm/FetchPushDense-v3::92,0.5376825786695011,0.5377691901459936,8.661147649247081e-05,8.167095190360422,5.6254250888220145,5.894605603090367,3.925729684742172
7,swm/FetchPushDense-v3::88::5,swm/FetchPushDense-v3::227::13,swm/FetchPushDense-v3::88,swm/FetchPushDense-v3::227,0.5380399672105627,0.5382070340532579,0.0001670668426951849,4.968166429405818,5.6653151053043125,2.4244396643246384,4.663669022387271
7,swm/FetchPushDense-v3::1::22,swm/FetchSlideDense-v3::392::33,swm/FetchPushDense-v3::1,swm/FetchSlideDense-v3::392,0.5381797600089889,0.5384054411267997,0.00022568111781073874,6.002380452214422,3.3903114538226813,5.806128728527493,3.1001227978998154
7,swm/FetchPushDense-v3::117::4,swm/FetchPushDense-v3::192::25,swm/FetchPushDense-v3::117,swm/FetchPushDense-v3::192,0.5398919501003696,0.5399202774253568,2.8327324987142966e-05,5.120378275489139,4.295224516745769,2.991285898556708,1.794278542113218
7,swm/FetchPushDense-v3::339::29,swm/FetchSlideDense-v3::13::49,swm/FetchPushDense-v3::339,swm/FetchSlideDense-v3::13,0.5411108585753389,0.5411246622906478,1.380371530890212e-05,5.327978075678014,6.155872918086344,4.8465353624630385,0.5670921240852455
7,swm/FetchPushDense-v3::253::10,swm/FetchPushDense-v3::15::33,swm/FetchPushDense-v3::253,swm/FetchPushDense-v3::15,0.5412147510566901,0.5412014452822067,1.3305774483440835e-05,3.8969848868350527,4.6803114087731865,2.690832668947186,0.6577510990418002
7,swm/FetchPushDense-v3::272::18,swm/FetchPushDense-v3::294::9,swm/FetchPushDense-v3::272,swm/FetchPushDense-v3::294,0.5419707405128549,0.5419759258833412,5.185370486326946e-06,9.006987440283854,4.836868149469734,6.473995983617214,3.253716657707978
7,swm/FetchPushDense-v3::214::25,swm/FetchPushDense-v3::257::10,swm/FetchPushDense-v3::214,swm/FetchPushDense-v3::257,0.5419714498330843,0.5420250783196352,5.3628486550882926e-05,5.459926956054845,4.559687990210875,3.1998672362719094,2.141512075074994
7,swm/FetchPushDense-v3::322::34,swm/FetchPushDense-v3::169::19,swm/FetchPushDense-v3::322,swm/FetchPushDense-v3::169,0.5424326380250986,0.5424551079118793,2.2469886780784876e-05,8.242235370031533,3.686577693395893,7.723130099776374,1.8699273432183157
7,swm/FetchPushDense-v3::289::39,swm/FetchPushDense-v3::268::20,swm/FetchPushDense-v3::289,swm/FetchPushDense-v3::268,0.5426043386624089,0.5425881315361185,1.6207126290357365e-05,5.999984808048478,4.15090115697995,5.040756726236069,3.712824744206513
7,swm/FetchPushDense-v3::438::6,swm/FetchSlideDense-v3::284::20,swm/FetchPushDense-v3::438,swm/FetchSlideDense-v3::284,0.543049131327136,0.543016253999329,3.2877327806990486e-05,5.493755349754491,3.8696332021792292,5.613827942886352,2.0665872299183476
7,swm/FetchPushDense-v3::69::32,swm/FetchPushDense-v3::253::13,swm/FetchPushDense-v3::69,swm/FetchPushDense-v3::253,0.5435893649157153,0.5436812989036313,9.193398791595975e-05,10.73631995337141,4.787853147282613,11.800050950898873,1.7927696119055048
7,swm/FetchSlideDense-v3::171::6,swm/FetchPushDense-v3::237::3,swm/FetchSlideDense-v3::171,swm/FetchPushDense-v3::237,0.5444189261345656,0.544471968599668,5.304246510240418e-05,8.276929738196632,5.204791311838176,6.0460919991102555,4.07056730855093
7,swm/FetchPushDense-v3::1::24,swm/FetchPushDense-v3::23::14,swm/FetchPushDense-v3::1,swm/FetchPushDense-v3::23,0.5449910607074675,0.5452042615781171,0.00021320087064957693,4.242617456910286,4.703343498363922,2.646356150566372,3.2726255836580673
7,swm/FetchSlideDense-v3::161::49,swm/FetchPushDense-v3::90::4,swm/FetchSlideDense-v3::161,swm/FetchPushDense-v3::90,0.5452817700101524,0.5456755055699412,0.00039373555978872155,4.246671722672462,3.8578062287304578,1.2091421735085506,3.334190485728951
7,swm/FetchSlideDense-v3::467::36,swm/FetchSlideDense-v3::396::44,swm/FetchSlideDense-v3::467,swm/FetchSlideDense-v3::396,0.5455670802794148,0.5457461321385859,0.00017905185917110877,6.309359968817602,4.731926987599616,4.392692593177782,0.645147118977174
7,swm/FetchPushDense-v3::467::21,swm/FetchPushDense-v3::426::29,swm/FetchPushDense-v3::467,swm/FetchPushDense-v3::426,0.5457457205173553,0.5459234117277147,0.00017769121035948743,8.004588133938192,5.635975476357336,2.7806443405302166,2.4294557368908443
7,swm/FetchPushDense-v3::177::36,swm/FetchPushDense-v3::358::15,swm/FetchPushDense-v3::177,swm/FetchPushDense-v3::358,0.5478756320418985,0.5479832723620235,0.00010764032012500202,5.758374562639509,3.0100950180934882,4.655474102271979,1.8045476057257743
7,swm/FetchPushDense-v3::92::6,swm/FetchSlideDense-v3::41::44,swm/FetchPushDense-v3::92,swm/FetchSlideDense-v3::41,0.5479980380791423,0.5480777933517745,7.975527263226478e-05,6.303159375831831,4.426381113259507,5.321251140378335,0.5589259006302723
7,swm/FetchPushDense-v3::337::9,swm/FetchPushDense-v3::303::16,swm/FetchPushDense-v3::337,swm/FetchPushDense-v3::303,0.5488531653820616,0.5489649571127935,0.00011179173073183613,3.975301918665656,4.020017550519241,2.645490925905005,3.5903750305373174
7,swm/FetchPushDense-v3::414::6,swm/FetchSlideDense-v3::153::27,swm/FetchPushDense-v3::414,swm/FetchSlideDense-v3::153,0.5495370130050834,0.5495965903521033,5.957734701989015e-05,3.972854500963259,6.260525144633406,2.8925850740945704,2.686462451933374
7,swm/FetchPushDense-v3::61::24,swm/FetchSlideDense-v3::41::8,swm/FetchPushDense-v3::61,swm/FetchSlideDense-v3::41,0.5503262695739934,0.5503422172560404,1.5947682046935086e-05,7.159912023988317,4.738418062343383,4.898685437419535,0.6459246199692874
7,swm/FetchPushDense-v3::239::5,swm/FetchSlideDense-v3::256::30,swm/FetchPushDense-v3::239,swm/FetchSlideDense-v3::256,0.5503576865188871,0.5502420437028692,0.00011564281601783577,5.259000350081342,4.672434813652975,2.963949920993999,0.7574869921068395
7,swm/FetchPushDense-v3::164::31,swm/FetchSlideDense-v3::41::43,swm/FetchPushDense-v3::164,swm/FetchSlideDense-v3::41,0.5505397709627436,0.5505854575038245,4.568654108083603e-05,4.697085039147081,4.3671251116520455,3.72529104246024,0.6277721525835765
7,swm/FetchPushDense-v3::452::5,swm/FetchPushDense-v3::192::23,swm/FetchPushDense-v3::452,swm/FetchPushDense-v3::192,0.5512247923475919,0.5512228431577404,1.94918985152448e-06,5.136554082749128,4.136048203984003,2.55755759522237,1.0216610575038805
7,swm/FetchSlideDense-v3::346::35,swm/FetchPushDense-v3::112::16,swm/FetchSlideDense-v3::346,swm/FetchPushDense-v3::112,0.5537006614429063,0.5537586287200287,5.796727712237271e-05,6.883054800353169,4.59203738393637,2.102714272951488,2.731686156650183
7,swm/FetchPushDense-v3::196::34,swm/FetchPushDense-v3::15::32,swm/FetchPushDense-v3::196,swm/FetchPushDense-v3::15,0.5545565521242947,0.554614412789475,5.78606651803204e-05,5.778461512364791,4.877775499338576,4.871054764247649,0.6931471386914358
7,swm/FetchPushDense-v3::358::23,swm/FetchSlideDense-v3::447::19,swm/FetchPushDense-v3::358,swm/FetchSlideDense-v3::447,0.5558043042863919,0.5559984717230437,0.00019416743665179315,8.225988197409267,6.454713704004974,5.548812960950673,3.280672029716901
7,swm/FetchPushDense-v3::239::3,swm/FetchSlideDense-v3::171::31,swm/FetchPushDense-v3::239,swm/FetchSlideDense-v3::171,0.5560740349910223,0.5560773573486306,3.3223576083596384e-06,5.585739571081478,5.3526483687066575,5.215322643338407,0.6229739193361871
7,swm/FetchSlideDense-v3::473::4,swm/FetchPushDense-v3::253::3,swm/FetchSlideDense-v3::473,swm/FetchPushDense-v3::253,0.5566095973946715,0.5566464475833415,3.6850188669945716e-05,6.970010787935751,7.957488541553004,4.5712245425189115,6.639234767689995
7,swm/FetchPushDense-v3::45::17,swm/FetchPushDense-v3::214::5,swm/FetchPushDense-v3::45,swm/FetchPushDense-v3::214,0.5571830101188786,0.5571357245673709,4.728555150768088e-05,4.017416550837463,5.018088554300717,1.8886843060631848,1.16253250961873
7,swm/FetchSlideDense-v3::452::7,swm/FetchPushDense-v3::426::7,swm/FetchSlideDense-v3::452,swm/FetchPushDense-v3::426,0.5576774707042248,0.5577910186711872,0.00011354796696239067,5.468937026703459,3.7290052288555646,2.5696524231499853,2.7934203287755253
7,swm/FetchPushDense-v3::61::18,swm/FetchSlideDense-v3::467::40,swm/FetchPushDense-v3::61,swm/FetchSlideDense-v3::467,0.5579979573559404,0.5580704966002203,7.253924427996772e-05,7.309778836538356,4.2673301834051545,4.967950877235798,0.5779250393000794
7,swm/FetchSlideDense-v3::48::21,swm/FetchPushDense-v3::49::8,swm/FetchSlideDense-v3::48,swm/FetchPushDense-v3::49,0.559765447356992,0.5598149086714854,4.9461314493459696e-05,4.4102678640263875,5.690626468994333,3.30418993995063,4.14798253246022
7,swm/FetchSlideDense-v3::374::38,swm/FetchSlideDense-v3::13::38,swm/FetchSlideDense-v3::374,swm/FetchSlideDense-v3::13,0.560676560240533,0.5607402449947381,6.368475420504005e-05,8.561513829464879,7.228413170228411,3.818662029391794,0.5858457420253905
7,swm/FetchPushDense-v3::237::4,swm/FetchPushDense-v3::347::22,swm/FetchPushDense-v3::237,swm/FetchPushDense-v3::347,0.5612447836385474,0.5612988462639614,5.406262541407525e-05,5.422200092176861,2.6725883094456386,3.7948888649739905,1.5674271985015962
7,swm/FetchPushDense-v3::99::5,swm/FetchPushDense-v3::15::44,swm/FetchPushDense-v3::99,swm/FetchPushDense-v3::15,0.5620092711318847,0.5620327488738006,2.3477741915911565e-05,4.8263475759845385,4.661964959108481,3.585392165873824,0.5486953981235254
7,swm/FetchPushDense-v3::268::13,swm/FetchPushDense-v3::216::7,swm/FetchPushDense-v3::268,swm/FetchPushDense-v3::216,0.562723381840368,0.5626694083258306,5.3973514537397627e-05,4.477925410091415,3.731247644518953,3.561126937766878,1.2460078562315546
7,swm/FetchPushDense-v3::92::8,swm/FetchSlideDense-v3::153::25,swm/FetchPushDense-v3::92,swm/FetchSlideDense-v3::153,0.5634031740470855,0.5632302287170657,0.0001729453300197692,5.787964971439605,5.485421281852047,3.7912699026851633,1.0662766215427133
7,swm/FetchPushDense-v3::124::9,swm/FetchSlideDense-v3::79::47,swm/FetchPushDense-v3::124,swm/FetchSlideDense-v3::79,0.5635276816603835,0.563777577476593,0.00024989581620948886,6.587085450539044,4.693460452434631,4.077152632010757,1.0992939200461984
7,swm/FetchPushDense-v3::164::11,swm/FetchPushDense-v3::260::10,swm/FetchPushDense-v3::164,swm/FetchPushDense-v3::260,0.5636109652933801,0.5639023844646496,0.00029141917126951355,6.74437468394946,5.41930933245392,3.1793786995588045,3.5568384180772217
7,swm/FetchPushDense-v3::68::9,swm/FetchSlideDense-v3::326::4,swm/FetchPushDense-v3::68,swm/FetchSlideDense-v3::326,0.5637605772899185,0.5639545232901819,0.00019394600026345632,3.914522633873932,6.6474097887435954,2.7616765163347443,2.4651959468217854
7,swm/FetchSlideDense-v3::195::40,swm/FetchPushDense-v3::414::29,swm/FetchSlideDense-v3::195,swm/FetchPushDense-v3::414,0.5656092691931598,0.5657299772848546,0.00012070809169484331,6.865699306822528,5.212715833042514,3.6186488569109496,2.4465759933754665
7,swm/FetchPushDense-v3::384::10,swm/FetchPushDense-v3::108::14,swm/FetchPushDense-v3::384,swm/FetchPushDense-v3::108,0.5657431542972737,0.5658424931544168,9.93388571430831e-05,6.84506926470025,7.103167924107471,4.293241252727757,3.794315423079567
7,swm/FetchSlideDense-v3::383::48,swm/FetchPushDense-v3::61::32,swm/FetchSlideDense-v3::383,swm/FetchPushDense-v3::61,0.5661344933595174,0.5661348321899642,3.388304468110448e-07,4.66229130470961,4.359770219766827,1.7083852625523532,1.070966676551639
7,swm/FetchSlideDense-v3::305::6,swm/FetchPushDense-v3::389::7,swm/FetchSlideDense-v3::305,swm/FetchPushDense-v3::389,0.5668743763985169,0.5669432242076434,6.884780912652655e-05,10.592995329338823,4.776052230280744,5.790647287940426,3.053367437011901
7,swm/FetchPushDense-v3::61::7,swm/FetchSlideDense-v3::343::26,swm/FetchPushDense-v3::61,swm/FetchSlideDense-v3::343,0.567286646539772,0.5670659454414229,0.00022070109834915197,5.2900775219452205,7.976422840391386,3.5199029872305547,5.8388108778239465
7,swm/FetchSlideDense-v3::171::29,swm/FetchPushDense-v3::192::24,swm/FetchSlideDense-v3::171,swm/FetchPushDense-v3::192,0.5676551447894241,0.5677391194584023,8.397466897813732e-05,5.326253381893912,3.139552036488998,2.678346266122627,1.091103545248282
7,swm/FetchPushDense-v3::409::39,swm/FetchSlideDense-v3::279::14,swm/FetchPushDense-v3::409,swm/FetchSlideDense-v3::279,0.5677842650363147,0.5677676944146866,1.65706216281869e-05,3.588587835501914,4.897680257353085,2.7622217244671963,1.8238722791898767
7,swm/FetchPushDense-v3::438::12,swm/FetchPushDense-v3::92::37,swm/FetchPushDense-v3::438,swm/FetchPushDense-v3::92,0.5681913067402473,0.568159153652688,3.2153087559327886e-05,4.352627586849064,3.2716386711141534,2.687116633716517,0.965324397313778
7,swm/FetchPushDense-v3::496::5,swm/FetchPushDense-v3::90::15,swm/FetchPushDense-v3::496,swm/FetchPushDense-v3::90,0.5689025291301426,0.5689175336113235,1.5004481180858065e-05,8.029469012878847,6.208365823080423,8.341011177863622,1.8776490002760617
7,swm/FetchSlideDense-v3::13::8,swm/FetchPushDense-v3::68::5,swm/FetchSlideDense-v3::13,swm/FetchPushDense-v3::68,0.5689157583349361,0.5689624184481795,4.666011324339081e-05,4.205769293264945,4.398342789930835,2.776762761919643,3.061005438256495
7,swm/FetchSlideDense-v3::40::20,swm/FetchPushDense-v3::61::16,swm/FetchSlideDense-v3::40,swm/FetchPushDense-v3::61,0.569020538014162,0.5690288143857934,8.276371631477097e-06,5.877909698183076,2.9810824412667305,2.250688795837233,1.389493680725819
7,swm/FetchSlideDense-v3::491::6,swm/FetchSlideDense-v3::305::47,swm/FetchSlideDense-v3::491,swm/FetchSlideDense-v3::305,0.5696074929254307,0.5696491382849038,4.164535947315251e-05,9.7324846939409,4.46722991876582,3.696431267623888,0.8567143983011104
7,swm/FetchSlideDense-v3::20::39,swm/FetchPushDense-v3::20::31,swm/FetchSlideDense-v3::20,swm/FetchPushDense-v3::20,0.5734593437507438,0.5733793569924834,7.998675826037527e-05,9.090472031938404,6.240833559479322,3.1316515415195996,2.5637076556142118
7,swm/FetchPushDense-v3::426::28,swm/FetchSlideDense-v3::13::35,swm/FetchPushDense-v3::426,swm/FetchSlideDense-v3::13,0.5741195462513571,0.5740893910138294,3.015523752769589e-05,6.508821987626752,5.481854419154808,4.493286024655485,0.9268483492879934
7,swm/FetchSlideDense-v3::256::8,swm/FetchPushDense-v3::487::7,swm/FetchSlideDense-v3::256,swm/FetchPushDense-v3::487,0.5743706146167338,0.574448078876856,7.746426012222862e-05,6.134168460407668,6.368451233574923,3.092203075135915,4.473215273495939
7,swm/FetchSlideDense-v3::256::27,swm/FetchPushDense-v3::257::29,swm/FetchSlideDense-v3::256,swm/FetchPushDense-v3::257,0.5753962085204711,0.575303290770844,9.291774962716381e-05,7.865969491017615,4.998560729559707,4.249126430723587,3.0477215716082284
7,swm/FetchPushDense-v3::347::19,swm/FetchSlideDense-v3::171::27,swm/FetchPushDense-v3::347,swm/FetchSlideDense-v3::171,0.5755211741303881,0.5755235782528957,2.4041225076265604e-06,5.534541077842318,5.787134161026539,6.439775972585899,0.5080975108242904
8,swm/FetchPushDense-v3::303::27,swm/FetchPushDense-v3::414::16,swm/FetchPushDense-v3::303,swm/FetchPushDense-v3::414,0.5762143636695256,0.5762873483460964,7.298467657079755e-05,5.8631834158750795,2.6980081356670027,3.9033725130465227,0.9124648300298644
8,swm/FetchPushDense-v3::177::40,swm/FetchSlideDense-v3::79::3,swm/FetchPushDense-v3::177,swm/FetchSlideDense-v3::79,0.5775330440912478,0.5775444322572723,1.1388166024417501e-05,5.061491199655276,10.258752869845884,4.91204442251161,2.3079050335580615
8,swm/FetchPushDense-v3::84::11,swm/FetchPushDense-v3::358::21,swm/FetchPushDense-v3::84,swm/FetchPushDense-v3::358,0.5776524029292346,0.5776420292802714,1.0373648963168947e-05,5.97741976994032,3.694660047204452,4.519589209975922,2.98840940612073
8,swm/FetchPushDense-v3::352::19,swm/FetchPushDense-v3::117::10,swm/FetchPushDense-v3::352,swm/FetchPushDense-v3::117,0.5776595777032613,0.577603094400272,5.648330298924087e-05,5.478340187528114,3.8635225666446766,3.643528374764258,0.6971838240670388
8,swm/FetchPushDense-v3::470::11,swm/FetchSlideDense-v3::135::3,swm/FetchPushDense-v3::470,swm/FetchSlideDense-v3::135,0.5776894388933896,0.5777664808657784,7.704197238878052e-05,4.799447256395506,5.076536137505907,4.101720254758219,1.048214175988714
8,swm/FetchSlideDense-v3::369::24,swm/FetchSlideDense-v3::187::25,swm/FetchSlideDense-v3::369,swm/FetchSlideDense-v3::187,0.5779022233653281,0.5779021296861744,9.367915376756741e-08,8.019277159440568,5.700846756679327,2.663599820875748,1.1276573321926975
8,swm/FetchPushDense-v3::92::44,swm/FetchPushDense-v3::164::34,swm/FetchPushDense-v3::92,swm/FetchPushDense-v3::164,0.5797768831200047,0.5797710826346545,5.800485350260232e-06,4.7835826491351785,3.911582763554571,3.4672505308275015,2.2186889612517593
8,swm/FetchPushDense-v3::471::20,swm/FetchSlideDense-v3::41::37,swm/FetchPushDense-v3::471,swm/FetchSlideDense-v3::41,0.5808314115436741,0.58079081685495,4.059468872408267e-05,7.900009852350687,7.003356832680099,6.349644152551648,3.465759068970571
8,swm/FetchPushDense-v3::45::12,swm/FetchSlideDense-v3::79::44,swm/FetchPushDense-v3::45,swm/FetchSlideDense-v3::79,0.5808455775487775,0.5808742860133869,2.87084646093394e-05,4.922621220432712,4.710646138553486,3.535756352125324,1.3409661368295265
8,swm/FetchPushDense-v3::92::47,swm/FetchSlideDense-v3::279::15,swm/FetchPushDense-v3::92,swm/FetchSlideDense-v3::279,0.5810244524678583,0.5810392997398126,1.4847271954332442e-05,4.580729297325765,5.520156860354559,3.2301162904049106,1.5837841225184686
8,swm/FetchPushDense-v3::471::3,swm/FetchPushDense-v3::219::27,swm/FetchPushDense-v3::471,swm/FetchPushDense-v3::219,0.5823216884427466,0.5823217462207186,5.777797207340285e-08,6.48056718127884,3.6879865905283093,3.790083063756474,1.0208515634489348
8,swm/FetchSlideDense-v3::449::3,swm/FetchPushDense-v3::49::29,swm/FetchSlideDense-v3::449,swm/FetchPushDense-v3::49,0.5828516271432251,0.5828327757966889,1.885134653623055e-05,7.4476713699563595,3.7359519890681354,4.943261858355226,1.3007471183807982
8,swm/FetchPushDense-v3::49::30,swm/FetchPushDense-v3::358::4,swm/FetchPushDense-v3::49,swm/FetchPushDense-v3::358,0.5828946015380108,0.5830426807449187,0.0001480792069079584,5.854055436730884,4.171243432197845,5.161590407205648,3.2807426258576915
8,swm/FetchPushDense-v3::358::19,swm/FetchPushDense-v3::216::6,swm/FetchPushDense-v3::358,swm/FetchPushDense-v3::216,0.5837529195140475,0.5836689452870123,8.397422703521062e-05,6.839023787411217,4.912226199997643,4.6047386355001665,4.314221987564394
8,swm/FetchPushDense-v3::268::8,swm/FetchSlideDense-v3::364::14,swm/FetchPushDense-v3::268,swm/FetchSlideDense-v3::364,0.5838786777584989,0.5838926843363333,1.40065778344578e-05,7.483321474228267,5.180007025843328,4.894874769478544,1.0150790684976612
8,swm/FetchPushDense-v3::405::32,swm/FetchSlideDense-v3::326::10,swm/FetchPushDense-v3::405,swm/FetchSlideDense-v3::326,0.5844825122873989,0.5845266749683913,4.416268099238785e-05,6.0228255086603735,5.387165830682324,4.164756264113079,0.9724860319910764
8,swm/FetchPushDense-v3::68::4,swm/FetchPushDense-v3::198::14,swm/FetchPushDense-v3::68,swm/FetchPushDense-v3::198,0.5845307233086289,0.584368201602079,0.0001625217065498452,5.281008084490905,3.213940201270636,3.73488460269591,1.1606051918469305
8,swm/FetchPushDense-v3::270::9,swm/FetchPushDense-v3::134::8,swm/FetchPushDense-v3::270,swm/FetchPushDense-v3::134,0.5854000726452463,0.5853723396767786,2.773296846769746e-05,6.111480171182796,3.34039004311133,6.380334616168686,1.1590150185037567
8,swm/FetchPushDense-v3::69::30,swm/FetchSlideDense-v3::182::21,swm/FetchPushDense-v3::69,swm/FetchSlideDense-v3::182,0.5855635365963956,0.5856468996152269,8.336301883127284e-05,3.512650850080327,4.052332998576675,2.5111510022693118,0.5972444787926423
8,swm/FetchSlideDense-v3::161::23,swm/FetchPushDense-v3::405::40,swm/FetchSlideDense-v3::161,swm/FetchPushDense-v3::405,0.5863910585033545,0.586380251919544,1.080658381047428e-05,5.128633244978631,8.235884624886431,2.356271980310293,5.946487695365265
8,swm/FetchSlideDense-v3::180::47,swm/FetchSlideDense-v3::62::10,swm/FetchSlideDense-v3::180,swm/FetchSlideDense-v3::62,0.5887120367157767,0.5886759426470767,3.609406869997667e-05,9.512625946640002,5.572825160185096,2.0002604012979592,0.751488585100995
8,swm/FetchSlideDense-v3::79::4,swm/FetchPushDense-v3::294::20,swm/FetchSlideDense-v3::79,swm/FetchPushDense-v3::294,0.5889601389000603,0.5890573167752913,9.717787523100263e-05,4.580283408078245,6.5161426631628485,2.560963803382705,4.153324498551159
8,swm/FetchPushDense-v3::347::40,swm/FetchPushDense-v3::384::30,swm/FetchPushDense-v3::347,swm/FetchPushDense-v3::384,0.5901627051862788,0.5901656776596835,2.9724734047498202e-06,3.5400804984989604,3.788485083724694,2.290932190739821,1.099957677187122
8,swm/FetchSlideDense-v3::13::4,swm/FetchPushDense-v3::294::15,swm/FetchSlideDense-v3::13,swm/FetchPushDense-v3::294,0.5905544666202902,0.5905723613402571,1.78947199669377e-05,5.157864369023196,5.5602763346128325,2.860677159961518,3.45808865477998
8,swm/FetchPushDense-v3::303::24,swm/FetchPushDense-v3::88::14,swm/FetchPushDense-v3::303,swm/FetchPushDense-v3::88,0.5916372450499205,0.5916847197595356,4.747470961508071e-05,4.688990147219464,4.984287975864904,2.853900184688389,3.4964091778265605
8,swm/FetchSlideDense-v3::494::3,swm/FetchPushDense-v3::68::16,swm/FetchSlideDense-v3::494,swm/FetchPushDense-v3::68,0.5927196207430212,0.5927463895605178,2.6768817496636288e-05,8.602463561287795,3.564422193788513,5.424664297280485,1.7736013979951324
8,swm/FetchPushDense-v3::471::30,swm/FetchPushDense-v3::347::41,swm/FetchPushDense-v3::471,swm/FetchPushDense-v3::347,0.592888877527217,0.5928809585756045,7.918951612451153e-06,7.523733178875191,6.301038839504003,3.4280573584466674,4.800541663929965
8,swm/FetchPushDense-v3::358::36,swm/FetchPushDense-v3::487::10,swm/FetchPushDense-v3::358,swm/FetchPushDense-v3::487,0.5934085193176517,0.5932121433633888,0.00019637595426291732,4.417625619779968,4.875704913739181,2.4246598387512837,0.8045034403591727
8,swm/FetchPushDense-v3::192::29,swm/FetchPushDense-v3::357::44,swm/FetchPushDense-v3::192,swm/FetchPushDense-v3::357,0.5936340634583845,0.5936810447035334,4.698124514890267e-05,16.81147012138631,5.463249807607469,6.24046546589995,2.1574262639431363
8,swm/FetchSlideDense-v3::180::16,swm/FetchPushDense-v3::90::27,swm/FetchSlideDense-v3::180,swm/FetchPushDense-v3::90,0.5948096259284994,0.5948104537410821,8.278125827043681e-07,5.867747549894381,5.553369107718113,2.742191629687063,2.548983403643181
8,swm/FetchPushDense-v3::49::13,swm/FetchPushDense-v3::15::36,swm/FetchPushDense-v3::49,swm/FetchPushDense-v3::15,0.5951992442197127,0.5951991564905434,8.772916926247376e-08,4.7254276353705515,4.569128343513832,3.579044632249059,0.5311637700736827
8,swm/FetchPushDense-v3::405::33,swm/FetchPushDense-v3::339::10,swm/FetchPushDense-v3::405,swm/FetchPushDense-v3::339,0.5956640107188568,0.5956658800807957,1.8693619389109628e-06,3.413176363613962,5.751477804034722,3.1150438655804176,3.0075030804423437
8,swm/FetchPushDense-v3::196::12,swm/FetchPushDense-v3::322::40,swm/FetchPushDense-v3::196,swm/FetchPushDense-v3::322,0.5970472575507544,0.5969690363364101,7.822121434430951e-05,7.139205721981636,5.593273826478935,5.1987416906916675,5.571982730900541
8,swm/FetchSlideDense-v3::20::19,swm/FetchPushDense-v3::92::43,swm/FetchSlideDense-v3::20,swm/FetchPushDense-v3::92,0.5979502464326529,0.5980559832503305,0.00010573681767755971,5.128465337601213,3.4440717182596585,2.949734738223764,2.8254070344117874
8,swm/FetchPushDense-v3::339::15,swm/FetchPushDense-v3::471::26,swm/FetchPushDense-v3::339,swm/FetchPushDense-v3::471,0.59834659673642,0.5983218025810437,2.479415537626206e-05,6.962522819404331,3.672082246753662,4.698144707913311,1.8517579913308566
8,swm/FetchPushDense-v3::486::26,swm/FetchPushDense-v3::499::9,swm/FetchPushDense-v3::486,swm/FetchPushDense-v3::499,0.5994901126090324,0.5997130479577223,0.00022293534868988996,3.724742586039634,3.8969415702390204,2.427485906408436,1.0355159780383447
8,swm/FetchPushDense-v3::61::11,swm/FetchPushDense-v3::268::21,swm/FetchPushDense-v3::61,swm/FetchPushDense-v3::268,0.599725966822954,0.5997269037946877,9.369717337559536e-07,6.075277222201389,5.249621315547723,3.4926121781651203,4.576681035979312
8,swm/FetchPushDense-v3::257::25,swm/FetchPushDense-v3::23::19,swm/FetchPushDense-v3::257,swm/FetchPushDense-v3::23,0.6005344181660236,0.600559222685126,2.480451910236159e-05,4.5916216425857055,12.325883084232109,2.872636695357591,6.74062412752661
8,swm/FetchPushDense-v3::272::21,swm/FetchPushDense-v3::303::11,swm/FetchPushDense-v3::272,swm/FetchPushDense-v3::303,0.6013739183401532,0.6013695531618829,4.36517827029359e-06,8.788603137672494,5.497935383225072,3.329909024699984,1.6359656852844278
8,swm/FetchPushDense-v3::358::5,swm/FetchPushDense-v3::92::25,swm/FetchPushDense-v3::358,swm/FetchPushDense-v3::92,0.6024645430638564,0.6025841286344764,0.00011958557061997332,4.60649269502357,7.148151550743154,3.653108279241226,5.398072588363647
8,swm/FetchPushDense-v3::253::4,swm/FetchPushDense-v3::347::21,swm/FetchPushDense-v3::253,swm/FetchPushDense-v3::347,0.6029353014994129,0.6021636686643905,0.0007716328350223511,4.324708037641801,4.5263737578115375,3.0165251964275845,2.8320928599117385
8,swm/FetchSlideDense-v3::357::46,swm/FetchSlideDense-v3::436::44,swm/FetchSlideDense-v3::357,swm/FetchSlideDense-v3::436,0.6038363039264517,0.6038853889765738,4.9085050122132934e-05,4.052034769519945,6.6318250562305305,3.1364162798845814,0.9984521932902323
8,swm/FetchPushDense-v3::322::36,swm/FetchPushDense-v3::99::47,swm/FetchPushDense-v3::322,swm/FetchPushDense-v3::99,0.6040016549615675,0.6041369430818142,0.00013528812024665715,7.226862820785415,4.588438480513283,6.382401005657036,0.5944853725036593
8,swm/FetchPushDense-v3::322::38,swm/FetchSlideDense-v3::392::31,swm/FetchPushDense-v3::322,swm/FetchSlideDense-v3::392,0.6041085728183375,0.6037332742876669,0.00037529853067064245,6.105625600778896,5.911471741514187,5.338382965037164,4.517068125469004
8,swm/FetchPushDense-v3::177::46,swm/FetchPushDense-v3::486::31,swm/FetchPushDense-v3::177,swm/FetchPushDense-v3::486,0.6047150000453655,0.604776260203823,6.12601584575323e-05,5.9937228333912556,5.272371050510635,5.112538170442018,3.2136665698838565
8,swm/FetchPushDense-v3::384::28,swm/FetchPushDense-v3::15::26,swm/FetchPushDense-v3::384,swm/FetchPushDense-v3::15,0.6050829560378845,0.6052087086210346,0.00012575258315006277,5.9741421170751865,4.188298254872722,3.619866093622042,0.8346290032617295
8,swm/FetchSlideDense-v3::357::48,swm/FetchPushDense-v3::426::26,swm/FetchSlideDense-v3::357,swm/FetchPushDense-v3::426,0.6058308786531299,0.6059648344881791,0.00013395583504915987,4.796365590356907,4.0400877947328375,1.7752429870204842,1.2747643776919315
8,swm/FetchPushDense-v3::61::9,swm/FetchSlideDense-v3::13::41,swm/FetchPushDense-v3::61,swm/FetchSlideDense-v3::13,0.606008589806301,0.6060615401573652,5.2950351064229295e-05,5.700984677652907,7.5128002928209945,3.555214643118735,0.7731241167044083
8,swm/FetchPushDense-v3::358::37,swm/FetchPushDense-v3::196::36,swm/FetchPushDense-v3::358,swm/FetchPushDense-v3::196,0.6064618042686793,0.606384088253461,7.771601521833205e-05,4.074702055872526,5.2965744418145775,1.575087382700202,3.6464898557650303
8,swm/FetchPushDense-v3::192::28,swm/FetchPushDense-v3::357::19,swm/FetchPushDense-v3::192,swm/FetchPushDense-v3::357,0.6070403975963532,0.6070642032253801,2.380562902692951e-05,3.9375027989275355,8.607438535792921,3.1045238506626163,6.312643402426066
8,swm/FetchPushDense-v3::99::3,swm/FetchPushDense-v3::289::46,swm/FetchPushDense-v3::99,swm/FetchPushDense-v3::289,0.6071988180954107,0.6072463441189888,4.752602357815938e-05,6.401179441225663,5.094099914024835,5.514117287390401,4.418669120881177
8,swm/FetchPushDense-v3::426::30,swm/FetchSlideDense-v3::343::28,swm/FetchPushDense-v3::426,swm/FetchSlideDense-v3::343,0.6072057697780069,0.6074655055040394,0.0002597357260325506,4.80812525446317,14.16720381638854,3.332031265357356,5.189853727585261
8,swm/FetchSlideDense-v3::2::33,swm/FetchPushDense-v3::196::37,swm/FetchSlideDense-v3::2,swm/FetchPushDense-v3::196,0.6072786002780479,0.6075375251523185,0.0002589248742705941,12.689508430474984,5.677657960478226,7.061786376268044,3.1069292258333903
8,swm/FetchPushDense-v3::264::7,swm/FetchPushDense-v3::414::37,swm/FetchPushDense-v3::264,swm/FetchPushDense-v3::414,0.6079530570624683,0.6079209549606095,3.210210185877749e-05,5.786643477493851,5.783459608313043,2.9984208788474893,4.639185241914099
8,swm/FetchSlideDense-v3::135::6,swm/FetchSlideDense-v3::426::22,swm/FetchSlideDense-v3::135,swm/FetchSlideDense-v3::426,0.6080627290966087,0.6080284167070453,3.4312389563417867e-05,6.987824126673091,5.597184848657611,3.852123559236358,0.9314102762780558
8,swm/FetchPushDense-v3::322::32,swm/FetchPushDense-v3::49::17,swm/FetchPushDense-v3::322,swm/FetchPushDense-v3::49,0.6087480704933734,0.6087392131494584,8.85734391498083e-06,4.910436962286129,3.54324209957765,2.916080532304355,2.077446149346561
8,swm/FetchPushDense-v3::196::32,swm/FetchPushDense-v3::214::18,swm/FetchPushDense-v3::196,swm/FetchPushDense-v3::214,0.6087811258190692,0.6087031283673514,7.799745171777062e-05,3.3850317245517982,6.29664107092752,3.1542656179556543,2.230770702344119
8,swm/FetchSlideDense-v3::357::47,swm/FetchPushDense-v3::322::25,swm/FetchSlideDense-v3::357,swm/FetchPushDense-v3::322,0.6088979939029313,0.6090897071168758,0.00019171321394451102,4.622899668470279,3.9644646582374743,1.8333587510953098,2.259407696585323
8,swm/FetchPushDense-v3::22::20,swm/FetchSlideDense-v3::357::23,swm/FetchPushDense-v3::22,swm/FetchSlideDense-v3::357,0.6090303048660162,0.6091190051193442,8.870025332807785e-05,3.8513617712604824,5.749695293928474,2.413018812454892,1.8091017305924166
8,swm/FetchPushDense-v3::177::20,swm/FetchPushDense-v3::426::21,swm/FetchPushDense-v3::177,swm/FetchPushDense-v3::426,0.6091008652884429,0.609433896341733,0.0003330310532900782,6.004450346946602,3.3618672503088654,5.666680370444389,0.9539341352281855
8,swm/FetchPushDense-v3::272::9,swm/FetchPushDense-v3::357::20,swm/FetchPushDense-v3::272,swm/FetchPushDense-v3::357,0.6092276007388873,0.609584115082515,0.00035651434362771184,6.336089958368828,3.6069729023436983,3.867622600959431,1.4075250756200817
8,swm/FetchPushDense-v3::49::25,swm/FetchPushDense-v3::61::29,swm/FetchPushDense-v3::49,swm/FetchPushDense-v3::61,0.6102127540854039,0.6099886982760245,0.0002240558093793421,7.385787451197414,4.201921970260471,5.99563601381397,1.8369184259689877
8,swm/FetchPushDense-v3::22::25,swm/FetchPushDense-v3::382::17,swm/FetchPushDense-v3::22,swm/FetchPushDense-v3::382,0.6108566539705347,0.6109103691274606,5.371515692587092e-05,4.819068526227311,5.348867577458051,2.345367910716505,2.6462209872963287
8,swm/FetchPushDense-v3::196::17,swm/FetchPushDense-v3::384::25,swm/FetchPushDense-v3::196,swm/FetchPushDense-v3::384,0.6115836803521795,0.6115408167575538,4.286359462568612e-05,9.035099346895095,6.585462676901124,6.000201758761061,5.795512414461639
8,swm/FetchPushDense-v3::409::33,swm/FetchPushDense-v3::317::23,swm/FetchPushDense-v3::409,swm/FetchPushDense-v3::317,0.6120752274649142,0.6121836938236513,0.00010846635873718036,6.105022631194779,8.239053910452741,5.304819185968401,7.175266373090988
8,swm/FetchPushDense-v3::405::38,swm/FetchPushDense-v3::49::18,swm/FetchPushDense-v3::405,swm/FetchPushDense-v3::49,0.6125185055237801,0.6126437533021072,0.00012524777832711997,5.191627795455872,3.62493427780276,3.6492365288807576,1.286766345129235
8,swm/FetchPushDense-v3::214::6,swm/FetchPushDense-v3::350::15,swm/FetchPushDense-v3::214,swm/FetchPushDense-v3::350,0.612594357748105,0.6127794039944271,0.00018504624632209588,7.932829579218146,3.062757179903442,4.620726200591685,0.5744654050974727
8,swm/FetchPushDense-v3::470::14,swm/FetchPushDense-v3::264::14,swm/FetchPushDense-v3::470,swm/FetchPushDense-v3::264,0.6128157513272445,0.6129181614489583,0.00010241012171374742,5.834349151429096,6.3996151471539875,4.005002526289069,4.909406953593297
8,swm/FetchPushDense-v3::268::11,swm/FetchPushDense-v3::357::41,swm/FetchPushDense-v3::268,swm/FetchPushDense-v3::357,0.6128701509631764,0.6129256892048959,5.553824171944388e-05,6.79253610442144,5.662968733734237,4.803463490915564,3.632462565823815
8,swm/FetchPushDense-v3::92::42,swm/FetchPushDense-v3::467::17,swm/FetchPushDense-v3::92,swm/FetchPushDense-v3::467,0.6130457790419453,0.6132625283568509,0.00021674931490556215,5.304512496056955,5.033791897982141,4.650005021116219,2.566434443036254
8,swm/FetchPushDense-v3::467::44,swm/FetchPushDense-v3::289::20,swm/FetchPushDense-v3::467,swm/FetchPushDense-v3::289,0.6135571458917194,0.6135834845178157,2.6338626096356066e-05,6.090228760233448,7.169549138957548,1.9197254065055565,2.8560161720727404
8,swm/FetchPushDense-v3::409::38,swm/FetchPushDense-v3::15::16,swm/FetchPushDense-v3::409,swm/FetchPushDense-v3::15,0.6136537636925328,0.6136781486162257,2.4384923692943872e-05,3.278364659107873,4.101895724506962,3.0717503267944055,0.9911128966356505
8,swm/FetchPushDense-v3::414::12,swm/FetchPushDense-v3::214::4,swm/FetchPushDense-v3::414,swm/FetchPushDense-v3::214,0.6139329832882492,0.6139647934074137,3.181011916453258e-05,5.888102751057518,5.391627928097575,3.020078306781949,1.7196531595214655
8,swm/FetchPushDense-v3::322::29,swm/FetchPushDense-v3::386::13,swm/FetchPushDense-v3::322,swm/FetchPushDense-v3::386,0.6144747924707548,0.6145472832303726,7.249075961779372e-05,5.265750676260658,4.028197921167056,3.5018502048885822,1.2988433127333343
8,swm/FetchSlideDense-v3::274::13,swm/FetchPushDense-v3::308::7,swm/FetchSlideDense-v3::274,swm/FetchPushDense-v3::308,0.6151562258661261,0.6151525305273708,3.6953387552163264e-06,5.45044555095862,4.575516324093041,4.484359728328845,1.93674271912185
8,swm/FetchPushDense-v3::257::6,swm/FetchPushDense-v3::347::18,swm/FetchPushDense-v3::257,swm/FetchPushDense-v3::347,0.615914413846783,0.6156528551429019,0.00026155870388111513,4.734711125977139,3.6900066778678107,3.8615132281336777,2.088707300710317
8,swm/FetchPushDense-v3::1::11,swm/FetchPushDense-v3::252::15,swm/FetchPushDense-v3::1,swm/FetchPushDense-v3::252,0.6160509730491928,0.6162481936936368,0.00019722064444405163,5.291913818454009,6.957495800469525,3.776939916066697,3.7455159291806557
8,swm/FetchSlideDense-v3::396::20,swm/FetchPushDense-v3::415::49,swm/FetchSlideDense-v3::396,swm/FetchPushDense-v3::415,0.6175106111626139,0.6174463349064911,6.427625612270838e-05,5.07242950686585,4.476481041376153,2.1104903191859847,0.6874062721478761
8,swm/FetchPushDense-v3::196::23,swm/FetchSlideDense-v3::7::18,swm/FetchPushDense-v3::196,swm/FetchSlideDense-v3::7,0.6176099504492292,0.6176629891083845,5.303865915529116e-05,4.530504096155425,5.765884009850782,3.2094261138831337,1.1381110941688284
8,swm/FetchPushDense-v3::384::5,swm/FetchPushDense-v3::484::13,swm/FetchPushDense-v3::384,swm/FetchPushDense-v3::484,0.6184750882868401,0.6185455678396119,7.047955277184048e-05,3.7862900656010154,3.672057474608905,3.1833198432331744,3.533390246633555
8,swm/FetchPushDense-v3::471::43,swm/FetchPushDense-v3::484::15,swm/FetchPushDense-v3::471,swm/FetchPushDense-v3::484,0.6189052475128469,0.6188033339680568,0.00010191354479016645,9.854542609173613,5.025442642652396,9.550665951291705,1.968362969234605
8,swm/FetchPushDense-v3::471::41,swm/FetchPushDense-v3::384::27,swm/FetchPushDense-v3::471,swm/FetchPushDense-v3::384,0.6199332149166148,0.6198141443322853,0.0001190705843294726,5.26555973614423,4.404215467323158,4.856744357832293,1.8452389661323318
8,swm/FetchSlideDense-v3::238::4,swm/FetchPushDense-v3::124::22,swm/FetchSlideDense-v3::238,swm/FetchPushDense-v3::124,0.6200001811460032,0.6201716850276988,0.0001715038816956227,5.840783674541835,9.778123774170421,2.0813154619864145,8.815572418842198
8,swm/FetchPushDense-v3::1::19,swm/FetchSlideDense-v3::203::47,swm/FetchPushDense-v3::1,swm/FetchSlideDense-v3::203,0.6202194870775644,0.6206896337287257,0.00047014665116129617,3.950598054400663,3.9990899915135123,2.170941894672413,1.8364490976154388
8,swm/FetchPushDense-v3::219::38,swm/FetchPushDense-v3::467::31,swm/FetchPushDense-v3::219,swm/FetchPushDense-v3::467,0.6219170969739604,0.6217372020967479,0.0001798948772124831,8.407906958343535,4.87685049571128,6.3648261165145135,1.5010456809946684
8,swm/FetchPushDense-v3::409::14,swm/FetchPushDense-v3::69::47,swm/FetchPushDense-v3::409,swm/FetchPushDense-v3::69,0.6219644813172598,0.6221271300925597,0.00016264877529992283,7.604539520867325,2.948669315274286,3.5786137740248094,1.4028084580983509
8,swm/FetchPushDense-v3::347::17,swm/FetchPushDense-v3::426::27,swm/FetchPushDense-v3::347,swm/FetchPushDense-v3::426,0.6227443012454206,0.6226089577986602,0.00013534344676036092,5.7369964098466495,3.3573827642660974,3.417841206695151,0.8131898809623558
8,swm/FetchPushDense-v3::22::7,swm/FetchPushDense-v3::268::9,swm/FetchPushDense-v3::22,swm/FetchPushDense-v3::268,0.6233471201342757,0.6233005688624962,4.65512717795491e-05,6.687119608678503,5.299115825995258,4.112687473215332,2.213998942781365
8,swm/FetchPushDense-v3::357::39,swm/FetchPushDense-v3::303::39,swm/FetchPushDense-v3::357,swm/FetchPushDense-v3::303,0.6237139955804051,0.6238106237533396,9.662817293454307e-05,4.6368870412796355,3.92685125763832,3.148112550737594,1.9459679208718752
8,swm/FetchPushDense-v3::68::14,swm/FetchPushDense-v3::108::16,swm/FetchPushDense-v3::68,swm/FetchPushDense-v3::108,0.6237527533928622,0.6238813504169873,0.0001285970241251544,5.400557735750774,2.341736059665454,3.570206253985861,0.44399437381381507
8,swm/FetchPushDense-v3::177::38,swm/FetchPushDense-v3::405::18,swm/FetchPushDense-v3::177,swm/FetchPushDense-v3::405,0.6245582393122717,0.62473848456061,0.00018024524833826217,4.504782754205756,2.1620037438083797,3.5673702219115344,1.4044786615275058
8,swm/FetchSlideDense-v3::171::26,swm/FetchPushDense-v3::467::33,swm/FetchSlideDense-v3::171,swm/FetchPushDense-v3::467,0.6246340782109923,0.624339102974161,0.00029497523683130744,4.500508177800116,5.575105508445227,1.1612836776297746,2.3296956685962082
8,swm/FetchPushDense-v3::339::38,swm/FetchSlideDense-v3::364::23,swm/FetchPushDense-v3::339,swm/FetchSlideDense-v3::364,0.6246700214426633,0.6251217403166587,0.00045171887399542143,5.18753087596968,4.66990927031614,4.179268327359098,0.6950732941404181
8,swm/FetchSlideDense-v3::485::4,swm/FetchSlideDense-v3::66::36,swm/FetchSlideDense-v3::485,swm/FetchSlideDense-v3::66,0.6250061348470569,0.6252081137131671,0.00020197886611017513,3.862921024295653,8.294017782174537,1.885754835987875,3.0996943323471697
8,swm/FetchPushDense-v3::409::41,swm/FetchPushDense-v3::214::46,swm/FetchPushDense-v3::409,swm/FetchPushDense-v3::214,0.6250389111031258,0.6252086449733892,0.00016973387026342213,3.5174175506904546,5.380008698798487,2.56414947431739,1.0167313686269843
8,swm/FetchPushDense-v3::99::11,swm/FetchPushDense-v3::15::19,swm/FetchPushDense-v3::99,swm/FetchPushDense-v3::15,0.6251503646223597,0.6252931245167443,0.00014275989438461423,8.584448852657365,13.271522150690476,5.343932870256721,7.802682132116485
8,swm/FetchSlideDense-v3::53::42,swm/FetchPushDense-v3::484::24,swm/FetchSlideDense-v3::53,swm/FetchPushDense-v3::484,0.6269268640620277,0.6270172877851788,9.042372315115621e-05,7.656546081619144,3.9985667007817747,2.2573330777594482,0.8391806394363518
8,swm/FetchPushDense-v3::426::45,swm/FetchSlideDense-v3::66::49,swm/FetchPushDense-v3::426,swm/FetchSlideDense-v3::66,0.6277192638403177,0.6276367207816513,8.254305866639555e-05,5.375965567231612,5.797447888632019,4.37416594256004,0.796257965270674
8,swm/FetchPushDense-v3::414::36,swm/FetchSlideDense-v3::196::47,swm/FetchPushDense-v3::414,swm/FetchSlideDense-v3::196,0.6285404047524816,0.6284023738583108,0.00013803089417085967,5.196171524879278,3.835804637933374,4.207731711917615,0.6415266596838368
8,swm/FetchPushDense-v3::22::41,swm/FetchPushDense-v3::177::15,swm/FetchPushDense-v3::22,swm/FetchPushDense-v3::177,0.6286484853785943,0.6287890068056385,0.00014052142704423787,5.416894302862332,7.310506870135955,3.4871061985004483,4.733279779472492
8,swm/FetchPushDense-v3::1::6,swm/FetchPushDense-v3::303::10,swm/FetchPushDense-v3::1,swm/FetchPushDense-v3::303,0.6292944540975669,0.6294306763543639,0.00013622225679699174,4.207517493358107,4.755894956964858,3.214054631911403,1.9012434767259097
8,swm/FetchPushDense-v3::264::9,swm/FetchSlideDense-v3::473::37,swm/FetchPushDense-v3::264,swm/FetchSlideDense-v3::473,0.6294887278950296,0.6294696185425018,1.910935252780188e-05,9.594451742239334,5.094066186090145,7.61148835271176,4.289493281904772
8,swm/FetchPushDense-v3::357::42,swm/FetchPushDense-v3::99::34,swm/FetchPushDense-v3::357,swm/FetchPushDense-v3::99,0.630164315613648,0.6301964209576796,3.210534403152998e-05,4.770907403435935,4.691408074573123,2.271660179588589,0.7735741844192372
8,swm/FetchPushDense-v3::339::34,swm/FetchPushDense-v3::61::13,swm/FetchPushDense-v3::339,swm/FetchPushDense-v3::61,0.6302630824345197,0.6302006535475744,6.242888694529825e-05,4.632696922134173,3.6957354756502427,3.0275327288650202,2.4651209290623557
8,swm/FetchSlideDense-v3::127::4,swm/FetchPushDense-v3::451::16,swm/FetchSlideDense-v3::127,swm/FetchPushDense-v3::451,0.6303353421546259,0.6304878866185377,0.00015254446391177456,3.9936097263393386,3.657612014263436,0.6942607395585952,2.2441559698430704
8,swm/FetchSlideDense-v3::310::3,swm/FetchSlideDense-v3::436::41,swm/FetchSlideDense-v3::310,swm/FetchSlideDense-v3::436,0.6303598978910829,0.6300120902650652,0.0003478076260177154,6.125235086081058,6.6010183109472935,3.4246278293039887,1.7384895784239551
8,swm/FetchPushDense-v3::33::5,swm/FetchSlideDense-v3::284::21,swm/FetchPushDense-v3::33,swm/FetchSlideDense-v3::284,0.6309897335529329,0.6310619062379152,7.21726849823856e-05,4.2580675005367254,10.359821741092256,3.3745685501759417,1.7144902437632783
8,swm/FetchPushDense-v3::303::8,swm/FetchPushDense-v3::227::27,swm/FetchPushDense-v3::303,swm/FetchPushDense-v3::227,0.6313871991505766,0.63136537229977,2.1826850806649922e-05,8.450939557525444,3.6910498334554522,5.041223253528971,1.0470128749456022
8,swm/FetchPushDense-v3::264::3,swm/FetchPushDense-v3::487::8,swm/FetchPushDense-v3::264,swm/FetchPushDense-v3::487,0.6316330331856379,0.6317913189161484,0.00015828573051046568,5.645686101074718,4.483072514181559,1.6021495819965734,1.8823303680716943
8,swm/FetchPushDense-v3::164::21,swm/FetchSlideDense-v3::127::14,swm/FetchPushDense-v3::164,swm/FetchSlideDense-v3::127,0.6324005810096931,0.6324899680198459,8.938701015281936e-05,7.360211575724672,6.543334090349656,3.0867746375581673,4.767268464639659
8,swm/FetchPushDense-v3::177::34,swm/FetchPushDense-v3::294::28,swm/FetchPushDense-v3::177,swm/FetchPushDense-v3::294,0.6327534956688858,0.6328636646536413,0.00011016898475546544,4.251239436455819,11.678887289486696,3.2224349494375244,5.026107081771149
8,swm/FetchPushDense-v3::389::30,swm/FetchPushDense-v3::99::44,swm/FetchPushDense-v3::389,swm/FetchPushDense-v3::99,0.6334905532567654,0.6334390903439864,5.146291277902115e-05,7.2108887672324276,4.4990983687568935,2.9642706400759247,0.5505525678880004
8,swm/FetchPushDense-v3::45::48,swm/FetchPushDense-v3::496::18,swm/FetchPushDense-v3::45,swm/FetchPushDense-v3::496,0.6344996612887095,0.6344102384178213,8.942287088820056e-05,5.184335562390965,3.196218928036849,2.5833770553249007,0.8896630825667871
8,swm/FetchPushDense-v3::92::31,swm/FetchSlideDense-v3::343::36,swm/FetchPushDense-v3::92,swm/FetchSlideDense-v3::343,0.634636529430087,0.6346638082786258,2.7278848538814238e-05,6.297600083061028,4.6895926713447595,3.9389216055640803,1.20328194350474
8,swm/FetchPushDense-v3::214::17,swm/FetchPushDense-v3::467::16,swm/FetchPushDense-v3::214,swm/FetchPushDense-v3::467,0.6346791133206432,0.6348656819340341,0.0001865686133909472,5.697586538611611,4.8207281777394595,3.7062729652207893,3.2578176365544347
8,swm/FetchPushDense-v3::303::33,swm/FetchPushDense-v3::90::32,swm/FetchPushDense-v3::303,swm/FetchPushDense-v3::90,0.6347279910897385,0.6349991287441004,0.00027113765436181936,3.9188324943064847,4.5989459819256755,1.541687962815949,0.47566132511317155
8,swm/FetchPushDense-v3::347::26,swm/FetchPushDense-v3::260::13,swm/FetchPushDense-v3::347,swm/FetchPushDense-v3::260,0.6359987597989418,0.636012629740327,1.3869941385191709e-05,5.7881149039835025,6.745457261944785,4.223642678845352,3.5196028013227547
8,swm/FetchPushDense-v3::88::16,swm/FetchPushDense-v3::69::48,swm/FetchPushDense-v3::88,swm/FetchPushDense-v3::69,0.6360959083886597,0.6361541965737935,5.828818513375911e-05,4.711431308678109,2.89475616090712,3.0677005559129316,1.0580625366877592
8,swm/FetchPushDense-v3::84::9,swm/FetchSlideDense-v3::2::35,swm/FetchPushDense-v3::84,swm/FetchSlideDense-v3::2,0.6371944314664206,0.6371994908698562,5.05940343553668e-06,4.852532120910316,3.462108404263036,3.568599045326012,0.705952195173647
8,swm/FetchPushDense-v3::257::14,swm/FetchPushDense-v3::357::14,swm/FetchPushDense-v3::257,swm/FetchPushDense-v3::357,0.6374857431919074,0.6375131407538375,2.7397561930042613e-05,5.362688164576728,7.253170089094616,4.003390761518942,1.9284123233059893
8,swm/FetchPushDense-v3::124::7,swm/FetchPushDense-v3::92::33,swm/FetchPushDense-v3::124,swm/FetchPushDense-v3::92,0.6380540533704826,0.6382044157523352,0.00015036238185262008,5.267529107382834,3.6789943266604013,2.397622276596147,3.0453518513663775
8,swm/FetchPushDense-v3::20::11,swm/FetchSlideDense-v3::37::3,swm/FetchPushDense-v3::20,swm/FetchSlideDense-v3::37,0.6390207384312174,0.6389458765394898,7.486189172767332e-05,7.449945645750353,21.23821447196094,2.5022599665721765,19.633461901568616
8,swm/FetchPushDense-v3::358::32,swm/FetchPushDense-v3::270::10,swm/FetchPushDense-v3::358,swm/FetchPushDense-v3::270,0.6394210573963752,0.6394563182770541,3.5260880678844586e-05,5.668512881416604,5.052161445044093,2.726011928532547,2.893725380028307
8,swm/FetchPushDense-v3::92::38,swm/FetchPushDense-v3::405::19,swm/FetchPushDense-v3::92,swm/FetchPushDense-v3::405,0.6395659592611556,0.6395146314628042,5.132779835137491e-05,5.392356743055445,2.6453423176592405,4.705474262650228,1.0607859326667308
8,swm/FetchPushDense-v3::346::31,swm/FetchPushDense-v3::90::35,swm/FetchPushDense-v3::346,swm/FetchPushDense-v3::90,0.6396153761800905,0.6396455850801936,3.0208900103190217e-05,4.18872863944039,4.367587985989189,3.152264112400459,0.49568209243592615
8,swm/FetchPushDense-v3::405::21,swm/FetchPushDense-v3::268::36,swm/FetchPushDense-v3::405,swm/FetchPushDense-v3::268,0.6404670825255209,0.6404265562077154,4.052631780548932e-05,4.177524268617714,3.634618595736739,3.6684870746901095,0.681576445784486
8,swm/FetchPushDense-v3::177::31,swm/FetchPushDense-v3::270::16,swm/FetchPushDense-v3::177,swm/FetchPushDense-v3::270,0.6407263088029804,0.6407046791485154,2.162965446506071e-05,4.583792479501087,3.5657125595376336,2.521218756454346,1.0555114053632675
8,swm/FetchPushDense-v3::219::46,swm/FetchPushDense-v3::49::24,swm/FetchPushDense-v3::219,swm/FetchPushDense-v3::49,0.6419086937134557,0.6419247809230639,1.6087209608217634e-05,7.106915839370504,3.9797759694850843,4.67783052679116,1.3809849886786705
8,swm/FetchPushDense-v3::22::40,swm/FetchPushDense-v3::61::15,swm/FetchPushDense-v3::22,swm/FetchPushDense-v3::61,0.6424090972058105,0.6421893665386099,0.00021973066720060164,5.391406812618913,4.4768731326335045,3.833172212027686,2.5794586402909885
8,swm/FetchPushDense-v3::471::34,swm/FetchPushDense-v3::496::43,swm/FetchPushDense-v3::471,swm/FetchPushDense-v3::496,0.6458609926389929,0.6458116428677011,4.934977129178453e-05,5.994431587547567,6.553623378636391,3.8913872358209582,0.7790673867379052
8,swm/FetchPushDense-v3::471::24,swm/FetchPushDense-v3::270::11,swm/FetchPushDense-v3::471,swm/FetchPushDense-v3::270,0.6475337200610642,0.647709848767666,0.0001761287066017747,6.075704750781767,13.119902148427919,5.8457402740475395,12.623087115404905
8,swm/FetchPushDense-v3::177::43,swm/FetchSlideDense-v3::203::22,swm/FetchPushDense-v3::177,swm/FetchSlideDense-v3::203,0.6478839984699186,0.6477366669354396,0.0001473315344789894,5.372194379868053,5.6878238819586215,3.0449925316936284,1.4528472172911704
8,swm/FetchPushDense-v3::347::42,swm/FetchPushDense-v3::177::16,swm/FetchPushDense-v3::347,swm/FetchPushDense-v3::177,0.6478966457792392,0.6479910708197836,9.442504054435474e-05,5.145745727742737,7.050558737388243,4.166966665415992,5.741016770556542
8,swm/FetchPushDense-v3::438::10,swm/FetchPushDense-v3::239::23,swm/FetchPushDense-v3::438,swm/FetchPushDense-v3::239,0.6479687127080563,0.6482641125803816,0.0002953998723252971,6.590702354325322,4.160426550962213,6.431981356424086,2.99668966635723
8,swm/FetchSlideDense-v3::323::4,swm/FetchSlideDense-v3::343::32,swm/FetchSlideDense-v3::323,swm/FetchSlideDense-v3::343,0.6481644845172678,0.6485414493200024,0.00037696480273452515,6.5117974831547825,5.781571474662511,2.916995690641959,0.9810967756152501
8,swm/FetchPushDense-v3::88::18,swm/FetchPushDense-v3::486::39,swm/FetchPushDense-v3::88,swm/FetchPushDense-v3::486,0.6482004096534735,0.648574580566909,0.0003741709134355009,6.841653908784694,5.031547821830447,6.0288496597723515,2.069243414657185
8,swm/FetchPushDense-v3::426::47,swm/FetchPushDense-v3::167::27,swm/FetchPushDense-v3::426,swm/FetchPushDense-v3::167,0.6494584926121568,0.6495023687936099,4.387618145307304e-05,5.560192989857664,4.755008564344749,3.4553001935003835,1.183516962882796
8,swm/FetchPushDense-v3::69::4,swm/FetchPushDense-v3::308::8,swm/FetchPushDense-v3::69,swm/FetchPushDense-v3::308,0.6494809189697819,0.6496565600378135,0.00017564106803158452,5.584176193397408,3.4587469020370776,2.201112046571621,1.75212014509458
8,swm/FetchPushDense-v3::339::42,swm/FetchPushDense-v3::303::40,swm/FetchPushDense-v3::339,swm/FetchPushDense-v3::303,0.6503565316408759,0.6503900937921829,3.356215130700946e-05,6.499806985004631,3.6859054949407715,5.710133018607575,1.5397051975917662
8,swm/FetchPushDense-v3::339::18,swm/FetchPushDense-v3::90::18,swm/FetchPushDense-v3::339,swm/FetchPushDense-v3::90,0.6507591916444245,0.650990147247936,0.0002309556035114957,5.389772360058796,3.8555571522404892,3.7014271168116055,1.6336046253886427
8,swm/FetchSlideDense-v3::419::18,swm/FetchPushDense-v3::375::14,swm/FetchSlideDense-v3::419,swm/FetchPushDense-v3::375,0.6511343547035527,0.6512730036441536,0.00013864894060089394,7.56249724769213,9.27147090299297,2.598439812553793,8.665051496349621
8,swm/FetchPushDense-v3::264::15,swm/FetchSlideDense-v3::269::30,swm/FetchPushDense-v3::264,swm/FetchSlideDense-v3::269,0.6518001925206156,0.6515839961191527,0.00021619640146286478,4.8059649105751365,5.9414605104920035,2.2556062924238938,2.0466534657466124
8,swm/FetchPushDense-v3::257::17,swm/FetchPushDense-v3::227::26,swm/FetchPushDense-v3::257,swm/FetchPushDense-v3::227,0.6530958217772631,0.6531437587126127,4.793693534954624e-05,5.7513780247896085,3.5929742203150297,4.513024464378742,1.1639474065069655
8,swm/FetchPushDense-v3::144::26,swm/FetchPushDense-v3::45::32,swm/FetchPushDense-v3::144,swm/FetchPushDense-v3::45,0.6535916381911597,0.6535888425283847,2.7956627750569396e-06,5.3787591864693125,2.4035210020981257,2.6704945476245143,0.9324909149560833
8,swm/FetchPushDense-v3::49::5,swm/FetchPushDense-v3::169::28,swm/FetchPushDense-v3::49,swm/FetchPushDense-v3::169,0.6566572350675024,0.657021811153276,0.00036457608577356027,3.571023343904188,6.770140806139793,2.405676281000957,2.087316801631126
8,swm/FetchPushDense-v3::322::21,swm/FetchSlideDense-v3::364::16,swm/FetchPushDense-v3::322,swm/FetchSlideDense-v3::364,0.6568245934355712,0.657102356232143,0.0002777627965717677,6.798854448127316,4.697240801798966,3.1211638954898806,1.0447087555269055
8,swm/FetchPushDense-v3::177::25,swm/FetchPushDense-v3::405::25,swm/FetchPushDense-v3::177,swm/FetchPushDense-v3::405,0.6570731716348388,0.6574551614904243,0.00038198985558546283,8.160597013544463,2.4678467785131897,7.202850924090097,0.9567535940851062
8,swm/FetchSlideDense-v3::77::5,swm/FetchPushDense-v3::49::4,swm/FetchSlideDense-v3::77,swm/FetchPushDense-v3::49,0.6579331179316408,0.6576959725234439,0.00023714540819685936,8.165401344132468,6.680928189585027,5.4329267180728,3.285718640938536
8,swm/FetchPushDense-v3::426::33,swm/FetchPushDense-v3::409::20,swm/FetchPushDense-v3::426,swm/FetchPushDense-v3::409,0.6579703463548543,0.6582743693542351,0.00030402299938081523,3.983572263931407,3.0424340617485277,2.4865937321642972,1.3914289012053167
8,swm/FetchSlideDense-v3::383::43,swm/FetchPushDense-v3::438::9,swm/FetchSlideDense-v3::383,swm/FetchPushDense-v3::438,0.6584078128725506,0.6585301515796922,0.00012233870714162265,4.70950147603005,6.467566552535234,1.1246138260643774,4.368116726360442
8,swm/FetchPushDense-v3::124::12,swm/FetchPushDense-v3::352::21,swm/FetchPushDense-v3::124,swm/FetchPushDense-v3::352,0.6604424556878657,0.6605121876231915,6.97319353257786e-05,6.507308222422238,6.334178316095794,3.3790665149986006,4.107796797116727
8,swm/FetchSlideDense-v3::182::16,swm/FetchPushDense-v3::317::22,swm/FetchSlideDense-v3::182,swm/FetchPushDense-v3::317,0.6609989802273808,0.6610017957975137,2.815570132930212e-06,7.669821141068234,4.578035231715596,3.9682872405320513,1.4384803288607837
8,swm/FetchSlideDense-v3::165::5,swm/FetchPushDense-v3::358::44,swm/FetchSlideDense-v3::165,swm/FetchPushDense-v3::358,0.6616776975191281,0.6616515051463288,2.61923727993274e-05,4.846969140349981,5.880917579230818,4.074217195203423,5.003399539435855
8,swm/FetchPushDense-v3::346::29,swm/FetchPushDense-v3::496::19,swm/FetchPushDense-v3::346,swm/FetchPushDense-v3::496,0.6617275516208462,0.6617617813618207,3.422974097455622e-05,3.6462090487174175,3.0274261945505314,1.963221907557186,0.8133138077079641
8,swm/FetchPushDense-v3::257::35,swm/FetchSlideDense-v3::66::43,swm/FetchPushDense-v3::257,swm/FetchSlideDense-v3::66,0.667468744556944,0.6674397808868485,2.8963670095527583e-05,4.963467974672877,8.46890901849965,2.534925062253311,3.7820537467240274
8,swm/FetchPushDense-v3::409::43,swm/FetchPushDense-v3::219::36,swm/FetchPushDense-v3::409,swm/FetchPushDense-v3::219,0.6683458924802406,0.6683328138487511,1.3078631489471526e-05,5.235947762770442,4.285605900862677,5.30335064927747,1.989163528232563
8,swm/FetchPushDense-v3::346::30,swm/FetchPushDense-v3::486::34,swm/FetchPushDense-v3::346,swm/FetchPushDense-v3::486,0.6697072167098742,0.669690534020638,1.6682689236158232e-05,7.492810955598144,5.35400832627243,6.458516253687046,3.7475784894816706
8,swm/FetchPushDense-v3::69::6,swm/FetchPushDense-v3::257::32,swm/FetchPushDense-v3::69,swm/FetchPushDense-v3::257,0.6702639041910519,0.6702496456578583,1.4258533193589606e-05,3.543934935959415,4.591082883094784,2.3851976646882833,2.977155955851219
8,swm/FetchPushDense-v3::389::31,swm/FetchSlideDense-v3::436::43,swm/FetchPushDense-v3::389,swm/FetchSlideDense-v3::436,0.6712648952745256,0.6712379159198156,2.6979354709966152e-05,5.864108584758595,5.103852963899453,4.1940021330636705,0.6821711183242936
8,swm/FetchSlideDense-v3::455::45,swm/FetchSlideDense-v3::279::16,swm/FetchSlideDense-v3::455,swm/FetchSlideDense-v3::279,0.6717783361363474,0.6717208289044347,5.750723191266793e-05,6.4102124456575345,5.666450334506068,1.7042546943416996,1.5483304646354565
8,swm/FetchPushDense-v3::49::20,swm/FetchPushDense-v3::227::29,swm/FetchPushDense-v3::49,swm/FetchPushDense-v3::227,0.6718489214422585,0.6719428595735906,9.393813133207196e-05,5.861788846743877,3.8510764280809697,3.990366030299464,1.1558149240828357
8,swm/FetchPushDense-v3::471::37,swm/FetchPushDense-v3::405::45,swm/FetchPushDense-v3::471,swm/FetchPushDense-v3::405,0.6724514814503677,0.6724691812491721,1.769979880439365e-05,4.184820794432145,3.6568842518003266,3.4231331755522496,1.900614396896734
8,swm/FetchPushDense-v3::289::42,swm/FetchPushDense-v3::219::26,swm/FetchPushDense-v3::289,swm/FetchPushDense-v3::219,0.67251944843563,0.6726091006044347,8.965216880463256e-05,4.622166047042875,3.4891977959933813,4.101619661185615,1.0807213366966413
8,swm/FetchPushDense-v3::257::22,swm/FetchPushDense-v3::49::28,swm/FetchPushDense-v3::257,swm/FetchPushDense-v3::49,0.6728943719357204,0.6728860502507836,8.321684936807294e-06,4.285815606101548,3.4926136213264685,3.2235746272776593,1.5693207744487834
8,swm/FetchPushDense-v3::68::39,swm/FetchPushDense-v3::358::31,swm/FetchPushDense-v3::68,swm/FetchPushDense-v3::358,0.6732645148907208,0.6733337413523273,6.922646160645307e-05,5.355118195494949,4.839039070172888,2.522680357295214,2.043664849565119
8,swm/FetchPushDense-v3::357::21,swm/FetchPushDense-v3::90::29,swm/FetchPushDense-v3::357,swm/FetchPushDense-v3::90,0.6747299265323099,0.6748072064125887,7.727988027883548e-05,9.599011785288933,4.85199446182694,6.867766464744859,0.811377259314275
8,swm/FetchPushDense-v3::346::28,swm/FetchSlideDense-v3::107::25,swm/FetchPushDense-v3::346,swm/FetchSlideDense-v3::107,0.6749086613406036,0.6750423796378779,0.00013371829727437667,4.31636952937989,4.7254317278007365,2.685532791278079,0.7585382910342559
8,swm/FetchPushDense-v3::486::38,swm/FetchPushDense-v3::292::15,swm/FetchPushDense-v3::486,swm/FetchPushDense-v3::292,0.6753176035224939,0.6760009852991969,0.0006833817767030181,4.4413564754149055,3.2351076041300053,2.241474623175901,1.3035539569601386
8,swm/FetchPushDense-v3::467::32,swm/FetchPushDense-v3::239::24,swm/FetchPushDense-v3::467,swm/FetchPushDense-v3::239,0.6762652634834139,0.6762784628760545,1.31993926406615e-05,6.798856028056194,3.4574212207370696,4.089543381494911,1.5996769175075485
8,swm/FetchPushDense-v3::144::27,swm/FetchPushDense-v3::61::14,swm/FetchPushDense-v3::144,swm/FetchPushDense-v3::61,0.6766712729613685,0.6766118051056247,5.946785574384439e-05,5.933114437788573,6.089507992356699,4.841315130353269,3.029648968795589
8,swm/FetchPushDense-v3::409::29,swm/FetchPushDense-v3::386::12,swm/FetchPushDense-v3::409,swm/FetchPushDense-v3::386,0.6767866706437149,0.6767843720105811,2.2986331338348265e-06,3.512904499843159,3.6977880392943927,3.24380863456474,0.9864453063326603
8,swm/FetchPushDense-v3::167::30,swm/FetchPushDense-v3::84::22,swm/FetchPushDense-v3::167,swm/FetchPushDense-v3::84,0.6773881504226055,0.6777207223746057,0.0003325719520002046,9.867476669195927,1.8304012532307798,9.071456168493864,0.5555853462491509
8,swm/FetchPushDense-v3::68::45,swm/FetchPushDense-v3::69::46,swm/FetchPushDense-v3::68,swm/FetchPushDense-v3::69,0.6773960840865803,0.6780084840871036,0.0006124000005233166,8.105650760509834,3.768486895116382,7.515351326888258,1.702309376131447
8,swm/FetchPushDense-v3::22::38,swm/FetchPushDense-v3::414::35,swm/FetchPushDense-v3::22,swm/FetchPushDense-v3::414,0.6774210166344287,0.6781531890850863,0.0007321724506575977,4.429938379038777,4.843617183424862,2.913269288414365,3.246669352425551
8,swm/FetchSlideDense-v3::162::29,swm/FetchPushDense-v3::177::27,swm/FetchSlideDense-v3::162,swm/FetchPushDense-v3::177,0.6776216908632031,0.6783309422505811,0.0007092513873779849,8.095140423106074,3.7814977821953946,3.4677092675421313,2.4039298440678007
8,swm/FetchPushDense-v3::347::48,swm/FetchSlideDense-v3::357::39,swm/FetchPushDense-v3::347,swm/FetchSlideDense-v3::357,0.678106137410969,0.678425619617609,0.00031948220664002047,4.142237706440942,3.0958483992127666,2.3837163679317626,0.8738882282571964
8,swm/FetchPushDense-v3::347::30,swm/FetchSlideDense-v3::79::34,swm/FetchPushDense-v3::347,swm/FetchSlideDense-v3::79,0.6781498539226902,0.6788305217384225,0.0006806678157322832,8.11092266956212,6.094285539294769,8.680449272191662,1.2516249860661846
8,swm/FetchPushDense-v3::303::41,swm/FetchSlideDense-v3::392::30,swm/FetchPushDense-v3::303,swm/FetchSlideDense-v3::392,0.6797765178394167,0.6796849120959265,9.160574349020845e-05,8.120389544212811,4.999968797156534,6.225691836411631,3.514928209414403
8,swm/FetchPushDense-v3::414::28,swm/FetchPushDense-v3::112::19,swm/FetchPushDense-v3::414,swm/FetchPushDense-v3::112,0.6799422178994472,0.6801221667611634,0.00017994886171623925,6.663944309796282,4.8563204540073,3.2854043336532825,1.7188806702994555
8,swm/FetchPushDense-v3::239::34,swm/FetchPushDense-v3::257::44,swm/FetchPushDense-v3::239,swm/FetchPushDense-v3::257,0.6815949192997659,0.6816366298610508,4.171056128488004e-05,7.8920462867663375,9.068836788519578,2.799164301974806,7.347257707617682
8,swm/FetchSlideDense-v3::256::4,swm/FetchPushDense-v3::112::25,swm/FetchSlideDense-v3::256,swm/FetchPushDense-v3::112,0.6829794531008783,0.6831434389339059,0.00016398583302768,5.132625810139166,3.057316543277998,2.37082432014925,1.9951033886086043
8,swm/FetchSlideDense-v3::187::3,swm/FetchPushDense-v3::347::29,swm/FetchSlideDense-v3::187,swm/FetchPushDense-v3::347,0.6831550184078594,0.6832815909162041,0.00012657250834469114,6.552409317842749,3.099027024243112,2.898548708854618,1.3545186386655146
8,swm/FetchPushDense-v3::264::5,swm/FetchPushDense-v3::405::26,swm/FetchPushDense-v3::264,swm/FetchPushDense-v3::405,0.6837438067827617,0.6835602067279852,0.00018360005477646713,4.716243778530815,7.286372209332836,2.87041280799602,5.724435875010501
8,swm/FetchPushDense-v3::239::33,swm/FetchSlideDense-v3::203::26,swm/FetchPushDense-v3::239,swm/FetchSlideDense-v3::203,0.6839156677018089,0.6839688818734911,5.3214171682247624e-05,6.228027388367067,5.180776298825935,5.127284294117322,4.385448319360838
8,swm/FetchSlideDense-v3::369::5,swm/FetchPushDense-v3::214::10,swm/FetchSlideDense-v3::369,swm/FetchPushDense-v3::214,0.6865951981995053,0.6866974156107168,0.00010221741121152483,8.06334333635717,2.8829079442653804,2.616388729276195,1.1642702800613658
8,swm/FetchPushDense-v3::37::34,swm/FetchPushDense-v3::294::18,swm/FetchPushDense-v3::37,swm/FetchPushDense-v3::294,0.6872856478099914,0.687234734881839,5.091292815240234e-05,4.493136635715144,3.452984225669502,3.4606025773092886,2.14633524962878
8,swm/FetchPushDense-v3::358::26,swm/FetchSlideDense-v3::41::34,swm/FetchPushDense-v3::358,swm/FetchSlideDense-v3::41,0.6881669838456441,0.6879953024652248,0.00017168138041934178,3.1651909740247515,5.3075884750370905,2.9412577821125794,0.9954673131377367
8,swm/FetchSlideDense-v3::1::27,swm/FetchPushDense-v3::438::33,swm/FetchSlideDense-v3::1,swm/FetchPushDense-v3::438,0.6883596784739887,0.688833940389344,0.0004742619153552674,8.662133189111177,4.416496242968115,2.878524906155668,2.0912063982731075
8,swm/FetchPushDense-v3::45::44,swm/FetchPushDense-v3::177::44,swm/FetchPushDense-v3::45,swm/FetchPushDense-v3::177,0.6885791088002984,0.6889385049346333,0.0003593961343348884,4.56038978590586,3.354265045696291,3.44094779581587,2.554534583714569
8,swm/FetchPushDense-v3::405::42,swm/FetchPushDense-v3::124::4,swm/FetchPushDense-v3::405,swm/FetchPushDense-v3::124,0.6891042972703321,0.6892707261756472,0.00016642890531515242,5.979255952610032,6.4776569520991805,4.278892274760545,3.944626204026674
8,swm/FetchSlideDense-v3::408::45,swm/FetchPushDense-v3::90::45,swm/FetchSlideDense-v3::408,swm/FetchPushDense-v3::90,0.6896777564930134,0.6895304842570309,0.0001472722359825429,9.790163897561591,3.0665619041580814,4.687280594865926,0.6761403473429513
8,swm/FetchPushDense-v3::210::17,swm/FetchPushDense-v3::337::27,swm/FetchPushDense-v3::210,swm/FetchPushDense-v3::337,0.6922447267683104,0.6922146392343957,3.008753391464669e-05,5.01233829492497,4.567359455869175,4.252862662312838,1.6136789226307369
8,swm/FetchPushDense-v3::68::41,swm/FetchPushDense-v3::1::9,swm/FetchPushDense-v3::68,swm/FetchPushDense-v3::1,0.6929199615307126,0.6929104644585176,9.49707219499718e-06,4.353205025580181,3.4529317367179004,2.184137169753994,1.7663319463423421
8,swm/FetchPushDense-v3::68::43,swm/FetchPushDense-v3::99::39,swm/FetchPushDense-v3::68,swm/FetchPushDense-v3::99,0.6931989866709849,0.6927802183178098,0.00041876835317511407,6.251645487445727,4.013239928270589,5.796163443665077,0.4817186927770147
8,swm/FetchPushDense-v3::257::19,swm/FetchPushDense-v3::124::11,swm/FetchPushDense-v3::257,swm/FetchPushDense-v3::124,0.6959433961842918,0.6962908980466376,0.0003475018623457782,4.395913262099111,3.6918280708084468,3.265045242037778,1.6333666324846492
8,swm/FetchPushDense-v3::20::17,swm/FetchSlideDense-v3::37::10,swm/FetchPushDense-v3::20,swm/FetchSlideDense-v3::37,0.6967912210636455,0.6968300706748971,3.884961125155684e-05,7.7483138753913074,4.042241348135048,2.8360509061345054,0.6751724795972163
8,swm/FetchSlideDense-v3::196::39,swm/FetchPushDense-v3::322::46,swm/FetchSlideDense-v3::196,swm/FetchPushDense-v3::322,0.6969258024748888,0.6967127899443868,0.0002130125305019881,7.571766449030285,6.61316385409618,2.8384428080025454,5.240460584880986
8,swm/FetchSlideDense-v3::455::6,swm/FetchPushDense-v3::23::27,swm/FetchSlideDense-v3::455,swm/FetchPushDense-v3::23,0.6971058205421774,0.697720088911479,0.0006142683693015627,10.50039371447948,5.187089008095014,4.592939857190463,1.5478268638680543
8,swm/FetchPushDense-v3::339::32,swm/FetchPushDense-v3::467::46,swm/FetchPushDense-v3::339,swm/FetchPushDense-v3::467,0.6973185797602734,0.6977454177471458,0.00042683798687237484,5.283909613686088,6.560473798334273,3.8877228209725594,2.1272172535873892
8,swm/FetchSlideDense-v3::54::4,swm/FetchPushDense-v3::358::48,swm/FetchSlideDense-v3::54,swm/FetchPushDense-v3::358,0.6973447271845006,0.6979180673538841,0.000573340169383485,5.885522457966193,3.5608699799307493,3.598252486095362,1.1694535911052806
8,swm/FetchPushDense-v3::214::8,swm/FetchSlideDense-v3::455::39,swm/FetchPushDense-v3::214,swm/FetchSlideDense-v3::455,0.6983760080916908,0.6980832504928118,0.0002927575988789233,5.696273340543039,6.425926563747702,4.463962151223436,0.5658462873356699
8,swm/FetchPushDense-v3::389::34,swm/FetchPushDense-v3::22::44,swm/FetchPushDense-v3::389,swm/FetchPushDense-v3::22,0.6988837993023191,0.6989165104155678,3.271111324865128e-05,3.97344719870296,4.992899819812619,2.537048368579515,2.8834582797702275
8,swm/FetchPushDense-v3::45::36,swm/FetchPushDense-v3::358::40,swm/FetchPushDense-v3::45,swm/FetchPushDense-v3::358,0.6994032637691083,0.6994018677912559,1.3959778524252897e-06,5.5977981439334075,3.8222703437648127,4.377181314583001,2.268249492270373
8,swm/FetchPushDense-v3::22::43,swm/FetchPushDense-v3::358::45,swm/FetchPushDense-v3::22,swm/FetchPushDense-v3::358,0.6996292807852826,0.6996140371151984,1.524367008420846e-05,4.518921413853098,4.349085751621153,3.170329396478528,2.5867640352836214
8,swm/FetchSlideDense-v3::364::34,swm/FetchPushDense-v3::342::16,swm/FetchSlideDense-v3::364,swm/FetchPushDense-v3::342,0.7003281892966946,0.7003437378977648,1.5548601070225487e-05,7.363743971142517,5.871083139761546,3.870125748900996,4.907225932380395
8,swm/FetchPushDense-v3::92::26,swm/FetchSlideDense-v3::284::23,swm/FetchPushDense-v3::92,swm/FetchSlideDense-v3::284,0.7007015033537739,0.7005852039239204,0.00011629942985347252,6.938317992490173,4.35131311436949,6.2053813365832715,0.9548764220042634
8,swm/FetchPushDense-v3::389::32,swm/FetchSlideDense-v3::473::36,swm/FetchPushDense-v3::389,swm/FetchSlideDense-v3::473,0.7013313337704012,0.7012863186209475,4.501514945376428e-05,6.13815493991272,5.849957386595227,3.1639836275358166,4.145897585362492
8,swm/FetchPushDense-v3::253::33,swm/FetchPushDense-v3::22::11,swm/FetchPushDense-v3::253,swm/FetchPushDense-v3::22,0.7017062416037618,0.701744345385218,3.810378145618909e-05,4.425075224451031,5.036360773494945,2.3202745734000687,1.3850437474108934
8,swm/FetchPushDense-v3::69::49,swm/FetchPushDense-v3::292::20,swm/FetchPushDense-v3::69,swm/FetchPushDense-v3::292,0.7021293577400218,0.7021215340347833,7.823705238552137e-06,7.699147254177902,10.850844860380501,4.285055926576322,5.130908935634862
8,swm/FetchPushDense-v3::22::35,swm/FetchPushDense-v3::358::30,swm/FetchPushDense-v3::22,swm/FetchPushDense-v3::358,0.7023341768508744,0.7023264013603266,7.775490547756725e-06,5.161943798402044,3.3561820685569255,4.284620061383296,1.1023630890831888
8,swm/FetchPushDense-v3::405::44,swm/FetchPushDense-v3::144::17,swm/FetchPushDense-v3::405,swm/FetchPushDense-v3::144,0.70244519303141,0.7026223082894649,0.00017711525805497175,3.4135373131440954,6.00616089450013,2.1030162693783208,3.5815500006382797
8,swm/FetchPushDense-v3::239::32,swm/FetchPushDense-v3::253::27,swm/FetchPushDense-v3::239,swm/FetchPushDense-v3::253,0.7026039870590912,0.7027817522214115,0.00017776516232026474,2.746248061682154,4.516812699158326,1.4282991817121575,0.9059891932932863
8,swm/FetchPushDense-v3::346::32,swm/FetchPushDense-v3::268::23,swm/FetchPushDense-v3::346,swm/FetchPushDense-v3::268,0.7028547855686311,0.7020529158233306,0.0008018697453004986,3.9624547894889974,6.395621112412272,1.9109874404126141,2.6144206334906444
8,swm/FetchPushDense-v3::37::42,swm/FetchPushDense-v3::214::45,swm/FetchPushDense-v3::37,swm/FetchPushDense-v3::214,0.7047777800666981,0.7047159841265451,6.179594015298662e-05,5.050872073934292,4.5047611171143,3.102150733951735,1.121725280116781
8,swm/FetchPushDense-v3::426::18,swm/FetchSlideDense-v3::203::25,swm/FetchPushDense-v3::426,swm/FetchSlideDense-v3::203,0.7047930751770455,0.7045840386692994,0.0002090365077460632,5.566888505693979,4.930376440647415,3.492920057795251,1.2541125115584661
8,swm/FetchPushDense-v3::144::13,swm/FetchPushDense-v3::467::40,swm/FetchPushDense-v3::144,swm/FetchPushDense-v3::467,0.708646122441057,0.7086242319647087,2.189047634826302e-05,4.464472989496647,5.383619502367039,2.1955799838902075,1.2590650295147923
8,swm/FetchPushDense-v3::357::27,swm/FetchPushDense-v3::409::49,swm/FetchPushDense-v3::357,swm/FetchPushDense-v3::409,0.7093234490357616,0.7093521229712021,2.8673935440481912e-05,5.429940467469758,3.5906089654843756,2.782250766161711,0.6822794713794096
8,swm/FetchPushDense-v3::253::34,swm/FetchPushDense-v3::237::42,swm/FetchPushDense-v3::253,swm/FetchPushDense-v3::237,0.709646610129957,0.7097925157804554,0.00014590565049843462,4.371289548141486,5.1014658313127645,1.74128399093215,0.8975792277046973
8,swm/FetchPushDense-v3::414::44,swm/FetchPushDense-v3::467::30,swm/FetchPushDense-v3::414,swm/FetchPushDense-v3::467,0.7103002796540012,0.7099124146007582,0.00038786505324306386,4.576272820829327,4.885506952445511,2.949234505618364,1.1787710719047801
8,swm/FetchPushDense-v3::177::28,swm/FetchPushDense-v3::260::19,swm/FetchPushDense-v3::177,swm/FetchPushDense-v3::260,0.710684752442483,0.7111470589114495,0.0004623064689665002,2.6006203822000593,6.593320044633594,1.3651496127556881,2.001443471630325
8,swm/FetchPushDense-v3::357::35,swm/FetchPushDense-v3::68::28,swm/FetchPushDense-v3::357,swm/FetchPushDense-v3::68,0.7108301243161812,0.711384650786857,0.0005545264706757758,5.393964012393117,3.031462479963198,3.8316405347439977,0.9211067051878957
8,swm/FetchPushDense-v3::210::19,swm/FetchPushDense-v3::264::43,swm/FetchPushDense-v3::210,swm/FetchPushDense-v3::264,0.7123955394215654,0.7121685514116445,0.00022698800992093648,5.8996178119004545,4.362676507877654,3.6936702983366523,0.8224514721276881
8,swm/FetchPushDense-v3::470::45,swm/FetchPushDense-v3::260::49,swm/FetchPushDense-v3::470,swm/FetchPushDense-v3::260,0.7126506328582747,0.7126814157117394,3.078285346469478e-05,5.719995168072132,6.530828137168429,3.2232101093025936,0.7487480382777395
8,swm/FetchPushDense-v3::37::35,swm/FetchPushDense-v3::15::23,swm/FetchPushDense-v3::37,swm/FetchPushDense-v3::15,0.7126909246789825,0.7126941636005639,3.2389215813832806e-06,5.919089597150764,3.937876106601844,5.392584234033971,0.9356771459605163
8,swm/FetchPushDense-v3::253::30,swm/FetchPushDense-v3::339::47,swm/FetchPushDense-v3::253,swm/FetchPushDense-v3::339,0.7136323278398302,0.7136677346692997,3.540682946945317e-05,5.425095643523217,4.364801873141065,2.2514270328922983,3.3716710599102133
8,swm/FetchPushDense-v3::239::31,swm/FetchPushDense-v3::415::32,swm/FetchPushDense-v3::239,swm/FetchPushDense-v3::415,0.7136653613952799,0.7135757829036649,8.957849161506104e-05,5.667804585739524,3.8300628074750254,4.415662970391011,1.225233795798153
8,swm/FetchPushDense-v3::239::35,swm/FetchPushDense-v3::214::35,swm/FetchPushDense-v3::239,swm/FetchPushDense-v3::214,0.713779398557705,0.7140082402344292,0.00022884167672421185,7.272806714481696,4.952234911430505,4.911660690756611,3.157049026527672
8,swm/FetchPushDense-v3::352::22,swm/FetchSlideDense-v3::426::44,swm/FetchPushDense-v3::352,swm/FetchSlideDense-v3::426,0.7138159304501093,0.7135073362449498,0.00030859420515949587,4.440478643976474,5.0960789040608745,2.762384187170893,0.6485092824740961
8,swm/FetchSlideDense-v3::221::33,swm/FetchPushDense-v3::260::14,swm/FetchSlideDense-v3::221,swm/FetchPushDense-v3::260,0.7146395601109564,0.7145414334810918,9.81266298646366e-05,8.169065060415324,6.835932961395271,5.245892147528723,2.4154485870877167
8,swm/FetchPushDense-v3::37::33,swm/FetchPushDense-v3::471::33,swm/FetchPushDense-v3::37,swm/FetchPushDense-v3::471,0.716134440679163,0.7161567417337988,2.2301054635853745e-05,3.7559334799298147,3.485828951510676,2.3350228086656344,1.279263592251914
8,swm/FetchPushDense-v3::389::35,swm/FetchSlideDense-v3::324::41,swm/FetchPushDense-v3::389,swm/FetchSlideDense-v3::324,0.7169320053438574,0.7172623938352141,0.00033038849135669235,9.933713435640813,5.487809634753423,8.278617790310564,0.9170709480145283
8,swm/FetchPushDense-v3::347::47,swm/FetchPushDense-v3::486::42,swm/FetchPushDense-v3::347,swm/FetchPushDense-v3::486,0.7169329409827289,0.7172922925483864,0.0003593515656575841,4.28907155123332,4.905515532918874,3.149423936281171,2.0206084892161966
8,swm/FetchPushDense-v3::219::30,swm/FetchPushDense-v3::347::31,swm/FetchPushDense-v3::219,swm/FetchPushDense-v3::347,0.717289845662139,0.7175320579886687,0.00024221232652965607,6.808119757489005,5.002341163026285,4.378382446218202,1.372603767244653
8,swm/FetchPushDense-v3::303::29,swm/FetchPushDense-v3::414::32,swm/FetchPushDense-v3::303,swm/FetchPushDense-v3::414,0.7175316469939248,0.7176246425752282,9.299558130337893e-05,9.33365427970126,4.706702271801863,7.644586005592779,2.0217621329397635
8,swm/FetchPushDense-v3::409::16,swm/FetchSlideDense-v3::357::22,swm/FetchPushDense-v3::409,swm/FetchSlideDense-v3::357,0.7207191516738549,0.7206690696166961,5.0082057158840065e-05,4.882267981716974,4.011153244803086,3.6566099890692274,1.0307244747977062
8,swm/FetchPushDense-v3::483::31,swm/FetchPushDense-v3::252::40,swm/FetchPushDense-v3::483,swm/FetchPushDense-v3::252,0.7210109142151755,0.7211298464287773,0.00011893221360181894,3.4761829529463903,5.8399404578073275,1.7395857750569084,0.31024617084476064
8,swm/FetchPushDense-v3::409::18,swm/FetchPushDense-v3::260::40,swm/FetchPushDense-v3::409,swm/FetchPushDense-v3::260,0.7213950471823123,0.7222178333074427,0.0008227861251304258,7.570777957625379,6.464629012993951,5.7101598437357906,0.7649552779635309
8,swm/FetchPushDense-v3::470::49,swm/FetchPushDense-v3::237::34,swm/FetchPushDense-v3::470,swm/FetchPushDense-v3::237,0.7233736894095519,0.7234118028878462,3.811347829429934e-05,5.398955979742514,5.036150148419982,3.4113846283779963,0.8355301155412882
8,swm/FetchPushDense-v3::68::18,swm/FetchPushDense-v3::99::12,swm/FetchPushDense-v3::68,swm/FetchPushDense-v3::99,0.7234010478968365,0.723318714880395,8.23330164414493e-05,5.029114043883899,3.972792847921801,2.286222881250763,2.2379708185527303
8,swm/FetchPushDense-v3::253::35,swm/FetchPushDense-v3::49::41,swm/FetchPushDense-v3::253,swm/FetchPushDense-v3::49,0.7235908566751232,0.724202401953833,0.0006115452787097686,7.555582205069634,3.15814002364463,4.457299322484843,0.7446738191842421
8,swm/FetchPushDense-v3::426::41,swm/FetchPushDense-v3::237::40,swm/FetchPushDense-v3::426,swm/FetchPushDense-v3::237,0.7236510972315673,0.7242530622251415,0.0006019649935742333,5.486094525539197,5.004019537144871,3.9988193230193962,0.6938255990653687
8,swm/FetchPushDense-v3::219::21,swm/FetchSlideDense-v3::426::49,swm/FetchPushDense-v3::219,swm/FetchSlideDense-v3::426,0.7268977896779986,0.7267489753674325,0.00014881431056601446,7.416313631140611,5.002091973752699,4.606193087800061,0.7648613732238049
8,swm/FetchPushDense-v3::167::34,swm/FetchSlideDense-v3::455::47,swm/FetchPushDense-v3::167,swm/FetchSlideDense-v3::455,0.7271036521404461,0.727130147952897,2.6495812450844092e-05,6.674560598359325,5.832343639654321,5.2554457003140325,1.4397168709168606
8,swm/FetchPushDense-v3::483::29,swm/FetchPushDense-v3::45::24,swm/FetchPushDense-v3::483,swm/FetchPushDense-v3::45,0.7281828988354397,0.7283018405201523,0.00011894168471260347,5.289075804071373,2.8371859017733727,2.0496285692058467,1.2046898419480376
8,swm/FetchPushDense-v3::483::32,swm/FetchPushDense-v3::22::45,swm/FetchPushDense-v3::483,swm/FetchPushDense-v3::22,0.7301728111248518,0.7302240541765919,5.1243051740090806e-05,3.593687321843824,5.662561843066878,1.876376058192849,3.8806101561179442
8,swm/FetchPushDense-v3::257::33,swm/FetchSlideDense-v3::66::38,swm/FetchPushDense-v3::257,swm/FetchSlideDense-v3::66,0.7307086150004614,0.7307638730147615,5.525801430017463e-05,4.85560441275302,7.01873047863845,2.8691124873064875,1.1375785906430447
8,swm/FetchPushDense-v3::346::33,swm/FetchPushDense-v3::268::27,swm/FetchPushDense-v3::346,swm/FetchPushDense-v3::268,0.7326659235697509,0.7327794593102601,0.00011353574050920745,8.545581568903986,3.717520299699103,3.001066071381888,1.0707873877837295
8,swm/FetchSlideDense-v3::364::35,swm/FetchPushDense-v3::386::11,swm/FetchSlideDense-v3::364,swm/FetchPushDense-v3::386,0.7329919770807206,0.7331492703455451,0.00015729326482449846,10.088412717286925,3.0746866317101764,6.696261319823032,0.927162775833502
8,swm/FetchPushDense-v3::167::45,swm/FetchPushDense-v3::20::44,swm/FetchPushDense-v3::167,swm/FetchPushDense-v3::20,0.733810423727546,0.7334319232765807,0.0003785004509653245,4.869332989158233,3.874405214247237,4.110137277672746,1.4631064762553088
9,swm/FetchPushDense-v3::253::32,swm/FetchPushDense-v3::237::39,swm/FetchPushDense-v3::253,swm/FetchPushDense-v3::237,0.7356730983306984,0.7359987640738548,0.0003256657431564003,4.943795490019525,4.935814912027057,1.8056963392220033,0.6601586000401235
9,swm/FetchPushDense-v3::352::40,swm/FetchSlideDense-v3::426::39,swm/FetchPushDense-v3::352,swm/FetchSlideDense-v3::426,0.7357681154343021,0.73608622732491,0.00031811189060793055,4.2882320709159645,4.914182578905932,2.7716933604096505,0.6781442482262953
9,swm/FetchPushDense-v3::409::24,swm/FetchPushDense-v3::470::39,swm/FetchPushDense-v3::409,swm/FetchPushDense-v3::470,0.7357946536193398,0.7361310254360056,0.0003363718166657925,5.4601489985038985,6.60659546921437,2.315206042178258,5.480842190743773
9,swm/FetchPushDense-v3::486::12,swm/FetchPushDense-v3::294::29,swm/FetchPushDense-v3::486,swm/FetchPushDense-v3::294,0.7358855807106286,0.7362760451025645,0.00039046439193590743,4.733725308283823,2.44297901688435,4.334958207982287,1.2505503001961642
9,swm/FetchPushDense-v3::144::24,swm/FetchPushDense-v3::357::47,swm/FetchPushDense-v3::144,swm/FetchPushDense-v3::357,0.7370724774908066,0.7375776665376436,0.0005051890468369402,4.2811572059508185,6.371538153797309,2.919107111659551,1.624653399669834
9,swm/FetchPushDense-v3::169::30,swm/FetchPushDense-v3::100::16,swm/FetchPushDense-v3::169,swm/FetchPushDense-v3::100,0.737138291605439,0.7364560296006148,0.0006822620048241301,4.674571721802163,5.339587797317025,3.7419566760418332,0.7228379166972133
9,swm/FetchPushDense-v3::405::48,swm/FetchPushDense-v3::99::24,swm/FetchPushDense-v3::405,swm/FetchPushDense-v3::99,0.7375515657557394,0.737863123168665,0.00031155741292554495,7.200348202304163,5.370622978204387,3.4700015587897206,0.4795527191030323
9,swm/FetchPushDense-v3::214::11,swm/FetchPushDense-v3::20::45,swm/FetchPushDense-v3::214,swm/FetchPushDense-v3::20,0.737627623075755,0.7380909211838798,0.00046329810812473227,4.840524602872651,4.159602440797788,2.5583475150448423,1.6500900106154794
9,swm/FetchPushDense-v3::384::38,swm/FetchPushDense-v3::90::22,swm/FetchPushDense-v3::384,swm/FetchPushDense-v3::90,0.7393235338063673,0.7389646134757599,0.0003589203306073596,6.644131899298513,9.152560969427377,6.764807795839252,4.299560040428562
9,swm/FetchPushDense-v3::22::36,swm/FetchSlideDense-v3::269::41,swm/FetchPushDense-v3::22,swm/FetchSlideDense-v3::269,0.7396879513801649,0.7397323927549198,4.4441374754899954e-05,4.178444286547676,5.757863742064118,2.799226931141692,2.6330808000301675
9,swm/FetchPushDense-v3::15::3,swm/FetchPushDense-v3::1::14,swm/FetchPushDense-v3::15,swm/FetchPushDense-v3::1,0.7414965974666228,0.7418513396631121,0.0003547421964893438,4.55621572387365,3.3575030585908587,2.6479950884498127,1.0565454234638065
9,swm/FetchPushDense-v3::214::19,swm/FetchPushDense-v3::252::33,swm/FetchPushDense-v3::214,swm/FetchPushDense-v3::252,0.742710992932742,0.742737606646676,2.6613713933976157e-05,5.811796988950756,5.594752283528171,3.916580603954657,0.39014322925327327
9,swm/FetchPushDense-v3::389::33,swm/FetchSlideDense-v3::364::24,swm/FetchPushDense-v3::389,swm/FetchSlideDense-v3::364,0.7462875257172288,0.746322463219182,3.493750195326939e-05,4.385729059827955,4.130005836784452,1.9198148035123832,0.6439558336405383
9,swm/FetchSlideDense-v3::162::30,swm/FetchPushDense-v3::237::31,swm/FetchSlideDense-v3::162,swm/FetchPushDense-v3::237,0.747743939789957,0.7477907551761662,4.681538620920911e-05,6.92159637045793,4.849107256812643,4.768046735388324,0.5474667644956894
9,swm/FetchPushDense-v3::303::38,swm/FetchPushDense-v3::144::33,swm/FetchPushDense-v3::303,swm/FetchPushDense-v3::144,0.7483658197443266,0.7481418337325324,0.0002239860117941861,4.567750016127016,5.138304093170662,3.598080269366161,4.192295820032564
9,swm/FetchPushDense-v3::253::31,swm/FetchPushDense-v3::158::14,swm/FetchPushDense-v3::253,swm/FetchPushDense-v3::158,0.7484586444938339,0.7487027096082552,0.00024406511442132128,6.205427932164679,6.749088058974549,3.5718732062720737,1.4990241101827144
9,swm/FetchPushDense-v3::467::25,swm/FetchPushDense-v3::169::26,swm/FetchPushDense-v3::467,swm/FetchPushDense-v3::169,0.7493863646699357,0.7491822570450427,0.00020410762489297962,7.02483203215026,2.7380683695628645,4.205005230864317,1.2871325164738543
9,swm/FetchSlideDense-v3::364::29,swm/FetchPushDense-v3::252::49,swm/FetchSlideDense-v3::364,swm/FetchPushDense-v3::252,0.7495308068659519,0.7497786618366219,0.00024785497067003615,11.08687791139829,5.004535203245574,10.962070999449487,0.3494587043142722
9,swm/FetchSlideDense-v3::107::35,swm/FetchPushDense-v3::239::29,swm/FetchSlideDense-v3::107,swm/FetchPushDense-v3::239,0.7501225538090817,0.7498001238548548,0.00032242995422682164,6.760091369040028,6.905037180405396,3.786266423634028,4.7246552802842
9,swm/FetchPushDense-v3::167::46,swm/FetchPushDense-v3::409::45,swm/FetchPushDense-v3::167,swm/FetchPushDense-v3::409,0.7506044854653406,0.7508419508255797,0.00023746536023905307,5.137938752859325,6.333190971907053,3.8419107976011344,3.222461785676607
9,swm/FetchPushDense-v3::37::29,swm/FetchPushDense-v3::264::38,swm/FetchPushDense-v3::37,swm/FetchPushDense-v3::264,0.7545935313796237,0.7546834307123408,8.98993327170805e-05,8.507730521190151,4.105162013378279,5.758103315670066,0.8072613434672211
9,swm/FetchPushDense-v3::409::21,swm/FetchPushDense-v3::289::29,swm/FetchPushDense-v3::409,swm/FetchPushDense-v3::289,0.7562861712667903,0.7563802355911955,9.40643244051742e-05,5.119928328679281,3.2945901749249407,3.0055528272642875,1.297686753020702
9,swm/FetchPushDense-v3::486::20,swm/FetchPushDense-v3::167::26,swm/FetchPushDense-v3::486,swm/FetchPushDense-v3::167,0.7564569549418672,0.7564918213702712,3.4866428404001226e-05,4.703690683921984,4.282720941423593,3.7705539670997,1.1080980755223444
9,swm/FetchPushDense-v3::144::16,swm/FetchSlideDense-v3::269::42,swm/FetchPushDense-v3::144,swm/FetchSlideDense-v3::269,0.7570324918269105,0.757068291667,3.579984008950099e-05,4.756641912405331,6.51190457376347,4.183953574175329,2.988277574010427
9,swm/FetchPushDense-v3::237::9,swm/FetchPushDense-v3::470::47,swm/FetchPushDense-v3::237,swm/FetchPushDense-v3::470,0.7586917199398058,0.7588240046473015,0.0001322847074957112,7.980933915670861,4.867963315099282,7.615330889597279,3.0448915238813403
9,swm/FetchPushDense-v3::347::33,swm/FetchPushDense-v3::268::26,swm/FetchPushDense-v3::347,swm/FetchPushDense-v3::268,0.759602982881511,0.7594591608561883,0.00014382202532270405,4.327731915318896,3.5028257661837126,2.951233931055919,1.0225641672418113
9,swm/FetchPushDense-v3::169::31,swm/FetchPushDense-v3::467::39,swm/FetchPushDense-v3::169,swm/FetchPushDense-v3::467,0.7600507940030428,0.7598729415958895,0.00017785240715328943,8.574714642995296,5.220168093058712,9.543365106467304,2.6695875248401753
9,swm/FetchPushDense-v3::303::45,swm/FetchPushDense-v3::253::24,swm/FetchPushDense-v3::303,swm/FetchPushDense-v3::253,0.7607453191284015,0.760664648520179,8.067060822247729e-05,5.69417887863002,4.062138954794801,2.2147932018400227,0.8004136226328985
9,swm/FetchPushDense-v3::22::33,swm/FetchPushDense-v3::112::24,swm/FetchPushDense-v3::22,swm/FetchPushDense-v3::112,0.7630704496882281,0.7630759352175005,5.4855292723754445e-06,4.867141806522119,4.680560106072372,3.6467906963039214,2.801085959092424
9,swm/FetchPushDense-v3::184::34,swm/FetchPushDense-v3::260::25,swm/FetchPushDense-v3::184,swm/FetchPushDense-v3::260,0.7637207562975407,0.763901920312301,0.00018116401476031552,4.839333000142251,6.288566815147117,2.3802262380535386,0.877298160528538
9,swm/FetchPushDense-v3::37::36,swm/FetchPushDense-v3::237::44,swm/FetchPushDense-v3::37,swm/FetchPushDense-v3::237,0.7671918106091796,0.7672394847956542,4.767418647455557e-05,6.466423811471484,4.855092783174378,4.916872264266528,0.6227048551233646
9,swm/FetchPushDense-v3::49::49,swm/FetchPushDense-v3::484::28,swm/FetchPushDense-v3::49,swm/FetchPushDense-v3::484,0.7688745357847566,0.7689446588753882,7.012309063159083e-05,5.933343806355805,4.2980028708367355,4.777782838219489,1.2365313360394745
9,swm/FetchSlideDense-v3::107::31,swm/FetchSlideDense-v3::162::24,swm/FetchSlideDense-v3::107,swm/FetchSlideDense-v3::162,0.7689150231108353,0.7690445847804797,0.00012956166964439575,7.647837342589817,5.62081791605112,4.13910538257726,0.8239974840501062
9,swm/FetchPushDense-v3::69::41,swm/FetchPushDense-v3::33::15,swm/FetchPushDense-v3::69,swm/FetchPushDense-v3::33,0.77073940878929,0.7707105822255549,2.8826563735151467e-05,6.178070717279798,3.1668340738670286,4.013491699692943,1.0867560256118656
9,swm/FetchPushDense-v3::1::16,swm/FetchPushDense-v3::37::25,swm/FetchPushDense-v3::1,swm/FetchPushDense-v3::37,0.7709197965730801,0.7705186513244444,0.00040114524863565926,4.642829500824504,3.039789353276486,3.6300063332297015,0.8448074089494353
9,swm/FetchPushDense-v3::414::34,swm/FetchSlideDense-v3::221::32,swm/FetchPushDense-v3::414,swm/FetchSlideDense-v3::221,0.7714262754042722,0.7714510308793501,2.475547507785336e-05,5.643743160147342,5.090593275601726,5.911911676092517,1.7399608475159531
9,swm/FetchPushDense-v3::484::29,swm/FetchSlideDense-v3::16::26,swm/FetchPushDense-v3::484,swm/FetchSlideDense-v3::16,0.7725682398747736,0.7725494792199934,1.8760654780236585e-05,6.53101392056262,2.171724049677711,6.220735747346206,0.9150036232644597
9,swm/FetchPushDense-v3::239::30,swm/FetchPushDense-v3::22::47,swm/FetchPushDense-v3::239,swm/FetchPushDense-v3::22,0.773942054927673,0.7739420923356851,3.740801213236722e-08,3.668377617826475,3.7252308213865177,2.52553987328511,1.9748223282601711
9,swm/FetchPushDense-v3::322::42,swm/FetchPushDense-v3::270::25,swm/FetchPushDense-v3::322,swm/FetchPushDense-v3::270,0.7740959967295591,0.7740333100516221,6.268667793696281e-05,11.515725085308327,3.015069111869568,9.187279472949136,0.9096851793282994
9,swm/FetchPushDense-v3::483::30,swm/FetchPushDense-v3::252::27,swm/FetchPushDense-v3::483,swm/FetchPushDense-v3::252,0.7747551734305294,0.7746499461769962,0.00010522725353312445,4.117606607928204,5.172812892873858,1.6697760120356593,0.7664254791762679
9,swm/FetchPushDense-v3::358::49,swm/FetchPushDense-v3::438::34,swm/FetchPushDense-v3::358,swm/FetchPushDense-v3::438,0.7757866898287211,0.7755389504067126,0.0002477394220085083,7.0248495156461885,3.75895899558418,6.865021341918839,1.2188556601818634
9,swm/FetchSlideDense-v3::221::34,swm/FetchPushDense-v3::257::40,swm/FetchSlideDense-v3::221,swm/FetchPushDense-v3::257,0.7766595861698912,0.7768311186076211,0.00017153243772993765,5.499765235560377,4.310833606018899,4.424257539613136,1.0163773581348412
9,swm/FetchPushDense-v3::339::45,swm/FetchSlideDense-v3::223::35,swm/FetchPushDense-v3::339,swm/FetchSlideDense-v3::223,0.7767517969403224,0.7764291416477398,0.0003226552925825743,4.390577523155446,4.883174605525206,3.935215070058051,0.9207196059823978
9,swm/FetchPushDense-v3::467::29,swm/FetchPushDense-v3::104::15,swm/FetchPushDense-v3::467,swm/FetchPushDense-v3::104,0.7772485427807354,0.7772475947891112,9.479916242005615e-07,4.547064631855906,5.480337870005046,1.0591781738043122,0.9322023488765597
9,swm/FetchPushDense-v3::470::18,swm/FetchPushDense-v3::210::14,swm/FetchPushDense-v3::470,swm/FetchPushDense-v3::210,0.7773483270798838,0.7776419177774553,0.0002935906975715108,6.313681209888389,5.577451520930881,5.22458722309389,3.7439641476974503
9,swm/FetchPushDense-v3::184::36,swm/FetchPushDense-v3::252::17,swm/FetchPushDense-v3::184,swm/FetchPushDense-v3::252,0.7777565934881818,0.7781910388257827,0.0004344453376008417,6.906441862351878,3.847989423149104,3.121225639241035,0.9723388471642866
9,swm/FetchPushDense-v3::414::49,swm/FetchSlideDense-v3::7::20,swm/FetchPushDense-v3::414,swm/FetchSlideDense-v3::7,0.7781324835207089,0.7784462445999827,0.00031376107927383323,4.890919761386995,5.3258031564335555,3.2650297276444933,1.7046589207030467
9,swm/FetchSlideDense-v3::447::4,swm/FetchSlideDense-v3::107::28,swm/FetchSlideDense-v3::447,swm/FetchSlideDense-v3::107,0.7782430183845448,0.779641858638827,0.0013988402542821632,8.031168915378185,4.555014682801905,5.108054895467269,1.089973427109626
9,swm/FetchPushDense-v3::192::33,swm/FetchPushDense-v3::264::34,swm/FetchPushDense-v3::192,swm/FetchPushDense-v3::264,0.7796789387030544,0.7797303680303018,5.142932724744309e-05,4.383308017903288,4.846011087311488,4.154717887488381,0.8745766737687091
9,swm/FetchPushDense-v3::470::40,swm/FetchSlideDense-v3::162::25,swm/FetchPushDense-v3::470,swm/FetchSlideDense-v3::162,0.7797375683992654,0.7807460512653557,0.0010084828660902323,4.866795388980283,4.071901757259489,3.1651287095002973,0.7485369125776331
9,swm/FetchPushDense-v3::289::24,swm/FetchSlideDense-v3::203::31,swm/FetchPushDense-v3::289,swm/FetchSlideDense-v3::203,0.7813244927676009,0.7814220270095049,9.753424190406257e-05,5.19588843461529,4.181250592435549,3.692459929734108,0.889190366431586
9,swm/FetchPushDense-v3::192::34,swm/FetchPushDense-v3::486::48,swm/FetchPushDense-v3::192,swm/FetchPushDense-v3::486,0.7819492176719383,0.782117167088406,0.00016794941646769423,4.487421719324083,4.406367175733394,2.1838763324120802,1.1875578868027006
9,swm/FetchPushDense-v3::414::46,swm/FetchPushDense-v3::426::43,swm/FetchPushDense-v3::414,swm/FetchPushDense-v3::426,0.7821437095184507,0.7817331983930634,0.0004105111253872584,5.956992514740606,4.905239993255216,4.734659614395223,3.1256439232484237
9,swm/FetchPushDense-v3::484::34,swm/FetchSlideDense-v3::162::27,swm/FetchPushDense-v3::484,swm/FetchSlideDense-v3::162,0.7823055355236775,0.7815424254364365,0.000763110087241059,3.6092120672943895,5.414181229390778,1.7196682053500578,1.4023397422861292
9,swm/FetchSlideDense-v3::107::36,swm/FetchSlideDense-v3::187::30,swm/FetchSlideDense-v3::107,swm/FetchSlideDense-v3::187,0.7848177909324731,0.7846753630925674,0.00014242783990570107,6.053159537627294,5.2055749561590074,3.4249714927544606,1.8988882586893114
9,swm/FetchPushDense-v3::346::34,swm/FetchPushDense-v3::260::39,swm/FetchPushDense-v3::346,swm/FetchPushDense-v3::260,0.7874031409330793,0.787520810161958,0.0001176692288786807,5.16205842068565,5.9240928779180715,2.4908469608993533,0.831174439259688
9,swm/FetchPushDense-v3::483::28,swm/FetchPushDense-v3::214::21,swm/FetchPushDense-v3::483,swm/FetchPushDense-v3::214,0.7875604066631345,0.7877295304770024,0.00016912381386791075,4.443282738442027,5.111297263256191,1.7769374108763196,2.650714210021768
9,swm/FetchPushDense-v3::144::31,swm/FetchPushDense-v3::409::26,swm/FetchPushDense-v3::144,swm/FetchPushDense-v3::409,0.7878592201121177,0.7878131098509658,4.611026115197703e-05,5.213389227719434,4.756854128297113,4.549195028345295,2.3291723077563957
9,swm/FetchPushDense-v3::45::39,swm/FetchPushDense-v3::260::24,swm/FetchPushDense-v3::45,swm/FetchPushDense-v3::260,0.7881010853510397,0.7883636257725769,0.00026254042153717183,4.034763955962465,6.180844281020186,3.0466487049990336,0.870247152172763
9,swm/FetchPushDense-v3::289::22,swm/FetchPushDense-v3::389::28,swm/FetchPushDense-v3::289,swm/FetchPushDense-v3::389,0.7888946347309194,0.7884676859024402,0.0004269488284791567,5.198639557556896,3.4519048870899782,3.4051785593746136,0.7871520560172341
9,swm/FetchPushDense-v3::184::35,swm/FetchPushDense-v3::451::15,swm/FetchPushDense-v3::184,swm/FetchPushDense-v3::451,0.7889928134176327,0.7894224285471421,0.000429615129509342,5.962340116487348,2.152044615134401,3.7890873188173613,1.8439804743457682
9,swm/FetchPushDense-v3::470::42,swm/FetchSlideDense-v3::203::23,swm/FetchPushDense-v3::470,swm/FetchSlideDense-v3::203,0.7895336805948296,0.7896112024063029,7.752181147324677e-05,4.386926876124529,4.570353392057921,2.81226055463665,1.1040750476439165
9,swm/FetchPushDense-v3::49::45,swm/FetchSlideDense-v3::447::24,swm/FetchPushDense-v3::49,swm/FetchSlideDense-v3::447,0.790078743008282,0.7899633922038314,0.00011535080445057577,4.928225471182321,4.135221180945341,2.8070943399013637,0.7875952344293061
9,swm/FetchPushDense-v3::486::14,swm/FetchPushDense-v3::112::29,swm/FetchPushDense-v3::486,swm/FetchPushDense-v3::112,0.7903010990543902,0.7903288936075028,2.7794553112636677e-05,4.432075463964394,5.382435334450508,3.575634235389837,2.405063506419798
9,swm/FetchPushDense-v3::49::47,swm/FetchSlideDense-v3::324::42,swm/FetchPushDense-v3::49,swm/FetchSlideDense-v3::324,0.7931623858448513,0.7931224586017003,3.992724315105001e-05,4.347827177537999,5.234221153869887,3.510745252234237,0.7116156447487711
9,swm/FetchPushDense-v3::337::30,swm/FetchPushDense-v3::470::7,swm/FetchPushDense-v3::337,swm/FetchPushDense-v3::470,0.7939347098567668,0.7934691350913036,0.0004655747654632725,15.04582786865833,5.77679787339996,2.9652900489681375,4.6407845247688
9,swm/FetchPushDense-v3::96::33,swm/FetchSlideDense-v3::409::16,swm/FetchPushDense-v3::96,swm/FetchSlideDense-v3::409,0.7981579308358314,0.7983695694113278,0.00021163857549633125,5.024117133479361,4.98554486860448,1.2298946337836822,3.59438565011832
9,swm/FetchSlideDense-v3::455::32,swm/FetchPushDense-v3::210::15,swm/FetchSlideDense-v3::455,swm/FetchPushDense-v3::210,0.7986751973025399,0.7988978987688642,0.00022270146632430432,8.59768287763298,5.629131357861131,3.3794155905923047,3.4960442872293234
9,swm/FetchPushDense-v3::342::32,swm/FetchPushDense-v3::216::13,swm/FetchPushDense-v3::342,swm/FetchPushDense-v3::216,0.7991388582433463,0.7993806246936518,0.0002417664503054917,4.980581160561005,4.912116249668705,1.836868840502152,1.623109341543465
9,swm/FetchPushDense-v3::484::32,swm/FetchPushDense-v3::264::49,swm/FetchPushDense-v3::484,swm/FetchPushDense-v3::264,0.8006063679040152,0.8005206387963747,8.572910764048647e-05,3.0837751347206446,3.9559575627738206,1.7859145520131112,0.8804544048333655
9,swm/FetchSlideDense-v3::221::35,swm/FetchSlideDense-v3::162::28,swm/FetchSlideDense-v3::221,swm/FetchSlideDense-v3::162,0.8006922796717368,0.8004754788585338,0.00021680081320307742,6.36783467639436,3.8862287053327624,3.479234325599435,0.8716969675070468
9,swm/FetchPushDense-v3::342::35,swm/FetchPushDense-v3::260::15,swm/FetchPushDense-v3::342,swm/FetchPushDense-v3::260,0.8017315623000165,0.8021396619317276,0.00040809963171106745,4.111420206713372,5.052134659284856,1.49000973960872,1.200854324334893
9,swm/FetchPushDense-v3::337::34,swm/FetchPushDense-v3::237::26,swm/FetchPushDense-v3::337,swm/FetchPushDense-v3::237,0.8018843622225635,0.8026668259672135,0.0007824637446499638,6.04997107839639,4.654941588219966,3.6567535181695194,0.9908686177565849
9,swm/FetchPushDense-v3::438::47,swm/FetchPushDense-v3::169::29,swm/FetchPushDense-v3::438,swm/FetchPushDense-v3::169,0.8044428944793938,0.8044541101077345,1.121562834072165e-05,4.294641889697372,4.032353730150629,2.3194643685307073,1.798237226382562
9,swm/FetchPushDense-v3::68::48,swm/FetchSlideDense-v3::305::42,swm/FetchPushDense-v3::68,swm/FetchSlideDense-v3::305,0.8045495927508701,0.8044546543221698,9.493842870034186e-05,3.1535261297171697,8.389895089380152,2.6818205688720944,4.831639499510131
9,swm/FetchPushDense-v3::167::44,swm/FetchPushDense-v3::124::25,swm/FetchPushDense-v3::167,swm/FetchPushDense-v3::124,0.8050685789030625,0.804684824143341,0.00038375475972152184,5.148137717694045,3.8512902018154693,5.054290541625328,2.293050598168815
9,swm/FetchPushDense-v3::484::33,swm/FetchPushDense-v3::264::29,swm/FetchPushDense-v3::484,swm/FetchPushDense-v3::264,0.80552118146763,0.8059421208596489,0.0004209393920189264,4.059544428309099,4.8170982022204,1.6737273291748522,0.9080335988725298
9,swm/FetchPushDense-v3::184::45,swm/FetchPushDense-v3::257::41,swm/FetchPushDense-v3::184,swm/FetchPushDense-v3::257,0.8066908920207867,0.8066029572573015,8.793476348523122e-05,7.119675218794518,3.342139210752491,5.096596080466238,0.9463474295058701
9,swm/FetchPushDense-v3::342::36,swm/FetchSlideDense-v3::364::25,swm/FetchPushDense-v3::342,swm/FetchSlideDense-v3::364,0.8079454476031798,0.8079899031848714,4.44555816916381e-05,4.000688442317953,5.626239601031555,1.6953907637354992,1.2005740623620837
9,swm/FetchSlideDense-v3::162::31,swm/FetchPushDense-v3::37::27,swm/FetchSlideDense-v3::162,swm/FetchPushDense-v3::37,0.8098443497718393,0.80943850750891,0.00040584226292927905,6.063935209328885,3.4807506744548418,1.8435329765161879,0.9613759646417874
9,swm/FetchPushDense-v3::384::35,swm/FetchPushDense-v3::426::15,swm/FetchPushDense-v3::384,swm/FetchPushDense-v3::426,0.8102250569916214,0.8108304988578289,0.000605441866207479,6.46717172889785,4.114045102005937,4.443742015068626,1.3892596812681874
9,swm/FetchSlideDense-v3::107::32,swm/FetchPushDense-v3::409::30,swm/FetchSlideDense-v3::107,swm/FetchPushDense-v3::409,0.811854429328001,0.8118471739669555,7.255361045510611e-06,4.920001342287529,4.983168090999807,3.10029637260131,1.545424105363793
9,swm/FetchPushDense-v3::409::27,swm/FetchPushDense-v3::61::38,swm/FetchPushDense-v3::409,swm/FetchPushDense-v3::61,0.8127449750010876,0.81201625483034,0.0007287201707475432,3.747119676251829,2.9821485906828813,2.0262087002406246,1.353286115549667
9,swm/FetchPushDense-v3::470::29,swm/FetchPushDense-v3::352::43,swm/FetchPushDense-v3::470,swm/FetchPushDense-v3::352,0.8166570870176741,0.8172248035546776,0.0005677165370034931,5.603702025001839,4.446893391746111,2.785447987977975,3.5662488698385255
9,swm/FetchPushDense-v3::37::41,swm/FetchPushDense-v3::375::15,swm/FetchPushDense-v3::37,swm/FetchPushDense-v3::375,0.8242904292475214,0.824274845249787,1.5583997734380794e-05,3.830044709828581,3.1886872254372487,2.3638624457010065,2.631036122145633
9,swm/FetchPushDense-v3::169::32,swm/FetchPushDense-v3::370::21,swm/FetchPushDense-v3::169,swm/FetchPushDense-v3::370,0.8247382795512235,0.8244057319870155,0.0003325475642079745,7.840486294907954,1.2594984663098507,4.08101429057042,0.7893247428124754
9,swm/FetchSlideDense-v3::357::44,swm/FetchPushDense-v3::270::13,swm/FetchSlideDense-v3::357,swm/FetchPushDense-v3::270,0.8278211123463342,0.8276096651832454,0.00021144716308874045,4.079795735883866,3.4004848817576656,2.3188136335110827,1.3901665473176048
9,swm/FetchPushDense-v3::346::35,swm/FetchPushDense-v3::426::13,swm/FetchPushDense-v3::346,swm/FetchPushDense-v3::426,0.8289046719508311,0.8287392046100353,0.0001654673407958107,4.184534094665913,6.352064885707248,2.6488877071659407,4.378253420129074
9,swm/FetchPushDense-v3::342::34,swm/FetchPushDense-v3::164::43,swm/FetchPushDense-v3::342,swm/FetchPushDense-v3::164,0.8304931286377519,0.8304593473517436,3.378128600828312e-05,4.576442759847784,2.1552666986502187,1.9431774003395965,0.7241722563287709
9,swm/FetchPushDense-v3::384::41,swm/FetchPushDense-v3::471::48,swm/FetchPushDense-v3::384,swm/FetchPushDense-v3::471,0.8305100728479204,0.8301444785686065,0.00036559427931392996,5.881474800498349,7.673034497623912,4.734023139286063,6.860066755494049
9,swm/FetchPushDense-v3::144::29,swm/FetchSlideDense-v3::269::43,swm/FetchPushDense-v3::144,swm/FetchSlideDense-v3::269,0.8306306846862896,0.8298591910959456,0.0007714935903440079,4.72886022005328,4.646803402029598,3.489896721879673,4.587385782137374
9,swm/FetchSlideDense-v3::162::32,swm/FetchPushDense-v3::384::48,swm/FetchSlideDense-v3::162,swm/FetchPushDense-v3::384,0.8310749901298478,0.8319232611840455,0.0008482710541977134,5.72890404052165,3.309694123157889,2.056361182311669,0.9053418260031448
9,swm/FetchPushDense-v3::438::48,swm/FetchPushDense-v3::303::30,swm/FetchPushDense-v3::438,swm/FetchPushDense-v3::303,0.8315030694513221,0.8325910176177553,0.0010879481664332058,5.355285361085965,4.5689499606127955,2.699931511825933,2.536219964726664
9,swm/FetchPushDense-v3::144::36,swm/FetchPushDense-v3::252::20,swm/FetchPushDense-v3::144,swm/FetchPushDense-v3::252,0.8346627364881003,0.834598522026313,6.421446178728196e-05,6.805244704834504,7.586233705332415,5.062146779269901,3.8316275839292917
9,swm/FetchPushDense-v3::471::47,swm/FetchPushDense-v3::409::46,swm/FetchPushDense-v3::471,swm/FetchPushDense-v3::409,0.8348194885227475,0.8347707149424031,4.8773580344385614e-05,7.4361053402384085,4.672719972432802,6.001968069135936,1.4924394715173925
9,swm/FetchSlideDense-v3::107::30,swm/FetchSlideDense-v3::364::21,swm/FetchSlideDense-v3::107,swm/FetchSlideDense-v3::364,0.834888358231343,0.8352356448060961,0.0003472865747531362,4.494312018311654,3.9738146655257935,3.2138507330760433,0.684448660020514
9,swm/FetchSlideDense-v3::364::28,swm/FetchSlideDense-v3::221::31,swm/FetchSlideDense-v3::364,swm/FetchSlideDense-v3::221,0.8352070680193635,0.8353055907742561,9.852275489263818e-05,4.418695019840122,3.9461806576106047,1.8229067813457278,1.1893829584319076
9,swm/FetchPushDense-v3::253::36,swm/FetchPushDense-v3::260::31,swm/FetchPushDense-v3::253,swm/FetchPushDense-v3::260,0.835309946261037,0.8357165521043517,0.00040660584331464467,5.313108811919101,5.65294974300705,3.2986223860665067,0.687645632620648
9,swm/FetchSlideDense-v3::364::33,swm/FetchSlideDense-v3::279::20,swm/FetchSlideDense-v3::364,swm/FetchSlideDense-v3::279,0.8356048720065199,0.836164689015605,0.0005598170090851395,5.707987667023957,10.726206166331906,3.669128939947592,3.7459470636863204
9,swm/FetchPushDense-v3::484::30,swm/FetchSlideDense-v3::107::27,swm/FetchPushDense-v3::484,swm/FetchSlideDense-v3::107,0.8356724437316625,0.836639158850979,0.0009667151193164525,5.349018356349202,4.934308580368211,1.796465637085412,1.0029587212407796
9,swm/FetchPushDense-v3::342::33,swm/FetchPushDense-v3::264::46,swm/FetchPushDense-v3::342,swm/FetchPushDense-v3::264,0.8361686292431516,0.8367684941842797,0.0005998649411280699,4.701523112134887,3.7946481679585427,1.442565483475691,0.8595163736110735
9,swm/FetchPushDense-v3::23::36,swm/FetchPushDense-v3::49::48,swm/FetchPushDense-v3::23,swm/FetchPushDense-v3::49,0.8365655886920704,0.8374137555124744,0.000848166820404006,4.9058325814429224,3.40751566608132,2.361586987688457,1.2757861632261729
9,swm/FetchPushDense-v3::69::19,swm/FetchSlideDense-v3::473::30,swm/FetchPushDense-v3::69,swm/FetchSlideDense-v3::473,0.8382122063342036,0.8385247273053449,0.00031252097114131683,9.874954143606319,4.618007483215816,2.5654365174143705,1.8982825653550888
9,swm/FetchPushDense-v3::112::36,swm/FetchPushDense-v3::264::45,swm/FetchPushDense-v3::112,swm/FetchPushDense-v3::264,0.8395670039095802,0.839463259932866,0.000103743976714199,3.977476883853336,4.612380537446986,1.7987568782810506,0.8825364183683098
9,swm/FetchPushDense-v3::483::33,swm/FetchPushDense-v3::264::19,swm/FetchPushDense-v3::483,swm/FetchPushDense-v3::264,0.8398496472610744,0.8398712346014414,2.158734036705745e-05,6.122705504486444,5.160152155754896,4.688478138208095,1.7480735790422224
9,swm/FetchPushDense-v3::322::45,swm/FetchPushDense-v3::499::13,swm/FetchPushDense-v3::322,swm/FetchPushDense-v3::499,0.8413445704244398,0.8416331261819356,0.0002885557574958675,4.072002818385039,9.237899916852093,2.636344020238843,5.007308390477912
9,swm/FetchPushDense-v3::68::21,swm/FetchPushDense-v3::330::17,swm/FetchPushDense-v3::68,swm/FetchPushDense-v3::330,0.8421109287617251,0.8418285975327497,0.0002823312289753632,4.586147823774061,3.4537740073801855,3.466238701785588,1.0863075298387557
9,swm/FetchPushDense-v3::210::16,swm/FetchPushDense-v3::483::46,swm/FetchPushDense-v3::210,swm/FetchPushDense-v3::483,0.8429629577558696,0.8428554931435106,0.0001074646123589984,5.949886569992252,6.063836989607496,4.819109988648517,3.7285199867474597
9,swm/FetchPushDense-v3::167::33,swm/FetchPushDense-v3::352::26,swm/FetchPushDense-v3::167,swm/FetchPushDense-v3::352,0.8432189612624104,0.8430883585014135,0.0001306027609968563,4.7540883334241775,7.834096919273744,3.2587590008134666,8.369097900193724
9,swm/FetchPushDense-v3::342::41,swm/FetchPushDense-v3::112::30,swm/FetchPushDense-v3::342,swm/FetchPushDense-v3::112,0.8447283066232838,0.8446051400808758,0.00012316654240795977,9.901579021705313,3.9763655993595606,6.265331009552957,1.3058919099281505
9,swm/FetchPushDense-v3::37::47,swm/FetchSlideDense-v3::282::28,swm/FetchPushDense-v3::37,swm/FetchSlideDense-v3::282,0.8451737460411666,0.8451958867427034,2.2140701536832452e-05,6.563853854597484,5.130060611420479,5.675147566622359,1.2640870764645276
9,swm/FetchPushDense-v3::414::31,swm/FetchPushDense-v3::467::38,swm/FetchPushDense-v3::414,swm/FetchPushDense-v3::467,0.8466175159189349,0.8467071255946035,8.960967566862266e-05,7.021224540776533,3.8032707014096165,4.37461936947934,2.0610468599953133
9,swm/FetchPushDense-v3::192::35,swm/FetchPushDense-v3::352::46,swm/FetchPushDense-v3::192,swm/FetchPushDense-v3::352,0.8473367536331227,0.8472386278719467,9.812576117596006e-05,4.593198517287954,4.3465203033064785,3.671142579668602,2.4573446781370767
9,swm/FetchPushDense-v3::68::29,swm/FetchPushDense-v3::342::31,swm/FetchPushDense-v3::68,swm/FetchPushDense-v3::342,0.8476262327638819,0.8477687375583685,0.00014250479448651987,4.755891493993361,6.3530930464106845,3.6466549533515518,2.010699448610184
9,swm/FetchPushDense-v3::23::37,swm/FetchSlideDense-v3::203::35,swm/FetchPushDense-v3::23,swm/FetchSlideDense-v3::203,0.847703117735618,0.8470450581998739,0.0006580595357441599,6.893849045665053,3.7842324815749406,5.9280096573340195,1.013366179308665
9,swm/FetchPushDense-v3::346::40,swm/FetchPushDense-v3::370::20,swm/FetchPushDense-v3::346,swm/FetchPushDense-v3::370,0.8479118764576068,0.8485790675366354,0.0006671910790285729,5.2821784200567095,5.773100146937951,3.344084779320063,0.9960128753937677
9,swm/FetchSlideDense-v3::357::45,swm/FetchPushDense-v3::96::25,swm/FetchSlideDense-v3::357,swm/FetchPushDense-v3::96,0.8480378667978871,0.8487149096848562,0.0006770428869691258,2.9449964850287986,4.568913972624441,1.619978827507064,0.6644727781558247
9,swm/FetchPushDense-v3::167::35,swm/FetchPushDense-v3::487::14,swm/FetchPushDense-v3::167,swm/FetchPushDense-v3::487,0.8482963835174842,0.8487834072345515,0.0004870237170673253,6.322217154835151,4.682209895167957,4.495514899690807,1.448155791141072
9,swm/FetchPushDense-v3::96::32,swm/FetchPushDense-v3::20::43,swm/FetchPushDense-v3::96,swm/FetchPushDense-v3::20,0.8485218698319021,0.8490142598051629,0.0004923899732607318,4.855818242030632,3.949367340646068,1.168616094764047,1.0965495599769441
9,swm/FetchSlideDense-v3::221::38,swm/FetchSlideDense-v3::79::42,swm/FetchSlideDense-v3::221,swm/FetchSlideDense-v3::79,0.8487263479207539,0.8492626267428218,0.0005362788220679704,4.5128931128830425,3.5928770143849413,3.2620283934314034,1.3005377499630477
9,swm/FetchPushDense-v3::484::31,swm/FetchPushDense-v3::223::15,swm/FetchPushDense-v3::484,swm/FetchPushDense-v3::223,0.8490350880452382,0.8493215517515016,0.0002864637062633957,3.8151604889873574,3.693865916282395,2.5999309811366653,2.6760210040256838
9,swm/FetchPushDense-v3::438::46,swm/FetchPushDense-v3::96::20,swm/FetchPushDense-v3::438,swm/FetchPushDense-v3::96,0.8492942241119522,0.849909217626393,0.0006149935144408314,5.686671628115479,10.879726697744493,3.639833265725167,5.415868625199309
9,swm/FetchPushDense-v3::438::49,swm/FetchPushDense-v3::264::31,swm/FetchPushDense-v3::438,swm/FetchPushDense-v3::264,0.8496243666053744,0.8500108183316756,0.0003864517263011402,3.6028921287842524,4.475687207457006,1.978349644278281,0.7953921234513823
9,swm/FetchPushDense-v3::253::43,swm/FetchPushDense-v3::45::23,swm/FetchPushDense-v3::253,swm/FetchPushDense-v3::45,0.8520229546760266,0.852136952307533,0.00011399763150632403,4.291634395887954,2.2128376518624124,2.562346460447307,1.7436799513792267
9,swm/FetchPushDense-v3::239::36,swm/FetchPushDense-v3::352::47,swm/FetchPushDense-v3::239,swm/FetchPushDense-v3::352,0.8524928846035509,0.852302144899705,0.0001907397038458658,5.631801190282081,4.329445745920455,5.281120708855928,2.2811751832365403
9,swm/FetchPushDense-v3::144::19,swm/FetchSlideDense-v3::223::41,swm/FetchPushDense-v3::144,swm/FetchSlideDense-v3::223,0.8530466166791186,0.8527598267117257,0.00028678996739295304,4.1390646036386665,5.190651810953202,2.4730756769979747,1.5869732453857643
9,swm/FetchSlideDense-v3::16::3,swm/FetchPushDense-v3::88::36,swm/FetchSlideDense-v3::16,swm/FetchPushDense-v3::88,0.8543105609839459,0.8545389256411406,0.0002283646571947795,6.196941346498413,3.195558822909109,4.760286822354521,0.8319359984059513
9,swm/FetchPushDense-v3::484::35,swm/FetchPushDense-v3::219::35,swm/FetchPushDense-v3::484,swm/FetchPushDense-v3::219,0.8555713266603002,0.855518933028093,5.2393632207214935e-05,6.852679458194192,2.8450770802311993,3.5523087761630747,1.6806189246963026
9,swm/FetchPushDense-v3::346::41,swm/FetchPushDense-v3::484::26,swm/FetchPushDense-v3::346,swm/FetchPushDense-v3::484,0.8565509418767672,0.8564261229968,0.00012481887996718122,5.7954833215911785,3.9507366966073865,4.821850368172411,0.7293054103921467
9,swm/FetchPushDense-v3::184::46,swm/FetchPushDense-v3::144::43,swm/FetchPushDense-v3::184,swm/FetchPushDense-v3::144,0.8580389546964815,0.8578847523028341,0.00015420239364738464,7.849244912247402,5.665843623140369,5.146394799211825,4.6442385635285
9,swm/FetchSlideDense-v3::107::33,swm/FetchSlideDense-v3::269::39,swm/FetchSlideDense-v3::107,swm/FetchSlideDense-v3::269,0.8582884081906057,0.8583246481706778,3.623998007207252e-05,4.250525039372867,4.089668235771836,2.208473617266011,0.980247829977267
9,swm/FetchSlideDense-v3::357::43,swm/FetchPushDense-v3::167::24,swm/FetchSlideDense-v3::357,swm/FetchPushDense-v3::167,0.858772314133301,0.8585569435837976,0.00021537054950337975,4.156855832641496,3.0155939586148186,1.243110089801696,0.637591894683063
9,swm/FetchPushDense-v3::483::34,swm/FetchSlideDense-v3::343::29,swm/FetchPushDense-v3::483,swm/FetchSlideDense-v3::343,0.8594231553703662,0.8599227456271463,0.0004995902567801469,7.222716456978446,6.45969143666639,3.7712331153547094,1.7413394421381994
9,swm/FetchPushDense-v3::144::22,swm/FetchPushDense-v3::223::16,swm/FetchPushDense-v3::144,swm/FetchPushDense-v3::223,0.8607543525710217,0.8605547700032825,0.00019958256773922045,3.805541352623365,2.3948057381939996,1.8865228317517133,1.3796838133919374
9,swm/FetchPushDense-v3::96::38,swm/FetchSlideDense-v3::203::33,swm/FetchPushDense-v3::96,swm/FetchSlideDense-v3::203,0.8609861548634872,0.8611036009100885,0.00011744604660135494,4.845064519880432,3.5795404405424107,0.9894107507713398,0.7344437272502733
9,swm/FetchSlideDense-v3::107::37,swm/FetchPushDense-v3::144::49,swm/FetchSlideDense-v3::107,swm/FetchPushDense-v3::144,0.8609995789268341,0.8603307199715047,0.0006688589553294211,4.976459534869933,5.860067350035285,2.183623389192719,4.358822493942003
9,swm/FetchSlideDense-v3::107::39,swm/FetchPushDense-v3::68::34,swm/FetchSlideDense-v3::107,swm/FetchPushDense-v3::68,0.8620035417498264,0.8620044300131764,8.882633499851522e-07,5.003983516630801,3.6194584551522984,3.7254802873647286,1.8596309020643136
9,swm/FetchSlideDense-v3::221::39,swm/FetchPushDense-v3::45::30,swm/FetchSlideDense-v3::221,swm/FetchPushDense-v3::45,0.8627139788675406,0.8626090051024551,0.00010497376508555867,5.512801171115897,2.665372746510984,2.209369426710331,1.3066896180954959
9,swm/FetchPushDense-v3::184::40,swm/FetchPushDense-v3::303::31,swm/FetchPushDense-v3::184,swm/FetchPushDense-v3::303,0.8642958197745318,0.8639766319131432,0.00031918786138862565,4.39189130069449,3.330953367689982,2.3527243815280374,2.1989246139810863
9,swm/FetchSlideDense-v3::162::35,swm/FetchPushDense-v3::237::24,swm/FetchSlideDense-v3::162,swm/FetchPushDense-v3::237,0.8650415819899606,0.8651675579264082,0.00012597593644758653,13.570008135525086,4.0721468217329635,8.981058575024853,0.7621322447893601
9,swm/FetchPushDense-v3::37::31,swm/FetchPushDense-v3::270::22,swm/FetchPushDense-v3::37,swm/FetchPushDense-v3::270,0.8660290268187552,0.8653813799260012,0.0006476468927539836,3.134990919570895,3.00805623112679,2.1933598431213968,0.5963209097404019
9,swm/FetchPushDense-v3::37::32,swm/FetchSlideDense-v3::269::27,swm/FetchPushDense-v3::37,swm/FetchSlideDense-v3::269,0.8670465489250854,0.8672013315066549,0.00015478258156953473,3.6855818754114567,4.091765591948928,1.9900839687363425,0.9240554117671829
9,swm/FetchPushDense-v3::192::30,swm/FetchSlideDense-v3::282::27,swm/FetchPushDense-v3::192,swm/FetchSlideDense-v3::282,0.8672886692314176,0.8677448559276751,0.0004561866962575767,6.108220179324422,4.870747895577144,2.356249254577598,2.2584953745501326
9,swm/FetchPushDense-v3::470::32,swm/FetchPushDense-v3::438::45,swm/FetchPushDense-v3::470,swm/FetchPushDense-v3::438,0.8683048464786773,0.8688158907481405,0.0005110442694631345,5.784806956571836,2.858420979269152,4.3238013400014434,0.8061512854810026
9,swm/FetchSlideDense-v3::221::41,swm/FetchPushDense-v3::237::25,swm/FetchSlideDense-v3::221,swm/FetchPushDense-v3::237,0.8684803029546324,0.8691966878817434,0.0007163849271110134,5.885319912978415,4.301521745434077,3.7052416751097517,0.635762571732895
9,swm/FetchSlideDense-v3::7::39,swm/FetchPushDense-v3::308::16,swm/FetchSlideDense-v3::7,swm/FetchPushDense-v3::308,0.8703895538737683,0.8705527506851711,0.0001631968114028659,5.8382398803986195,1.8822025871982535,5.807865343913248,0.799734835805763
9,swm/FetchSlideDense-v3::107::40,swm/FetchPushDense-v3::84::21,swm/FetchSlideDense-v3::107,swm/FetchPushDense-v3::84,0.870646504256834,0.8708264906416413,0.000179986384807318,7.729792628243161,4.18426586162512,4.4579287756776855,0.6909049045278381
9,swm/FetchPushDense-v3::337::35,swm/FetchSlideDense-v3::282::24,swm/FetchPushDense-v3::337,swm/FetchSlideDense-v3::282,0.8709253221619764,0.871186898284886,0.00026157612290966803,5.907608084384738,4.847859847936219,3.5043203157359626,1.0305423618314902
9,swm/FetchPushDense-v3::346::36,swm/FetchPushDense-v3::124::23,swm/FetchPushDense-v3::346,swm/FetchPushDense-v3::124,0.8718752677617461,0.8718590775479994,1.619021374665852e-05,6.925192876359529,3.7961785813561035,5.534704884758641,2.8214598602248913
9,swm/FetchPushDense-v3::184::42,swm/FetchSlideDense-v3::269::28,swm/FetchPushDense-v3::184,swm/FetchSlideDense-v3::269,0.871951785271917,0.8720372309650539,8.544569313695405e-05,6.266187728092822,4.218966616365645,4.9421994202560455,1.0342175546323742
9,swm/FetchSlideDense-v3::221::37,swm/FetchPushDense-v3::210::21,swm/FetchSlideDense-v3::221,swm/FetchPushDense-v3::210,0.8721344590478485,0.8726060997526663,0.00047164070481786613,6.287434481933197,7.504737974944778,4.911302283050344,6.607566511587499
9,swm/FetchPushDense-v3::342::37,swm/FetchPushDense-v3::487::13,swm/FetchPushDense-v3::342,swm/FetchPushDense-v3::487,0.8726485213148503,0.8729156445673887,0.00026712325253841485,6.067073403637434,5.898194170177288,2.677339876398555,2.9308955654849727
9,swm/FetchPushDense-v3::96::31,swm/FetchPushDense-v3::264::30,swm/FetchPushDense-v3::96,swm/FetchPushDense-v3::264,0.8732071548060345,0.8738699579404727,0.0006628031344382279,4.736959103337164,4.342416980146563,1.145238481577826,0.9340528117779208
9,swm/FetchPushDense-v3::112::32,swm/FetchSlideDense-v3::203::36,swm/FetchPushDense-v3::112,swm/FetchSlideDense-v3::203,0.8747383937676063,0.8750335142145851,0.0002951204469787694,7.097928293528313,2.9728703241963905,6.0565058460576155,0.9161997805206958
9,swm/FetchSlideDense-v3::107::34,swm/FetchPushDense-v3::330::16,swm/FetchSlideDense-v3::107,swm/FetchPushDense-v3::330,0.8747810024890557,0.8753413714472256,0.0005603689581699101,3.816834483893678,5.375145502617055,2.2283989175100896,1.2475552810315689
9,swm/FetchPushDense-v3::192::37,swm/FetchSlideDense-v3::54::3,swm/FetchPushDense-v3::192,swm/FetchSlideDense-v3::54,0.8747894796221305,0.8754153377161583,0.0006258580940278202,4.50267477167747,5.011217004145498,4.30157530879862,1.389314226896221
9,swm/FetchPushDense-v3::37::43,swm/FetchPushDense-v3::144::45,swm/FetchPushDense-v3::37,swm/FetchPushDense-v3::144,0.877531764592205,0.8775051755378201,2.6589054384906774e-05,7.159302789044323,9.787027920613243,4.703822442191935,8.534299977446038
9,swm/FetchPushDense-v3::184::49,swm/FetchPushDense-v3::90::23,swm/FetchPushDense-v3::184,swm/FetchPushDense-v3::90,0.8809156033880525,0.8812099600688674,0.0002943566808149001,6.265176775477687,9.978315395569208,3.1753522383066835,7.947724898776102
9,swm/FetchPushDense-v3::167::43,swm/FetchSlideDense-v3::426::24,swm/FetchPushDense-v3::167,swm/FetchSlideDense-v3::426,0.8810081506314649,0.8815716052147782,0.0005634545833133053,3.9981203234704528,5.636149793300075,3.5831756453305865,0.6355162830189023
9,swm/FetchSlideDense-v3::269::45,swm/FetchSlideDense-v3::66::46,swm/FetchSlideDense-v3::269,swm/FetchSlideDense-v3::66,0.8813642648183593,0.8816382191729182,0.00027395435455890293,6.344299202802446,4.126632743093764,4.4198596194300555,0.7833266479478316
9,swm/FetchPushDense-v3::342::38,swm/FetchSlideDense-v3::79::41,swm/FetchPushDense-v3::342,swm/FetchSlideDense-v3::79,0.8820922670674756,0.8821871469618355,9.487989435996713e-05,5.184338876955734,7.247735817970528,2.6637856828772963,3.964016645868697
9,swm/FetchPushDense-v3::352::38,swm/FetchPushDense-v3::37::23,swm/FetchPushDense-v3::352,swm/FetchPushDense-v3::37,0.8826052036504393,0.8826327123832318,2.7508732792558277e-05,3.9123222961664705,2.6400494071700935,2.6259320310181415,0.6471295198822111
9,swm/FetchPushDense-v3::184::41,swm/FetchSlideDense-v3::279::25,swm/FetchPushDense-v3::184,swm/FetchSlideDense-v3::279,0.8828853123753886,0.8829087346223332,2.342224694462658e-05,5.10708057264617,5.355863426814419,4.287309754917383,0.755775631278365
9,swm/FetchPushDense-v3::167::31,swm/FetchPushDense-v3::96::19,swm/FetchPushDense-v3::167,swm/FetchPushDense-v3::96,0.8836957591213377,0.8839445956615919,0.00024883654025420476,3.9630907841323375,4.360289388382097,2.674121674625952,1.8718594150138501
9,swm/FetchPushDense-v3::167::42,swm/FetchPushDense-v3::260::45,swm/FetchPushDense-v3::167,swm/FetchPushDense-v3::260,0.8837166645523019,0.8833731583042854,0.00034350624801648966,3.9899607509552193,5.00387378976484,2.858260364441606,1.1596054488621876
9,swm/FetchPushDense-v3::192::32,swm/FetchSlideDense-v3::447::3,swm/FetchPushDense-v3::192,swm/FetchSlideDense-v3::447,0.8849867161946794,0.8846485505499311,0.0003381656447483117,4.078800973236934,4.741180758773747,3.2197589323974474,2.1672408218707346
9,swm/FetchPushDense-v3::192::31,swm/FetchSlideDense-v3::357::32,swm/FetchPushDense-v3::192,swm/FetchSlideDense-v3::357,0.8850384355463714,0.8843880482608997,0.0006503872854717319,4.754558523400946,3.541438743777889,2.6030670637651516,0.8793879296699523
9,swm/FetchPushDense-v3::144::37,swm/FetchPushDense-v3::15::22,swm/FetchPushDense-v3::144,swm/FetchPushDense-v3::15,0.8855693695868014,0.885787308556037,0.0002179389692356093,4.409914744420408,4.297722839562316,3.385086643214761,2.104500587460604
9,swm/FetchPushDense-v3::346::39,swm/FetchSlideDense-v3::77::3,swm/FetchPushDense-v3::346,swm/FetchSlideDense-v3::77,0.8902224647966994,0.8904456535541414,0.0002231887574419833,5.052837121982499,5.070707287111744,5.61059170851084,1.1606144257738846
9,swm/FetchPushDense-v3::167::32,swm/FetchPushDense-v3::303::36,swm/FetchPushDense-v3::167,swm/FetchPushDense-v3::303,0.8908870565697748,0.8907321402367515,0.00015491633302333607,3.8580288749800724,2.361396259763632,3.033639803224555,1.5394660904132067
9,swm/FetchPushDense-v3::471::49,swm/FetchPushDense-v3::260::30,swm/FetchPushDense-v3::471,swm/FetchPushDense-v3::260,0.8913465797785944,0.8913894607832189,4.2881004624462093e-05,6.407290505274549,5.149542033223076,7.5997568888922125,1.1908538751063182
9,swm/FetchPushDense-v3::37::45,swm/FetchPushDense-v3::272::30,swm/FetchPushDense-v3::37,swm/FetchPushDense-v3::272,0.8923956278479381,0.8919136708797546,0.00048195696818353895,3.524531830891632,6.258207762020987,2.588204751969121,4.206039282907559
9,swm/FetchPushDense-v3::144::42,swm/FetchPushDense-v3::96::24,swm/FetchPushDense-v3::144,swm/FetchPushDense-v3::96,0.8940800492570053,0.894126307689463,4.625843245764649e-05,5.618966169361358,4.394166710757732,5.252378065606589,0.7229881485796991
9,swm/FetchPushDense-v3::184::37,swm/FetchSlideDense-v3::305::41,swm/FetchPushDense-v3::184,swm/FetchSlideDense-v3::305,0.8962402725470915,0.8962024182923563,3.7854254735236736e-05,5.249831795684947,5.3576774331195125,3.314516341746199,1.946836511480373
9,swm/FetchPushDense-v3::167::41,swm/FetchSlideDense-v3::324::44,swm/FetchPushDense-v3::167,swm/FetchSlideDense-v3::324,0.8975950863598818,0.897728636900596,0.00013355054071417793,5.431048444029589,5.335676128396783,4.317307620661174,1.1830687537023306
9,swm/FetchPushDense-v3::352::49,swm/FetchPushDense-v3::144::21,swm/FetchPushDense-v3::352,swm/FetchPushDense-v3::144,0.8991035724035012,0.8993415459638917,0.0002379735603904587,4.562245868581914,5.090030245452773,2.85624585563271,2.0603644536467822
9,swm/FetchPushDense-v3::346::38,swm/FetchSlideDense-v3::223::43,swm/FetchPushDense-v3::346,swm/FetchSlideDense-v3::223,0.9000128623006712,0.8997799753279403,0.00023288697273093906,3.734868979450978,4.388663251360913,2.702842992743008,1.1662167186396712
9,swm/FetchSlideDense-v3::409::30,swm/FetchPushDense-v3::342::29,swm/FetchSlideDense-v3::409,swm/FetchPushDense-v3::342,0.9012904460256386,0.9012788504730633,1.1595552575238699e-05,5.427782744653189,3.5875191436116065,1.6430487419919948,1.0814473136213796
9,swm/FetchSlideDense-v3::7::38,swm/FetchSlideDense-v3::221::24,swm/FetchSlideDense-v3::7,swm/FetchSlideDense-v3::221,0.9020171368955474,0.9022144044026512,0.00019726750710380436,5.6763331848805905,4.088356055846644,2.980088645200056,2.0185408201072126
9,swm/FetchPushDense-v3::253::37,swm/FetchPushDense-v3::196::47,swm/FetchPushDense-v3::253,swm/FetchPushDense-v3::196,0.9045881886208629,0.904505015783855,8.317283700787215e-05,4.682084122945766,4.246366019258707,5.505471495608805,0.6386431383418514
9,swm/FetchSlideDense-v3::409::31,swm/FetchPushDense-v3::239::22,swm/FetchSlideDense-v3::409,swm/FetchPushDense-v3::239,0.9046734197308344,0.9043944875862419,0.00027893214459251414,5.3986262523551325,2.714766632189812,2.447715541583689,1.7118940157674896
9,swm/FetchPushDense-v3::37::46,swm/FetchPushDense-v3::125::15,swm/FetchPushDense-v3::37,swm/FetchPushDense-v3::125,0.9060038084339032,0.9063656636165878,0.0003618551826846117,3.425640204239207,5.924147558142632,3.201400940358042,3.553095214054891
9,swm/FetchPushDense-v3::184::43,swm/FetchPushDense-v3::144::44,swm/FetchPushDense-v3::184,swm/FetchPushDense-v3::144,0.908785799255866,0.908412512959558,0.00037328629630795085,4.680114377160343,5.350398144541833,3.044767693482003,4.061200606560925
9,swm/FetchSlideDense-v3::162::33,swm/FetchPushDense-v3::88::35,swm/FetchSlideDense-v3::162,swm/FetchPushDense-v3::88,0.9104128367947713,0.9101707507285881,0.00024208606618314477,6.3016465019365295,3.0631908481668932,2.177325493537246,0.7160711181622641
9,swm/FetchPushDense-v3::192::36,swm/FetchSlideDense-v3::221::30,swm/FetchPushDense-v3::192,swm/FetchSlideDense-v3::221,0.9110565642401829,0.9111383930169021,8.182877671925048e-05,5.234291878673923,3.9609011014211344,2.703130795633294,1.634878810005657
9,swm/FetchPushDense-v3::23::41,swm/FetchPushDense-v3::167::19,swm/FetchPushDense-v3::23,swm/FetchPushDense-v3::167,0.9113608540996782,0.9118185924440931,0.00045773834441498185,7.47915997847173,7.472881145019281,3.4082656324017915,3.488292771858585
9,swm/FetchPushDense-v3::352::32,swm/FetchPushDense-v3::486::47,swm/FetchPushDense-v3::352,swm/FetchPushDense-v3::486,0.9118857074932651,0.912321859145077,0.000436151651811878,5.02054755989092,3.458807159491261,3.0491435268218305,0.9654516898196331
9,swm/FetchPushDense-v3::144::38,swm/FetchSlideDense-v3::426::26,swm/FetchPushDense-v3::144,swm/FetchSlideDense-v3::426,0.9122945445057691,0.9130528334037775,0.0007582888980084412,6.266834777864673,5.3647170927816115,5.495136311757758,1.509356981545823
9,swm/FetchSlideDense-v3::364::30,swm/FetchSlideDense-v3::107::21,swm/FetchSlideDense-v3::364,swm/FetchSlideDense-v3::107,0.9127278250479494,0.9134220287727245,0.0006942037247751331,7.747928290106591,7.447230042592516,4.013996480139061,1.0503296484744793
9,swm/FetchSlideDense-v3::269::46,swm/FetchPushDense-v3::49::38,swm/FetchSlideDense-v3::269,swm/FetchPushDense-v3::49,0.9150160318286225,0.9152127159146795,0.0001966840860569974,6.435104852856108,4.440345469139522,3.708248113650049,3.9149857804286308
9,swm/FetchPushDense-v3::253::45,swm/FetchPushDense-v3::486::18,swm/FetchPushDense-v3::253,swm/FetchPushDense-v3::486,0.9172084626628443,0.9179181457126022,0.0007096830497579365,5.091582030055584,2.854676431421625,3.7824867621737797,1.6111381356699297
9,swm/FetchPushDense-v3::253::42,swm/FetchPushDense-v3::214::44,swm/FetchPushDense-v3::253,swm/FetchPushDense-v3::214,0.9177830125537592,0.9180631547556592,0.000280142201900091,4.360642018016002,3.898713897855337,2.684655264704252,1.640721413148207
9,swm/FetchPushDense-v3::112::37,swm/FetchPushDense-v3::438::44,swm/FetchPushDense-v3::112,swm/FetchPushDense-v3::438,0.9190009941492763,0.9194430739691889,0.0004420798199126219,6.082941680658898,3.1413490262263735,4.522373243835394,0.7525170968647308
9,swm/FetchPushDense-v3::337::31,swm/FetchPushDense-v3::237::17,swm/FetchPushDense-v3::337,swm/FetchPushDense-v3::237,0.9203836512740404,0.9203452067932466,3.844448079382001e-05,5.688023087080551,4.388436054505307,3.2118649444097143,1.0799472633808795
9,swm/FetchPushDense-v3::68::32,swm/FetchPushDense-v3::167::25,swm/FetchPushDense-v3::68,swm/FetchPushDense-v3::167,0.9217238056841259,0.9214284811525035,0.00029532453162239847,4.248754890847954,3.131455886390124,2.7438906353456187,0.6456453166430816
9,swm/FetchPushDense-v3::167::36,swm/FetchSlideDense-v3::279::26,swm/FetchPushDense-v3::167,swm/FetchSlideDense-v3::279,0.9219287049553665,0.9208990202026468,0.001029684752719695,6.662739211434065,5.149833921534235,7.553787786380701,0.7059565130593581
9,swm/FetchPushDense-v3::23::42,swm/FetchPushDense-v3::61::36,swm/FetchPushDense-v3::23,swm/FetchPushDense-v3::61,0.9221474611821325,0.9208366817687377,0.001310779413394858,5.623996967404337,3.419169035777284,3.288244796521934,2.6330896150139975
9,swm/FetchPushDense-v3::184::38,swm/FetchPushDense-v3::227::49,swm/FetchPushDense-v3::184,swm/FetchPushDense-v3::227,0.9227102098188192,0.9235826287692193,0.0008724189504000224,4.494096481310459,4.549058936043175,2.1693302649670314,2.4127318914335825
9,swm/FetchPushDense-v3::49::36,swm/FetchSlideDense-v3::409::29,swm/FetchPushDense-v3::49,swm/FetchSlideDense-v3::409,0.9233477674870323,0.9239835682253915,0.0006358007383592268,6.803478194153489,4.977953439204479,5.735069098943056,1.3371684912350443
9,swm/FetchPushDense-v3::37::30,swm/FetchSlideDense-v3::357::36,swm/FetchPushDense-v3::37,swm/FetchSlideDense-v3::357,0.9244638497606887,0.9241466916793832,0.00031715808130550194,5.391699998267924,6.394349168328141,2.3899067803292446,5.604864536449371
9,swm/FetchPushDense-v3::253::38,swm/FetchSlideDense-v3::269::44,swm/FetchPushDense-v3::253,swm/FetchSlideDense-v3::269,0.9258246465308042,0.9256948576950788,0.00012978883572545286,4.734422118270318,5.8639418256720575,3.366442640655582,6.302134141114684
9,swm/FetchPushDense-v3::169::33,swm/FetchPushDense-v3::96::30,swm/FetchPushDense-v3::169,swm/FetchPushDense-v3::96,0.9267858287353614,0.9267380772752847,4.775146007673925e-05,6.841071300415869,4.3843673018787666,2.00016784065207,1.0704784324323222
9,swm/FetchSlideDense-v3::7::37,swm/FetchPushDense-v3::227::45,swm/FetchSlideDense-v3::7,swm/FetchPushDense-v3::227,0.9279640982403661,0.9275661967918805,0.0003979014484856158,4.646604243634277,4.929241574004571,2.1672128767887635,3.1029485782758655
9,swm/FetchPushDense-v3::346::37,swm/FetchSlideDense-v3::223::33,swm/FetchPushDense-v3::346,swm/FetchSlideDense-v3::223,0.9302104482695781,0.9303407110841817,0.0001302628146035989,5.644888653431151,4.265262586658359,3.8118315779109033,0.844635829235676
9,swm/FetchPushDense-v3::352::35,swm/FetchSlideDense-v3::269::38,swm/FetchPushDense-v3::352,swm/FetchSlideDense-v3::269,0.9309769667616564,0.9314991280278759,0.0005221612662195119,5.929610269961592,3.4636079700256595,5.214754626440684,0.9588694883826121
9,swm/FetchPushDense-v3::337::32,swm/FetchPushDense-v3::15::20,swm/FetchPushDense-v3::337,swm/FetchPushDense-v3::15,0.9333569247191453,0.9331596784363959,0.00019724628274941924,5.491003648074285,4.579313185283959,2.0328000972739964,2.0891495847437933
9,swm/FetchPushDense-v3::37::44,swm/FetchPushDense-v3::483::22,swm/FetchPushDense-v3::37,swm/FetchPushDense-v3::483,0.9343069319900001,0.9343156002858739,8.66829587375939e-06,5.0217930432656,5.431127420329657,3.765959906117823,2.840506796197288
9,swm/FetchSlideDense-v3::7::36,swm/FetchPushDense-v3::268::33,swm/FetchSlideDense-v3::7,swm/FetchPushDense-v3::268,0.9347542798185575,0.9348599532831567,0.00010567346459922078,4.754853295293321,2.906524751794077,1.7574891864099225,0.7110490685411932
9,swm/FetchSlideDense-v3::162::34,swm/FetchSlideDense-v3::282::23,swm/FetchSlideDense-v3::162,swm/FetchSlideDense-v3::282,0.9357885040635494,0.9356687859868865,0.00011971807666288914,5.6700766932083955,4.672029506989174,2.1158314737257196,0.8783864250278179
9,swm/FetchSlideDense-v3::7::34,swm/FetchPushDense-v3::196::46,swm/FetchSlideDense-v3::7,swm/FetchPushDense-v3::196,0.9361219159203105,0.9362615023640557,0.0001395864437452321,8.169078756071256,4.025628061683273,3.9403821485139794,0.6833916552452934
9,swm/FetchPushDense-v3::167::39,swm/FetchSlideDense-v3::221::27,swm/FetchPushDense-v3::167,swm/FetchSlideDense-v3::221,0.936316802207307,0.9362622176933015,5.458451400541797e-05,3.004249714464362,4.64665893597094,2.1603577461728225,3.359934889784018
9,swm/FetchPushDense-v3::346::43,swm/FetchPushDense-v3::337::19,swm/FetchPushDense-v3::346,swm/FetchPushDense-v3::337,0.9363828060114608,0.9365943328309059,0.00021152681944502927,6.023705295975812,5.113008840927205,2.670240476811104,3.2361705161103322
9,swm/FetchPushDense-v3::253::40,swm/FetchSlideDense-v3::282::19,swm/FetchPushDense-v3::253,swm/FetchSlideDense-v3::282,0.9366252329772082,0.9366558527656379,3.0619788429664396e-05,3.8513521377822744,7.563767173631598,2.7955845546430673,3.7272965458037595
9,swm/FetchPushDense-v3::192::38,swm/FetchSlideDense-v3::310::28,swm/FetchPushDense-v3::192,swm/FetchSlideDense-v3::310,0.9387855427989007,0.9380089352980061,0.0007766075008945883,8.62686065925718,1.6300869689300606,5.171006204929652,0.7469517670332291
9,swm/FetchPushDense-v3::37::37,swm/FetchSlideDense-v3::223::45,swm/FetchPushDense-v3::37,swm/FetchSlideDense-v3::223,0.9390912794391435,0.9396371941485298,0.0005459147093862526,4.8435891493481575,6.5328354075240975,4.043444805519585,2.533946722165556
9,swm/FetchPushDense-v3::184::44,swm/FetchSlideDense-v3::203::29,swm/FetchPushDense-v3::184,swm/FetchSlideDense-v3::203,0.9420992794411253,0.9432431814775567,0.0011439020364314434,4.103080726556712,3.1501457353627442,2.332764444399127,0.7167882502835455
9,swm/FetchPushDense-v3::239::41,swm/FetchSlideDense-v3::305::44,swm/FetchPushDense-v3::239,swm/FetchSlideDense-v3::305,0.9438897343601007,0.9443114400595324,0.0004217056994316737,14.406500578817226,2.82070792935089,12.834845388185798,0.6310973105493387
9,swm/FetchPushDense-v3::23::38,swm/FetchPushDense-v3::196::42,swm/FetchPushDense-v3::23,swm/FetchPushDense-v3::196,0.9453077937096394,0.9449965754686059,0.00031121824103341744,4.0167283919768275,8.570912709460211,1.642206642638119,7.108661082419551
9,swm/FetchSlideDense-v3::409::32,swm/FetchPushDense-v3::481::30,swm/FetchSlideDense-v3::409,swm/FetchPushDense-v3::481,0.9457017302165691,0.9456431379624186,5.85922541505024e-05,7.841646679804528,4.889355240919273,6.435643946565377,3.1532527447674195
9,swm/FetchPushDense-v3::342::39,swm/FetchSlideDense-v3::426::27,swm/FetchPushDense-v3::342,swm/FetchSlideDense-v3::426,0.9474972102749303,0.9479455446434649,0.0004483343685346419,4.613839657257907,8.203500935326833,1.8022801051274,2.7558280043948518
9,swm/FetchPushDense-v3::239::37,swm/FetchSlideDense-v3::153::32,swm/FetchPushDense-v3::239,swm/FetchSlideDense-v3::153,0.9481644505444347,0.9482278296834767,6.33791390420857e-05,4.751740119061629,4.029516716568188,4.409518882118559,1.9436685618179037
9,swm/FetchPushDense-v3::184::48,swm/FetchPushDense-v3::471::44,swm/FetchPushDense-v3::184,swm/FetchPushDense-v3::471,0.9505202562904811,0.9503210573779757,0.0001991989125054161,4.274745384523705,4.981855488226015,2.4332037275977116,3.1205815948768345
9,swm/FetchPushDense-v3::184::47,swm/FetchPushDense-v3::1::48,swm/FetchPushDense-v3::184,swm/FetchPushDense-v3::1,0.9508634776709445,0.9511639550638908,0.00030047739294636333,5.541492897789059,4.902094913192898,2.1686565035426786,0.7998484655157554
9,swm/FetchPushDense-v3::167::40,swm/FetchPushDense-v3::264::27,swm/FetchPushDense-v3::167,swm/FetchPushDense-v3::264,0.9560611907187491,0.956389487225904,0.00032829650715493486,3.8889104319196117,4.697820832493667,3.958632852226694,1.0706117929930519
9,swm/FetchPushDense-v3::481::37,swm/FetchSlideDense-v3::203::28,swm/FetchPushDense-v3::481,swm/FetchSlideDense-v3::203,0.9570890479191223,0.9567769829834258,0.00031206493569646554,6.835998655267688,4.298144057106413,7.222016214666811,1.0338236514051466
9,swm/FetchPushDense-v3::184::13,swm/FetchPushDense-v3::252::23,swm/FetchPushDense-v3::184,swm/FetchPushDense-v3::252,0.9577311494458327,0.9579217272903321,0.00019057784449938442,7.667606986697911,4.141941629380127,6.0933815061859,0.7840566207776268
9,swm/FetchPushDense-v3::481::20,swm/FetchPushDense-v3::272::32,swm/FetchPushDense-v3::481,swm/FetchPushDense-v3::272,0.9581831558366701,0.9583404166181724,0.0001572607815022442,5.5886773542492145,4.494133632596919,5.034565256818053,0.6572396579576968
9,swm/FetchPushDense-v3::481::31,swm/FetchSlideDense-v3::426::25,swm/FetchPushDense-v3::481,swm/FetchSlideDense-v3::426,0.9582276088869591,0.9586591992933976,0.0004315904064384757,4.798773364878503,4.19109679186578,2.658024411300965,0.9440426770994114
9,swm/FetchPushDense-v3::23::33,swm/FetchPushDense-v3::252::21,swm/FetchPushDense-v3::23,swm/FetchPushDense-v3::252,0.9616572228770874,0.9611705492557167,0.0004866736213707812,4.4564991589983975,7.708655517684731,2.3044307518466813,4.041064423779225
9,swm/FetchPushDense-v3::253::44,swm/FetchPushDense-v3::317::28,swm/FetchPushDense-v3::253,swm/FetchPushDense-v3::317,0.9616701130919886,0.9610327678811004,0.0006373452108882072,5.208843829584702,2.4952357902851503,3.157744869129517,1.0076649486317732
9,swm/FetchPushDense-v3::23::34,swm/FetchSlideDense-v3::447::23,swm/FetchPushDense-v3::23,swm/FetchSlideDense-v3::447,0.9620513338576477,0.960911371240275,0.0011399626173727029,6.731401061693074,2.832759298649978,3.3916395506215813,0.9004953036537471
9,swm/FetchSlideDense-v3::269::47,swm/FetchSlideDense-v3::310::27,swm/FetchSlideDense-v3::269,swm/FetchSlideDense-v3::310,0.9686331473260097,0.9676448287949972,0.0009883185310124443,6.511882423497556,4.002938308119487,3.174950682937056,3.0278792329914306
9,swm/FetchPushDense-v3::112::35,swm/FetchPushDense-v3::257::46,swm/FetchPushDense-v3::112,swm/FetchPushDense-v3::257,0.9704633554387265,0.9704836499010139,2.0294462287351323e-05,2.647797352697538,3.917754700796702,3.133678741833326,0.9693276884686494
9,swm/FetchSlideDense-v3::364::31,swm/FetchPushDense-v3::384::45,swm/FetchSlideDense-v3::364,swm/FetchPushDense-v3::384,0.9704909404982951,0.9704156054186395,7.533507965562514e-05,5.729883915034471,5.421119491199825,1.9150233624691586,2.395988038191483
9,swm/FetchSlideDense-v3::221::40,swm/FetchPushDense-v3::342::28,swm/FetchSlideDense-v3::221,swm/FetchPushDense-v3::342,0.9705356133934537,0.9707443410928067,0.00020872769935298408,5.785618869369332,4.543091322560177,5.168023407137073,0.7455737360579966
9,swm/FetchSlideDense-v3::7::35,swm/FetchSlideDense-v3::357::26,swm/FetchSlideDense-v3::7,swm/FetchSlideDense-v3::357,0.9705828326131218,0.9698110586570878,0.0007717739560340053,4.592673681343075,3.5585335825506754,1.8525160970576866,1.0121913847119108
9,swm/FetchPushDense-v3::37::39,swm/FetchPushDense-v3::61::37,swm/FetchPushDense-v3::37,swm/FetchPushDense-v3::61,0.977932570943471,0.976817281466767,0.0011152894767039179,3.1708436904989967,2.6572771741898302,3.377778609306316,1.116850397034029
9,swm/FetchPushDense-v3::484::36,swm/FetchPushDense-v3::386::18,swm/FetchPushDense-v3::484,swm/FetchPushDense-v3::386,0.9817815481707945,0.9816059912400827,0.00017555693071180656,5.728527200108197,2.216037681984505,3.802584548301908,5.764080630422219
9,swm/FetchPushDense-v3::144::48,swm/FetchPushDense-v3::88::25,swm/FetchPushDense-v3::144,swm/FetchPushDense-v3::88,0.9823093689424653,0.9823359496947712,2.6580752305882527e-05,4.705815012626646,4.06330526513534,3.3597162438382977,1.563396981288557
9,swm/FetchPushDense-v3::167::49,swm/FetchPushDense-v3::210::28,swm/FetchPushDense-v3::167,swm/FetchPushDense-v3::210,0.9825363328412074,0.9828415848475738,0.00030525200636633,3.4390315529291393,3.477020967210476,3.600460846044156,1.958225408337292
9,swm/FetchSlideDense-v3::279::37,swm/FetchPushDense-v3::260::23,swm/FetchSlideDense-v3::279,swm/FetchPushDense-v3::260,0.9830729826733344,0.983834790497834,0.0007618078244995274,10.529431168836576,4.949189004549999,3.720275716829989,1.043306784204192
9,swm/FetchPushDense-v3::483::44,swm/FetchPushDense-v3::337::18,swm/FetchPushDense-v3::483,swm/FetchPushDense-v3::337,0.9835386655883648,0.9839621192603798,0.00042345367201501727,3.5782786260883217,4.105133583989453,2.350603567807872,2.3947056435179697
9,swm/FetchPushDense-v3::23::35,swm/FetchPushDense-v3::68::31,swm/FetchPushDense-v3::23,swm/FetchPushDense-v3::68,0.985373739850491,0.9849578294519735,0.0004159103985175161,4.295805257982015,4.022306022857593,2.6536844048769,2.0082624955395145
9,swm/FetchSlideDense-v3::7::44,swm/FetchPushDense-v3::346::21,swm/FetchSlideDense-v3::7,swm/FetchPushDense-v3::346,0.9854150084363533,0.9845785424429851,0.000836465993368174,9.679679258779732,2.558838534452906,6.290395534834718,1.0468633290551255
9,swm/FetchPushDense-v3::481::33,swm/FetchPushDense-v3::483::21,swm/FetchPushDense-v3::481,swm/FetchPushDense-v3::483,0.9856346894951513,0.9873505052084366,0.0017158157132852736,5.23623031654588,4.81405371099355,3.2196398397031984,2.4319361173957628
9,swm/FetchPushDense-v3::346::42,swm/FetchPushDense-v3::260::22,swm/FetchPushDense-v3::346,swm/FetchPushDense-v3::260,0.9858197280065186,0.9874299778629962,0.001610249856477619,6.306237032242847,5.050235940231415,5.240572091068584,2.038398122126919
9,swm/FetchPushDense-v3::337::43,swm/FetchPushDense-v3::88::21,swm/FetchPushDense-v3::337,swm/FetchPushDense-v3::88,0.9860600468566627,0.9874557926468737,0.001395745790210956,4.029127211132764,5.561418321822985,2.2751033853107763,1.7540189814955287
9,swm/FetchPushDense-v3::346::44,swm/FetchPushDense-v3::37::24,swm/FetchPushDense-v3::346,swm/FetchPushDense-v3::37,0.9863006618931873,0.9879766586584865,0.0016759967652991703,9.24668159667466,3.336110847354792,6.02632485992307,1.284158759042696
9,swm/FetchPushDense-v3::167::38,swm/FetchPushDense-v3::337::14,swm/FetchPushDense-v3::167,swm/FetchPushDense-v3::337,0.9884354801691415,0.9880873891361346,0.00034809103300692534,3.321166134925588,7.187908056134369,2.4383248564226148,3.0039648417176052
9,swm/FetchPushDense-v3::23::39,swm/FetchPushDense-v3::337::20,swm/FetchPushDense-v3::23,swm/FetchPushDense-v3::337,0.9893152688443472,0.9891997604558052,0.00011550838854201828,6.867306311233742,9.872716993015866,3.5541193378228466,7.8514712968131795
9,swm/FetchSlideDense-v3::282::29,swm/FetchSlideDense-v3::364::20,swm/FetchSlideDense-v3::282,swm/FetchSlideDense-v3::364,0.9897874244607007,0.9889892846720556,0.0007981397886450692,8.497982980390272,3.4465451465310153,8.252582561482482,0.6686649128849387
9,swm/FetchSlideDense-v3::357::42,swm/FetchPushDense-v3::167::20,swm/FetchSlideDense-v3::357,swm/FetchPushDense-v3::167,0.9958038538244496,0.9958142890947133,1.0435270263675633e-05,6.73118718707417,8.829727985662656,3.3858823382317884,3.7840856116008896
9,swm/FetchPushDense-v3::253::39,swm/FetchPushDense-v3::481::34,swm/FetchPushDense-v3::253,swm/FetchPushDense-v3::481,0.9971049234321971,0.9965985172201107,0.0005064062120864188,4.305812758867538,4.4360576826875935,4.069181405548825,5.224903914525943
9,swm/FetchPushDense-v3::112::34,swm/FetchPushDense-v3::20::47,swm/FetchPushDense-v3::112,swm/FetchPushDense-v3::20,0.999637664576828,0.999522448736858,0.0001152158399699843,2.6698690425965297,4.305543018363597,1.8503467153966415,1.6274076718470138
9,swm/FetchSlideDense-v3::282::30,swm/FetchSlideDense-v3::269::32,swm/FetchSlideDense-v3::282,swm/FetchSlideDense-v3::269,1.0008114878954102,1.0007135889514287,9.789894398148924e-05,5.410279287105456,4.36424944812983,3.381174500793482,0.8582674538308217
9,swm/FetchPushDense-v3::481::29,swm/FetchPushDense-v3::1::44,swm/FetchPushDense-v3::481,swm/FetchPushDense-v3::1,1.0020424277254676,1.0020008972656391,4.153045982846493e-05,4.714120989250075,5.183758019352953,2.4090378453482217,1.2475515682467353
9,swm/FetchSlideDense-v3::7::40,swm/FetchPushDense-v3::214::42,swm/FetchSlideDense-v3::7,swm/FetchPushDense-v3::214,1.0021474445092042,1.0015849333861633,0.0005625111230409541,8.103387683349503,4.622192963248016,5.4544084632952705,3.1051846359809696
9,swm/FetchPushDense-v3::23::44,swm/FetchSlideDense-v3::305::43,swm/FetchPushDense-v3::23,swm/FetchSlideDense-v3::305,1.0027072381831328,1.0042134567855816,0.0015062186024488167,6.016574788135028,7.1162991595614145,4.135998552331274,2.0524626234865435
9,swm/FetchSlideDense-v3::269::48,swm/FetchSlideDense-v3::426::34,swm/FetchSlideDense-v3::269,swm/FetchSlideDense-v3::426,1.002820913039471,1.0042579081219158,0.0014369950824448807,4.796969058346313,3.9837139685349454,2.6374017083069865,0.44895600120649426
9,swm/FetchPushDense-v3::239::39,swm/FetchPushDense-v3::483::26,swm/FetchPushDense-v3::239,swm/FetchPushDense-v3::483,1.0030665409014916,1.0005271707758374,0.0025393701256541945,3.649859768035482,3.1409653971329554,3.1398227687428952,0.7262986941075327
9,swm/FetchPushDense-v3::23::43,swm/FetchPushDense-v3::342::27,swm/FetchPushDense-v3::23,swm/FetchPushDense-v3::342,1.0110005367599486,1.0111214157794988,0.00012087901955015745,5.698903764033699,4.392215905428072,3.9735002122657703,1.0875561176014474
9,swm/FetchPushDense-v3::88::37,swm/FetchPushDense-v3::192::20,swm/FetchPushDense-v3::88,swm/FetchPushDense-v3::192,1.013371932245442,1.0125340445345556,0.0008378877108863314,13.198786585804333,3.5936565948389245,9.651928988725949,1.8095504247517205
9,swm/FetchSlideDense-v3::279::36,swm/FetchPushDense-v3::483::24,swm/FetchSlideDense-v3::279,swm/FetchPushDense-v3::483,1.014189655406987,1.0143259893118808,0.00013633390489387054,3.359390403379816,4.263516766159598,1.0774563744656727,3.1336083346580006
9,swm/FetchPushDense-v3::219::32,swm/FetchSlideDense-v3::409::26,swm/FetchPushDense-v3::219,swm/FetchSlideDense-v3::409,1.014904729627282,1.0161720743826708,0.0012673447553888106,4.598646586664,4.577898390571032,3.495349708713847,0.9278037255621161
9,swm/FetchPushDense-v3::352::27,swm/FetchSlideDense-v3::107::22,swm/FetchPushDense-v3::352,swm/FetchSlideDense-v3::107,1.0167962219046756,1.0174601037460174,0.0006638818413418068,4.860905061083492,3.1838992382203473,2.377741520295692,0.7946770936633898
9,swm/FetchPushDense-v3::342::40,swm/FetchSlideDense-v3::409::24,swm/FetchPushDense-v3::342,swm/FetchSlideDense-v3::409,1.0171752359923376,1.0176100552274403,0.00043481923510269027,4.7671490353549855,4.19005596111216,5.617559121881175,1.0295783617796526
9,swm/FetchPushDense-v3::481::35,swm/FetchSlideDense-v3::221::23,swm/FetchPushDense-v3::481,swm/FetchSlideDense-v3::221,1.0188974745096275,1.0185357336358336,0.0003617408737939254,4.742537606216777,3.8250745193300917,4.882931473831612,1.7612136960980744
9,swm/FetchSlideDense-v3::107::38,swm/FetchPushDense-v3::20::48,swm/FetchSlideDense-v3::107,swm/FetchPushDense-v3::20,1.0189506985771573,1.0181321260479996,0.000818572529157624,6.244180211185614,3.5525019819630557,6.768137696352835,0.7693138700255897
9,swm/FetchSlideDense-v3::364::36,swm/FetchPushDense-v3::88::30,swm/FetchSlideDense-v3::364,swm/FetchPushDense-v3::88,1.0212849816542442,1.0212328936420598,5.2088012184370314e-05,11.709849774476016,3.0738093299119043,6.1109958165140945,1.4899453627756314
9,swm/FetchSlideDense-v3::282::31,swm/FetchPushDense-v3::264::23,swm/FetchSlideDense-v3::282,swm/FetchPushDense-v3::264,1.0223304544012426,1.0232539055852707,0.0009234511840281456,6.146752616784814,5.289063967738179,4.051099300048418,2.2424742212278406
9,swm/FetchPushDense-v3::37::40,swm/FetchSlideDense-v3::7::27,swm/FetchPushDense-v3::37,swm/FetchSlideDense-v3::7,1.0230445938409107,1.0251541368639918,0.002109543023081084,2.974925951705488,4.516937846858767,4.718880598067203,1.1282544543390025
9,swm/FetchPushDense-v3::352::29,swm/FetchPushDense-v3::117::16,swm/FetchPushDense-v3::352,swm/FetchPushDense-v3::117,1.0230973765867155,1.0252885118843704,0.0021911352976549114,6.058744295314882,2.6841738419742405,4.53952401556243,0.9921995012615
9,swm/FetchPushDense-v3::239::40,swm/FetchPushDense-v3::264::24,swm/FetchPushDense-v3::239,swm/FetchPushDense-v3::264,1.0233559955646434,1.0253749434953514,0.002018947930708004,4.831001357203955,8.069300261889548,1.8429041518522762,2.270774751066426
9,swm/FetchPushDense-v3::337::37,swm/FetchPushDense-v3::227::44,swm/FetchPushDense-v3::337,swm/FetchPushDense-v3::227,1.0234499631105591,1.0254054420310676,0.0019554789205085132,5.887487335702573,3.912266048236128,3.5881083449702253,2.325672370181561
9,swm/FetchSlideDense-v3::162::44,swm/FetchPushDense-v3::227::42,swm/FetchSlideDense-v3::162,swm/FetchPushDense-v3::227,1.0241071534755015,1.0256603741991923,0.0015532207236907958,13.494991677887123,6.0297211032724665,13.831845550058905,2.495764687231968
9,swm/FetchPushDense-v3::239::38,swm/FetchPushDense-v3::483::49,swm/FetchPushDense-v3::239,swm/FetchPushDense-v3::483,1.0266207783843715,1.026451205316122,0.00016957306824938456,5.385875026907634,3.1662608799282954,3.851785382518269,1.5545059934889935
9,swm/FetchPushDense-v3::169::35,swm/FetchPushDense-v3::88::26,swm/FetchPushDense-v3::169,swm/FetchPushDense-v3::88,1.0268191372285658,1.0269361282015865,0.00011699097302075856,7.0740042894965525,4.761347288599732,4.5792780477070005,2.0140491402541865
9,swm/FetchPushDense-v3::484::37,swm/FetchPushDense-v3::237::15,swm/FetchPushDense-v3::484,swm/FetchPushDense-v3::237,1.0273081760379432,1.0276839559621442,0.000375779924201014,5.701354074101955,3.703485795177726,4.454616277576413,0.8013849875894491
9,swm/FetchSlideDense-v3::279::35,swm/FetchSlideDense-v3::369::47,swm/FetchSlideDense-v3::279,swm/FetchSlideDense-v3::369,1.0276524296597591,1.0279699906245026,0.0003175609647434463,4.584308632238498,5.354094005498221,1.6560951252554792,1.9812832030344578
9,swm/FetchSlideDense-v3::221::36,swm/FetchSlideDense-v3::324::47,swm/FetchSlideDense-v3::221,swm/FetchSlideDense-v3::324,1.0289665544098785,1.0287381690934345,0.00022838531644397975,4.14182506136092,5.019390992142802,2.2991157961623996,1.3622287113408493
9,swm/FetchPushDense-v3::112::33,swm/FetchPushDense-v3::23::21,swm/FetchPushDense-v3::112,swm/FetchPushDense-v3::23,1.03129808078325,1.0303999918807945,0.0008980889024554628,3.246896866808071,3.7676281338009066,3.7750570615519266,1.4117601804517286
9,swm/FetchPushDense-v3::169::34,swm/FetchPushDense-v3::227::43,swm/FetchPushDense-v3::169,swm/FetchPushDense-v3::227,1.0319907520550484,1.0303838982586135,0.0016068537964348817,8.075525135748062,5.11340048308616,9.280846791546077,2.2517694684949445
9,swm/FetchPushDense-v3::96::34,swm/FetchPushDense-v3::227::23,swm/FetchPushDense-v3::96,swm/FetchPushDense-v3::227,1.0323242989777213,1.0338028224927502,0.0014785235150289733,11.398380765482841,3.4898474644993964,5.244031044058198,1.7190528906471434
9,swm/FetchPushDense-v3::23::45,swm/FetchSlideDense-v3::37::26,swm/FetchPushDense-v3::23,swm/FetchSlideDense-v3::37,1.0334921362239862,1.0348976772899725,0.0014055410659863377,5.56121470240934,4.884698476330122,2.7553073898451697,3.684079589769352
9,swm/FetchPushDense-v3::210::27,swm/FetchPushDense-v3::69::27,swm/FetchPushDense-v3::210,swm/FetchPushDense-v3::69,1.0409387731665372,1.0407872403081437,0.00015153285839342168,3.0283101051644565,2.789380215704981,2.417314422794821,1.8231751934939582
9,swm/FetchPushDense-v3::483::42,swm/FetchPushDense-v3::337::22,swm/FetchPushDense-v3::483,swm/FetchPushDense-v3::337,1.0448033283457099,1.0448081623607375,4.834015027599392e-06,4.090965965294922,3.570175472250474,2.3019514285040175,1.1423057751915404
9,swm/FetchSlideDense-v3::127::34,swm/FetchPushDense-v3::144::47,swm/FetchSlideDense-v3::127,swm/FetchPushDense-v3::144,1.045163302877378,1.0456095645383179,0.00044626166093997277,6.808485540222074,3.8383029279769616,5.754807810723363,2.413392367148001
9,swm/FetchPushDense-v3::96::39,swm/FetchPushDense-v3::169::22,swm/FetchPushDense-v3::96,swm/FetchPushDense-v3::169,1.046938417982879,1.0474604833667578,0.0005220653838788891,7.852744307372886,5.7384952687903175,4.18145835093344,2.898757236415906
9,swm/FetchSlideDense-v3::282::33,swm/FetchSlideDense-v3::279::30,swm/FetchSlideDense-v3::282,swm/FetchSlideDense-v3::279,1.0471204553306714,1.0491792152125528,0.0020587598818813113,9.806489079963704,4.249079402597496,12.881530964118138,1.1279478507465144
9,swm/FetchPushDense-v3::337::33,swm/FetchPushDense-v3::227::20,swm/FetchPushDense-v3::337,swm/FetchPushDense-v3::227,1.047608284995702,1.0501887416965034,0.0025804567008014256,4.404503939991841,6.2998735065903295,2.1755157827702165,5.250492789544742
9,swm/FetchPushDense-v3::389::36,swm/FetchPushDense-v3::88::29,swm/FetchPushDense-v3::389,swm/FetchPushDense-v3::88,1.0493426949316167,1.0508858519138708,0.0015431569822541569,13.172550718765992,3.628622613264358,9.079817296278945,2.1006088261291214
9,swm/FetchPushDense-v3::169::44,swm/FetchPushDense-v3::481::24,swm/FetchPushDense-v3::169,swm/FetchPushDense-v3::481,1.0499897361454642,1.0546233068496684,0.004633570704204226,6.859032973825936,4.413382223778511,3.017320129656307,5.669139558817517
9,swm/FetchPushDense-v3::337::36,swm/FetchSlideDense-v3::223::32,swm/FetchPushDense-v3::337,swm/FetchSlideDense-v3::223,1.0514569723010698,1.0556450243674849,0.004188052066415038,5.688075383093157,3.7667748813605315,4.304887524964859,0.7989247962529114
9,swm/FetchPushDense-v3::484::42,swm/FetchPushDense-v3::268::31,swm/FetchPushDense-v3::484,swm/FetchPushDense-v3::268,1.0515027296285582,1.0574492632476336,0.005946533619075378,17.318237187631013,2.8505852218313334,10.43153635459305,0.7203237227360773
9,swm/FetchSlideDense-v3::279::34,swm/FetchSlideDense-v3::127::20,swm/FetchSlideDense-v3::279,swm/FetchSlideDense-v3::127,1.0518553777622806,1.0575435635450479,0.005688185782767308,4.40389669015925,4.284866393387837,1.518550267059793,2.6711552133058993
9,swm/FetchPushDense-v3::337::42,swm/FetchPushDense-v3::90::24,swm/FetchPushDense-v3::337,swm/FetchPushDense-v3::90,1.0538371161833886,1.0593250996238885,0.005487983440499944,6.074905998890676,4.192185114897988,5.019962573135523,1.3978710391166533
9,swm/FetchSlideDense-v3::127::31,swm/FetchPushDense-v3::184::27,swm/FetchSlideDense-v3::127,swm/FetchPushDense-v3::184,1.0570933135650755,1.0596268638436666,0.0025335502785910347,6.25497548929001,2.7869982435576257,5.2577502967560985,0.9279608986687494
9,swm/FetchPushDense-v3::112::47,swm/FetchPushDense-v3::481::23,swm/FetchPushDense-v3::112,swm/FetchPushDense-v3::481,1.0583565884881887,1.0603426114226928,0.001986022934504117,7.351277288263433,4.78869438782968,5.689454119244161,3.1366469235354195
9,swm/FetchPushDense-v3::23::40,swm/FetchSlideDense-v3::127::27,swm/FetchPushDense-v3::23,swm/FetchSlideDense-v3::127,1.0593239160606414,1.0607807698781135,0.0014568538174721812,5.454073214375614,5.930199824593294,2.900971907234141,1.6763172876303822
9,swm/FetchPushDense-v3::253::41,swm/FetchSlideDense-v3::279::31,swm/FetchPushDense-v3::253,swm/FetchSlideDense-v3::279,1.0597990294230475,1.0608506606692225,0.0010516312461750221,4.080397528335499,5.441376434668024,3.3195687224169173,5.578993058554744
9,swm/FetchSlideDense-v3::127::30,swm/FetchPushDense-v3::99::20,swm/FetchSlideDense-v3::127,swm/FetchPushDense-v3::99,1.0610056686545764,1.0609158407792214,8.982787535494197e-05,6.210551480057267,3.5073079506204516,7.9755915269948385,0.8357681812510086
9,swm/FetchSlideDense-v3::279::33,swm/FetchSlideDense-v3::7::29,swm/FetchSlideDense-v3::279,swm/FetchSlideDense-v3::7,1.0624626517962557,1.062447696741409,1.4955054846721438e-05,4.94746406194352,5.406535742248031,1.8234164027111288,2.7370353125166718
9,swm/FetchPushDense-v3::37::48,swm/FetchSlideDense-v3::127::23,swm/FetchPushDense-v3::37,swm/FetchSlideDense-v3::127,1.0636885254804571,1.0625890011465535,0.0010995243339035898,9.39986887323697,5.912488464300832,10.45990487179527,3.7573382411102294
9,swm/FetchPushDense-v3::483::41,swm/FetchSlideDense-v3::127::29,swm/FetchPushDense-v3::483,swm/FetchSlideDense-v3::127,1.0637404151276815,1.061458291509376,0.002282123618305487,7.2614019734188195,6.104101512306638,5.080107777107508,1.688364451543518
9,swm/FetchPushDense-v3::484::39,swm/FetchPushDense-v3::88::24,swm/FetchPushDense-v3::484,swm/FetchPushDense-v3::88,1.0641267554587515,1.0660435915351787,0.0019168360764272308,3.7604675947186883,4.318597067199153,5.795170960917034,1.3120402436528789
9,swm/FetchPushDense-v3::483::35,swm/FetchPushDense-v3::481::38,swm/FetchPushDense-v3::483,swm/FetchPushDense-v3::481,1.064263946720483,1.061444095504112,0.002819851216371072,11.0434522697036,5.07653117953767,9.68388619751662,3.8498223979198882
9,swm/FetchPushDense-v3::69::20,swm/FetchPushDense-v3::438::38,swm/FetchPushDense-v3::69,swm/FetchPushDense-v3::438,1.0645262150766204,1.0613617484339408,0.003164466642679553,8.074302164633215,2.702797754873686,2.75739135244542,0.6649223657877467
9,swm/FetchPushDense-v3::483::40,swm/FetchSlideDense-v3::221::42,swm/FetchPushDense-v3::483,swm/FetchSlideDense-v3::221,1.064607263024194,1.0681669062400188,0.0035596432158246927,3.65739858643376,3.9884657107993675,2.997845167326298,2.870053289148967
9,swm/FetchPushDense-v3::23::30,swm/FetchPushDense-v3::1::42,swm/FetchPushDense-v3::23,swm/FetchPushDense-v3::1,1.0658838564377564,1.0696506152467986,0.0037667588090422033,4.249879148221658,5.194188041386912,3.8276128628975092,1.1997037903297876
9,swm/FetchPushDense-v3::483::43,swm/FetchSlideDense-v3::369::46,swm/FetchPushDense-v3::483,swm/FetchSlideDense-v3::369,1.0667293445907573,1.071179347652544,0.004450003061786667,3.7673338474575147,5.5403666707140795,1.695707936319534,2.6030293523279275
9,swm/FetchPushDense-v3::96::40,swm/FetchSlideDense-v3::279::29,swm/FetchPushDense-v3::96,swm/FetchSlideDense-v3::279,1.0703703921325212,1.0713337958874156,0.0009634037548944541,5.943276264837095,4.1564208109858685,2.7667684525547966,1.0030660417557387
9,swm/FetchPushDense-v3::184::39,swm/FetchPushDense-v3::196::49,swm/FetchPushDense-v3::184,swm/FetchPushDense-v3::196,1.0713736304620538,1.0713517843546772,2.1846107376655155e-05,4.499656168775957,3.7447156214931883,3.849816843196802,0.5850979176337732
9,swm/FetchSlideDense-v3::127::35,swm/FetchPushDense-v3::69::38,swm/FetchSlideDense-v3::127,swm/FetchPushDense-v3::69,1.072473970308201,1.072331413344589,0.0001425569636119839,5.828148724897292,2.0294533157112205,3.5184937379627423,0.905924427259611
9,swm/FetchSlideDense-v3::357::49,swm/FetchSlideDense-v3::127::28,swm/FetchSlideDense-v3::357,swm/FetchSlideDense-v3::127,1.0730986028478475,1.0733666383135976,0.00026803546575004944,6.080590714598136,5.8675196137060155,4.159249520483901,1.538069538065712
9,swm/FetchSlideDense-v3::279::32,swm/FetchPushDense-v3::483::25,swm/FetchSlideDense-v3::279,swm/FetchPushDense-v3::483,1.0733977409282816,1.073643711248026,0.0002459703197443819,5.292272913111543,3.7691093913450335,1.9631243987234117,0.9126844619907203
9,swm/FetchSlideDense-v3::127::32,swm/FetchPushDense-v3::210::26,swm/FetchSlideDense-v3::127,swm/FetchPushDense-v3::210,1.0734271511779667,1.0727971742811953,0.000629976896771467,5.912402173317852,3.032259973227403,2.284697480947308,2.849270387791185
9,swm/FetchSlideDense-v3::107::41,swm/FetchPushDense-v3::184::19,swm/FetchSlideDense-v3::107,swm/FetchPushDense-v3::184,1.0755254701911798,1.0755148615857935,1.0608605386375203e-05,10.084760394592934,5.030787760813983,5.459839939613383,1.6310575649205357
9,swm/FetchPushDense-v3::481::22,swm/FetchPushDense-v3::184::20,swm/FetchPushDense-v3::481,swm/FetchPushDense-v3::184,1.076662891034214,1.0768414563365174,0.00017856530230342393,4.872668629947499,11.171673422067194,3.957093346107219,10.587764550171539
9,swm/FetchSlideDense-v3::364::32,swm/FetchSlideDense-v3::426::28,swm/FetchSlideDense-v3::364,swm/FetchSlideDense-v3::426,1.0782687654118939,1.077977910073601,0.00029085533829276145,3.8559174189825196,6.420330682508915,2.7544672180552388,2.3447457348990084
9,swm/FetchPushDense-v3::23::31,swm/FetchSlideDense-v3::127::24,swm/FetchPushDense-v3::23,swm/FetchSlideDense-v3::127,1.0787470032339135,1.078758433616608,1.143038269457719e-05,4.851006778571498,6.272065729287479,3.9689211647753972,6.4809470946283305
9,swm/FetchSlideDense-v3::409::33,swm/FetchPushDense-v3::88::22,swm/FetchSlideDense-v3::409,swm/FetchPushDense-v3::88,1.0792614256896176,1.0802560977673124,0.0009946720776947693,8.065077117175566,4.785287949872687,6.187216800347475,1.128462048407087
9,swm/FetchPushDense-v3::337::44,swm/FetchPushDense-v3::196::45,swm/FetchPushDense-v3::337,swm/FetchPushDense-v3::196,1.0803725451165365,1.083125278873414,0.002752733756877568,7.668106017486101,3.694682006214914,5.469942632820498,0.6474122116682236
9,swm/FetchSlideDense-v3::221::43,swm/FetchPushDense-v3::337::21,swm/FetchSlideDense-v3::221,swm/FetchPushDense-v3::337,1.0808659099255848,1.085503933770919,0.004638023845334072,9.010167189645447,4.11560224592014,5.377916824135906,1.782466360019957
9,swm/FetchSlideDense-v3::162::48,swm/FetchPushDense-v3::144::46,swm/FetchSlideDense-v3::162,swm/FetchPushDense-v3::144,1.0945793569401834,1.0964785465867533,0.0018991896465698765,9.453412765631905,3.761958015332977,8.596875852463018,4.2465971434558565
9,swm/FetchSlideDense-v3::364::48,swm/FetchPushDense-v3::389::20,swm/FetchSlideDense-v3::364,swm/FetchPushDense-v3::389,1.097828804933687,1.1006036432990804,0.002774838365393384,9.524206090923867,6.759090922349568,5.395689590510981,4.7420355005347465
9,swm/FetchPushDense-v3::169::42,swm/FetchPushDense-v3::342::26,swm/FetchPushDense-v3::169,swm/FetchPushDense-v3::342,1.0984979022495924,1.102248187144232,0.0037502848946395773,6.657089187308932,4.321784603586411,7.456314564165296,0.8414371498864152
9,swm/FetchPushDense-v3::96::41,swm/FetchPushDense-v3::169::23,swm/FetchPushDense-v3::96,swm/FetchPushDense-v3::169,1.0987192171452467,1.1039335615027461,0.005214344357499456,4.95598140001713,2.8378305437115974,1.5478457118475084,2.2756278104426437
9,swm/FetchPushDense-v3::112::46,swm/FetchPushDense-v3::496::15,swm/FetchPushDense-v3::112,swm/FetchPushDense-v3::496,1.0987943532354634,1.1047046869972874,0.005910333761824038,3.345403483042861,6.164924448970087,2.7292078964462245,6.4221243897052425
9,swm/FetchPushDense-v3::1::29,swm/FetchPushDense-v3::415::27,swm/FetchPushDense-v3::1,swm/FetchPushDense-v3::415,1.1001765921531113,1.1051095070878212,0.004932914934709931,7.042515156505186,3.4798270087523964,5.181800080336191,0.7988646764949674
9,swm/FetchPushDense-v3::481::27,swm/FetchPushDense-v3::337::17,swm/FetchPushDense-v3::481,swm/FetchPushDense-v3::337,1.1008244037557886,1.1056191974842724,0.004794793728483793,5.390057675123931,3.485330173836349,3.027735522333033,1.5151406347838439
9,swm/FetchPushDense-v3::483::39,swm/FetchPushDense-v3::167::21,swm/FetchPushDense-v3::483,swm/FetchPushDense-v3::167,1.1010280146218712,1.106194950372398,0.0051669357505268465,4.730896563207743,3.65114947129568,5.032182439013871,1.5192065462654751
9,swm/FetchSlideDense-v3::282::42,swm/FetchSlideDense-v3::223::49,swm/FetchSlideDense-v3::282,swm/FetchSlideDense-v3::223,1.1024520077950988,1.106532072111007,0.004080064315908238,5.094250948265964,4.664745165787439,4.810654882848453,1.9508538351078957
9,swm/FetchPushDense-v3::169::40,swm/FetchPushDense-v3::37::17,swm/FetchPushDense-v3::169,swm/FetchPushDense-v3::37,1.1025987335822385,1.1078501365223745,0.005251402940136041,6.608438895321663,2.9593241530342,7.81824406076127,2.6679749794647645
9,swm/FetchPushDense-v3::337::48,swm/FetchPushDense-v3::198::19,swm/FetchPushDense-v3::337,swm/FetchPushDense-v3::198,1.1041735426344117,1.1079258926639821,0.003752350029570417,4.46111035769338,6.550265462944724,2.67900174773369,3.43983549945426
9,swm/FetchPushDense-v3::37::38,swm/FetchSlideDense-v3::7::45,swm/FetchPushDense-v3::37,swm/FetchSlideDense-v3::7,1.1107769408119879,1.111243698912582,0.0004667581005941557,3.9081676741136286,7.355004564365705,4.477524979813052,5.515896956458769
9,swm/FetchPushDense-v3::484::41,swm/FetchSlideDense-v3::7::32,swm/FetchPushDense-v3::484,swm/FetchSlideDense-v3::7,1.114261619506223,1.1142922374543904,3.061794816749952e-05,4.62584567084466,4.795470578719405,2.2042597481930257,2.8277462831593727
9,swm/FetchPushDense-v3::169::45,swm/FetchPushDense-v3::37::15,swm/FetchPushDense-v3::169,swm/FetchPushDense-v3::37,1.1154932106762403,1.1156610766383763,0.00016786596213602678,6.907329707153112,4.531723657353973,6.629098702603328,1.4285598552124508
9,swm/FetchPushDense-v3::167::37,swm/FetchPushDense-v3::88::33,swm/FetchPushDense-v3::167,swm/FetchPushDense-v3::88,1.1174993676364473,1.1170879784665257,0.00041138916992156105,6.50893989385001,3.3701572560626722,6.166799785357528,0.7921432787915489
9,swm/FetchPushDense-v3::337::38,swm/FetchSlideDense-v3::223::40,swm/FetchPushDense-v3::337,swm/FetchSlideDense-v3::223,1.1228074800761734,1.1225333355653033,0.00027414451087004466,3.50223296621604,4.933296595065275,3.960679070538755,2.993613532138319
9,swm/FetchPushDense-v3::169::46,swm/FetchPushDense-v3::384::46,swm/FetchPushDense-v3::169,swm/FetchPushDense-v3::384,1.1230445193369891,1.1225083430733789,0.0005361762636102441,7.816119518535896,2.9046181401702085,7.506034389377981,1.4701403151267918
9,swm/FetchPushDense-v3::96::37,swm/FetchPushDense-v3::1::41,swm/FetchPushDense-v3::96,swm/FetchPushDense-v3::1,1.1235069480550162,1.1255333179090652,0.002026369854049026,3.6862927991543795,5.245451839019397,1.734093562470884,1.5728057413824066
9,swm/FetchPushDense-v3::169::41,swm/FetchSlideDense-v3::426::33,swm/FetchPushDense-v3::169,swm/FetchSlideDense-v3::426,1.1240385300447533,1.127280346737077,0.003241816692323818,6.400695848541855,3.577755821235099,4.210322920547568,0.8073795271809657
9,swm/FetchPushDense-v3::23::32,swm/FetchPushDense-v3::481::26,swm/FetchPushDense-v3::23,swm/FetchPushDense-v3::481,1.126982246803443,1.1277584835458287,0.0007762367423858052,4.211701500355221,5.529302516706046,3.477543103947451,4.40574975939138
9,swm/FetchSlideDense-v3::127::36,swm/FetchPushDense-v3::167::16,swm/FetchSlideDense-v3::127,swm/FetchPushDense-v3::167,1.1352345197974183,1.135683925862876,0.00044940606545762485,6.2936580065110395,4.9027950143827805,3.3929546954967438,0.9993290303482802
9,swm/FetchPushDense-v3::484::40,swm/FetchSlideDense-v3::426::29,swm/FetchPushDense-v3::484,swm/FetchSlideDense-v3::426,1.1353091737850671,1.136794107202911,0.0014849334178439477,3.850796067705803,4.624162135917791,4.086073034486271,2.126616338657027
9,swm/FetchPushDense-v3::88::40,swm/FetchPushDense-v3::484::19,swm/FetchPushDense-v3::88,swm/FetchPushDense-v3::484,1.1355275643907965,1.1370245117169202,0.0014969473261237098,2.72589832363344,6.626433755940401,2.2942539472415735,3.062028464733842
9,swm/FetchSlideDense-v3::127::33,swm/FetchPushDense-v3::69::37,swm/FetchSlideDense-v3::127,swm/FetchPushDense-v3::69,1.135802344460501,1.1380009917959948,0.0021986473354937974,5.8460989282095595,1.790435747447187,2.2756443134140647,1.7172756992112939
9,swm/FetchSlideDense-v3::269::49,swm/FetchSlideDense-v3::127::26,swm/FetchSlideDense-v3::269,swm/FetchSlideDense-v3::127,1.1360577714575768,1.1338031935005835,0.0022545779569933533,7.071001900498893,5.4167313244185555,3.622469070101314,2.8333765415009546
9,swm/FetchPushDense-v3::112::49,swm/FetchPushDense-v3::483::23,swm/FetchPushDense-v3::112,swm/FetchPushDense-v3::483,1.1361291813868448,1.131683268086984,0.004445913299860882,4.02560134501152,5.211423716122791,3.3738755336239112,3.2376646423021582
9,swm/FetchPushDense-v3::337::49,swm/FetchPushDense-v3::237::12,swm/FetchPushDense-v3::337,swm/FetchPushDense-v3::237,1.1387630253823515,1.1432460078846685,0.0044829825023169345,3.6660752995149157,6.4354749126906095,4.136807007164947,3.376897136757565
9,swm/FetchPushDense-v3::88::41,swm/FetchPushDense-v3::237::13,swm/FetchPushDense-v3::88,swm/FetchPushDense-v3::237,1.14165719853425,1.144113976221628,0.0024567776873778424,8.388603779100809,4.2158459957706595,5.431627042695582,1.505813608868785
9,swm/FetchPushDense-v3::23::46,swm/FetchPushDense-v3::96::23,swm/FetchPushDense-v3::23,swm/FetchPushDense-v3::96,1.1430953463731774,1.1477333486733619,0.004638002300184407,4.771026492063322,3.5475424905632713,4.198397523374325,0.7811189053462526
9,swm/FetchPushDense-v3::69::22,swm/FetchPushDense-v3::438::42,swm/FetchPushDense-v3::69,swm/FetchPushDense-v3::438,1.145511376301625,1.148210662268027,0.0026992859664021207,4.320626643248226,3.8773661936827404,3.6409934350262025,0.7789444771578646
9,swm/FetchPushDense-v3::169::49,swm/FetchPushDense-v3::481::46,swm/FetchPushDense-v3::169,swm/FetchPushDense-v3::481,1.1537720493445263,1.1547754743537992,0.0010034250092729735,8.536229490997508,6.176298086569571,9.414913710589717,5.750394788963028
9,swm/FetchPushDense-v3::23::49,swm/FetchPushDense-v3::192::39,swm/FetchPushDense-v3::23,swm/FetchPushDense-v3::192,1.1539426168285831,1.1558589872895617,0.0019163704609785892,4.90729355597086,11.606161909099919,3.9506944425645996,6.908056264780445
9,swm/FetchPushDense-v3::23::48,swm/FetchPushDense-v3::196::43,swm/FetchPushDense-v3::23,swm/FetchPushDense-v3::196,1.1572551091476218,1.1571162657842837,0.00013884336333802594,4.390065722457455,6.860328872970849,2.2460812302499304,1.1098449112633058
9,swm/FetchPushDense-v3::112::42,swm/FetchPushDense-v3::96::21,swm/FetchPushDense-v3::112,swm/FetchPushDense-v3::96,1.15725597085114,1.157650447314348,0.00039447646320800445,6.108785426706961,4.59179817228352,3.6456276291710026,2.0210356228376556
9,swm/FetchPushDense-v3::337::41,swm/FetchPushDense-v3::1::33,swm/FetchPushDense-v3::337,swm/FetchPushDense-v3::1,1.1603828280772712,1.1602755913319274,0.00010723674534385275,3.2101468639242703,4.646943062345555,1.5822034166773513,2.8899785114215
9,swm/FetchPushDense-v3::69::21,swm/FetchPushDense-v3::88::28,swm/FetchPushDense-v3::69,swm/FetchPushDense-v3::88,1.1615344406311106,1.161387337626416,0.0001471030046944488,6.000194284786051,3.0062950677671423,1.9157246045708782,1.2529450852793098
9,swm/FetchPushDense-v3::96::44,swm/FetchSlideDense-v3::279::27,swm/FetchPushDense-v3::96,swm/FetchSlideDense-v3::279,1.1643859338581524,1.163056107020839,0.0013298268373134192,7.565525818638903,4.534891105878146,3.870195654122125,1.0553152409376747
9,swm/FetchPushDense-v3::169::39,swm/FetchPushDense-v3::88::45,swm/FetchPushDense-v3::169,swm/FetchPushDense-v3::88,1.1653757129415347,1.166154761335254,0.0007790483937193393,6.117880780594512,16.317188288515787,2.850347155802223,14.08681829422144
9,swm/FetchPushDense-v3::169::38,swm/FetchSlideDense-v3::409::23,swm/FetchPushDense-v3::169,swm/FetchSlideDense-v3::409,1.1655307866798768,1.1625494713704414,0.0029813153094353506,6.121958655281208,3.726821125209257,5.051573311784357,1.1549816718952672
9,swm/FetchPushDense-v3::337::46,swm/FetchPushDense-v3::496::16,swm/FetchPushDense-v3::337,swm/FetchPushDense-v3::496,1.1678950401692583,1.169965227517915,0.0020701873486568267,5.382730434764764,4.642151432779107,5.154249454552995,4.67868509810993
9,swm/FetchPushDense-v3::112::38,swm/FetchPushDense-v3::184::28,swm/FetchPushDense-v3::112,swm/FetchPushDense-v3::184,1.168724472384588,1.1707628123453022,0.0020383399607142305,5.666297439441009,3.1429748427658204,3.3775896683366384,0.7639385997541764
9,swm/FetchPushDense-v3::112::39,swm/FetchPushDense-v3::389::18,swm/FetchPushDense-v3::112,swm/FetchPushDense-v3::389,1.1713088372874385,1.1738844365851064,0.00257559929766793,3.2501183039311323,5.707327633927176,1.6375255506208468,3.179705840419223
9,swm/FetchPushDense-v3::484::38,swm/FetchPushDense-v3::112::23,swm/FetchPushDense-v3::484,swm/FetchPushDense-v3::112,1.1719883986831074,1.1757216247860636,0.003733226102956122,4.271696055053441,2.4311788128762206,2.0438950761766663,0.8469827147215071
9,swm/FetchPushDense-v3::169::48,swm/FetchPushDense-v3::389::22,swm/FetchPushDense-v3::169,swm/FetchPushDense-v3::389,1.1757420752859966,1.1771803792418556,0.0014383039558589772,6.094162415127301,3.983622167389404,3.1566983921467244,1.1673483755955032
9,swm/FetchPushDense-v3::169::43,swm/FetchPushDense-v3::389::23,swm/FetchPushDense-v3::169,swm/FetchPushDense-v3::389,1.1790062956841854,1.1789032796553944,0.00010301602879092542,6.190139522051842,2.2665595268949374,4.334712430326934,0.8701975474670537
9,swm/FetchSlideDense-v3::279::38,swm/FetchPushDense-v3::481::47,swm/FetchSlideDense-v3::279,swm/FetchPushDense-v3::481,1.1803399331867106,1.1793802604647405,0.0009596727219700618,7.529301063527796,5.115235447066601,5.0263783438218725,3.6277723548747574
9,swm/FetchSlideDense-v3::364::44,swm/FetchPushDense-v3::237::20,swm/FetchSlideDense-v3::364,swm/FetchPushDense-v3::237,1.1810284269753648,1.1837374888972858,0.0027090619219209966,7.345923733333733,4.3232790420086395,7.778892979776462,0.8913012083287192
9,swm/FetchPushDense-v3::23::47,swm/FetchPushDense-v3::96::28,swm/FetchPushDense-v3::23,swm/FetchPushDense-v3::96,1.1818564705434,1.18445555340772,0.0025990828643198682,5.237756717061853,3.4964333244308947,4.049716038906413,0.71715935845728
9,swm/FetchPushDense-v3::337::39,swm/FetchSlideDense-v3::7::30,swm/FetchPushDense-v3::337,swm/FetchSlideDense-v3::7,1.1822409164732282,1.1782821301107687,0.003958786362459499,6.9291870487528335,5.081901070753903,6.944712215488981,2.452230485271703
9,swm/FetchSlideDense-v3::127::38,swm/FetchPushDense-v3::337::16,swm/FetchSlideDense-v3::127,swm/FetchPushDense-v3::337,1.1834108347764127,1.1849338949556598,0.0015230601792470821,6.895929049137054,3.4995273259487907,5.637106268654335,1.6087887481223326
9,swm/FetchPushDense-v3::88::38,swm/FetchSlideDense-v3::279::22,swm/FetchPushDense-v3::88,swm/FetchSlideDense-v3::279,1.185106524043658,1.1892284483150584,0.004121924271400346,3.9667433657988216,4.358322986944784,2.949657461647009,0.9343496776512995
9,swm/FetchSlideDense-v3::282::41,swm/FetchPushDense-v3::237::14,swm/FetchSlideDense-v3::282,swm/FetchPushDense-v3::237,1.186084992196768,1.1899823016294049,0.0038973094326368862,8.80362181553841,3.4759118891628096,5.933214160989362,1.2074768353502554
9,swm/FetchPushDense-v3::88::43,swm/FetchPushDense-v3::198::21,swm/FetchPushDense-v3::88,swm/FetchPushDense-v3::198,1.1873354751408678,1.1905111473035899,0.0031756721627220763,3.765048479547427,1.1244208279658126,2.061514947865389,0.5972990376116339
9,swm/FetchPushDense-v3::169::36,swm/FetchPushDense-v3::210::30,swm/FetchPushDense-v3::169,swm/FetchPushDense-v3::210,1.1877141467930301,1.1912911636082235,0.003577016815193401,7.1317150486048675,3.3155925549411487,6.815728086363803,2.4616492306362208
9,swm/FetchPushDense-v3::337::45,swm/FetchSlideDense-v3::223::47,swm/FetchPushDense-v3::337,swm/FetchSlideDense-v3::223,1.188634135740005,1.191905322487496,0.0032711867474910505,3.936877816906811,3.4945752002753516,2.3764882023176086,1.533863976321842
9,swm/FetchSlideDense-v3::37::4,swm/FetchPushDense-v3::227::22,swm/FetchSlideDense-v3::37,swm/FetchPushDense-v3::227,1.1891502885945475,1.1933327370921507,0.004182448497603186,10.879813715749764,3.2593817665321665,1.8952301109351755,1.8873165786506962
9,swm/FetchPushDense-v3::337::40,swm/FetchPushDense-v3::210::25,swm/FetchPushDense-v3::337,swm/FetchPushDense-v3::210,1.1906319053714156,1.1948481820372088,0.004216276665793162,3.8984991051872644,4.237374893648855,2.3122145088574193,3.074770473139149
9,swm/FetchPushDense-v3::169::47,swm/FetchPushDense-v3::346::20,swm/FetchPushDense-v3::169,swm/FetchPushDense-v3::346,1.191402001872017,1.19553386861259,0.004131866740572976,6.085138903586266,2.7215796941675077,4.5217197335089265,0.7501300850742073
9,swm/FetchPushDense-v3::389::40,swm/FetchPushDense-v3::481::49,swm/FetchPushDense-v3::389,swm/FetchPushDense-v3::481,1.1935541514139374,1.195651939359041,0.002097787945103624,5.689330253468015,4.254844834201906,6.03371760404872,2.1418755858462077
9,swm/FetchPushDense-v3::112::45,swm/FetchSlideDense-v3::127::19,swm/FetchPushDense-v3::112,swm/FetchSlideDense-v3::127,1.1964402745437708,1.1975629770526388,0.0011227025088680342,5.406851587955549,5.094247080715318,4.921351701252577,3.5975578804036004
9,swm/FetchSlideDense-v3::127::37,swm/FetchPushDense-v3::389::19,swm/FetchSlideDense-v3::127,swm/FetchPushDense-v3::389,1.1984224228732954,1.1986863675238126,0.0002639446505172671,6.386072249404489,3.398127224447463,4.68666611858357,2.456846322293527
9,swm/FetchSlideDense-v3::282::43,swm/FetchPushDense-v3::198::20,swm/FetchSlideDense-v3::282,swm/FetchPushDense-v3::198,1.1984389729845641,1.2057158147422944,0.007276841757730246,13.683802112770902,3.9245488663699617,10.696459143744823,0.8365598028144241
9,swm/FetchPushDense-v3::337::47,swm/FetchPushDense-v3::239::20,swm/FetchPushDense-v3::337,swm/FetchPushDense-v3::239,1.2018096371772429,1.2057391064585625,0.003929469281319653,4.734231420577264,3.6410569311664656,3.4052821973547927,1.9789040507232816
9,swm/FetchPushDense-v3::88::42,swm/FetchPushDense-v3::389::21,swm/FetchPushDense-v3::88,swm/FetchPushDense-v3::389,1.2034394306992477,1.2062014363218423,0.0027620056225945433,3.9471322752384226,5.716523335554176,2.4073585808275877,3.5494803823621175
9,swm/FetchPushDense-v3::389::46,swm/FetchPushDense-v3::342::42,swm/FetchPushDense-v3::389,swm/FetchPushDense-v3::342,1.2079683229690028,1.2082076625160147,0.00023933954701194082,4.799118947266267,5.986378527889279,4.191143404324932,3.1681949529151203
9,swm/FetchPushDense-v3::389::41,swm/FetchSlideDense-v3::426::32,swm/FetchPushDense-v3::389,swm/FetchSlideDense-v3::426,1.208283498296176,1.206439435527888,0.0018440627682880795,6.191958189507563,3.8805880945271585,4.5131451803570695,1.4736612095027972
9,swm/FetchPushDense-v3::96::36,swm/FetchPushDense-v3::210::24,swm/FetchPushDense-v3::96,swm/FetchPushDense-v3::210,1.2087889556892997,1.2126957347298626,0.003906779040562913,3.4898234956581584,3.130589082636472,1.3006830296616192,1.8591746908478366
9,swm/FetchPushDense-v3::389::48,swm/FetchSlideDense-v3::7::31,swm/FetchPushDense-v3::389,swm/FetchSlideDense-v3::7,1.2095743540389625,1.2181950110384907,0.008620656999528187,3.5935803767086245,4.453448933891748,2.2536966323487233,1.512330749896703
9,swm/FetchPushDense-v3::389::47,swm/FetchPushDense-v3::227::21,swm/FetchPushDense-v3::389,swm/FetchPushDense-v3::227,1.2096920671373803,1.2183782879913219,0.00868622085394155,4.481485220887911,4.200184716775342,3.3794151452989496,2.532486730813993
9,swm/FetchPushDense-v3::69::25,swm/FetchSlideDense-v3::7::25,swm/FetchPushDense-v3::69,swm/FetchSlideDense-v3::7,1.2137128778039865,1.2195948256047604,0.00588194780077389,6.37427508564959,4.013896785777604,5.568660756694328,1.0587894288875885
9,swm/FetchPushDense-v3::88::39,swm/FetchPushDense-v3::196::44,swm/FetchPushDense-v3::88,swm/FetchPushDense-v3::196,1.2147031784439974,1.222215250393308,0.007512071949310473,3.5393393112812515,3.602190125449976,2.342342906930594,0.5629672468746424
9,swm/FetchPushDense-v3::169::37,swm/FetchSlideDense-v3::223::46,swm/FetchPushDense-v3::169,swm/FetchSlideDense-v3::223,1.2153022655610282,1.223404809215344,0.008102543654315841,5.839644981785684,4.806984849671989,4.19808957597887,3.4234954843595444
9,swm/FetchPushDense-v3::69::23,swm/FetchPushDense-v3::1::36,swm/FetchPushDense-v3::69,swm/FetchPushDense-v3::1,1.2153152253029424,1.224818177714134,0.00950295241119159,9.682665107278504,8.661797888497032,9.620070635403955,5.14750946132785
9,swm/FetchPushDense-v3::112::48,swm/FetchPushDense-v3::37::16,swm/FetchPushDense-v3::112,swm/FetchPushDense-v3::37,1.221404456419275,1.2258770914722183,0.0044726350529433745,5.652499598190965,3.061460720258824,3.8602980351755836,2.027559052568166
9,swm/FetchPushDense-v3::389::49,swm/FetchPushDense-v3::167::17,swm/FetchPushDense-v3::389,swm/FetchPushDense-v3::167,1.2248219338275756,1.2259195512361951,0.0010976174086194668,5.475284320255984,2.911748514725629,4.031637970225841,2.4409152594073467
9,swm/FetchPushDense-v3::346::46,swm/FetchPushDense-v3::342::21,swm/FetchPushDense-v3::346,swm/FetchPushDense-v3::342,1.2302022662105467,1.2304481159280107,0.0002458497174639973,8.900141185201942,8.974750836199043,4.990093164722332,5.714671790609985
9,swm/FetchPushDense-v3::88::44,swm/FetchPushDense-v3::96::22,swm/FetchPushDense-v3::88,swm/FetchPushDense-v3::96,1.230679745014449,1.2297066145781255,0.0009731304363236326,5.585556126338125,3.2879125425749773,4.0529999318148775,0.718212976918816
9,swm/FetchSlideDense-v3::7::46,swm/FetchSlideDense-v3::409::19,swm/FetchSlideDense-v3::7,swm/FetchSlideDense-v3::409,1.2340572417484652,1.2351350952229319,0.0010778534744666501,7.073569203126384,5.552686096222473,6.07394555821465,2.7599269939006232
9,swm/FetchPushDense-v3::112::44,swm/FetchSlideDense-v3::223::36,swm/FetchPushDense-v3::112,swm/FetchSlideDense-v3::223,1.2456118662845725,1.2470990295046418,0.0014871632200692542,2.824839028712535,4.271448077927769,2.7670978996318785,0.5951411312332948
9,swm/FetchPushDense-v3::112::43,swm/FetchSlideDense-v3::282::16,swm/FetchPushDense-v3::112,swm/FetchSlideDense-v3::282,1.2458969609233024,1.2504437693786707,0.004546808455368367,5.358096933975375,4.133152571765789,5.500550643440424,1.7844937983136508
9,swm/FetchPushDense-v3::389::45,swm/FetchPushDense-v3::270::23,swm/FetchPushDense-v3::389,swm/FetchPushDense-v3::270,1.2506151920918884,1.259853907598554,0.009238715506665551,3.38589337483115,4.006929902032147,2.3028746090759977,0.7403324318960218
9,swm/FetchSlideDense-v3::223::48,swm/FetchSlideDense-v3::357::31,swm/FetchSlideDense-v3::223,swm/FetchSlideDense-v3::357,1.2597647928906652,1.2619581866825238,0.0021933937918585666,5.01159455186252,3.5485498793231556,3.9372084704670036,0.6570379467375878
9,swm/FetchPushDense-v3::112::40,swm/FetchPushDense-v3::184::26,swm/FetchPushDense-v3::112,swm/FetchPushDense-v3::184,1.2600218218579093,1.2649365926272826,0.0049147707693733,5.069730453444584,2.710273248490902,5.1223460160210434,1.1218605788603822
9,swm/FetchPushDense-v3::96::43,swm/FetchPushDense-v3::112::21,swm/FetchPushDense-v3::96,swm/FetchPushDense-v3::112,1.2638720397429113,1.2740300024383864,0.010157962695475087,5.181547382483686,6.180935784665673,4.1143337643732325,2.0406210999938366
9,swm/FetchSlideDense-v3::409::34,swm/FetchPushDense-v3::260::35,swm/FetchSlideDense-v3::409,swm/FetchPushDense-v3::260,1.2668380955305145,1.2759686090215305,0.009130513491016012,5.360705018176281,4.945629759639904,3.1014519255908173,0.9183754710660236
9,swm/FetchPushDense-v3::481::43,swm/FetchPushDense-v3::342::24,swm/FetchPushDense-v3::481,swm/FetchPushDense-v3::342,1.2738149878338259,1.2764577343095298,0.00264274647570395,4.82793939488575,4.196228645421517,3.585104752656272,2.044028704231044
9,swm/FetchPushDense-v3::389::43,swm/FetchSlideDense-v3::7::41,swm/FetchPushDense-v3::389,swm/FetchSlideDense-v3::7,1.2748738008868012,1.2852375702333214,0.010363769346520169,5.3851518532068265,4.840030120534217,5.357004756602147,3.63042592159852
9,swm/FetchPushDense-v3::96::42,swm/FetchPushDense-v3::317::45,swm/FetchPushDense-v3::96,swm/FetchPushDense-v3::317,1.2755197212164449,1.2853603030593983,0.009840581842953444,4.932796337932176,4.2072624213759875,3.2885265209028747,0.5421464062268868
9,swm/FetchPushDense-v3::69::26,swm/FetchPushDense-v3::484::20,swm/FetchPushDense-v3::69,swm/FetchPushDense-v3::484,1.2764737440381286,1.293428218922648,0.0169544748845194,3.110601108464899,2.1671290318486385,1.5027035468678902,1.2028024865237288
9,swm/FetchPushDense-v3::210::23,swm/FetchPushDense-v3::481::41,swm/FetchPushDense-v3::210,swm/FetchPushDense-v3::481,1.282964206060604,1.297079249442589,0.014115043381984993,3.080250383211045,4.365970474324391,3.2217510959934774,3.846516439798144
9,swm/FetchPushDense-v3::389::44,swm/FetchSlideDense-v3::7::43,swm/FetchPushDense-v3::389,swm/FetchSlideDense-v3::7,1.285528050666441,1.2995040550199504,0.01397600435350932,3.730178083484372,3.99291387029038,1.954088923314521,1.5138466621189595
9,swm/FetchPushDense-v3::112::41,swm/FetchPushDense-v3::210::31,swm/FetchPushDense-v3::112,swm/FetchPushDense-v3::210,1.2952363706204078,1.3020833017804856,0.00684693116007784,5.121585071062193,2.9301965474619736,5.188250082811785,1.9126199520876666
9,swm/FetchPushDense-v3::481::42,swm/FetchSlideDense-v3::409::20,swm/FetchPushDense-v3::481,swm/FetchSlideDense-v3::409,1.3107839285664444,1.312161805069221,0.0013778765027765427,4.2186385795698245,7.213648861400412,2.657341304476141,5.252968994588307
9,swm/FetchPushDense-v3::96::35,swm/FetchPushDense-v3::253::16,swm/FetchPushDense-v3::96,swm/FetchPushDense-v3::253,1.3158547003693117,1.3199814912473582,0.00412679087804646,4.028957645705451,4.2419221425664,1.160062920761231,2.2175035846732194
9,swm/FetchPushDense-v3::192::45,swm/FetchSlideDense-v3::107::48,swm/FetchPushDense-v3::192,swm/FetchSlideDense-v3::107,1.3195436694512739,1.3262897830111675,0.0067461135598936295,5.828995578114087,11.250467004759448,4.4988842884258995,11.366242854734855
9,swm/FetchSlideDense-v3::7::48,swm/FetchSlideDense-v3::409::22,swm/FetchSlideDense-v3::7,swm/FetchSlideDense-v3::409,1.339197496328627,1.337823912338262,0.0013735839903650238,6.07252889571638,3.1082422361759368,4.598622593981711,1.4992561927433965
9,swm/FetchPushDense-v3::389::42,swm/FetchSlideDense-v3::426::31,swm/FetchPushDense-v3::389,swm/FetchSlideDense-v3::426,1.339661890703427,1.340650418329841,0.000988527626414104,3.047173891134102,3.7911772609373338,3.3576707084192794,2.085020380846812
9,swm/FetchPushDense-v3::192::46,swm/FetchPushDense-v3::112::22,swm/FetchPushDense-v3::192,swm/FetchPushDense-v3::112,1.357450014891484,1.3585035766618772,0.0010535617703930633,6.852751159028875,1.9318051889286163,5.665824908459002,0.5554401673496919
9,swm/FetchSlideDense-v3::7::49,swm/FetchPushDense-v3::253::49,swm/FetchSlideDense-v3::7,swm/FetchPushDense-v3::253,1.3638870467784217,1.3627581347360562,0.0011289120423654264,5.317139927563498,4.045317588608213,3.8252668714661513,4.67465443953591
9,swm/FetchSlideDense-v3::279::39,swm/FetchPushDense-v3::253::17,swm/FetchSlideDense-v3::279,swm/FetchPushDense-v3::253,1.3686965365172026,1.3694865269116163,0.0007899903944137421,9.686189925304237,3.230444281020341,6.1050743136536365,1.6908150479969188
9,swm/FetchSlideDense-v3::282::34,swm/FetchPushDense-v3::317::36,swm/FetchSlideDense-v3::282,swm/FetchPushDense-v3::317,1.3728742489556662,1.3707836639932087,0.002090584962457509,8.625578284613013,3.9755107912586007,8.942595563973793,0.7848323679627246
9,swm/FetchSlideDense-v3::127::39,swm/FetchSlideDense-v3::364::37,swm/FetchSlideDense-v3::127,swm/FetchSlideDense-v3::364,1.3851129795767372,1.3872956653249635,0.0021826857482263318,5.601820690001849,7.722004301270951,3.512255005331472,3.4710464470115325
9,swm/FetchSlideDense-v3::282::46,swm/FetchPushDense-v3::210::32,swm/FetchSlideDense-v3::282,swm/FetchPushDense-v3::210,1.3886589442244155,1.3881774822417778,0.0004814619826376543,6.114390651226709,2.278708708927587,4.50941284446635,0.9466307891369011
9,swm/FetchPushDense-v3::69::24,swm/FetchPushDense-v3::1::35,swm/FetchPushDense-v3::69,swm/FetchPushDense-v3::1,1.3888243570904237,1.3959526468078194,0.007128289717395653,3.6986619379806087,4.102222613673056,3.457856671906437,2.0902215824968744
9,swm/FetchSlideDense-v3::127::40,swm/FetchSlideDense-v3::409::45,swm/FetchSlideDense-v3::127,swm/FetchSlideDense-v3::409,1.3975599179653408,1.3983707171663715,0.0008107992010306653,7.561126814469847,5.490537760924441,6.4966325788958805,3.7640883427655223
9,swm/FetchPushDense-v3::484::47,swm/FetchSlideDense-v3::127::44,swm/FetchPushDense-v3::484,swm/FetchSlideDense-v3::127,1.4015821194825966,1.403023831816522,0.0014417123339254267,6.1732146398891095,5.756306703109973,4.495553404376226,2.8804604327744143
9,swm/FetchPushDense-v3::192::48,swm/FetchSlideDense-v3::409::21,swm/FetchPushDense-v3::192,swm/FetchSlideDense-v3::409,1.4156253116868167,1.415203610397628,0.00042170128918872507,8.073164427576476,3.5649062052509333,8.406226088418974,2.059747888016001
9,swm/FetchSlideDense-v3::282::47,swm/FetchPushDense-v3::342::46,swm/FetchSlideDense-v3::282,swm/FetchPushDense-v3::342,1.438693799072916,1.4395807738968962,0.0008869748239801467,6.835411096961295,5.147681240514314,6.474220324045971,2.675971664684825
9,swm/FetchPushDense-v3::192::47,swm/FetchSlideDense-v3::127::18,swm/FetchPushDense-v3::192,swm/FetchSlideDense-v3::127,1.440031458832627,1.429941713715451,0.010089745117175974,4.9975615438352055,3.163268058533775,2.1849736251681477,1.9907122368153438
9,swm/FetchSlideDense-v3::282::40,swm/FetchPushDense-v3::342::44,swm/FetchSlideDense-v3::282,swm/FetchPushDense-v3::342,1.4403014917777126,1.4565183899608276,0.016216898183115003,3.8303916524312407,7.212122495827314,2.218343798252993,5.659288761383811
9,swm/FetchSlideDense-v3::282::44,swm/FetchPushDense-v3::1::38,swm/FetchSlideDense-v3::282,swm/FetchPushDense-v3::1,1.443624183140419,1.464881826645763,0.02125764350534398,8.023133647835577,4.3859901724103505,2.9930756086804937,2.9351698077274095
9,swm/FetchPushDense-v3::484::48,swm/FetchSlideDense-v3::127::17,swm/FetchPushDense-v3::484,swm/FetchSlideDense-v3::127,1.4440219816215691,1.4215016665154057,0.02252031510616348,6.205987910925526,4.526162078909919,4.147793340125578,2.6484726355343655
9,swm/FetchSlideDense-v3::409::47,swm/FetchSlideDense-v3::127::45,swm/FetchSlideDense-v3::409,swm/FetchSlideDense-v3::127,1.450998297014202,1.469261335184154,0.018263038169952006,6.783106601767258,4.733480463909173,5.827286394599095,2.6826799779209076
9,swm/FetchSlideDense-v3::409::46,swm/FetchPushDense-v3::342::43,swm/FetchSlideDense-v3::409,swm/FetchPushDense-v3::342,1.4526249345884037,1.471614574671264,0.018989640082860415,4.636275477551141,5.311600476990453,3.547721314863268,5.838613118392428
9,swm/FetchPushDense-v3::483::36,swm/FetchPushDense-v3::253::23,swm/FetchPushDense-v3::483,swm/FetchPushDense-v3::253,1.4561375217227481,1.4169163589852252,0.03922116273752296,4.513261856313323,2.451176545549801,6.245317645948275,0.8044111785132197
9,swm/FetchSlideDense-v3::162::46,swm/FetchPushDense-v3::184::21,swm/FetchSlideDense-v3::162,swm/FetchPushDense-v3::184,1.4562336175415111,1.5022510025591331,0.04601738501762198,6.468827436792767,20.676198983794425,4.3777565871641375,18.65363288321005
9,swm/FetchPushDense-v3::192::49,swm/FetchPushDense-v3::342::23,swm/FetchPushDense-v3::192,swm/FetchPushDense-v3::342,1.4744179714456758,1.5103348705931143,0.035916899147438563,5.585427600357414,3.567079237607105,5.512227857513217,1.2704397255209254
9,swm/FetchPushDense-v3::210::33,swm/FetchPushDense-v3::483::16,swm/FetchPushDense-v3::210,swm/FetchPushDense-v3::483,1.4811485105896611,1.518829504836217,0.03768099424655591,2.2675228292775955,4.456056508767476,1.454706099060354,2.295207929050393
9,swm/FetchPushDense-v3::346::47,swm/FetchSlideDense-v3::409::44,swm/FetchPushDense-v3::346,swm/FetchSlideDense-v3::409,1.4864427832564964,1.520221101043469,0.0337783177869726,3.9048298046711114,4.427950768710146,3.5283912029455875,3.398411488271663
9,swm/FetchSlideDense-v3::127::43,swm/FetchSlideDense-v3::364::38,swm/FetchSlideDense-v3::127,swm/FetchSlideDense-v3::364,1.4957723107100982,1.522065512059751,0.02629320134965285,7.948157600953683,6.569705367866441,5.515451363760837,4.818147329799126
9,swm/FetchPushDense-v3::342::47,swm/FetchSlideDense-v3::409::43,swm/FetchPushDense-v3::342,swm/FetchSlideDense-v3::409,1.5096100682619005,1.5240747464135898,0.01446467815168928,7.333229401900216,4.551122685372603,5.624894606301737,2.9918649397549855
9,swm/FetchPushDense-v3::192::41,swm/FetchPushDense-v3::253::20,swm/FetchPushDense-v3::192,swm/FetchPushDense-v3::253,1.5265692321904836,1.5279325077371957,0.0013632755467121171,5.466363505995751,7.751517912703314,4.965892174695201,6.583780333464381
9,swm/FetchSlideDense-v3::221::45,swm/FetchPushDense-v3::342::48,swm/FetchSlideDense-v3::221,swm/FetchPushDense-v3::342,1.5266899930600324,1.5389174785316575,0.01222748547162511,9.487932735690258,7.0580808031028415,11.87987612149744,5.100760344283304
9,swm/FetchPushDense-v3::210::34,swm/FetchPushDense-v3::342::45,swm/FetchPushDense-v3::210,swm/FetchPushDense-v3::342,1.5321293832427951,1.558490646492293,0.026361263249497835,2.3745996404842837,4.697117092791629,0.9812780574352188,3.4256339310137696
9,swm/FetchSlideDense-v3::127::46,swm/FetchSlideDense-v3::409::36,swm/FetchSlideDense-v3::127,swm/FetchSlideDense-v3::409,1.5354218700305826,1.5738772295642365,0.038455359533653866,6.564111414156342,4.8684194596929045,4.752729813433308,3.99435649279507
9,swm/FetchSlideDense-v3::282::45,swm/FetchPushDense-v3::342::22,swm/FetchSlideDense-v3::282,swm/FetchPushDense-v3::342,1.5591210042657202,1.5820949774400335,0.022973973174313267,5.254673076664267,5.448784240592285,4.225834142712677,2.4029878824239903
9,swm/FetchSlideDense-v3::409::48,swm/FetchPushDense-v3::210::35,swm/FetchSlideDense-v3::409,swm/FetchPushDense-v3::210,1.5691577461326696,1.5823426310177287,0.01318488488505909,7.177852360805799,2.1279855921861874,6.625704583417709,1.244028108357501
9,swm/FetchPushDense-v3::239::47,swm/FetchSlideDense-v3::409::42,swm/FetchPushDense-v3::239,swm/FetchSlideDense-v3::409,1.5713174805535093,1.5862946540908989,0.014977173537389588,6.047005425309147,4.71554144111596,2.451138672487714,3.7663904038715557
9,swm/FetchPushDense-v3::483::38,swm/FetchSlideDense-v3::364::39,swm/FetchPushDense-v3::483,swm/FetchSlideDense-v3::364,1.5764874594458562,1.5909585957712964,0.01447113632544017,3.1070402675418984,5.565143947389163,2.7936635104294116,5.093898520074392
9,swm/FetchPushDense-v3::96::45,swm/FetchPushDense-v3::483::17,swm/FetchPushDense-v3::96,swm/FetchPushDense-v3::483,1.5811872821200295,1.5999239066172484,0.018736624497218912,5.238784248003639,3.9161540324255206,3.6355459139213364,1.346836174207319
9,swm/FetchPushDense-v3::389::37,swm/FetchPushDense-v3::210::40,swm/FetchPushDense-v3::389,swm/FetchPushDense-v3::210,1.5829152623524931,1.6116066051221933,0.0286913427697002,5.431488083240124,2.4001026862104555,3.902885915978502,1.7814662219827255
9,swm/FetchPushDense-v3::389::39,swm/FetchSlideDense-v3::409::37,swm/FetchPushDense-v3::389,swm/FetchSlideDense-v3::409,1.5969236167478973,1.6280379145214887,0.031114297773591426,4.675063333393427,4.720179741490451,3.078639933651796,3.812779421645028
9,swm/FetchSlideDense-v3::127::41,swm/FetchPushDense-v3::210::36,swm/FetchSlideDense-v3::127,swm/FetchPushDense-v3::210,1.6058878477178462,1.6286964284541785,0.022808580736332296,4.185931940675962,2.024991825615442,4.119493364391671,1.0299881421731514
9,swm/FetchPushDense-v3::239::48,swm/FetchPushDense-v3::210::41,swm/FetchPushDense-v3::239,swm/FetchPushDense-v3::210,1.623917293960064,1.630667021221169,0.00674972726110501,3.755752716832916,2.3156687196129897,4.048097184772296,1.3073709176605424
9,swm/FetchSlideDense-v3::279::40,swm/FetchPushDense-v3::184::25,swm/FetchSlideDense-v3::279,swm/FetchPushDense-v3::184,1.6244074681074592,1.636405416047285,0.011997947939825782,7.851276451355457,3.6166931933759336,2.3137644505429042,2.1265227080389164
9,swm/FetchPushDense-v3::88::49,swm/FetchPushDense-v3::210::49,swm/FetchPushDense-v3::88,swm/FetchPushDense-v3::210,1.6353477477753147,1.638749617073352,0.003401869298037319,2.49816443983902,3.3935595163650945,1.6377905083890292,2.3172099633431293
9,swm/FetchSlideDense-v3::282::35,swm/FetchPushDense-v3::96::46,swm/FetchSlideDense-v3::282,swm/FetchPushDense-v3::96,1.6395603827180871,1.6458604709020308,0.006300088183943675,9.927809870613896,5.77659062625878,9.152673143539511,3.2083753004008733
9,swm/FetchPushDense-v3::483::37,swm/FetchSlideDense-v3::279::44,swm/FetchPushDense-v3::483,swm/FetchSlideDense-v3::279,1.6446453709834536,1.649081272760605,0.004435901777151363,3.529611866386234,4.006586372696181,3.0162906653699713,3.7299726435154605
9,swm/FetchPushDense-v3::484::46,swm/FetchSlideDense-v3::409::39,swm/FetchPushDense-v3::484,swm/FetchSlideDense-v3::409,1.6458698729114634,1.6672865011830516,0.02141662827158819,4.691964223714918,4.712080413227849,3.59418369878588,3.8123868119390973
9,swm/FetchSlideDense-v3::279::42,swm/FetchPushDense-v3::210::38,swm/FetchSlideDense-v3::279,swm/FetchPushDense-v3::210,1.6759855434594457,1.6850816938883262,0.009096150428880456,6.832183200714775,3.5506864080444016,4.82882413681908,0.8962745765100933
9,swm/FetchPushDense-v3::239::45,swm/FetchSlideDense-v3::409::38,swm/FetchPushDense-v3::239,swm/FetchSlideDense-v3::409,1.6972677232167972,1.695187185682553,0.002080537534244087,5.866150987282363,4.986641184957814,5.109481067788107,5.1391973186202975
9,swm/FetchSlideDense-v3::279::41,swm/FetchPushDense-v3::96::47,swm/FetchSlideDense-v3::279,swm/FetchPushDense-v3::96,1.7114042873371398,1.7086091057648471,0.0027951815722926376,5.477461097634888,6.610166275416868,3.2740734135008283,6.266048643342204
9,swm/FetchPushDense-v3::389::38,swm/FetchSlideDense-v3::409::41,swm/FetchPushDense-v3::389,swm/FetchSlideDense-v3::409,1.7195073382982704,1.7166239931321012,0.002883345166169171,2.822120866957978,5.09458620590779,2.5030872040098244,3.9063753279758826
9,swm/FetchPushDense-v3::192::42,swm/FetchSlideDense-v3::409::40,swm/FetchPushDense-v3::192,swm/FetchSlideDense-v3::409,1.725739843729969,1.744684006936344,0.018944163206375153,4.54058826142838,4.368412439981907,2.624922726543737,3.666651864212277
9,swm/FetchPushDense-v3::239::44,swm/FetchPushDense-v3::210::48,swm/FetchPushDense-v3::239,swm/FetchPushDense-v3::210,1.7284986773401134,1.7520924363809014,0.023593759040787976,5.372533482277805,3.26568897121494,6.272873410984575,2.7130616826254625
9,swm/FetchSlideDense-v3::221::47,swm/FetchPushDense-v3::210::44,swm/FetchSlideDense-v3::221,swm/FetchPushDense-v3::210,1.8606652503456904,1.853515772119009,0.007149478226681438,2.3679528024699765,3.1335516350775756,2.123090454750965,1.584522019789932
9,swm/FetchSlideDense-v3::409::49,swm/FetchPushDense-v3::210::47,swm/FetchSlideDense-v3::409,swm/FetchPushDense-v3::210,1.8705908512206888,1.847898939928109,0.02269191129257986,4.699135070381316,3.1864731978067002,4.223883232439833,3.0648406301142592
9,swm/FetchPushDense-v3::239::46,swm/FetchPushDense-v3::96::49,swm/FetchPushDense-v3::239,swm/FetchPushDense-v3::96,1.9120988716387597,1.9116159197181883,0.0004829519205713506,4.645500093500239,3.7195968959606316,3.3541091622258583,2.681932370783252
9,swm/FetchPushDense-v3::88::46,swm/FetchPushDense-v3::210::45,swm/FetchPushDense-v3::88,swm/FetchPushDense-v3::210,1.9292730192399077,1.9184981902367362,0.010774829003171504,4.525216104908198,3.0422856221379257,4.357034817569982,2.353572203692303
9,swm/FetchSlideDense-v3::221::46,swm/FetchPushDense-v3::210::46,swm/FetchSlideDense-v3::221,swm/FetchPushDense-v3::210,1.9522564601029777,1.9422714836987511,0.009984976404226575,3.346432278306811,3.024271836557883,3.070036620689124,2.6453790349474713
9,swm/FetchSlideDense-v3::282::36,swm/FetchPushDense-v3::96::48,swm/FetchSlideDense-v3::282,swm/FetchPushDense-v3::96,2.055355082070186,1.9041459942624512,0.15120908780773457,13.383747048121474,4.650067138025491,15.806862870020908,2.7289957841050088
9,swm/FetchPushDense-v3::484::44,swm/FetchPushDense-v3::184::24,swm/FetchPushDense-v3::484,swm/FetchPushDense-v3::184,2.1143469546074956,2.286804124357716,0.17245716975022063,4.480359323512482,3.3220330286884407,3.292777793810951,2.539035104874216
9,swm/FetchPushDense-v3::484::45,swm/FetchPushDense-v3::210::43,swm/FetchPushDense-v3::484,swm/FetchPushDense-v3::210,2.149606925498085,1.829172619652582,0.32043430584550325,4.615935584648751,3.09599563939696,4.400488935887938,1.4588742275163105
9,swm/FetchPushDense-v3::88::47,swm/FetchSlideDense-v3::107::49,swm/FetchPushDense-v3::88,swm/FetchSlideDense-v3::107,2.1801517455813135,1.8209133400981625,0.359238405483151,5.404492947689935,4.4542565540184444,4.073516717739495,3.714176999970063
9,swm/FetchSlideDense-v3::282::39,swm/FetchPushDense-v3::184::23,swm/FetchSlideDense-v3::282,swm/FetchPushDense-v3::184,2.7047829667737435,2.6060459497196145,0.09873701705412907,2.022309898641699,3.0375677335767644,1.5758177447491637,3.149932956609922
9,swm/FetchSlideDense-v3::282::37,swm/FetchPushDense-v3::184::22,swm/FetchSlideDense-v3::282,swm/FetchPushDense-v3::184,2.9320089065582344,2.8119640954374887,0.12004481112074572,6.714078269871031,4.251554984159507,6.863828350985205,2.5977129930154432
9,swm/FetchSlideDense-v3::282::38,swm/FetchPushDense-v3::253::21,swm/FetchSlideDense-v3::282,swm/FetchPushDense-v3::253,3.0846575263309144,1.8163610421059422,1.2682964842249722,2.168945724690337,3.7869325615630682,3.130651356437834,2.1945377600062126
