{
  "load_ok": true,
  "device": "mps",
  "model_class": "jepa.JEPA",
  "param_count": 18034478,
  "param_count_millions": 18.034478,
  "assets": {
    "dataset": "/Users/rishisim/.stable_worldmodel/datasets/pusht_expert_train.h5",
    "object_checkpoint": "/Users/rishisim/.stable_worldmodel/pusht/lewm_object.ckpt"
  },
  "api_verification": {
    "encode_signature": "encode(info)",
    "predict_signature": "predict(emb, act_emb)",
    "rollout_convention": "For history H=3, jepa.JEPA.rollout uses emb[:, -HS:] and act_emb[:, -HS:]; the last output of predict(history_emb, action_emb) is appended as the next latent. Thus a 3-latent/3-action window ending at t predicts the latent at t+1.",
    "live_source_discrepancies": [
      "No discrepancy for the loaded object checkpoint: AutoCostModel('pusht/lewm') resolves to jepa.JEPA from le-wm/jepa.py.",
      "Note: stable-worldmodel-readonly also contains stable_worldmodel.wm.lewm.lewm.LeWM with the same one-step predict signature but a different rollout implementation; it is not the loaded object checkpoint class in this environment."
    ]
  },
  "input_shapes": {
    "pixels": [
      1,
      8,
      3,
      224,
      224
    ],
    "encoded_emb": [
      1,
      8,
      192
    ],
    "action_block": [
      1,
      3,
      10
    ],
    "action_embedding": [
      1,
      3,
      192
    ],
    "prediction": [
      1,
      3,
      192
    ]
  },
  "timing": {
    "encode_mean_seconds": 0.026756033199490048,
    "encode_times_seconds": [
      0.01975220799795352,
      0.022545333005837165,
      0.02663975000177743,
      0.03248574999452103,
      0.0323571249973611
    ],
    "encode_ms_per_frame": 3.344504149936256,
    "predictor_fwd_mean_seconds": 0.00315912490041228,
    "predictor_fwd_times_seconds": [
      0.0035660829962580465,
      0.003093083003477659,
      0.003509958005452063,
      0.002964208004414104,
      0.0029726249995292164,
      0.0033914580053533427,
      0.0034299160033697262,
      0.003084833995671943,
      0.0030275839962996542,
      0.003023666999069974,
      0.0035804579965770245,
      0.0029684580003959127,
      0.0029931660028523766,
      0.0029572499988717027,
      0.0029044170005363412,
      0.0031846249985392205,
      0.002988624997669831,
      0.0031325000018114224,
      0.003447208000579849,
      0.002962375001516193
    ],
    "predictor_fwd_ms": 3.15912490041228,
    "predictor_fwd_bwd_step_mean_seconds": 0.018467693751154,
    "predictor_fwd_bwd_step_times_seconds": [
      0.01901233399985358,
      0.019186833000276238,
      0.018290957996214274,
      0.01844041599542834,
      0.018677167005080264,
      0.018859083000279497,
      0.018366875003266614,
      0.018384499999228865,
      0.01808675000211224,
      0.018330709004658274,
      0.018663916998775676,
      0.018650165999133606,
      0.01848341699951561,
      0.01827616600348847,
      0.018127084003936034,
      0.01808954100124538,
      0.018276125003467314,
      0.018477334000635892,
      0.018277417002536822,
      0.018397083003947046
    ],
    "predictor_fwd_bwd_step_ms": 18.467693751154002
  },
  "mps_fallback": {
    "env_pytorch_enable_mps_fallback": "1",
    "script_observed_warning_status": "Check terminal log for PyTorch MPS fallback warnings emitted outside Python."
  }
}