row_id,episode_ordinal,episode_id,split,model_step,raw_step,transition_block,normalized_position,interaction_contact,support_contact,free,sensor_grasp_onset,sensor_release,mse_model,mse_persistence,excess,mse_model_whitened,mse_persistence_whitened,excess_whitened,phase_decile,interaction_contact_relabel,block_disp,effector_disp,transport_free,static,regime
0,0,0,calibration,3,15,2,0.075,False,True,True,False,False,0.0121737224981188,0.0530798397958278,-0.0409061163663864,8.876036859211435,3.0632226869975754,5.81281417221386,0,False,4.2674197509029455e-16,0.05654308056728864,True,False,transport_free
1,0,0,calibration,4,20,3,0.1,False,True,True,False,False,0.0109737887978553,0.1158261820673942,-0.1048523932695388,7.927741618462843,2.0322371481594064,5.895504470303436,1,False,0.0,0.05812159857672834,True,False,transport_free
2,0,0,calibration,5,25,4,0.125,False,True,True,False,False,0.0075479485094547,0.0783553346991539,-0.0708073824644088,6.737886759887307,0.7950053233090953,5.942881436578212,1,False,0.0,0.03446523087633544,True,False,transport_free
3,0,0,calibration,6,30,5,0.15,True,True,False,True,False,0.0065157054923474,0.0606521852314472,-0.0541364811360836,7.250613463603007,1.5646046282525825,5.686008835350425,1,True,0.005528758034893651,0.010365490535329532,False,False,interaction
4,0,0,calibration,7,35,6,0.175,True,False,False,False,False,0.0664326101541519,0.2866609990596771,-0.2202283889055252,10.840392471094304,2.531496397140684,8.30889607395362,1,True,0.07927505367695548,0.07961335616617547,False,False,interaction
5,0,0,calibration,8,40,7,0.2,True,False,False,False,False,0.2407007217407226,0.499184250831604,-0.2584835290908813,14.570008694962487,2.741216955779825,11.828791739182662,2,True,0.09860895093927484,0.09879121065242756,False,False,interaction
6,0,0,calibration,9,45,8,0.225,True,False,False,False,False,0.3549585342407226,0.6277828216552734,-0.2728242874145508,10.265122080801488,2.5704428010283085,7.69467927977318,2,True,0.0837173921811868,0.0843370766147947,False,False,interaction
7,0,0,calibration,10,50,9,0.25,True,False,False,False,False,0.748487651348114,1.241601586341858,-0.4931139349937439,14.7110529224128,2.9638393942048595,11.74721352820794,2,True,0.07970761973051124,0.08141451373396051,False,False,interaction
8,0,0,calibration,11,55,10,0.275,True,False,False,False,False,0.4086732864379883,0.9185064435005188,-0.5098331570625305,11.90237153841491,2.739168524257021,9.163203014157888,2,True,0.07523447959551911,0.07653072432868284,False,False,interaction
9,0,0,calibration,12,60,11,0.3,True,False,False,False,False,0.0206423755735158,0.2101259231567382,-0.1894835531711578,8.16105403846237,1.9578572401844192,6.20319679827795,3,True,0.05779186105035777,0.057627728514025006,False,False,interaction
10,0,0,calibration,13,65,12,0.325,True,False,False,False,False,0.0412361808121204,0.1660471707582473,-0.1248109936714172,10.02445560545618,2.008024296560515,8.016431308895664,3,True,0.06330380146410695,0.06302936813000913,False,False,interaction
11,0,0,calibration,14,70,13,0.35,True,True,False,False,True,0.0206910129636526,0.0768868401646614,-0.0561958253383636,7.382024378552071,0.9821193130745112,6.39990506547756,3,True,0.02696175740268574,0.030811082999235358,False,False,interaction
12,0,0,calibration,15,75,14,0.375,False,True,True,False,False,0.0745980367064476,0.102425992488861,-0.0278279557824134,7.724039870284653,0.8394365217247423,6.884603348559911,3,False,0.0005574120824431728,0.032768599479873324,True,False,transport_free
13,0,0,calibration,16,80,15,0.4,False,True,True,False,False,0.1290191262960434,0.2491134852170944,-0.120094358921051,6.600310232437562,0.7994096579988845,5.8009005744386775,4,False,1.0958742637420334e-09,0.08094055309119277,True,False,transport_free
14,0,0,calibration,17,85,16,0.425,False,True,True,False,False,0.0542476028203964,0.1604375541210174,-0.106189951300621,6.545702138772856,0.7814430691708507,5.764259069602005,4,False,1.6274960797427188e-15,0.06924968246788434,True,False,transport_free
15,0,0,calibration,18,90,17,0.45,False,True,True,False,False,0.041692029684782,0.1182668805122375,-0.0765748471021652,8.640872209050654,1.2965891450443656,7.344283064006288,4,False,0.0,0.08186434003133607,True,False,transport_free
16,0,0,calibration,19,95,18,0.475,False,True,True,False,False,0.016534311696887,0.0707166194915771,-0.0541823059320449,7.916064356864562,0.7526834059556146,7.163380950908948,4,False,0.0,0.06988490087054096,True,False,transport_free
17,0,0,calibration,20,100,19,0.5,False,True,True,False,False,0.0426918230950832,0.1626026481389999,-0.1199108213186264,6.973227358961822,1.0283897796889288,5.9448375792728925,5,False,0.0,0.06022793127104325,True,False,transport_free
18,0,0,calibration,21,105,20,0.525,False,True,True,False,False,0.0071436516009271,0.1007022932171821,-0.0935586392879486,6.691729311594448,0.7024004504089625,5.989328861185485,5,False,0.0,0.06073017204073398,True,False,transport_free
19,0,0,calibration,22,110,21,0.55,False,True,True,False,False,0.0132570220157504,0.2074359208345413,-0.194178894162178,6.883254856846729,0.9455890867335204,5.937665770113208,5,False,0.0,0.06435832290071325,True,False,transport_free
20,0,0,calibration,23,115,22,0.575,True,True,False,True,False,0.0025048304814845,0.0395915694534778,-0.0370867401361465,7.781833706063412,0.7389512845663028,7.042882421497109,5,True,0.001584509710376156,0.010491438061818369,False,False,interaction
21,0,0,calibration,24,120,23,0.6,True,True,False,False,False,0.0480596981942653,0.1053197607398033,-0.0572600625455379,10.295063540168275,1.9134115419895512,8.381651998178723,6,True,0.03180646637898911,0.03145546123752089,False,False,interaction
22,0,0,calibration,25,125,24,0.625,True,False,False,False,False,0.0993555411696434,0.3316942751407623,-0.2323387265205383,12.257332235475356,1.684651129939137,10.572681105536216,6,True,0.09103495069301253,0.09121140586224641,False,False,interaction
23,0,0,calibration,26,130,25,0.65,True,False,False,False,False,0.2204044908285141,0.5025525689125061,-0.2821480631828308,10.191980976716907,2.0264383875544936,8.165542589162413,6,True,0.09218275995709721,0.09264260715486856,False,False,interaction
24,0,0,calibration,27,135,26,0.675,True,False,False,False,False,0.1047757789492607,0.467231273651123,-0.3624554872512817,5.360427537218733,3.202227606175219,2.158199931043514,6,True,0.08190444486948384,0.08279506481801875,False,False,interaction
25,0,0,calibration,28,140,27,0.7,True,False,False,False,False,0.0478831529617309,0.2242481261491775,-0.1763649731874466,6.12789121778692,2.0223535597104383,4.105537658076482,7,True,0.0499836781042414,0.04988561468408823,False,False,interaction
26,0,0,calibration,29,145,28,0.725,True,False,False,False,False,0.0694304034113884,0.415702611207962,-0.346272200345993,6.596706698275068,1.4580320471131702,5.138674651161898,7,True,0.07862643499365679,0.07843028181247075,False,False,interaction
27,0,0,calibration,30,150,29,0.75,True,False,False,False,False,0.0386859662830829,0.3201283514499664,-0.2814423739910126,8.997121894550135,1.507782004001015,7.48933989054912,7,True,0.07901456754732976,0.07843940551610684,False,False,interaction
28,0,0,calibration,31,155,30,0.775,True,False,False,False,False,0.0498680658638477,0.2538496255874634,-0.2039815634489059,9.222621931785566,0.9331834868818636,8.289438444903702,7,True,0.0736187263078162,0.07334141815737434,False,False,interaction
29,0,0,calibration,32,160,31,0.8,True,True,False,False,True,0.0234205070883035,0.0288589894771575,-0.005438482388854,7.626694359752441,0.58037857257526,7.046315787177181,8,True,0.017269101103569575,0.019358177123854244,False,False,interaction
30,0,0,calibration,33,165,32,0.825,False,True,True,False,False,0.1472966969013214,0.2817766368389129,-0.1344799399375915,7.839260232936806,0.9511205703368834,6.888139662599923,8,False,8.524171677559587e-07,0.07234870379373438,True,False,transport_free
31,0,0,calibration,34,170,33,0.85,False,True,True,False,False,0.1413396447896957,0.3785892426967621,-0.2372495979070663,7.036147763790997,1.132377594128348,5.903770169662649,8,False,1.3611718713385971e-12,0.10019254626016602,True,False,transport_free
32,0,0,calibration,35,175,34,0.875,False,True,True,False,False,0.037217304110527,0.1963289231061935,-0.1591116189956665,10.753686594314596,1.8028436550320448,8.950842939282552,8,False,0.0,0.1342311896094449,True,False,transport_free
33,0,0,calibration,36,180,35,0.9,False,True,True,False,False,0.0077815274707973,0.0028565053362399,0.0049250219017267,9.544147852832474,0.1911550881551529,9.35299276467732,9,False,0.0,0.022319388595908304,True,False,transport_free
34,0,0,calibration,37,185,36,0.925,False,True,True,False,False,0.0540885142982006,0.1926326900720596,-0.1385441720485687,7.90404976139578,1.2836154622383469,6.620434299157433,9,False,0.0,0.11671262829932133,True,False,transport_free
35,0,0,calibration,38,190,37,0.95,False,True,True,False,False,0.0215744692832231,0.1254132837057113,-0.1038388162851333,6.549045623163232,0.8457077962424769,5.703337826920754,9,False,0.0,0.06861768215100482,True,False,transport_free
36,0,0,calibration,39,195,38,0.975,False,True,True,False,False,0.0105294985696673,0.1695632934570312,-0.159033790230751,7.06125893156985,0.953424346483198,6.1078345850866524,9,False,0.0,0.07440373115773309,True,False,transport_free
37,0,0,calibration,40,200,39,1.0,False,True,True,False,False,0.0074665024876594,0.1435539424419403,-0.1360874474048614,7.139404417695762,1.0618881816579089,6.077516236037853,9,False,0.0,0.05160810574920678,True,False,transport_free
38,1,1,calibration,3,15,2,0.075,False,True,True,False,False,0.0140275200828909,0.061606079339981,-0.0475785583257675,9.358761810917974,8.364885701374297,0.9938761095436774,0,False,4.2674197509029455e-16,0.09680461775345126,True,False,transport_free
39,1,1,calibration,4,20,3,0.1,False,True,True,False,False,0.019359840080142,0.0738220512866973,-0.0544622093439102,8.72647046897537,1.7989035704895473,6.927566898485822,1,False,0.0,0.04476709758784472,True,False,transport_free
40,1,1,calibration,5,25,4,0.125,False,True,True,False,False,0.0036235991865396,0.0645805522799491,-0.0609569549560546,10.099462597045086,1.5479154184551045,8.551547178589981,1,False,0.0,0.027786785801592054,True,False,transport_free
41,1,1,calibration,6,30,5,0.15,True,True,False,True,False,0.0111501142382621,0.0390308052301406,-0.0278806909918785,11.120033296993428,1.808216584749471,9.311816712243957,1,True,0.010389157020709576,0.009499603173235043,False,False,interaction
42,1,1,calibration,7,35,6,0.175,True,False,False,False,False,0.0439077317714691,0.1242628693580627,-0.0803551375865936,15.00783160923612,2.443215276428487,12.564616332807631,1,True,0.04878758032846132,0.04857960659670245,False,False,interaction
43,1,1,calibration,8,40,7,0.2,True,False,False,False,False,0.0606138408184051,0.2925767600536346,-0.2319629192352295,10.945237045178729,3.0769698743836607,7.868267170795066,2,True,0.07073162749706001,0.07069961040463683,False,False,interaction
44,1,1,calibration,9,45,8,0.225,True,False,False,False,False,0.6556033492088318,1.3999418020248413,-0.7443384528160095,24.440457074266533,3.799063823621757,20.641393250644775,2,True,0.11366148388785814,0.1153804192140838,False,False,interaction
45,1,1,calibration,10,50,9,0.25,True,False,False,False,False,0.4756039679050445,0.9425014853477478,-0.4668975174427032,8.351119621036842,3.7356695526501182,4.615450068386723,2,True,0.05434630501357052,0.054671913907328944,False,False,interaction
46,1,1,calibration,11,55,10,0.275,True,False,False,False,False,0.55387282371521,1.2052093744277954,-0.6513365507125854,17.52661939984678,2.9538505517407394,14.57276884810604,2,True,0.11715974184355221,0.11744212631581678,False,False,interaction
47,1,1,calibration,12,60,11,0.3,True,False,False,False,False,0.0641295835375785,0.2360237091779709,-0.1718941330909729,9.88336665305711,2.072740979481868,7.810625673575242,3,True,0.06980457375943738,0.06980686503176754,False,False,interaction
48,1,1,calibration,13,65,12,0.325,True,False,False,False,False,0.0098068006336689,0.0659062266349792,-0.0560994260013103,6.738539364051209,0.4063643721536034,6.332174991897606,3,True,0.037367975095964547,0.03723176470663748,False,False,interaction
49,1,1,calibration,14,70,13,0.35,True,True,False,False,False,0.0145800383761525,0.0524601340293884,-0.0378800965845584,6.702354402280556,0.74248924259154,5.959865159689016,3,True,0.02484123100531345,0.0252858717856312,False,False,interaction
50,1,1,calibration,15,75,14,0.375,False,True,True,False,True,0.06264279037714,0.0595693588256835,0.0030734315514564,6.940811118006778,0.4972987364795203,6.443512381527258,3,False,0.0016429726513357704,0.012574832715870834,True,False,transport_free
51,1,1,calibration,16,80,15,0.4,False,True,True,False,False,0.1249394193291664,0.2379403561353683,-0.1130009368062019,7.785147699609415,0.6869684729167537,7.098179226692661,4,False,5.268569407218552e-09,0.07922875380607597,True,False,transport_free
52,1,1,calibration,17,85,16,0.425,False,True,True,False,False,0.1422508507966995,0.3181076645851135,-0.175856813788414,7.980728534944667,1.2947689965826603,6.685959538362007,4,False,8.387720054909976e-15,0.14351419347586905,True,False,transport_free
53,1,1,calibration,18,90,17,0.45,False,True,True,False,False,0.017448166385293,0.0141873238608241,0.0032608425244688,6.908682529997123,0.8688478380897294,6.0398346919073935,4,False,0.0,0.05336870405347039,True,False,transport_free
54,1,1,calibration,19,95,18,0.475,False,True,True,False,False,0.093187391757965,0.1423014551401138,-0.0491140633821487,8.991942309256729,1.9823878079602213,7.009554501296507,4,False,0.0,0.1125716700428426,True,False,transport_free
55,1,1,calibration,20,100,19,0.5,False,True,True,False,False,0.0675861537456512,0.112101137638092,-0.0445149838924407,7.819774024245656,1.2692548492861546,6.5505191749595015,5,False,0.0,0.07363261449160699,True,False,transport_free
56,1,1,calibration,21,105,20,0.525,False,True,True,False,False,0.0216371659189462,0.1336363106966018,-0.1119991466403007,7.985000613691686,1.0451054595522429,6.939895154139443,5,False,0.0,0.0701350352022541,True,False,transport_free
57,1,1,calibration,22,110,21,0.55,False,True,True,False,False,0.0055349790491163,0.1972424536943435,-0.1917074769735336,7.306211472680371,0.6099778953622251,6.696233577318146,5,False,0.0,0.0613738282965021,True,False,transport_free
58,1,1,calibration,23,115,22,0.575,True,True,False,True,False,0.0018125943606719,0.0313541330397129,-0.0295415390282869,6.430083725881303,0.3909721344646323,6.039111591416671,5,True,0.0010461750624719825,0.007419141883502236,False,False,interaction
59,1,1,calibration,24,120,23,0.6,True,True,False,False,False,0.0140751032158732,0.0602569542825222,-0.0461818501353263,7.736005075293998,0.7332219651259777,7.0027831101680205,6,True,0.02855845466334635,0.02830291377369339,False,False,interaction
60,1,1,calibration,25,125,24,0.625,True,False,False,False,False,0.0861963629722595,0.3395958840847015,-0.253399521112442,9.21555800065032,1.1298187294165418,8.085739271233777,6,True,0.08986807975719081,0.08983586832933209,False,False,interaction
61,1,1,calibration,26,130,25,0.65,True,False,False,False,False,0.930764138698578,1.4066747426986694,-0.4759106040000915,9.144028133899832,1.8411224663889043,7.302905667510927,6,True,0.09933942255190288,0.09901999548145865,False,False,interaction
62,1,1,calibration,27,135,26,0.675,True,False,False,False,False,0.0021211272105574,0.0116652259603142,-0.0095440987497568,3.570345282342887,0.527678994857431,3.042666287485456,6,True,0.015098310405655135,0.015721541911975938,False,False,interaction
63,1,1,calibration,28,140,27,0.7,True,False,False,False,False,0.7592085003852844,1.0710656642913818,-0.3118571639060974,8.757835156136155,2.0692959224656096,6.688539233670545,7,True,0.06866693061707063,0.06806752266943257,False,False,interaction
64,1,1,calibration,29,145,28,0.725,True,False,False,False,False,0.1093488931655883,0.2235283404588699,-0.1141794472932815,8.163591916079536,1.9285378265007005,6.235054089578836,7,True,0.05628290103223408,0.05589157869672593,False,False,interaction
65,1,1,calibration,30,150,29,0.75,True,False,False,False,False,0.017930457368493,0.1173746585845947,-0.0994442030787468,7.493188037564369,0.5405119176836224,6.952676119880747,7,True,0.05198584646083662,0.05167817328431603,False,False,interaction
66,1,1,calibration,31,155,30,0.775,True,False,False,False,False,0.0051953955553472,0.0366224087774753,-0.031427014619112,6.94538010697075,0.4256462501853317,6.519733856785418,7,True,0.024307549975629852,0.02470524699964092,False,False,interaction
67,1,1,calibration,32,160,31,0.8,False,True,True,False,True,0.0250286553055048,0.0214003529399633,0.0036283023655414,6.8588816548472735,0.2705700022199515,6.588311652627322,8,False,0.004911843025765069,0.004574817867272736,True,False,transport_free
68,1,1,calibration,33,165,32,0.825,False,True,True,False,False,0.1057405397295951,0.1769559234380722,-0.071215383708477,7.75411032340167,0.9380765352953004,6.8160337881063695,8,False,8.902230686500611e-08,0.0499740278232983,True,False,transport_free
69,1,1,calibration,34,170,33,0.85,False,True,True,False,False,0.0764974728226661,0.1611560434103012,-0.084658570587635,8.522842890957746,0.6922185006308391,7.830624390326906,8,False,1.4219189485010117e-13,0.07980631991950843,True,False,transport_free
70,1,1,calibration,35,175,34,0.875,False,True,True,False,False,0.0495557785034179,0.168688952922821,-0.119133174419403,6.985437146912379,1.447277122703021,5.5381600242093585,8,False,0.0,0.17335789611528826,True,False,transport_free
71,1,1,calibration,36,180,35,0.9,False,True,True,False,False,0.0084762359037995,0.0023576812818646,0.0061185546219348,6.784181311630749,0.1334782907417513,6.650703020888998,9,False,0.0,0.0246055202203785,True,False,transport_free
72,1,1,calibration,37,185,36,0.925,False,True,True,False,False,0.033273596316576,0.1049408838152885,-0.0716672837734222,7.710694933747629,1.229494328806285,6.4812006049413435,9,False,0.0,0.1401076279073879,True,False,transport_free
73,1,1,calibration,38,190,37,0.95,False,True,True,False,False,0.0155922966077923,0.0960437357425689,-0.0804514363408088,7.397395273220845,0.7714974691908552,6.625897804029989,9,False,0.0,0.08345549328795016,True,False,transport_free
74,1,1,calibration,39,195,38,0.975,False,True,True,False,False,0.0194209534674882,0.181972861289978,-0.1625519096851349,8.351157650292352,0.8362284773852834,7.514929172907069,9,False,0.0,0.06936660074048039,True,False,transport_free
75,1,1,calibration,40,200,39,1.0,False,True,True,False,False,0.0101358732208609,0.1220882013440132,-0.1119523271918296,8.22336305708324,0.9130444095857044,7.310318647497536,9,False,0.0,0.03365083493894081,True,False,transport_free
76,2,2,calibration,3,15,2,0.075,False,True,True,False,False,0.0116053521633148,0.1027027368545532,-0.0910973846912384,5.9584024454924664,9.435177761364814,-3.476775315872348,0,False,4.2674197509029455e-16,0.09132819588955614,True,False,transport_free
77,2,2,calibration,4,20,3,0.1,False,True,True,False,False,0.0058053233660757,0.1857266277074813,-0.1799212992191314,5.9257601692696475,3.587314441701693,2.3384457275679544,1,False,0.0,0.059306559633877154,True,False,transport_free
78,2,2,calibration,5,25,4,0.125,False,True,True,False,False,0.0337787494063377,0.1011550650000572,-0.0673763155937194,8.25686686247999,3.7233208748618054,4.533545987618185,1,False,0.0027109705379358916,0.0204186306313165,True,False,transport_free
79,2,2,calibration,6,30,5,0.15,True,True,False,True,False,0.066459946334362,0.14215087890625,-0.0756909325718879,16.21700348252756,3.827878774385492,12.389124708142068,1,True,0.02306060494162735,0.024069209149180027,False,False,interaction
80,2,2,calibration,7,35,6,0.175,True,False,False,False,False,0.1188101544976234,0.330112487077713,-0.2113023400306701,46.41563702959015,3.7932185003140546,42.622418529276096,1,True,0.0825814169504222,0.08245566222886552,False,False,interaction
81,2,2,calibration,8,40,7,0.2,True,False,False,False,False,0.6986019015312195,1.5424460172653198,-0.8438441157341003,126.23733038133967,3.919843975748685,122.317486405591,2,True,0.10703877931095387,0.1078473659838639,False,False,interaction
82,2,2,calibration,9,45,8,0.225,True,False,False,False,False,1.0294030904769895,1.7466087341308594,-0.7172056436538696,29.152382951104187,3.9335800547404687,25.21880289636372,2,True,0.128133862800058,0.12990309159262659,False,False,interaction
83,2,2,calibration,10,50,9,0.25,True,False,False,False,False,1.4883203506469729,1.8342313766479492,-0.3459110260009765,105.48837977663553,3.419358655251854,102.06902112138366,2,True,0.13233830542638783,0.13255113552375095,False,False,interaction
84,2,2,calibration,11,55,10,0.275,True,False,False,False,False,1.5387760400772097,1.7623945474624634,-0.2236185073852539,78.94908865588029,3.4853263506386476,75.46376230524164,2,True,0.1670911963788789,0.16763425640752522,False,False,interaction
85,2,2,calibration,12,60,11,0.3,True,False,False,False,False,1.344758152961731,1.8345478773117063,-0.4897897243499756,54.78770464650765,3.047907733728858,51.73979691277879,3,True,0.12111028543671576,0.12186312947369596,False,False,interaction
86,2,2,calibration,13,65,12,0.325,True,False,False,False,False,0.0608386248350143,0.2839873135089874,-0.223148688673973,5.51931696859526,1.528886116346004,3.990430852249256,3,True,0.06407825232967934,0.06422367727335627,False,False,interaction
87,2,2,calibration,14,70,13,0.35,True,True,False,False,True,0.0063567510806024,0.0520943403244018,-0.0457375906407833,5.416174813989279,0.791732967645213,4.624441846344066,3,True,0.029253856077886532,0.02903317727263812,False,False,interaction
88,2,2,calibration,15,75,14,0.375,False,True,True,False,False,0.0897377207875251,0.1158927381038665,-0.0261550173163414,6.240523150711666,0.6227560879381119,5.617767062773554,3,False,0.0001563009270084424,0.024141790621998026,True,False,transport_free
89,2,2,calibration,16,80,15,0.4,False,True,True,False,False,0.1763498336076736,0.276713103055954,-0.1003632694482803,6.552601800986214,0.7688979598717546,5.78370384111446,4,False,2.4284804845624135e-10,0.0797291260351521,True,False,transport_free
90,2,2,calibration,17,85,16,0.425,False,True,True,False,False,0.0604300461709499,0.1205758675932884,-0.0601458214223384,8.385222395345945,0.8117579266432537,7.573464468702691,4,False,3.332294980281256e-16,0.11366460297302006,True,False,transport_free
91,2,2,calibration,18,90,17,0.45,False,True,True,False,False,0.0632828697562217,0.1242451071739196,-0.0609622374176979,11.804119143846478,1.5771694475869904,10.226949696259489,4,False,0.0,0.20244116011693378,True,False,transport_free
92,2,2,calibration,19,95,18,0.475,False,True,True,False,False,0.0178296919912099,0.0726158842444419,-0.0547861903905868,9.78652625868917,1.1503108762742005,8.636215382414969,4,False,0.0,0.16873198547711674,True,False,transport_free
93,2,2,calibration,20,100,19,0.5,False,True,True,False,False,0.0244907438755035,0.0827206149697303,-0.0582298710942268,7.874629756618721,0.7794062834237966,7.095223473194925,5,False,0.0,0.11728550423708556,True,False,transport_free
94,2,2,calibration,21,105,20,0.525,False,True,True,False,False,0.0067103169858455,0.0767360627651214,-0.0700257420539856,7.3471063470645825,0.7574868353481925,6.58961951171639,5,False,0.0,0.058227209834581004,True,False,transport_free
95,2,2,calibration,22,110,21,0.55,False,True,True,False,False,0.007007127162069,0.2133954018354416,-0.2063882797956466,6.874861715258979,0.5353826953607471,6.339479019898232,5,False,0.0,0.06799304211399931,True,False,transport_free
96,2,2,calibration,23,115,22,0.575,False,True,True,False,False,0.0184971187263727,0.1445616334676742,-0.1260645091533661,7.237563870370063,1.8513672250951432,5.38619664527492,5,False,0.0,0.02768253693483321,True,False,transport_free
97,2,2,calibration,24,120,23,0.6,True,True,False,True,False,0.0477279834449291,0.0668523386120796,-0.0191243551671504,7.415669424177473,1.6104900925939667,5.805179331583506,6,True,0.007488669459820207,0.00696796388036373,False,False,interaction
98,2,2,calibration,25,125,24,0.625,True,False,False,False,False,0.0977511033415794,0.3003678023815155,-0.2026166915893554,8.099009737204812,1.4535340933893506,6.645475643815461,6,True,0.08462703214050722,0.08430002073366709,False,False,interaction
99,2,2,calibration,26,130,25,0.65,True,False,False,False,False,0.0796766281127929,0.4496813714504242,-0.3700047433376312,7.714009863195656,1.4074793469316604,6.3065305162639955,6,True,0.09053656728992478,0.09069868776945059,False,False,interaction
100,2,2,calibration,27,135,26,0.675,True,False,False,False,False,0.0398873724043369,0.1865573674440384,-0.1466699987649917,5.835161889976912,1.6786399477159133,4.156521942260999,6,True,0.05209075312964531,0.052969177232437686,False,False,interaction
101,2,2,calibration,28,140,27,0.7,True,False,False,False,False,0.0512641668319702,0.4058613777160644,-0.3545972108840942,4.634612482324505,2.285150925413497,2.349461556911008,7,True,0.08285072126571881,0.0822186370143465,False,False,interaction
102,2,2,calibration,29,145,28,0.725,True,False,False,False,False,0.0349142961204052,0.246396467089653,-0.2114821672439575,5.181070585546321,1.3693344420428757,3.811736143503446,7,True,0.05866217465212553,0.05881001520584464,False,False,interaction
103,2,2,calibration,30,150,29,0.75,True,False,False,False,False,0.0134612461552023,0.0909590497612953,-0.0774978026747703,5.052751245522685,0.9386860972789932,4.114065148243691,7,True,0.0490605372859266,0.04904629896013685,False,False,interaction
104,2,2,calibration,31,155,30,0.775,True,False,False,False,False,0.0039581502787768,0.0431163571774959,-0.0391582064330577,5.938875723625897,0.4484281851125825,5.4904475385133145,7,True,0.03138839801715743,0.03180339673087099,False,False,interaction
105,2,2,calibration,32,160,31,0.8,True,True,False,False,True,0.0031311947386711,0.0211919490247964,-0.0180607549846172,5.433152066384491,0.3359472371176954,5.097204829266796,8,True,0.014701470902995999,0.015345452612079818,False,False,interaction
106,2,2,calibration,33,165,32,0.825,False,True,False,False,False,0.090656541287899,0.1097159385681152,-0.0190593972802162,6.458936763058702,0.5596891108571931,5.899247652201509,8,False,5.9063474412307494e-05,0.018821490672231413,False,True,static
107,2,2,calibration,34,170,33,0.85,False,True,True,False,False,0.2604494094848633,0.3803853988647461,-0.1199359893798828,8.280402276545118,0.7801429697875504,7.500259306757568,8,False,9.277050795690503e-11,0.09092469615224363,True,False,transport_free
108,2,2,calibration,35,175,34,0.875,False,True,True,False,False,0.0919147208333015,0.1026371344923973,-0.0107224136590957,9.825106381692509,0.8875701084692506,8.937536273223257,8,False,1.249000902703301e-16,0.1509444649110995,True,False,transport_free
109,2,2,calibration,36,180,35,0.9,False,True,True,False,False,0.0073778182268142,0.0047908821143209,0.0025869361124932,8.176806624573336,0.2750886190779306,7.901718005495406,9,False,0.0,0.03928664556696413,True,False,transport_free
110,2,2,calibration,37,185,36,0.925,False,True,True,False,False,0.0190682765096426,0.0714362040162086,-0.0523679256439209,6.0217615421450965,1.0827035430808165,4.93905799906428,9,False,0.0,0.14771114738274246,True,False,transport_free
111,2,2,calibration,38,190,37,0.95,False,True,True,False,False,0.0081148436293005,0.0897700190544128,-0.0816551744937896,6.416342657699759,0.7605080838635484,5.65583457383621,9,False,0.0,0.07781032339595091,True,False,transport_free
112,2,2,calibration,39,195,38,0.975,False,True,True,False,False,0.0163078289479017,0.0666706040501594,-0.0503627732396125,5.906601271100576,0.5324682744967149,5.374132996603861,9,False,0.0,0.03683977372641241,True,False,transport_free
113,2,2,calibration,40,200,39,1.0,False,True,True,False,False,0.0126900011673569,0.092191070318222,-0.0795010700821876,5.594190431586366,0.7403536266195893,4.853836804966777,9,False,0.0,0.037164490327351696,True,False,transport_free
114,3,3,calibration,3,15,2,0.075,False,True,True,False,False,0.0161208156496286,0.1018863096833229,-0.0857654958963394,8.338922117867837,4.195727642329474,4.143194475538363,0,False,4.2674197509029455e-16,0.06829789265422007,True,False,transport_free
115,3,3,calibration,4,20,3,0.1,False,True,True,False,False,0.003530193818733,0.1805502921342849,-0.1770201027393341,6.556531026094171,2.5045644695023426,4.051966556591829,1,False,0.0,0.05640450072889019,True,False,transport_free
116,3,3,calibration,5,25,4,0.125,False,True,True,False,False,0.0134531306102871,0.1309707164764404,-0.1175175830721855,8.211318080000511,1.24067769078664,6.970640389213871,1,False,0.0,0.02757254311197024,True,False,transport_free
117,3,3,calibration,6,30,5,0.15,True,True,False,True,False,0.015493550337851,0.0672636404633522,-0.0517700910568237,8.63626327016138,1.942602241410829,6.693661028750552,1,True,0.0113257427912595,0.009613579738369488,False,False,interaction
118,3,3,calibration,7,35,6,0.175,True,False,False,False,False,0.1231561377644538,0.3368411064147949,-0.2136849761009216,16.63235706870353,3.575565236716393,13.056791831987136,1,True,0.07018621151016533,0.07016537889239842,False,False,interaction
119,3,3,calibration,8,40,7,0.2,True,False,False,False,False,0.3717250823974609,1.0571657419204712,-0.6854406595230103,22.607872043420752,3.897349686599157,18.710522356821595,2,True,0.09353950103058387,0.09395518116707409,False,False,interaction
120,3,3,calibration,9,45,8,0.225,True,False,False,False,False,1.1054528951644895,1.6992902755737305,-0.5938373804092407,78.96892672084925,3.586277429184843,75.3826492916644,2,True,0.1380163320921912,0.13884524792516922,False,False,interaction
121,3,3,calibration,10,50,9,0.25,True,False,False,False,False,1.0056580305099487,1.591503620147705,-0.5858455896377563,9.58884753327792,3.297450054083279,6.291397479194641,2,True,0.11487598027696015,0.1137041962156708,False,False,interaction
122,3,3,calibration,11,55,10,0.275,True,False,False,False,False,1.2723432779312134,1.706578254699707,-0.4342349767684936,14.212599354543832,2.6738744234560143,11.53872493108782,2,True,0.13082131769509,0.1298954844379077,False,False,interaction
123,3,3,calibration,12,60,11,0.3,True,False,False,False,False,0.0967152118682861,0.465578556060791,-0.3688633441925049,11.63469089878505,2.514259458468288,9.120431440316764,3,True,0.08980910202785079,0.08982765086502068,False,False,interaction
124,3,3,calibration,13,65,12,0.325,True,False,False,False,False,0.0767036005854606,0.3268574774265289,-0.2501538693904876,10.330296675668995,1.7484320882129,8.581864587456096,3,True,0.07731427344354233,0.0773791570186712,False,False,interaction
125,3,3,calibration,14,70,13,0.35,True,True,False,False,True,0.0347620733082294,0.0556478798389434,-0.020885806530714,7.330548459595176,0.8542821551817029,6.476266304413473,3,True,0.015370614877030434,0.015659655680683074,False,False,interaction
126,3,3,calibration,15,75,14,0.375,False,True,False,False,False,0.0498617030680179,0.042295578867197,0.0075661242008209,7.129195680825263,0.5177868876661161,6.611408793159147,3,False,9.203368933222314e-06,0.016235585099334704,False,True,static
127,3,3,calibration,16,80,15,0.4,False,True,True,False,False,0.1727529317140579,0.3292224109172821,-0.1564694792032241,9.362188063517523,0.7194693076693545,8.642718755848168,4,False,1.494234536763291e-11,0.09052278770967119,True,False,transport_free
128,3,3,calibration,17,85,16,0.425,False,True,True,False,False,0.0587133578956127,0.1794063001871109,-0.1206929385662078,15.419360561938085,1.2176376482416675,14.201722913696416,4,False,1.0408340855860843e-17,0.1527724142209935,True,False,transport_free
129,3,3,calibration,18,90,17,0.45,False,True,True,False,False,0.0144292218610644,0.0318605117499828,-0.0174312889575958,11.46758788945884,1.2629784669531592,10.20460942250568,4,False,0.0,0.0949647821640674,True,False,transport_free
130,3,3,calibration,19,95,18,0.475,False,True,True,False,False,0.0177628844976425,0.0375921763479709,-0.0198292918503284,7.949776034975284,1.7898776974164077,6.159898337558876,4,False,0.0,0.11879866439962862,True,False,transport_free
131,3,3,calibration,20,100,19,0.5,False,True,True,False,False,0.0138147072866559,0.0547637939453125,-0.0409490875899791,8.330684530216379,0.7440387252677514,7.586645804948628,5,False,0.0,0.10123535770028706,True,False,transport_free
132,3,3,calibration,21,105,20,0.525,False,True,True,False,False,0.0257123261690139,0.2100319117307663,-0.1843195855617523,8.205908943363026,0.8698434192472694,7.336065524115757,5,False,0.0,0.09077206493506167,True,False,transport_free
133,3,3,calibration,22,110,21,0.55,False,True,True,False,False,0.0150674795731902,0.2236844301223755,-0.2086169570684433,7.003565077457473,0.7205093037351965,6.2830557737222765,5,False,0.0,0.06729861308625235,True,False,transport_free
134,3,3,calibration,23,115,22,0.575,True,True,False,True,False,0.0165479816496372,0.0624527037143707,-0.0459047220647335,7.179987241698659,1.0195671047932615,6.1604201369053975,5,True,0.002095083460322228,0.010183962166112774,False,False,interaction
135,3,3,calibration,24,120,23,0.6,True,True,False,False,False,0.0626523122191429,0.2166509181261062,-0.1539986133575439,8.36177320597736,1.767201795432136,6.594571410545225,6,True,0.05482881170703153,0.05324545428485825,False,False,interaction
136,3,3,calibration,25,125,24,0.625,True,False,False,False,False,0.1225516200065612,0.3618685901165008,-0.2393169701099395,10.795504206773344,2.044387928399061,8.751116278374282,6,True,0.09183177255998021,0.09192399379610904,False,False,interaction
137,3,3,calibration,26,130,25,0.65,True,False,False,False,False,0.4805006682872772,1.2216867208480835,-0.7411860227584839,11.073281178787186,2.765590447179518,8.307690731607668,6,True,0.10459211747293479,0.10461763734158949,False,False,interaction
138,3,3,calibration,27,135,26,0.675,True,False,False,False,False,0.3019181489944458,0.7896077632904053,-0.4876896142959595,7.431146047694358,3.335227502248891,4.095918545445467,6,True,0.08912661511309707,0.09015098128478603,False,False,interaction
139,3,3,calibration,28,140,27,0.7,True,False,False,False,False,0.6892774701118469,1.2826886177062988,-0.5934111475944519,9.980465484173903,3.4097009794503337,6.57076450472357,7,True,0.10685340920327538,0.10590414266792733,False,False,interaction
140,3,3,calibration,29,145,28,0.725,True,False,False,False,False,0.3134610652923584,0.7394604682922363,-0.4259994029998779,11.3678289697068,2.244372763928989,9.123456205777812,7,True,0.10403427590162395,0.10416358514975102,False,False,interaction
141,3,3,calibration,30,150,29,0.75,True,False,False,False,False,0.0675902366638183,0.286471277475357,-0.2188810408115387,12.270890612574656,1.4867814649541982,10.784109147620455,7,True,0.08639163682938432,0.08613402981421052,False,False,interaction
142,3,3,calibration,31,155,30,0.775,True,False,False,False,False,0.048406932502985,0.1355750560760498,-0.0871681272983551,8.634063491784632,1.040396706306549,7.593666785478083,7,True,0.049001099453771034,0.04941056306361737,False,False,interaction
143,3,3,calibration,32,160,31,0.8,False,True,True,False,True,0.022255877032876,0.0236692875623703,-0.0014134105294942,6.428813280239347,0.4606015431432028,5.968211737096144,8,False,0.002786276562566653,0.003678528699282859,True,False,transport_free
144,3,3,calibration,33,165,32,0.825,False,True,True,False,False,0.1004593744874,0.1101740822196006,-0.0097147077322006,7.569113427243768,0.5421746570700899,7.026938770173678,8,False,5.013057617602969e-08,0.04536466848006548,True,False,transport_free
145,3,3,calibration,34,170,33,0.85,False,True,True,False,False,0.1375282704830169,0.2997890412807464,-0.1622607707977295,8.848195886186474,0.8511745536704546,7.997021332516019,8,False,7.798585320940982e-14,0.0920233539074092,True,False,transport_free
146,3,3,calibration,35,175,34,0.875,False,True,True,False,False,0.1062032356858253,0.3434046506881714,-0.2372014224529266,10.470251688005003,1.3781638738859272,9.092087814119076,8,False,0.0,0.12397220296367527,True,False,transport_free
147,3,3,calibration,36,180,35,0.9,False,True,False,False,False,0.0084751723334193,0.0008753605070523,0.0075998120009899,9.409918693950864,0.0789103531702443,9.33100834078062,9,False,0.0,0.009067600683566221,False,True,static
148,3,3,calibration,37,185,36,0.925,False,True,True,False,False,0.0328781642019748,0.1931629925966262,-0.1602848321199417,9.82823748453309,1.1596689247635923,8.668568559769499,9,False,0.0,0.1011531608124752,True,False,transport_free
149,3,3,calibration,38,190,37,0.95,False,True,True,False,False,0.0352240018546581,0.2034429460763931,-0.1682189404964447,6.73625045690444,0.889144645060313,5.847105811844127,9,False,0.0,0.07089223511841072,True,False,transport_free
150,3,3,calibration,39,195,38,0.975,False,True,True,False,False,0.0247533712536096,0.1474276334047317,-0.1226742640137672,6.585559339091056,0.823755614951696,5.76180372413936,9,False,0.0,0.05438562339567563,True,False,transport_free
151,3,3,calibration,40,200,39,1.0,False,True,True,False,False,0.0076131466776132,0.0362632609903812,-0.0286501143127679,5.943566996964743,0.4495898909509806,5.493977106013762,9,False,0.0,0.024583134895294716,True,False,transport_free
152,4,4,calibration,3,15,2,0.075,False,True,True,False,False,0.0078065600246191,0.0856484100222587,-0.0778418481349945,4.597632722811672,4.280382720736667,0.3172500020750046,0,False,4.2674197509029455e-16,0.056334625587725014,True,False,transport_free
153,4,4,calibration,4,20,3,0.1,False,True,True,False,False,0.0286967251449823,0.1208807006478309,-0.0921839773654937,6.831091275403029,2.6813684923734074,4.149722783029622,1,False,0.0,0.05134851162562922,True,False,transport_free
154,4,4,calibration,5,25,4,0.125,False,True,False,False,False,0.019999599084258,0.0492835789918899,-0.0292839799076318,7.13996737005838,2.1331800156450176,5.006787354413362,1,False,0.0,0.013513824371103475,False,True,static
155,4,4,calibration,6,30,5,0.15,True,True,False,True,False,0.00330226495862,0.0362932384014129,-0.0329909734427928,6.09648371309257,1.4531358454522236,4.643347867640347,1,True,0.0035932266741405196,0.00400917133199203,False,False,interaction
156,4,4,calibration,7,35,6,0.175,True,False,False,False,False,0.1371703594923019,0.1919032931327819,-0.05473293364048,15.51619433464598,3.2579238318001646,12.258270502845814,1,True,0.04619557247235,0.045599706063756074,False,False,interaction
157,4,4,calibration,8,40,7,0.2,True,False,False,False,False,0.1316611021757125,0.5252332091331482,-0.3935720920562744,15.16548639051499,3.7355505671453826,11.429935823369608,2,True,0.07014529738814101,0.0702070726774373,False,False,interaction
158,4,4,calibration,9,45,8,0.225,True,False,False,False,False,0.6776272654533386,1.494207739830017,-0.8165804743766785,85.45567743743868,3.8781617128100545,81.57751572462863,2,True,0.10840341858208212,0.10913807797869039,False,False,interaction
159,4,4,calibration,10,50,9,0.25,True,False,False,False,False,1.3384733200073242,1.7530940771102903,-0.4146207571029663,361.1719504096405,3.3534375729424535,357.81851283669806,2,True,0.12155197298805645,0.12282413329406383,False,False,interaction
160,4,4,calibration,11,55,10,0.275,True,False,False,False,False,1.5074081420898438,1.8735796213150024,-0.3661714792251587,63.56164170509272,2.296532156650784,61.265109548441934,2,True,0.12659877379904177,0.1277292304868155,False,False,interaction
161,4,4,calibration,12,60,11,0.3,True,False,False,False,False,0.0899045243859291,0.3104546070098877,-0.2205500900745391,6.536718878748903,1.4956180177415728,5.04110086100733,3,True,0.06604532966543854,0.06604658826071458,False,False,interaction
162,4,4,calibration,13,65,12,0.325,True,False,False,False,False,0.091090016067028,0.2349209040403366,-0.1438308954238891,9.111936108580108,1.0116196151066272,8.100316493473482,3,True,0.06673472337745318,0.06648124361021188,False,False,interaction
163,4,4,calibration,14,70,13,0.35,True,False,False,False,False,0.030883664265275,0.1205711141228675,-0.0896874517202377,6.82496488184799,0.8909631708548326,5.934001710993157,3,True,0.03366459493547268,0.03421707178109594,False,False,interaction
164,4,4,calibration,15,75,14,0.375,False,True,True,False,True,0.1034479066729545,0.1071433797478675,-0.003695473074913,6.10038911968087,0.7757107514427961,5.324678368238074,3,False,0.00486681139752885,0.02159048813585744,True,False,transport_free
165,4,4,calibration,16,80,15,0.4,False,True,True,False,False,0.1589532643556594,0.3066543340682983,-0.1477010697126388,5.483779675468824,0.9890386408672756,4.494741034601549,4,False,1.3525096956899608e-08,0.0881577290623486,True,False,transport_free
166,4,4,calibration,17,85,16,0.425,False,True,True,False,False,0.1187047660350799,0.2600500285625458,-0.1413452625274658,8.599742913912278,1.4360771746942778,7.1636657392180005,4,False,2.1427804338310172e-14,0.10629398142086306,True,False,transport_free
167,4,4,calibration,18,90,17,0.45,False,True,False,False,False,0.0117082148790359,0.002651804825291,0.0090564098209142,9.404103276456508,0.133613849169826,9.270489427286682,4,False,0.0,0.011136772018735143,False,True,static
168,4,4,calibration,19,95,18,0.475,False,True,True,False,False,0.0712748914957046,0.1882402300834655,-0.1169653385877609,9.263782583418116,1.3088334605055991,7.954949122912516,4,False,0.0,0.07946840055227584,True,False,transport_free
169,4,4,calibration,20,100,19,0.5,False,True,True,False,False,0.0109404390677809,0.0604121573269367,-0.0494717173278331,6.536265207568071,0.5380451928834654,5.998220014684606,5,False,0.0,0.04968496518551133,True,False,transport_free
170,4,4,calibration,21,105,20,0.525,False,True,True,False,False,0.0056862458586692,0.0930911526083946,-0.0874049067497253,6.1156643946442815,0.5194294214052397,5.596234973239042,5,False,0.0,0.04844626106280549,True,False,transport_free
171,4,4,calibration,22,110,21,0.55,False,True,True,False,False,0.0119043374434113,0.0880121812224388,-0.07610784471035,7.204521897871373,0.566040621348416,6.638481276522957,5,False,0.0,0.03894286882762389,True,False,transport_free
172,4,4,calibration,23,115,22,0.575,True,True,False,True,False,0.0040152329020202,0.0434797294437885,-0.039464496076107,7.459082550158399,0.5452950948101042,6.913787455348295,5,True,0.0033936825144257033,0.008505088848404015,False,False,interaction
173,4,4,calibration,24,120,23,0.6,True,True,False,False,False,0.0262888520956039,0.1771740317344665,-0.1508851796388626,6.9816374445972995,1.447325105103091,5.534312339494209,6,True,0.05434014238847631,0.053499420458823735,False,False,interaction
174,4,4,calibration,25,125,24,0.625,True,False,False,False,False,0.4799973964691162,0.7209479212760925,-0.2409505248069763,7.5975988731688675,3.0067051358969477,4.590893737271919,6,True,0.09532778167694525,0.09587647442091342,False,False,interaction
175,4,4,calibration,26,130,25,0.65,True,False,False,False,False,0.751271665096283,1.1691950559616089,-0.4179233908653259,6.518376781524753,2.895229987956618,3.6231467935681354,6,True,0.10442247381671371,0.1052731422597115,False,False,interaction
176,4,4,calibration,27,135,26,0.675,True,False,False,False,False,0.1576973497867584,0.3886206150054931,-0.2309232652187347,4.407335978334696,2.329061122879176,2.0782748554555197,6,True,0.0265772868186886,0.026993892299811025,False,False,interaction
177,4,4,calibration,28,140,27,0.7,True,False,False,False,False,0.4784508645534515,0.8672241568565369,-0.3887732923030853,8.245289110201737,2.1845434397955876,6.060745670406149,7,True,0.0847911392104714,0.08578179869329193,False,False,interaction
178,4,4,calibration,29,145,28,0.725,True,False,False,False,False,0.0590386055409908,0.2585440576076507,-0.1995054483413696,6.741869884972803,1.1295592501881024,5.6123106347847,7,True,0.06720905993945851,0.06722827574381157,False,False,interaction
179,4,4,calibration,30,150,29,0.75,True,False,False,False,False,0.0486003644764423,0.2030498534440994,-0.1544494926929474,8.45231866984773,0.7999278486648956,7.652390821182833,7,True,0.0662165957583344,0.0655344722603273,False,False,interaction
180,4,4,calibration,31,155,30,0.775,True,False,False,False,False,0.0147798890247941,0.1044528260827064,-0.0896729379892349,6.51294011304497,0.8521074322350847,5.660832680809886,7,True,0.039604568005390105,0.0404741158104029,False,False,interaction
181,4,4,calibration,32,160,31,0.8,False,True,True,False,True,0.0539362877607345,0.0739727839827537,-0.0200364962220191,6.001690632374422,0.6428448362164959,5.358845796157926,8,False,0.0034940268071027908,0.016809855690227082,True,False,transport_free
182,4,4,calibration,33,165,32,0.825,False,True,True,False,False,0.2141215354204177,0.3351689279079437,-0.1210473924875259,5.106210727919618,0.8658523432471673,4.240358384672451,8,False,9.817858441260932e-09,0.09046790232713442,True,False,transport_free
183,4,4,calibration,34,170,33,0.85,False,True,True,False,False,0.0549466013908386,0.1918926239013672,-0.1369460225105285,8.539980764152189,1.5176994719144818,7.0222812922377065,8,False,1.5563048050696473e-14,0.1302582824387785,True,False,transport_free
184,4,4,calibration,35,175,34,0.875,False,True,True,False,False,0.0183245241641998,0.0381594896316528,-0.019834965467453,8.883783206513241,1.8543493887182896,7.029433817794952,8,False,0.0,0.08675541448239626,True,False,transport_free
185,4,4,calibration,36,180,35,0.9,False,True,True,False,False,0.0497147254645824,0.1181060448288917,-0.0683913230895996,9.057401524151988,2.5547213769509844,6.502680147201003,9,False,0.0,0.14559868793481445,True,False,transport_free
186,4,4,calibration,37,185,36,0.925,False,True,True,False,False,0.0469320714473724,0.133509561419487,-0.0865774899721145,7.098752567087952,1.1491106608260202,5.949641906261932,9,False,0.0,0.08958259535310635,True,False,transport_free
187,4,4,calibration,38,190,37,0.95,False,True,True,False,False,0.0150107406079769,0.0959253832697868,-0.0809146463871002,5.268683472146303,0.3027125668402324,4.9659709053060705,9,False,0.0,0.050416362934588066,True,False,transport_free
188,4,4,calibration,39,195,38,0.975,False,True,True,False,False,0.0105322813615202,0.1006772518157959,-0.090144969522953,5.798838170344884,0.5232010287385312,5.275637141606353,9,False,0.0,0.03553135750222379,True,False,transport_free
189,4,4,calibration,40,200,39,1.0,True,True,False,True,False,0.0029172366484999,0.0252076778560876,-0.0222904421389102,5.8476064141760284,0.2273404804400454,5.620265933735983,9,True,0.0036919616563829845,0.0033761120015620427,False,False,interaction
190,5,5,calibration,3,15,2,0.075,False,True,True,False,False,0.0063619599677622,0.0532136522233486,-0.0468516908586025,5.174139468591153,0.5722572572650702,4.601882211326083,0,False,4.2674197509029455e-16,0.06332167377674033,True,False,transport_free
191,5,5,calibration,4,20,3,0.1,False,True,True,False,False,0.0122466506436467,0.1683852225542068,-0.1561385691165924,6.548430116637341,0.8965368154498172,5.651893301187524,1,False,0.0,0.06888255927896199,True,False,transport_free
192,5,5,calibration,5,25,4,0.125,False,True,True,False,False,0.0172976199537515,0.1816933155059814,-0.1643956899642944,7.763729534113082,0.8725278600489189,6.891201674064163,1,False,0.0,0.047143009363142675,True,False,transport_free
193,5,5,calibration,6,30,5,0.15,True,True,False,True,False,0.0085076540708541,0.0787415206432342,-0.07023386657238,8.13306262535484,0.8252194708163096,7.307843154538531,1,True,0.016964065057765022,0.011278268589182527,False,False,interaction
194,5,5,calibration,7,35,6,0.175,True,False,False,False,False,0.101466454565525,0.3524295389652252,-0.2509630918502807,10.085015456345149,1.9084161930572427,8.176599263287907,1,True,0.08319571620320383,0.08330575084522786,False,False,interaction
195,5,5,calibration,8,40,7,0.2,True,False,False,False,False,0.5570844411849976,0.8484475016593933,-0.2913630604743957,8.123612405211631,3.043425677790322,5.080186727421308,2,True,0.10000109756512915,0.10011505952626935,False,False,interaction
196,5,5,calibration,9,45,8,0.225,True,False,False,False,False,1.3959145545959473,1.9310325384140017,-0.5351179838180542,11.523795630389989,3.0054835330658425,8.518312097324147,2,True,0.13530453420203256,0.13611366178343903,False,False,interaction
197,5,5,calibration,10,50,9,0.25,True,False,False,False,False,0.1227545216679573,0.1772109717130661,-0.0544564500451087,8.460743590566883,2.474446467997514,5.986297122569369,2,True,0.036667536494498464,0.03783703536336957,False,False,interaction
198,5,5,calibration,11,55,10,0.275,True,False,False,False,False,0.1817683726549148,0.5907200574874878,-0.4089516997337341,10.226198203016496,2.7124229790309013,7.513775223985595,2,True,0.10948016763416421,0.10995550980938532,False,False,interaction
199,5,5,calibration,12,60,11,0.3,True,False,False,False,False,0.0491507910192012,0.265053242444992,-0.2159024477005005,8.093790792191518,1.2500176216748644,6.843773170516654,3,True,0.0745013848612754,0.07487838857936314,False,False,interaction
200,5,5,calibration,13,65,12,0.325,True,False,False,False,False,0.0228739697486162,0.2704334259033203,-0.2475594580173492,8.674033853414686,1.188250351071276,7.48578350234341,3,True,0.07139589883398266,0.07105405119199648,False,False,interaction
201,5,5,calibration,14,70,13,0.35,True,True,False,False,True,0.0401524417102336,0.1012053117156028,-0.0610528700053691,7.679162411725538,1.2359907018432186,6.44317170988232,3,True,0.017141511914131227,0.024395597134425653,False,False,interaction
202,5,5,calibration,15,75,14,0.375,False,True,False,False,False,0.066018521785736,0.0534378290176391,0.0125806927680969,6.707736320964924,0.3778181408282537,6.32991818013667,3,False,2.3772939020671064e-06,0.014754523510175949,False,True,static
203,5,5,calibration,16,80,15,0.4,False,True,True,False,False,0.1797815561294555,0.3163044452667236,-0.136522889137268,7.347138697397227,0.6475202433020306,6.699618454095196,4,False,3.522695039456568e-12,0.08925869872255042,True,False,transport_free
204,5,5,calibration,17,85,16,0.425,False,True,True,False,False,0.0688959956169128,0.193210482597351,-0.1243144869804382,8.153922908319393,0.8338017525050091,7.320121155814384,4,False,0.0,0.09274304885484523,True,False,transport_free
205,5,5,calibration,18,90,17,0.45,False,True,True,False,False,0.0206414368003606,0.0504794679582119,-0.0298380311578512,8.553681270023509,0.7300042908046759,7.823676979218833,4,False,0.0,0.06359901278470212,True,False,transport_free
206,5,5,calibration,19,95,18,0.475,False,True,True,False,False,0.0159271731972694,0.0874754562973976,-0.0715482831001281,11.772131044104205,1.0674997040198342,10.70463134008437,4,False,0.0,0.07472026311268178,True,False,transport_free
207,5,5,calibration,20,100,19,0.5,False,True,True,False,False,0.012555718421936,0.0979011952877044,-0.0853454768657684,8.023960578348767,0.4481805218812415,7.575780056467526,5,False,0.0,0.0656627243923633,True,False,transport_free
208,5,5,calibration,21,105,20,0.525,False,True,True,False,False,0.0061892811208963,0.1202336177229881,-0.1140443384647369,7.063525001605115,0.4266225263949936,6.636902475210122,5,False,0.0,0.058952182481883546,True,False,transport_free
209,5,5,calibration,22,110,21,0.55,False,True,True,False,False,0.0041959290392696,0.1257819682359695,-0.1215860396623611,7.16162033362988,0.509453846946791,6.65216648668309,5,False,0.0,0.05394285324879025,True,False,transport_free
210,5,5,calibration,23,115,22,0.575,False,True,False,False,False,0.0029487926512956,0.0462679862976074,-0.0433191955089569,7.685409872680432,0.5370578341087296,7.148352038571702,5,False,0.0,0.010192618774302513,False,True,static
211,5,5,calibration,24,120,23,0.6,True,True,False,True,False,0.013010230846703,0.0479333736002445,-0.034923143684864,7.140724031567778,0.920275738700813,6.2204482928669655,6,True,0.017299058534402743,0.017102718993175076,False,False,interaction
212,5,5,calibration,25,125,24,0.625,True,False,False,False,False,0.140272781252861,0.3898706436157226,-0.2495978623628616,11.16150802031214,1.4076596222242737,9.753848398087868,6,True,0.08917497934001392,0.08895925226897972,False,False,interaction
213,5,5,calibration,26,130,25,0.65,True,False,False,False,False,0.1991027593612671,0.7528374791145325,-0.5537347197532654,6.7770197075503065,2.676726529498134,4.100293178052173,6,True,0.09602076489853947,0.09637688827092387,False,False,interaction
214,5,5,calibration,27,135,26,0.675,True,False,False,False,False,0.1974923610687255,0.9117500185966492,-0.7142576575279236,6.955022102869468,3.1613706001856645,3.793651502683803,6,True,0.095315515406113,0.09610727084760524,False,False,interaction
215,5,5,calibration,28,140,27,0.7,True,False,False,False,False,0.4496703445911407,1.2725212574005127,-0.8228509426116943,9.962908580682027,2.871763601177539,7.091144979504488,7,True,0.104136276467735,0.10467107639021292,False,False,interaction
216,5,5,calibration,29,145,28,0.725,True,False,False,False,False,0.0789819881319999,0.6174458861351013,-0.5384638905525208,7.852738986205999,1.8425703704792236,6.0101686157267755,7,True,0.11098238742485986,0.11115761873437141,False,False,interaction
217,5,5,calibration,30,150,29,0.75,True,False,False,False,False,0.0695909038186073,0.2079817056655883,-0.1383908092975616,9.860032576796678,1.2312717138839495,8.628760862912728,7,True,0.06262613013043888,0.06260153323236445,False,False,interaction
218,5,5,calibration,31,155,30,0.775,True,False,False,False,False,0.0337280593812465,0.1093396916985511,-0.0756116360425949,6.924263394074294,1.2682075713402552,5.6560558227340385,7,True,0.03491661874424095,0.03501181121031024,False,False,interaction
219,5,5,calibration,32,160,31,0.8,True,True,False,False,True,0.0726326331496238,0.0768160820007324,-0.0041834488511085,7.792593981005621,1.1635333031577642,6.629060677847857,8,True,0.005883554435049532,0.006417059706787343,False,False,interaction
220,5,5,calibration,33,165,32,0.825,False,True,True,False,False,0.0703537687659263,0.0658746138215065,0.0044791549444198,6.923793772800024,0.6304206947735581,6.293373078026466,8,False,4.882330604059743e-07,0.030299275884404998,True,False,transport_free
221,5,5,calibration,34,170,33,0.85,False,True,True,False,False,0.1472243666648864,0.2630583047866821,-0.1158339381217956,5.927607247506322,0.6480529518604056,5.279554295645917,8,False,7.793786636400161e-13,0.07808925802839242,True,False,transport_free
222,5,5,calibration,35,175,34,0.875,False,True,True,False,False,0.0852993801236152,0.1634403765201568,-0.0781409963965416,8.582556351333599,2.025740614450285,6.556815736883314,8,False,0.0,0.06848306635523083,True,False,transport_free
223,5,5,calibration,36,180,35,0.9,False,True,True,False,False,0.0140542760491371,0.0329839438199996,-0.0189296677708625,8.751162384687317,1.1473590173379506,7.603803367349367,9,False,0.0,0.028163789789977398,True,False,transport_free
224,5,5,calibration,37,185,36,0.925,False,True,True,False,False,0.0223600510507822,0.0918522402644157,-0.0694921910762786,7.382882594794573,0.9839357042391708,6.398946890555402,9,False,0.0,0.04953945431472364,True,False,transport_free
225,5,5,calibration,38,190,37,0.95,False,True,True,False,False,0.0157969538122415,0.0880283713340759,-0.0722314193844795,7.761612830785228,0.4745307659298216,7.287082064855406,9,False,0.0,0.04421723562958189,True,False,transport_free
226,5,5,calibration,39,195,38,0.975,False,True,True,False,False,0.0108824037015438,0.0899372696876525,-0.0790548622608184,7.765881934838347,0.9214838989715528,6.844398035866795,9,False,0.0,0.0441170401682771,True,False,transport_free
227,5,5,calibration,40,200,39,1.0,False,True,False,False,False,0.0063495584763586,0.0334783792495727,-0.0271288212388753,6.845239582371055,0.6418481597035722,6.203391422667482,9,False,0.0,0.0134357075014459,False,True,static
228,6,6,calibration,3,15,2,0.075,False,True,True,False,False,0.0077707744203507,0.1105637326836586,-0.1027929559350013,7.6816496964930145,5.187791868184449,2.493857828308566,0,False,4.2674197509029455e-16,0.09369594624362494,True,False,transport_free
229,6,6,calibration,4,20,3,0.1,False,True,True,False,False,0.0133736031129956,0.226508542895317,-0.2131349444389343,8.080363811928656,2.5287095250834906,5.5516542868451655,1,False,0.0,0.07109742795451683,True,False,transport_free
230,6,6,calibration,5,25,4,0.125,False,True,False,False,False,0.0033073949161916,0.079736441373825,-0.076429046690464,6.530027937302343,1.4194658545240106,5.1105620827783325,1,False,0.0,0.01851980796536734,False,True,static
231,6,6,calibration,6,30,5,0.15,True,True,False,True,False,0.0082465261220932,0.0665801689028739,-0.0583336427807807,5.634098541971578,1.602658462557032,4.031440079414546,1,True,0.02174673930621171,0.020610287054788064,False,False,interaction
232,6,6,calibration,7,35,6,0.175,True,False,False,False,False,0.0806710347533226,0.1835075616836547,-0.1028365269303321,8.234064790671509,2.5332855308570568,5.7007792598144515,1,True,0.06469051135497263,0.06464686731186706,False,False,interaction
233,6,6,calibration,8,40,7,0.2,True,False,False,False,False,0.2061154842376709,0.8550951480865479,-0.648979663848877,5.112443660111035,2.9623776480629327,2.1500660120481023,2,True,0.08927768844966001,0.08965833100305201,False,False,interaction
234,6,6,calibration,9,45,8,0.225,True,False,False,False,False,0.5415213108062744,1.470781922340393,-0.9292606115341188,5.886828064558688,3.2506633713743143,2.6361646931843734,2,True,0.11088698527055192,0.11233962741218577,False,False,interaction
235,6,6,calibration,10,50,9,0.25,True,False,False,False,False,0.1198204383254051,0.2701932489871979,-0.1503728032112121,5.996891949479686,2.0307134234158917,3.966178526063794,2,True,0.029115552231240648,0.027833210517334523,False,False,interaction
236,6,6,calibration,11,55,10,0.275,True,False,False,False,False,0.2771787345409393,0.6222695112228394,-0.3450907766819,6.058746457256255,1.8496285883730004,4.209117868883255,2,True,0.08762219252562793,0.0879408260725784,False,False,interaction
237,6,6,calibration,12,60,11,0.3,True,False,False,False,False,0.0479469485580921,0.2037818878889084,-0.1558349430561065,5.065879588773478,1.354976435740198,3.710903153033279,3,True,0.06383600393269621,0.06334995880709689,False,False,interaction
238,6,6,calibration,13,65,12,0.325,True,False,False,False,False,0.0324393101036548,0.1726284623146057,-0.1401891559362411,6.135358201866329,0.7173009549399761,5.418057246926353,3,True,0.05911526619027171,0.05895831266848301,False,False,interaction
239,6,6,calibration,14,70,13,0.35,True,True,False,False,True,0.0339201427996158,0.098980963230133,-0.0650608241558075,5.806467114464293,1.1048390733234386,4.701628041140854,3,True,0.030327421980747657,0.028028239389120246,False,False,interaction
240,6,6,calibration,15,75,14,0.375,False,True,True,False,False,0.1096807494759559,0.1097556874155998,-7.493793964385986e-05,7.31436051326477,1.007469706853992,6.306890806410778,3,False,9.67043019421067e-05,0.029670892738611537,True,False,transport_free
241,6,6,calibration,16,80,15,0.4,False,True,True,False,False,0.1308557838201522,0.3173895180225372,-0.1865337342023849,8.011302373425293,0.638592348744128,7.372710024681165,4,False,1.5145321929920116e-10,0.08907802375799054,True,False,transport_free
242,6,6,calibration,17,85,16,0.425,False,True,True,False,False,0.0730878785252571,0.1441806703805923,-0.0710927918553352,7.160626136836378,0.8093059658663355,6.351320170970043,4,False,2.255140518769849e-16,0.10217792219712103,True,False,transport_free
243,6,6,calibration,18,90,17,0.45,False,True,True,False,False,0.0548694543540477,0.0896697416901588,-0.034800287336111,8.2413338593209,1.7154625249893511,6.525871334331549,4,False,0.0,0.11762305418017922,True,False,transport_free
244,6,6,calibration,19,95,18,0.475,False,True,True,False,False,0.0656356215476989,0.0861827135086059,-0.0205470919609069,6.631333254412827,1.6073396781251528,5.023993576287674,4,False,0.0,0.11032766177026868,True,False,transport_free
245,6,6,calibration,20,100,19,0.5,False,True,True,False,False,0.1087860092520713,0.1588173657655716,-0.0500313565135002,6.875255494995763,0.9061800902001176,5.969075404795645,5,False,0.0,0.09192924065109233,True,False,transport_free
246,6,6,calibration,21,105,20,0.525,False,True,True,False,False,0.0169997606426477,0.0809923410415649,-0.0639925822615623,6.7884434119124135,0.651382181445156,6.137061230467258,5,False,0.0,0.05921690363789175,True,False,transport_free
247,6,6,calibration,22,110,21,0.55,False,True,True,False,False,0.0049318075180053,0.1759027987718582,-0.1709709912538528,6.294345717918172,0.7495781331567923,5.544767584761379,5,False,0.0,0.06242938242784883,True,False,transport_free
248,6,6,calibration,23,115,22,0.575,False,True,True,False,False,0.0108406506478786,0.10546875,-0.094628095626831,5.044422280789344,0.9641068985925364,4.080315382196807,5,False,0.0,0.027102500440775824,True,False,transport_free
249,6,6,calibration,24,120,23,0.6,True,True,False,True,False,0.0139627577736973,0.0458531491458416,-0.0318903923034668,6.4154859431757885,0.7191598490748831,5.696326094100906,6,True,0.01628949605407538,0.013389519576741414,False,False,interaction
250,6,6,calibration,25,125,24,0.625,True,False,False,False,False,0.1319670528173446,0.3831857442855835,-0.2512186765670776,9.60842685393606,1.0711764637253725,8.537250390210687,6,True,0.0901402689861335,0.09023987494240383,False,False,interaction
251,6,6,calibration,26,130,25,0.65,True,False,False,False,False,0.2237275391817093,0.902139127254486,-0.678411602973938,8.009465423917796,1.8270481781962908,6.1824172457215045,6,True,0.09157424976578106,0.09249193868895465,False,False,interaction
252,6,6,calibration,27,135,26,0.675,True,False,False,False,False,0.1368450671434402,0.3956451416015625,-0.2588000893592834,6.309133625064896,2.4243555526292866,3.88477807243561,6,True,0.04823712697169722,0.04912616878176772,False,False,interaction
253,6,6,calibration,28,140,27,0.7,True,False,False,False,False,0.1237882599234581,0.4246598780155182,-0.3008716106414795,5.93162501576693,2.086648384888616,3.8449766308783144,7,True,0.049672047124846776,0.049960422757830476,False,False,interaction
254,6,6,calibration,29,145,28,0.725,True,False,False,False,False,0.1692561656236648,0.5653339624404907,-0.396077811717987,6.06193642531542,1.2591685477558985,4.802767877559522,7,True,0.07391883278800433,0.07427397501487834,False,False,interaction
255,6,6,calibration,30,150,29,0.75,True,False,False,False,False,0.0328387767076492,0.2167568653821945,-0.1839180886745453,6.786209583961543,1.181278532832905,5.604931051128638,7,True,0.0637901482013206,0.06386887289305729,False,False,interaction
256,6,6,calibration,31,155,30,0.775,True,False,False,False,False,0.0430951155722141,0.183128535747528,-0.1400334239006042,6.706281568303915,0.796311736347345,5.90996983195657,7,True,0.05619509534928542,0.05632321537981234,False,False,interaction
257,6,6,calibration,32,160,31,0.8,False,True,True,False,True,0.0175143983215093,0.0263181254267692,-0.0088037271052598,5.538625489781239,0.3388668845507714,5.199758605230468,8,False,0.0052094966013168115,0.006763879313603693,True,False,transport_free
258,6,6,calibration,33,165,32,0.825,False,True,True,False,False,0.0936586260795593,0.1023069620132446,-0.0086483359336853,5.915174404001589,0.6797289650890036,5.235445438912586,8,False,3.9993835023766214e-08,0.033891726940586904,True,False,transport_free
259,6,6,calibration,34,170,33,0.85,False,True,True,False,False,0.1420502811670303,0.1834985017776489,-0.0414482206106185,8.878444189457994,0.6036925863318577,8.274751603126136,8,False,6.381976373839084e-14,0.06874279918555179,True,False,transport_free
260,6,6,calibration,35,175,34,0.875,False,True,True,False,False,0.1457055211067199,0.4840537011623382,-0.3383481800556183,11.810775088487643,1.097023486398034,10.713751602089612,8,False,0.0,0.10877773829090893,True,False,transport_free
261,6,6,calibration,36,180,35,0.9,False,True,True,False,False,0.0394382290542125,0.1157111153006553,-0.0762728899717331,10.57978578360653,1.2884911078827443,9.291294675723783,9,False,0.0,0.09856454506729055,True,False,transport_free
262,6,6,calibration,37,185,36,0.925,False,True,True,False,False,0.0400219745934009,0.1267315000295639,-0.0867095291614532,12.13308455078328,1.5801442941454151,10.552940256637866,9,False,0.0,0.10166178522169524,True,False,transport_free
263,6,6,calibration,38,190,37,0.95,False,True,True,False,False,0.0881651416420936,0.2458845525979995,-0.1577194035053253,9.249531163820954,0.9937803367790048,8.255750827041949,9,False,0.0,0.07592627908674994,True,False,transport_free
264,6,6,calibration,39,195,38,0.975,False,True,True,False,False,0.0120226414874196,0.1118358150124549,-0.0998131707310676,6.953436403225439,0.689843420507623,6.263592982717816,9,False,0.0,0.06835861852470065,True,False,transport_free
265,6,6,calibration,40,200,39,1.0,False,True,True,False,False,0.010515690781176,0.1995244622230529,-0.1890087723731994,5.919728088952077,0.5842098509321639,5.335518238019913,9,False,0.0,0.0687262756692527,True,False,transport_free
266,7,7,calibration,3,15,2,0.075,False,True,True,False,False,0.0065232128836214,0.0589694790542125,-0.0524462647736072,7.0686064537319195,5.7855641311566615,1.283042322575258,0,False,4.2674197509029455e-16,0.07473632788373667,True,False,transport_free
267,7,7,calibration,4,20,3,0.1,False,True,True,False,False,0.0107887675985693,0.1356698125600814,-0.1248810440301895,6.093114124942801,2.2933365136074197,3.799777611335381,1,False,0.0,0.06732681026602577,True,False,transport_free
268,7,7,calibration,5,25,4,0.125,False,True,True,False,False,0.0057309679687023,0.0852774158120155,-0.0795464515686035,5.729767823466331,1.285680614432516,4.444087209033816,1,False,0.0,0.045060881301404926,True,False,transport_free
269,7,7,calibration,6,30,5,0.15,True,True,False,True,False,0.0445333383977413,0.0740993544459343,-0.0295660160481929,9.60813019138682,2.6620323658095733,6.946097825577247,1,True,0.00958469670458624,0.004730578431433642,False,False,interaction
270,7,7,calibration,7,35,6,0.175,True,False,False,False,False,0.0860726833343505,0.2599550485610962,-0.1738823652267456,15.936470463137717,3.6987270607705263,12.237743402367188,1,True,0.0756464468902948,0.07527640546824406,False,False,interaction
271,7,7,calibration,8,40,7,0.2,True,False,False,False,False,0.3295914828777313,1.0568755865097046,-0.7272840738296509,32.97334991133451,3.9022744938959057,29.071075417438603,2,True,0.09913633972538499,0.09920203559955033,False,False,interaction
272,7,7,calibration,9,45,8,0.225,True,False,False,False,False,1.4371331930160522,2.068700075149536,-0.6315668821334839,120.72301840979064,3.8470758518137713,116.87594255797688,2,True,0.14574068506366175,0.1466102731175863,False,False,interaction
273,7,7,calibration,10,50,9,0.25,True,False,False,False,False,0.0851013287901878,0.2134270220994949,-0.1283257007598877,7.602624276852137,3.584202565422874,4.018421711429262,2,True,0.024789139193830478,0.025661203967075,False,False,interaction
274,7,7,calibration,11,55,10,0.275,True,False,False,False,False,0.1154452338814735,0.542769193649292,-0.427323967218399,6.626371197215001,3.118279529432753,3.508091667782248,2,True,0.10459292961862675,0.10445029593318125,False,False,interaction
275,7,7,calibration,12,60,11,0.3,True,False,False,False,False,0.1007460355758667,0.390744686126709,-0.2899986505508423,7.020048271368097,1.5240183880549028,5.496029883313194,3,True,0.08302955658477468,0.08307360709210745,False,False,interaction
276,7,7,calibration,13,65,12,0.325,True,False,False,False,False,0.0600150227546691,0.3409303724765777,-0.2809153497219085,7.75440589419897,1.675305425078513,6.079100469120457,3,True,0.08002646256272826,0.07951121981399685,False,False,interaction
277,7,7,calibration,14,70,13,0.35,True,False,False,False,False,0.0221016928553581,0.0386403501033782,-0.0165386572480201,7.263947733145993,1.340840690174107,5.9231070429718855,3,True,0.021329236989521536,0.022034766012211743,False,False,interaction
278,7,7,calibration,15,75,14,0.375,False,True,True,False,True,0.0623921863734722,0.0627383291721344,-0.0003461427986621,6.841948158781368,0.8936549979844021,5.948293160796966,3,False,0.0052123037036887155,0.010552933879982917,True,False,transport_free
279,7,7,calibration,16,80,15,0.4,False,True,True,False,False,0.2487352341413498,0.5038970708847046,-0.2551618218421936,7.680800813941886,0.9581972728556064,6.722603541086279,4,False,2.210034682756427e-08,0.09076225532746528,True,False,transport_free
280,7,7,calibration,17,85,16,0.425,False,True,True,False,False,0.1586893200874328,0.3891182839870453,-0.2304289638996124,9.182015829796583,1.8740740457074816,7.307941784089103,4,False,3.522349742888277e-14,0.1444040829052791,True,False,transport_free
281,7,7,calibration,18,90,17,0.45,False,True,False,False,False,0.0102716563269495,0.0021264976821839,0.0081451591104269,9.967283211856111,0.1600916589935731,9.80719155286254,4,False,0.0,0.013732210228602533,False,True,static
282,7,7,calibration,19,95,18,0.475,False,True,True,False,False,0.0410117395222187,0.1144638136029243,-0.0734520703554153,8.810127373771648,1.1325563995680985,7.677570974203549,4,False,0.0,0.08778531212834778,True,False,transport_free
283,7,7,calibration,20,100,19,0.5,False,True,True,False,False,0.0320438332855701,0.1505957245826721,-0.1185518950223922,7.209311987558169,0.5828847320171165,6.626427255541053,5,False,0.0,0.06685345857376411,True,False,transport_free
284,7,7,calibration,21,105,20,0.525,False,True,True,False,False,0.0112083777785301,0.1413635164499282,-0.1301551461219787,5.476772120143011,0.4751383367985642,5.001633783344446,5,False,0.0,0.05283721336605071,True,False,transport_free
285,7,7,calibration,22,110,21,0.55,False,True,True,False,False,0.0110266162082552,0.1011101976037025,-0.0900835841894149,6.261459782270443,0.7213920584633837,5.540067723807059,5,False,0.0,0.031421580766074535,True,False,transport_free
286,7,7,calibration,23,115,22,0.575,True,True,False,True,False,0.0081241764128208,0.0347442217171192,-0.0266200453042984,6.225876237135523,0.8909403442269092,5.334935892908614,5,True,0.0027144851105692794,0.0012943922456958598,False,False,interaction
287,7,7,calibration,24,120,23,0.6,True,False,False,False,False,0.0760856196284294,0.1775784641504287,-0.1014928445219993,6.9326181679851855,0.9972683172659648,5.935349850719221,6,True,0.04853328723689796,0.04822967866808195,False,False,interaction
288,7,7,calibration,25,125,24,0.625,True,False,False,False,False,0.2046366333961486,0.7264809012413025,-0.5218442678451538,8.706116235261602,2.818853562486931,5.887262672774671,6,True,0.08656813930746457,0.08674973061103931,False,False,interaction
289,7,7,calibration,26,130,25,0.65,True,False,False,False,False,0.356703370809555,1.1924359798431396,-0.8357325792312622,28.82738042833452,3.566162198356082,25.26121822997844,6,True,0.11129549159727418,0.11278065696610927,False,False,interaction
290,7,7,calibration,27,135,26,0.675,True,False,False,False,False,0.0274835284799337,0.0672232136130333,-0.0397396832704544,17.57218647470312,3.423291654296946,14.148894820406174,6,True,0.06523062198055654,0.06628305587554378,False,False,interaction
291,7,7,calibration,28,140,27,0.7,True,False,False,False,False,0.7725682854652405,1.2431491613388062,-0.4705808758735657,14.75318042231135,2.736108682811827,12.017071739499524,7,True,0.12849139684853023,0.13018311964942259,False,False,interaction
292,7,7,calibration,29,145,28,0.725,True,False,False,False,False,0.1140715703368187,0.5153231620788574,-0.4012515842914581,4.9527929861063305,1.992828908985513,2.9599640771208175,7,True,0.09422122802676547,0.09455758331258268,False,False,interaction
293,7,7,calibration,30,150,29,0.75,True,False,False,False,False,0.035333327949047,0.2020421773195266,-0.1667088568210601,6.23117189382063,1.2938161711375027,4.937355722683127,7,True,0.059237322462500186,0.05913097594074037,False,False,interaction
294,7,7,calibration,31,155,30,0.775,True,False,False,False,False,0.0385285802185535,0.103192888200283,-0.0646643042564392,6.697581226500591,1.2401096681119004,5.457471558388691,7,True,0.031466704645467754,0.031828281025867926,False,False,interaction
295,7,7,calibration,32,160,31,0.8,False,True,True,False,True,0.052982073277235,0.0765370205044746,-0.0235549472272396,7.249289975412684,1.1731305945391368,6.0761593808735475,8,False,0.004184424011853851,0.007127619408009023,True,False,transport_free
296,7,7,calibration,33,165,32,0.825,False,True,True,False,False,0.1971994191408157,0.3225613832473755,-0.1253619641065597,6.534807483336408,1.028815343049848,5.50599214028656,8,False,2.642201739812173e-08,0.0680009756203474,True,False,transport_free
297,7,7,calibration,34,170,33,0.85,False,True,True,False,False,0.1157633438706398,0.1749707460403442,-0.0592074021697044,7.232759108538847,0.8581658614751554,6.374593247063691,8,False,4.219837139958179e-14,0.09405538545447366,True,False,transport_free
298,7,7,calibration,35,175,34,0.875,False,True,True,False,False,0.0597814321517944,0.0853057503700256,-0.0255243182182312,5.959103269152034,1.635447728684429,4.323655540467605,8,False,0.0,0.12092355003099134,True,False,transport_free
299,7,7,calibration,36,180,35,0.9,False,True,True,False,False,0.0486415028572082,0.0636676102876663,-0.015026107430458,6.7162593794679,1.4947628675796498,5.22149651188825,9,False,0.0,0.09950593178837365,True,False,transport_free
300,7,7,calibration,37,185,36,0.925,False,True,True,False,False,0.0263287778943777,0.0520429350435733,-0.0257141571491956,5.824631618531886,0.6822819947567341,5.142349623775152,9,False,0.0,0.0715108174364076,True,False,transport_free
301,7,7,calibration,38,190,37,0.95,False,True,True,False,False,0.010438566096127,0.1573246270418167,-0.1468860656023025,5.617680005833695,0.7831926862434854,4.83448731959021,9,False,0.0,0.06622157387645144,True,False,transport_free
302,7,7,calibration,39,195,38,0.975,False,True,True,False,False,0.0315291881561279,0.22944937646389,-0.1979201883077621,6.913205510904464,1.4405158827963918,5.472689628108072,9,False,0.0,0.05345662270198503,True,False,transport_free
303,7,7,calibration,40,200,39,1.0,True,True,False,True,False,0.0385207869112491,0.1096138879656791,-0.0710930973291397,7.745674589587206,2.032383408167737,5.713291181419469,9,True,0.003328480983208824,0.010766373395813695,False,False,interaction
304,8,8,calibration,3,15,2,0.075,False,True,True,False,False,0.0132823241874575,0.0728430524468422,-0.059560727328062,10.53351825047102,3.135604611986763,7.397913638484256,0,False,4.2674197509029455e-16,0.05540212467503649,True,False,transport_free
305,8,8,calibration,4,20,3,0.1,False,True,True,False,False,0.0159309860318899,0.1316107958555221,-0.115679807960987,8.559312917458525,1.7580654845188073,6.801247432939718,1,False,0.0,0.05340292370868005,True,False,transport_free
306,8,8,calibration,5,25,4,0.125,False,True,True,False,False,0.0210085809230804,0.1396578699350357,-0.1186492890119552,7.912402945307124,1.584476545889814,6.3279263994173105,1,False,0.0,0.024086904597406682,True,False,transport_free
307,8,8,calibration,6,30,5,0.15,True,True,False,True,False,0.0077233766205608,0.0440004281699657,-0.0362770520150661,6.468967693282636,1.1489210859971737,5.320046607285462,1,True,0.009834612276394171,0.0070448252162196865,False,False,interaction
308,8,8,calibration,7,35,6,0.175,True,False,False,False,False,0.0613882727921009,0.1772599667310714,-0.1158716976642608,10.834764159917029,1.9354195433809671,8.899344616536059,1,True,0.05830095437587174,0.05779715739799404,False,False,interaction
309,8,8,calibration,8,40,7,0.2,True,False,False,False,False,0.1702781170606613,0.3622869551181793,-0.192008838057518,9.159153965494268,2.319355786897367,6.839798178596901,2,True,0.07774245410031051,0.07792276253701652,False,False,interaction
310,8,8,calibration,9,45,8,0.225,True,False,False,False,False,0.3305361270904541,0.7747181057929993,-0.4441819787025451,6.817294024996738,3.004908564495086,3.812385460501652,2,True,0.09642636333923348,0.09724328187283036,False,False,interaction
311,8,8,calibration,10,50,9,0.25,True,False,False,False,False,0.8221115469932556,1.5296863317489624,-0.7075747847557068,7.619023242835671,3.1623225885198765,4.456700654315794,2,True,0.09295947723657129,0.09283447416189593,False,False,interaction
312,8,8,calibration,11,55,10,0.275,True,False,False,False,False,1.3872522115707395,1.9036985635757449,-0.5164463520050049,10.53345778661299,3.041982363034282,7.4914754235787075,2,True,0.13542054376956883,0.13588088198374842,False,False,interaction
313,8,8,calibration,12,60,11,0.3,True,False,False,False,False,0.2309350222349167,0.5965343117713928,-0.3655992746353149,7.110267515823886,2.6650961503082296,4.445171365515657,3,True,0.09133049435368086,0.0911383525515514,False,False,interaction
314,8,8,calibration,13,65,12,0.325,True,False,False,False,False,0.1573220640420913,0.3206743896007538,-0.1633523255586624,7.873460107160594,1.8409427659856297,6.032517341174964,3,True,0.07183128187041593,0.07208808651141053,False,False,interaction
315,8,8,calibration,14,70,13,0.35,True,True,False,False,True,0.0169399064034223,0.0245333388447761,-0.0075934324413537,5.674316387725104,0.9815458665418364,4.6927705211832675,3,True,0.013870792463122462,0.01626226386951697,False,False,interaction
316,8,8,calibration,15,75,14,0.375,False,True,False,False,False,0.0712924897670745,0.0551877357065677,0.0161047540605068,5.280628045749318,1.0874878941131607,4.1931401516361575,3,False,9.024173502046108e-06,0.018624586233799076,False,True,static
317,8,8,calibration,16,80,15,0.4,False,True,True,False,False,0.2813676297664642,0.3485980033874511,-0.0672303736209869,5.243787474109081,1.356770183275297,3.887017290833784,4,False,1.4202823653822284e-11,0.08270135192144618,True,False,transport_free
318,8,8,calibration,17,85,16,0.425,False,True,True,False,False,0.1527639478445053,0.2777353823184967,-0.1249714344739914,6.579359655848421,1.606853860393523,4.972505795454898,4,False,1.0408340855860843e-17,0.1312499848276846,True,False,transport_free
319,8,8,calibration,18,90,17,0.45,False,True,True,False,False,0.022304942831397,0.0256664175540208,-0.0033614747226238,6.721243785577859,0.719863881089014,6.001379904488845,4,False,0.0,0.06230127557231793,True,False,transport_free
320,8,8,calibration,19,95,18,0.475,False,True,True,False,False,0.0804146081209182,0.1144270226359367,-0.0340124145150184,8.065670276815325,1.7398876303781587,6.325782646437166,4,False,0.0,0.10790286119233047,True,False,transport_free
321,8,8,calibration,20,100,19,0.5,False,True,True,False,False,0.0260714143514633,0.1151685789227485,-0.0890971645712852,5.6369619494031395,1.0747214390507194,4.56224051035242,5,False,0.0,0.07333667073361974,True,False,transport_free
322,8,8,calibration,21,105,20,0.525,False,True,True,False,False,0.0121871642768383,0.1717785596847534,-0.1595913916826248,5.473934210664349,1.0852972087788004,4.388637001885549,5,False,0.0,0.06231034219813914,True,False,transport_free
323,8,8,calibration,22,110,21,0.55,False,True,True,False,False,0.0099267540499567,0.1282085329294204,-0.1182817816734314,6.04928571555308,0.8844035403374991,5.164882175215581,5,False,0.0,0.03599612011878721,True,False,transport_free
324,8,8,calibration,23,115,22,0.575,True,True,False,True,False,0.0056831869296729,0.0368478745222091,-0.0311646871268749,5.011365623778029,0.4599385657362655,4.551427058041764,5,True,0.004041113321722468,0.005591128022184458,False,False,interaction
325,8,8,calibration,24,120,23,0.6,True,True,False,False,False,0.0156177133321762,0.0651260465383529,-0.0495083332061767,4.695893720840647,0.5733914077115156,4.1225023131291305,6,True,0.02561835846589403,0.024958415963996863,False,False,interaction
326,8,8,calibration,25,125,24,0.625,True,False,False,False,False,0.1011080741882324,0.3075931072235107,-0.2064850330352783,5.192327220588184,1.4570144613231522,3.735312759265032,6,True,0.08435341318891247,0.08429482501179418,False,False,interaction
327,8,8,calibration,26,130,25,0.65,True,False,False,False,False,0.4739502370357513,1.198012351989746,-0.7240620851516724,11.114105211016104,2.6211659539701753,8.49293925704593,6,True,0.10515507896657922,0.10526151510843122,False,False,interaction
328,8,8,calibration,27,135,26,0.675,True,False,False,False,False,0.1050882115960121,0.3603098690509796,-0.2552216649055481,7.314468809979889,3.3344362658423883,3.980032544137501,6,True,0.07536268866883981,0.07663530050362136,False,False,interaction
329,8,8,calibration,28,140,27,0.7,True,False,False,False,False,0.5695013403892517,1.243179440498352,-0.6736781001091003,8.62504936753575,2.619561066332596,6.005488301203155,7,True,0.11142460261389983,0.11089479727931092,False,False,interaction
330,8,8,calibration,29,145,28,0.725,True,False,False,False,False,0.095146544277668,0.3148775994777679,-0.2197310626506805,5.6944383575913,1.1569373245067662,4.537501033084533,7,True,0.08086971683068778,0.08132106834763181,False,False,interaction
331,8,8,calibration,30,150,29,0.75,True,False,False,False,False,0.0469333976507186,0.1399962604045868,-0.0930628627538681,6.354877268480169,0.7989698394478091,5.555907429032359,7,True,0.056731330223919206,0.05621439051576066,False,False,interaction
332,8,8,calibration,31,155,30,0.775,True,False,False,False,False,0.0969084128737449,0.1637396365404129,-0.0668312236666679,6.101669168879089,1.3842305411673552,4.717438627711734,7,True,0.0390968694209054,0.039111864867689854,False,False,interaction
333,8,8,calibration,32,160,31,0.8,False,True,True,False,True,0.0376439876854419,0.034594926983118,0.0030490607023239,6.428706471348598,0.5968384365686685,5.83186803477993,8,False,0.004851999645058588,0.005414761046834025,True,False,transport_free
334,8,8,calibration,33,165,32,0.825,False,True,True,False,False,0.1279892176389694,0.211052119731903,-0.0830629020929336,5.055692912365666,0.7412721268234549,4.314420785542211,8,False,2.2104814168798647e-08,0.05516349510072846,True,False,transport_free
335,8,8,calibration,34,170,33,0.85,False,True,True,False,False,0.1852384209632873,0.1809103935956955,0.0043280273675918,4.208285324945904,0.5881902281968179,3.620095096749086,8,False,3.528947728679649e-14,0.06578631265971835,True,False,transport_free
336,8,8,calibration,35,175,34,0.875,False,True,True,False,False,0.1052546873688697,0.2786789834499359,-0.1734243035316467,7.640010315054739,1.574988881834803,6.065021433219936,8,False,0.0,0.10315550167126403,True,False,transport_free
337,8,8,calibration,36,180,35,0.9,False,True,False,False,False,0.0173883140087127,0.0021914895623922,0.0151968244463205,7.673585829106045,0.1569455486273187,7.516640280478726,9,False,0.0,0.006861492496452624,False,True,static
338,8,8,calibration,37,185,36,0.925,False,True,True,False,False,0.060231726616621,0.1346546709537506,-0.0744229406118393,7.827921756842817,1.606366891547313,6.221554865295504,9,False,0.0,0.07173156828405283,True,False,transport_free
339,8,8,calibration,38,190,37,0.95,False,True,True,False,False,0.0169031899422407,0.1284624189138412,-0.1115592271089553,5.120448568700702,1.1630616877182407,3.9573868809824617,9,False,0.0,0.06636844135598145,True,False,transport_free
340,8,8,calibration,39,195,38,0.975,False,True,True,False,False,0.0104394434019923,0.1584212332963943,-0.1479817926883697,5.832552578794666,1.0141108574470226,4.818441721347644,9,False,0.0,0.058085932390814686,True,False,transport_free
341,8,8,calibration,40,200,39,1.0,False,True,True,False,False,0.005560252815485,0.1721978634595871,-0.1666376143693924,6.085653693791035,1.18606360516544,4.899590088625595,9,False,0.0,0.032484891378910245,True,False,transport_free
342,9,9,calibration,3,15,2,0.075,False,True,True,False,False,0.0191462449729442,0.0734690725803375,-0.0543228276073932,7.761612874717044,3.360071118722271,4.4015417559947725,0,False,4.2674197509029455e-16,0.05945830955705596,True,False,transport_free
343,9,9,calibration,4,20,3,0.1,False,True,True,False,False,0.0197535064071416,0.1442676186561584,-0.1245141103863716,8.42220574619307,1.8308764973075409,6.591329248885529,1,False,0.0,0.06167231686391094,True,False,transport_free
344,9,9,calibration,5,25,4,0.125,False,True,True,False,False,0.0086096255108714,0.117313377559185,-0.1087037548422813,8.999363663506273,1.299723189094731,7.699640474411542,1,False,0.0,0.04343140994901849,True,False,transport_free
345,9,9,calibration,6,30,5,0.15,True,True,False,True,False,0.0306195002049207,0.1234121918678283,-0.0927926898002624,9.864819994662827,2.423273983391065,7.441546011271763,1,True,0.016516381685745228,0.0166836943984601,False,False,interaction
346,9,9,calibration,7,35,6,0.175,True,False,False,False,False,0.1309459209442138,0.3272008001804352,-0.1962548792362213,14.81214606150455,3.2297158841745053,11.582430177330044,1,True,0.08849314215700428,0.08841695686348686,False,False,interaction
347,9,9,calibration,8,40,7,0.2,True,False,False,False,False,0.3325532972812652,0.9406893849372864,-0.6081360578536987,13.908070461269212,3.391069524541631,10.51700093672758,2,True,0.10254670228007438,0.10278232504763764,False,False,interaction
348,9,9,calibration,9,45,8,0.225,True,False,False,False,False,0.4201551377773285,1.238724708557129,-0.818569540977478,6.656709389799192,3.579464859037927,3.077244530761265,2,True,0.11387876990833036,0.11410896443642143,False,False,interaction
349,9,9,calibration,10,50,9,0.25,True,False,False,False,False,0.1950612515211105,0.3125240802764892,-0.1174628287553787,7.620108234226873,2.873237027716596,4.746871206510276,2,True,0.04963490212505712,0.050239842861910286,False,False,interaction
350,9,9,calibration,11,55,10,0.275,True,False,False,False,False,0.1997931450605392,0.9257020950317384,-0.7259089350700378,5.518291590596257,2.1699069211116218,3.348384669484635,2,True,0.10899055837536642,0.11022303848307258,False,False,interaction
351,9,9,calibration,12,60,11,0.3,True,False,False,False,False,0.095847487449646,0.4296951293945312,-0.3338476419448852,10.390211764601853,1.487573977454848,8.902637787147004,3,True,0.09893817792893049,0.09864220121305425,False,False,interaction
352,9,9,calibration,13,65,12,0.325,True,False,False,False,False,0.0931949689984321,0.2682766318321228,-0.1750816702842712,9.733623338974692,0.8670837243874215,8.866539614587271,3,True,0.07316581978302703,0.07316642729068155,False,False,interaction
353,9,9,calibration,14,70,13,0.35,True,True,False,True,True,0.0111934579908847,0.0315868258476257,-0.0203933678567409,8.874192059910607,0.5363770925051198,8.337814967405487,3,True,0.013318306646618445,0.016767621378677645,False,False,interaction
354,9,9,calibration,15,75,14,0.375,True,True,False,False,True,0.0490711219608783,0.0680325925350189,-0.0189614705741405,10.147935159425083,1.2740112147369829,8.8739239446881,3,True,0.004321874024072817,0.013383868308073326,False,False,interaction
355,9,9,calibration,16,80,15,0.4,False,True,True,False,False,0.2429820895195007,0.4329023361206054,-0.1899202466011047,8.723894703627366,0.9836034823223676,7.740291221304998,4,False,1.097172457853816e-07,0.08818204822119954,True,False,transport_free
356,9,9,calibration,17,85,16,0.425,False,True,True,False,False,0.1207617297768592,0.2886195480823517,-0.167857825756073,7.26887548435078,1.110058254707962,6.1588172296428185,4,False,1.7378935330408563e-13,0.10237363962032135,True,False,transport_free
357,9,9,calibration,18,90,17,0.45,False,True,True,False,False,0.0128654204308986,0.0191510692238807,-0.0062856487929821,6.909711839138583,0.2832926528036215,6.626419186334962,4,False,0.0,0.040767019802425156,True,False,transport_free
358,9,9,calibration,19,95,18,0.475,False,True,True,False,False,0.0287993475794792,0.1222516596317291,-0.0934523120522499,6.472138604220279,0.980174258718062,5.491964345502217,4,False,0.0,0.07522557376385791,True,False,transport_free
359,9,9,calibration,20,100,19,0.5,False,True,True,False,False,0.0170515980571508,0.0905936583876609,-0.0735420584678649,5.973033728035028,0.5058184328282497,5.4672152952067785,5,False,0.0,0.05486027874880579,True,False,transport_free
360,9,9,calibration,21,105,20,0.525,False,True,True,False,False,0.0124651379883289,0.2106403559446334,-0.1981752216815948,7.176148267685164,0.6561611918720174,6.519987075813146,5,False,0.0,0.06982794001553165,True,False,transport_free
361,9,9,calibration,22,110,21,0.55,False,True,True,False,False,0.0179244019091129,0.1318118274211883,-0.1138874292373657,9.649638985800989,0.7530961755321054,8.896542810268883,5,False,0.0,0.03801843938631631,True,False,transport_free
362,9,9,calibration,23,115,22,0.575,True,True,False,True,False,0.0027251269202679,0.0127843739464879,-0.0100592467933893,9.710268968691146,0.4930140457786272,9.217254922912518,5,True,0.002094096056665461,0.0016762178511952348,False,False,interaction
363,9,9,calibration,24,120,23,0.6,True,True,False,False,False,0.0418375134468078,0.1518342494964599,-0.1099967360496521,10.18850739127156,1.2230827514468583,8.9654246398247,6,True,0.0502651324697999,0.04997108659448171,False,False,interaction
364,9,9,calibration,25,125,24,0.625,True,False,False,False,False,0.1052491664886474,0.2805629074573517,-0.1753137409687042,8.76820477031984,1.2488685211011097,7.519336249218731,6,True,0.07325267404862106,0.07361201326511276,False,False,interaction
365,9,9,calibration,26,130,25,0.65,True,False,False,False,False,0.2109444141387939,0.5783801674842834,-0.3674357533454895,8.280406285549342,1.8125280744916532,6.4678782110576885,6,True,0.09315262299498694,0.0934913479090057,False,False,interaction
366,9,9,calibration,27,135,26,0.675,True,False,False,False,False,0.1942450553178787,0.4602969884872436,-0.2660519480705261,5.331501241221663,2.5138624852023006,2.8176387560193628,6,True,0.06458428082981937,0.06561660148891144,False,False,interaction
367,9,9,calibration,28,140,27,0.7,True,False,False,False,False,0.2148123979568481,0.7091794610023499,-0.4943670630455017,5.104883504832867,2.332263277995666,2.7726202268372018,7,True,0.07269783906354219,0.07237671024432445,False,False,interaction
368,9,9,calibration,29,145,28,0.725,True,False,False,False,False,0.1364569514989853,0.3713438212871551,-0.2348868697881698,9.49306239253666,1.5563968074626475,7.936665585074012,7,True,0.07363845003706954,0.07351399877955575,False,False,interaction
369,9,9,calibration,30,150,29,0.75,True,False,False,False,False,0.0530181527137756,0.2304714322090149,-0.1774532794952392,10.7236546608804,0.9162285898535356,9.807426071026866,7,True,0.06865278313914075,0.06843779448049002,False,False,interaction
370,9,9,calibration,31,155,30,0.775,True,False,False,False,False,0.0324631705880165,0.167494997382164,-0.1350318193435669,9.020313006765209,0.7793161800613868,8.240996826703821,7,True,0.059463683052767224,0.059529489463305475,False,False,interaction
371,9,9,calibration,32,160,31,0.8,True,True,False,False,True,0.0183404479175806,0.0204462148249149,-0.0021057669073343,9.45159553330446,0.3645942006222154,9.087001332682243,8,True,0.008271741784919327,0.009316147262106408,False,False,interaction
372,9,9,calibration,33,165,32,0.825,False,True,True,False,False,0.1704202741384506,0.3010776340961456,-0.130657359957695,9.25174795341396,0.8820788587209133,8.369669094693046,8,False,6.393301658235933e-07,0.06594169478117576,True,False,transport_free
373,9,9,calibration,34,170,33,0.85,False,True,True,False,False,0.0959197953343391,0.2097895592451095,-0.1138697639107704,6.656197086540645,0.6590553097858365,5.997141776754808,8,False,1.0210235516014064e-12,0.09221618597112298,True,False,transport_free
374,9,9,calibration,35,175,34,0.875,False,True,True,False,False,0.0564393140375614,0.2543804943561554,-0.1979411840438842,8.299712883055694,1.7996659608410823,6.5000469222146116,8,False,0.0,0.10580126768230363,True,False,transport_free
375,9,9,calibration,36,180,35,0.9,False,True,True,False,False,0.0142016960307955,0.0210014637559652,-0.0067997677251696,6.657866531207485,0.6679710434420235,5.9898954877654615,9,False,0.0,0.033419326125302205,True,False,transport_free
376,9,9,calibration,37,185,36,0.925,False,True,True,False,False,0.0690759718418121,0.1615292280912399,-0.0924532562494278,5.747415974307675,0.8930753874398202,4.854340586867854,9,False,0.0,0.06172752853227292,True,False,transport_free
377,9,9,calibration,38,190,37,0.95,False,True,True,False,False,0.0094505026936531,0.1002934798598289,-0.0908429771661758,5.785079787421782,0.997278752355228,4.787801035066553,9,False,0.0,0.07770091891701296,True,False,transport_free
378,9,9,calibration,39,195,38,0.975,False,True,True,False,False,0.0236194226890802,0.3035496473312378,-0.2799302339553833,8.0565697278335,1.0547332886292065,7.001836439204293,9,False,0.0,0.08288886117211361,True,False,transport_free
379,9,9,calibration,40,200,39,1.0,False,True,True,False,False,0.006701345089823,0.0934838354587555,-0.0867824926972389,9.55982084717414,0.5314230677059685,9.02839777946817,9,False,0.0,0.033760927255038195,True,False,transport_free
380,10,10,heldout,3,15,2,0.075,False,True,True,False,False,0.0118996752426028,0.0799709260463714,-0.0680712535977363,16.46945242258229,88.2380595974999,-71.7686071749176,0,False,4.2674197509029455e-16,0.07405952082061741,True,False,transport_free
381,10,10,heldout,4,20,3,0.1,False,True,True,False,False,0.0230618994683027,0.169574037194252,-0.1465121358633041,16.18907474860671,172.26578500766536,-156.07671025905864,1,False,0.0,0.06600993662546635,True,False,transport_free
382,10,10,heldout,5,25,4,0.125,False,True,True,False,False,0.0113963233307003,0.1162875667214393,-0.1048912405967712,13.594206941676124,126.16295731990772,-112.5687503782316,1,False,0.0,0.04551582785046565,True,False,transport_free
383,10,10,heldout,6,30,5,0.15,True,True,False,True,False,0.0335355438292026,0.0791175812482833,-0.0455820374190807,68.53564728698315,129.61835581016723,-61.08270852318408,1,True,0.006055703651542077,0.007130748269729841,False,False,interaction
384,10,10,heldout,7,35,6,0.175,True,False,False,False,False,0.0787122249603271,0.3122825920581817,-0.2335703670978546,62.23726209640208,248.31461120226757,-186.0773491058655,1,True,0.0815510111251445,0.08122035898804347,False,False,interaction
385,10,10,heldout,8,40,7,0.2,True,False,False,False,False,0.28729248046875,0.6071630120277405,-0.3198705315589905,394.72686018848367,794.8473084117144,-400.1204482232307,2,True,0.09312682635591966,0.09307712500909868,False,False,interaction
386,10,10,heldout,9,45,8,0.225,True,False,False,False,False,0.3411298990249634,0.7290332317352295,-0.3879033327102661,396.3268936184184,1267.3107190475323,-870.983825429114,2,True,0.09495008623203235,0.09475620513808564,False,False,interaction
387,10,10,heldout,10,50,9,0.25,True,False,False,False,False,0.0604022927582263,0.2198027819395065,-0.1594004929065704,103.27422983101349,343.137792850679,-239.8635630196655,2,True,0.04610724768672261,0.04576664955126337,False,False,interaction
388,10,10,heldout,11,55,10,0.275,True,False,False,False,False,0.2619972229003906,0.5368489623069763,-0.2748517394065857,501.42947702739303,1195.7318261614273,-694.3023491340343,2,True,0.08614482800677259,0.08561178414451406,False,False,interaction
389,10,10,heldout,12,60,11,0.3,True,False,False,False,False,0.0791833028197288,0.2583878934383392,-0.1792045831680297,112.21975895503726,257.24783990843844,-145.02808095340117,3,True,0.06862901500212046,0.06837789245308243,False,False,interaction
390,10,10,heldout,13,65,12,0.325,True,False,False,False,False,0.0190708115696907,0.1480638831853866,-0.1289930641651153,30.76901961301102,127.049302922712,-96.28028330970096,3,True,0.054558643108785866,0.054602748824034826,False,False,interaction
391,10,10,heldout,14,70,13,0.35,True,True,False,False,True,0.0421135462820529,0.0940324887633323,-0.0519189424812793,67.851698856216,147.10556590895604,-79.25386705274003,3,True,0.01219482398398725,0.013632600603572798,False,False,interaction
392,10,10,heldout,15,75,14,0.375,False,True,False,False,False,0.0602666623890399,0.0518920235335826,0.0083746388554573,101.73162307541132,90.92966442261668,10.80195865279464,3,False,0.00022978448898824,0.00810170476875732,False,True,static
393,10,10,heldout,16,80,15,0.4,False,True,True,False,False,0.1587294489145279,0.3301530182361603,-0.1714235693216323,163.13728572962933,250.9398228955264,-87.80253716589709,4,False,3.631602066175543e-10,0.08030438653097466,True,False,transport_free
394,10,10,heldout,17,85,16,0.425,False,True,True,False,False,0.1138649210333824,0.3696314394474029,-0.2557665109634399,170.6050780154855,316.8680694722597,-146.26299145677422,4,False,5.585809592645319e-16,0.10796975355916248,True,False,transport_free
395,10,10,heldout,18,90,17,0.45,False,True,True,False,False,0.0236321929842233,0.106527529656887,-0.0828953385353088,26.90927539128568,108.92375027105602,-82.01447487977035,4,False,0.0,0.09445079541367747,True,False,transport_free
396,10,10,heldout,19,95,18,0.475,False,True,True,False,False,0.0247206334024667,0.1045964360237121,-0.0798758044838905,29.881436804515193,106.21803084722524,-76.33659404271005,4,False,0.0,0.09062076649352593,True,False,transport_free
397,10,10,heldout,20,100,19,0.5,False,True,True,False,False,0.0272433403879404,0.1319278627634048,-0.1046845242381095,23.662463077571942,93.35385284930516,-69.69138977173321,5,False,0.0,0.06687485525802606,True,False,transport_free
398,10,10,heldout,21,105,20,0.525,False,True,True,False,False,0.0228285733610391,0.2078970223665237,-0.1850684434175491,22.268847790580057,155.32371014499327,-133.05486235441322,5,False,0.0,0.08524154559694803,True,False,transport_free
399,10,10,heldout,22,110,21,0.55,False,True,True,False,False,0.0468403995037078,0.2453443557024002,-0.1985039561986923,104.09748214333474,247.71979384600715,-143.6223117026724,5,False,0.0,0.06759437163943796,True,False,transport_free
400,10,10,heldout,23,115,22,0.575,True,True,False,True,False,0.0056914631277322,0.0541531145572662,-0.0484616532921791,9.396487636651836,64.36336014406687,-54.96687250741504,5,True,0.0013467805252821482,0.010042370311241371,False,False,interaction
401,10,10,heldout,24,120,23,0.6,True,True,False,False,False,0.0146349510177969,0.0831445083022117,-0.0685095563530922,14.594421521953985,87.5239816726317,-72.92956015067772,6,True,0.03486615804453539,0.03463249725199637,False,False,interaction
402,10,10,heldout,25,125,24,0.625,True,False,False,False,False,0.1760804653167724,0.3881447315216064,-0.2120642662048339,221.13908472045952,328.6583208972969,-107.51923617683738,6,True,0.09065183295857336,0.09095372984736497,False,False,interaction
403,10,10,heldout,26,130,25,0.65,True,False,False,False,False,0.6296467781066895,1.6262651681900024,-0.996618390083313,585.1795334682378,2222.728450526853,-1637.5489170586152,6,True,0.10860264524765943,0.10875004563692232,False,False,interaction
404,10,10,heldout,27,135,26,0.675,True,False,False,False,False,0.324211835861206,0.9720751643180848,-0.6478633284568787,42.30438855808702,160.81189989392843,-118.5075113358414,6,True,0.08036023069329179,0.08110860310398636,False,False,interaction
405,10,10,heldout,28,140,27,0.7,True,False,False,False,False,1.0952681303024292,1.7776836156845093,-0.6824154853820801,652.3875138255252,751.7396675867541,-99.35215376122892,7,True,0.11863356416950904,0.11847467889127698,False,False,interaction
406,10,10,heldout,29,145,28,0.725,True,False,False,False,False,0.1465641111135482,0.5581876039505005,-0.411623477935791,197.8553505503212,821.0440336020307,-623.1886830517095,7,True,0.07747362663235857,0.0776460709361678,False,False,interaction
407,10,10,heldout,30,150,29,0.75,True,False,False,False,False,0.0765672177076339,0.2561006546020508,-0.1795334368944168,121.53922463933044,282.98807941697766,-161.44885477764723,7,True,0.06875787203060894,0.06820196466502669,False,False,interaction
408,10,10,heldout,31,155,30,0.775,True,False,False,False,False,0.0378616191446781,0.1974378675222396,-0.1595762521028518,52.522987534305024,229.4896593650126,-176.96667183070755,7,True,0.057943070843703336,0.05794183274205868,False,False,interaction
409,10,10,heldout,32,160,31,0.8,True,True,False,False,True,0.0166933704167604,0.0275451261550188,-0.0108517557382583,33.979152563430176,40.47857862523923,-6.499426061809054,8,True,0.01381772968736288,0.0119674421233682,False,False,interaction
410,10,10,heldout,33,165,32,0.825,False,True,True,False,False,0.1220673322677612,0.174686387181282,-0.0526190549135208,135.3870396132647,160.77843896449616,-25.391399351231456,8,False,3.3039259245388686e-05,0.04805381014440727,True,False,transport_free
411,10,10,heldout,34,170,33,0.85,False,True,True,False,False,0.2208327800035476,0.4393753111362457,-0.218542531132698,287.2378293847095,377.2422394390974,-90.00441005438785,8,False,5.243672448376318e-11,0.09849970652602007,True,False,transport_free
412,10,10,heldout,35,175,34,0.875,False,True,True,False,False,0.1424895524978637,0.3529950678348541,-0.2105055153369903,140.65435780779003,393.385548485828,-252.73119067803796,8,False,6.591949208711867e-17,0.1472699687667022,True,False,transport_free
413,10,10,heldout,36,180,35,0.9,False,True,False,False,False,0.0128011954948306,0.0065261251293122,0.0062750703655183,24.43186427681796,10.025373139744277,14.406491137073685,9,False,0.0,0.01876297362859201,False,True,static
414,10,10,heldout,37,185,36,0.925,False,True,True,False,False,0.1005296409130096,0.2909887135028839,-0.1904590725898742,38.48222756037668,213.75799943784196,-175.27577187746527,9,False,0.0,0.12376085712297336,True,False,transport_free
415,10,10,heldout,38,190,37,0.95,False,True,True,False,False,0.0190040301531553,0.1246961429715156,-0.1056921109557151,16.926396074121673,107.21396498606316,-90.28756891194148,9,False,0.0,0.0675754474878421,True,False,transport_free
416,10,10,heldout,39,195,38,0.975,False,True,True,False,False,0.0179101806133985,0.2282415032386779,-0.2103313207626342,20.50536810218537,175.12619864663452,-154.62083054444915,9,False,0.0,0.07590038528647314,True,False,transport_free
417,10,10,heldout,40,200,39,1.0,False,True,True,False,False,0.0136322453618049,0.0981039926409721,-0.0844717472791671,37.02925349177952,93.98654004679264,-56.95728655501312,9,False,0.0,0.042431677532669416,True,False,transport_free
418,11,11,heldout,3,15,2,0.075,False,True,True,False,False,0.0103485286235809,0.0575703419744968,-0.0472218133509159,9.503333725341982,8.45535042478422,1.047983300557762,0,False,4.2674197509029455e-16,0.08560625683687371,True,False,transport_free
419,11,11,heldout,4,20,3,0.1,False,True,True,False,False,0.0163969602435827,0.191897764801979,-0.1755008101463318,9.9197964197888,14.803014977724825,-4.883218557936022,1,False,0.0,0.0756283043641992,True,False,transport_free
420,11,11,heldout,5,25,4,0.125,False,True,True,False,False,0.0082079721614718,0.0828291848301887,-0.0746212154626846,9.46484639804531,9.178255033556791,0.2865913644885189,1,False,0.0,0.03677740482890101,True,False,transport_free
421,11,11,heldout,6,30,5,0.15,True,True,False,True,False,0.0170813128352165,0.1070110201835632,-0.0899297073483467,11.675309734500308,10.670518351830587,1.0047913826697208,1,True,0.02147505812635822,0.017024547797197365,False,False,interaction
422,11,11,heldout,7,35,6,0.175,True,False,False,False,False,0.0605090744793415,0.2618758976459503,-0.2013668268918991,17.080649782105493,23.520468139639252,-6.43981835753376,1,True,0.077120238465271,0.0771355012595551,False,False,interaction
423,11,11,heldout,8,40,7,0.2,True,False,False,False,False,0.1226098909974098,0.3722270429134369,-0.2496171593666076,27.386703776580784,55.34012338612637,-27.953419609545588,2,True,0.08565698694986745,0.08583400261969377,False,False,interaction
424,11,11,heldout,9,45,8,0.225,True,False,False,False,False,0.0866119042038917,0.3728546798229217,-0.2862427830696106,18.733939604093145,36.494349930477256,-17.76041032638411,2,True,0.09097063645079577,0.0917064645204566,False,False,interaction
425,11,11,heldout,10,50,9,0.25,True,False,False,False,False,0.1100748553872108,0.2509011030197143,-0.1408262550830841,13.988295925430752,13.030908077165094,0.9573878482656591,2,True,0.03084579821061733,0.0303892720239733,False,False,interaction
426,11,11,heldout,11,55,10,0.275,True,False,False,False,False,0.2648336589336395,0.6603406667709351,-0.3955070078372955,15.680212631865368,30.35323885432261,-14.67302622245724,2,True,0.10771120910276608,0.1083698577048961,False,False,interaction
427,11,11,heldout,12,60,11,0.3,True,False,False,False,False,0.0425103902816772,0.2918461859226227,-0.2493357956409454,12.33753745751801,12.154844608717404,0.1826928488006061,3,True,0.08258672686254331,0.08235572248822648,False,False,interaction
428,11,11,heldout,13,65,12,0.325,True,False,False,False,False,0.0423254631459713,0.2294957637786865,-0.1871702969074249,13.063295753538236,13.124782512479236,-0.061486758941001,3,True,0.07272474116701085,0.07250211208304305,False,False,interaction
429,11,11,heldout,14,70,13,0.35,True,True,False,False,True,0.0183846484869718,0.0475290119647979,-0.0291443634778261,9.277184248165783,2.2138331041782773,7.063351143987505,3,True,0.022977733256597143,0.02601261589220986,False,False,interaction
430,11,11,heldout,15,75,14,0.375,False,True,True,False,False,0.0698463916778564,0.0899557471275329,-0.0201093554496765,10.11569688246206,3.8925392212529246,6.223157661209136,3,False,4.265250096763339e-06,0.023983569064358275,True,False,transport_free
431,11,11,heldout,16,80,15,0.4,False,True,True,False,False,0.1466212272644043,0.2864954471588135,-0.1398742198944091,12.63900989023456,9.015002732776452,3.624007157458107,4,False,6.749173828995859e-12,0.0904670570781784,True,False,transport_free
432,11,11,heldout,17,85,16,0.425,False,True,True,False,False,0.0443653874099254,0.1194907203316688,-0.0751253366470336,11.221968909353668,4.862602750189143,6.359366159164526,4,False,0.0,0.0726433215218104,True,False,transport_free
433,11,11,heldout,18,90,17,0.45,False,True,False,False,False,0.0104123996570706,0.0030605171341449,0.0073518827557563,10.083284241046172,0.1451823318553803,9.938101909190792,4,False,0.0,0.009461028958424,False,True,static
434,11,11,heldout,19,95,18,0.475,False,True,True,False,False,0.0138142285868525,0.0269562769681215,-0.0131420483812689,9.547741778512895,0.9703952826045564,8.57734649590834,4,False,0.0,0.033914418242941786,True,False,transport_free
435,11,11,heldout,20,100,19,0.5,False,True,True,False,False,0.0100564761087298,0.0650582388043403,-0.0550017617642879,9.522772270122225,2.842534375542962,6.68023789457926,5,False,0.0,0.050010040919141,True,False,transport_free
436,11,11,heldout,21,105,20,0.525,False,True,True,False,False,0.014408946968615,0.127304270863533,-0.1128953248262405,8.476313371017289,4.331564674002012,4.144748697015277,5,False,0.0,0.058455952100209804,True,False,transport_free
437,11,11,heldout,22,110,21,0.55,False,True,True,False,False,0.0099295042455196,0.1111253499984741,-0.1011958420276641,8.111978027140744,4.059790472535453,4.052187554605291,5,False,0.0,0.0468018988518397,True,False,transport_free
438,11,11,heldout,23,115,22,0.575,True,True,False,True,False,0.0104725109413266,0.0358628816902637,-0.0253903716802597,8.424443343074918,1.6878044899070537,6.7366388531678645,5,True,0.001395159645511066,0.004992949688597975,False,False,interaction
439,11,11,heldout,24,120,23,0.6,True,True,False,False,False,0.033459547907114,0.1396916955709457,-0.106232151389122,9.202437968824093,5.4661673976983876,3.736270571125705,6,True,0.05594902831520195,0.05527204588544589,False,False,interaction
440,11,11,heldout,25,125,24,0.625,True,False,False,False,False,0.0920532867312431,0.3682467043399811,-0.2761934101581573,9.423440442043702,16.21811343117862,-6.7946729891349165,6,True,0.09090162044012447,0.09080699392125534,False,False,interaction
441,11,11,heldout,26,130,25,0.65,True,False,False,False,False,0.2788353264331817,0.8794133067131042,-0.6005779504776001,11.966065147696398,16.195845236983587,-4.229780089287189,6,True,0.09851512350380505,0.09914072503876985,False,False,interaction
442,11,11,heldout,27,135,26,0.675,True,False,False,False,False,0.0292936712503433,0.0944772735238075,-0.0651836022734642,8.305497363650026,4.7192512894483185,3.586246074201708,6,True,0.03601928721201942,0.0372335712496163,False,False,interaction
443,11,11,heldout,28,140,27,0.7,True,False,False,False,False,0.2665578126907348,0.6615486741065979,-0.394990861415863,14.018797600498814,26.368584716695953,-12.349787116197138,7,True,0.0815447495442326,0.08163758283149973,False,False,interaction
444,11,11,heldout,29,145,28,0.725,True,False,False,False,False,0.1078056991100311,0.4485062658786773,-0.3407005667686462,14.769420079464602,15.014907669308116,-0.2454875898435133,7,True,0.0781216185540886,0.07813261116244673,False,False,interaction
445,11,11,heldout,30,150,29,0.75,True,False,False,False,False,0.0338189676403999,0.1920669227838516,-0.1582479476928711,12.120489964605817,8.069828320467623,4.050661644138193,7,True,0.0695317747693002,0.06923144528871515,False,False,interaction
446,11,11,heldout,31,155,30,0.775,True,False,False,False,False,0.0267446022480726,0.125476136803627,-0.0987315326929092,10.396973509889042,4.792280300698329,5.604693209190713,7,True,0.05159860056932707,0.0518604479038359,False,False,interaction
447,11,11,heldout,32,160,31,0.8,False,True,True,False,True,0.0317529588937759,0.0569927282631397,-0.0252397693693637,9.448812599895575,3.048517624247887,6.4002949756476895,8,False,0.0045035670676954265,0.008429077504787245,True,False,transport_free
448,11,11,heldout,33,165,32,0.825,False,True,True,False,False,0.1651971936225891,0.2423131614923477,-0.0771159678697586,12.544565642754014,6.972268574645067,5.572297068108947,8,False,1.2523026831165223e-08,0.06904387136362056,True,False,transport_free
449,11,11,heldout,34,170,33,0.85,False,True,True,False,False,0.0714918300509452,0.2039761543273925,-0.1324843168258667,12.95571576883792,9.07839925170921,3.87731651712871,8,False,1.9921512737006712e-14,0.09858630207640079,True,False,transport_free
450,11,11,heldout,35,175,34,0.875,False,True,True,False,False,0.0332565642893314,0.0934526920318603,-0.0601961277425289,13.021388888009392,4.483933111661031,8.537455776348361,8,False,0.0,0.12445420572101044,True,False,transport_free
451,11,11,heldout,36,180,35,0.9,False,True,True,False,False,0.0230456292629241,0.0201065838336944,0.0029390454292297,10.636851293221456,1.2568356526899276,9.380015640531528,9,False,0.0,0.058734841281170215,True,False,transport_free
452,11,11,heldout,37,185,36,0.925,False,True,True,False,False,0.0423516146838665,0.0814342647790908,-0.0390826500952243,9.920273859071784,4.440725893633572,5.479547965438212,9,False,0.0,0.0979396966095422,True,False,transport_free
453,11,11,heldout,38,190,37,0.95,False,True,True,False,False,0.0120402844622731,0.0804756954312324,-0.0684354081749916,9.707816845475245,3.732648609668235,5.975168235807008,9,False,0.0,0.06152760548353262,True,False,transport_free
454,11,11,heldout,39,195,38,0.975,False,True,True,False,False,0.0126089202240109,0.1285382956266403,-0.1159293726086616,9.022012736507625,3.7877197977192063,5.234292938788418,9,False,0.0,0.05653205640214851,True,False,transport_free
455,11,11,heldout,40,200,39,1.0,False,True,True,False,False,0.0052948854863643,0.082379050552845,-0.0770841687917709,8.611718221396229,3.187590868544357,5.4241273528518725,9,False,0.0,0.035966502997020075,True,False,transport_free
456,12,12,heldout,3,15,2,0.075,False,True,True,False,False,0.0147264553233981,0.0529015362262725,-0.0381750799715518,15.929365745981151,18.8212213244626,-2.891855578481449,0,False,4.2674197509029455e-16,0.10655201231643227,True,False,transport_free
457,12,12,heldout,4,20,3,0.1,False,True,True,False,False,0.0205599553883075,0.0970050916075706,-0.0764451324939727,31.78549605083869,41.66812362566665,-9.88262757482796,1,False,0.0,0.057125768712631406,True,False,transport_free
458,12,12,heldout,5,25,4,0.125,False,True,True,False,False,0.0070373490452766,0.0778912752866745,-0.0708539262413978,13.981851112017964,39.2696370338673,-25.287785921849338,1,False,0.0,0.036124941035224505,True,False,transport_free
459,12,12,heldout,6,30,5,0.15,True,True,False,True,False,0.0023185301106423,0.043305616825819,-0.0409870855510234,6.258053294827185,34.41933724242134,-28.161283947594157,1,True,0.005321803124061222,0.002614681485342399,False,False,interaction
460,12,12,heldout,7,35,6,0.175,True,False,False,False,False,0.0535911656916141,0.2314105778932571,-0.1778194159269333,85.83244415996505,200.8054876738377,-114.9730435138726,1,True,0.07770798886623287,0.07750248895166481,False,False,interaction
461,12,12,heldout,8,40,7,0.2,True,False,False,False,False,0.1049762591719627,0.4429143369197845,-0.3379380702972412,82.95293332551465,381.97507740502493,-299.02214407951027,2,True,0.09396807903123482,0.09444978358633756,False,False,interaction
462,12,12,heldout,9,45,8,0.225,True,False,False,False,False,0.3023721873760223,0.8823533058166504,-0.5799810886383057,63.04238541538562,464.2129090731366,-401.17052365775095,2,True,0.11120522805552038,0.11208799798420746,False,False,interaction
463,12,12,heldout,10,50,9,0.25,True,False,False,False,False,0.8626286387443542,1.4314312934875488,-0.5688026547431946,64.97239302966814,73.52102782239972,-8.548634792731576,2,True,0.11303187235570447,0.11222342852213987,False,False,interaction
464,12,12,heldout,11,55,10,0.275,True,False,False,False,False,1.798722267150879,2.123244524002075,-0.3245222568511963,277.0184654304547,41.49660279635083,235.52186263410383,2,True,0.1705111020039074,0.17151037989985005,False,False,interaction
465,12,12,heldout,12,60,11,0.3,True,False,False,False,False,1.0865001678466797,1.6644033193588257,-0.577903151512146,35.442158860123406,15.400751010781946,20.04140784934146,3,True,0.12244214941183985,0.12271276229529142,False,False,interaction
466,12,12,heldout,13,65,12,0.325,True,False,False,False,False,0.0673199221491813,0.2864968478679657,-0.2191769182682037,11.106311539455632,9.030121070423872,2.0761904690317596,3,True,0.07770449114657992,0.07762370642336086,False,False,interaction
467,12,12,heldout,14,70,13,0.35,True,True,False,False,True,0.0130482194945216,0.0373202748596668,-0.0242720544338226,8.189986941301319,1.266328460223476,6.923658481077843,3,True,0.02176811529850981,0.02140308602225742,False,False,interaction
468,12,12,heldout,15,75,14,0.375,False,True,False,False,False,0.0510301887989044,0.0622265227138996,-0.0111963339149951,8.922758603993051,2.566865623790686,6.3558929802023645,3,False,0.00032379025968503445,0.017138395192577673,False,True,static
469,12,12,heldout,16,80,15,0.4,False,True,True,False,False,0.1619432121515274,0.1984941214323043,-0.0365509092807769,11.912851011862402,7.359538820860283,4.553312191002119,4,False,5.094969170713889e-10,0.05406637390667484,True,False,transport_free
470,12,12,heldout,17,85,16,0.425,False,True,True,False,False,0.1539399474859237,0.2406538724899292,-0.0867139250040054,16.460342297046264,17.73455417648309,-1.274211879436827,4,False,8.051808290870774e-16,0.06523285976829332,True,False,transport_free
471,12,12,heldout,18,90,17,0.45,False,True,True,False,False,0.1768399029970169,0.2881441414356231,-0.1113042384386062,24.122854484662295,20.042689432782648,4.08016505187965,4,False,0.0,0.10299531584355447,True,False,transport_free
472,12,12,heldout,19,95,18,0.475,False,True,True,False,False,0.0998693108558654,0.1425995975732803,-0.0427302867174148,14.93823408911733,13.132271526075934,1.805962563041396,4,False,0.0,0.06112951268610207,True,False,transport_free
473,12,12,heldout,20,100,19,0.5,False,True,True,False,False,0.1012327075004577,0.1727723479270935,-0.0715396404266357,12.396976739694663,11.16174919319272,1.235227546501946,5,False,0.0,0.05501244923922952,True,False,transport_free
474,12,12,heldout,21,105,20,0.525,False,True,True,False,False,0.0067422823049128,0.087514542043209,-0.0807722583413124,7.826675107155395,2.6365002411218987,5.190174866033496,5,False,0.0,0.061996011324780484,True,False,transport_free
475,12,12,heldout,22,110,21,0.55,False,True,True,False,False,0.0162539202719926,0.2369148135185241,-0.2206608951091766,9.243851712935376,7.436516339987937,1.8073353729474393,5,False,0.0,0.06916060055406491,True,False,transport_free
476,12,12,heldout,23,115,22,0.575,False,True,True,False,False,0.0076735094189643,0.0948189720511436,-0.0871454626321792,8.13240921098222,2.5699056708566492,5.5625035401255705,5,False,0.0011334448238863998,0.024283333448167868,True,False,transport_free
477,12,12,heldout,24,120,23,0.6,True,True,False,True,False,0.0141511857509613,0.0643063634634018,-0.0501551777124404,8.74494820908753,2.2391971950218843,6.5057510140656465,6,True,0.029117325505389365,0.02840666277170643,False,False,interaction
478,12,12,heldout,25,125,24,0.625,True,False,False,False,False,0.0925354436039924,0.271215558052063,-0.1786801218986511,8.625044820521998,6.047324295195882,2.577720525326116,6,True,0.08174478925948057,0.08164107130782447,False,False,interaction
479,12,12,heldout,26,130,25,0.65,True,False,False,False,False,0.3308866322040558,0.5337591171264648,-0.202872484922409,11.912815614862549,9.947048600979892,1.9657670138826544,6,True,0.08589547269587028,0.08625751446158095,False,False,interaction
480,12,12,heldout,27,135,26,0.675,True,False,False,False,False,0.2884010970592499,0.4903291165828705,-0.2019280195236206,8.475887690107838,5.183017493199578,3.29287019690826,6,True,0.06543904133062556,0.06628520524029452,False,False,interaction
481,12,12,heldout,28,140,27,0.7,True,False,False,False,False,0.2356618195772171,0.5024113655090332,-0.2667495608329773,7.180382772817263,4.972590082771497,2.2077926900457667,7,True,0.06270366100263741,0.06259086530616827,False,False,interaction
482,12,12,heldout,29,145,28,0.725,True,False,False,False,False,0.2128210067749023,0.3876958787441253,-0.174874871969223,12.06373433915222,8.774660943053528,3.289073396098692,7,True,0.07046406562221703,0.07074173069717797,False,False,interaction
483,12,12,heldout,30,150,29,0.75,True,False,False,False,False,0.0439817011356353,0.1634382158517837,-0.1194565147161483,7.993978151750919,3.651322191238053,4.342655960512866,7,True,0.05921302878963074,0.05882238412130509,False,False,interaction
484,12,12,heldout,31,155,30,0.775,True,False,False,False,False,0.0261759962886571,0.1706943958997726,-0.1445184051990509,9.411442664276384,6.2704812650092725,3.1409613992671117,7,True,0.05631086762254967,0.05610018361752491,False,False,interaction
485,12,12,heldout,32,160,31,0.8,True,True,False,False,True,0.0235626250505447,0.0400650016963481,-0.0165023766458034,8.063989964634123,1.664244815762176,6.399745148871947,8,True,0.009562922966503934,0.011476345221607802,False,False,interaction
486,12,12,heldout,33,165,32,0.825,False,True,True,False,False,0.1098530068993568,0.1459732353687286,-0.0361202284693717,9.116260159577912,4.090942418954589,5.025317740623323,8,False,1.0764560166139394e-05,0.039081633883593286,True,False,transport_free
487,12,12,heldout,34,170,33,0.85,False,True,True,False,False,0.1320888102054596,0.3159621059894562,-0.1838732957839965,8.268650908811486,5.911463427633959,2.357187481177527,8,False,1.705029155662065e-11,0.08631260710938161,True,False,transport_free
488,12,12,heldout,35,175,34,0.875,False,True,True,False,False,0.071265697479248,0.1904378682374954,-0.1191721707582473,8.866358311431457,3.7568943010434306,5.109464010388026,8,False,1.0408340855860843e-17,0.07390733333589836,True,False,transport_free
489,12,12,heldout,36,180,35,0.9,False,True,True,False,False,0.0180097855627536,0.0071593723259866,0.0108504127711057,8.479310064968478,0.2837142559294524,8.195595809039027,9,False,0.0,0.021219728214813657,True,False,transport_free
490,12,12,heldout,37,185,36,0.925,False,True,True,False,False,0.0612909793853759,0.1766617149114608,-0.1153707355260849,7.540016506554603,3.9419294404722303,3.5980870660823725,9,False,0.0,0.073885704650022,True,False,transport_free
491,12,12,heldout,38,190,37,0.95,False,True,True,False,False,0.0167129542678594,0.0814099833369255,-0.0646970272064209,6.049841820422931,1.1663037974656558,4.883538022957275,9,False,0.0,0.047288578303436794,True,False,transport_free
492,12,12,heldout,39,195,38,0.975,False,True,True,False,False,0.0129274809733033,0.1152262017130851,-0.1022987216711044,7.956307596183177,3.2830791024939407,4.673228493689237,9,False,3.469446951953614e-18,0.053488107309925245,True,False,transport_free
493,12,12,heldout,40,200,39,1.0,False,True,True,False,False,0.0061859809793531,0.1125338748097419,-0.1063478961586952,7.886564637991217,3.2635357242352363,4.623028913755981,9,False,0.0,0.042211910154994724,True,False,transport_free
494,13,13,heldout,3,15,2,0.075,False,True,True,False,False,0.0104510905221104,0.1099467054009437,-0.0994956120848655,12.557171053925236,13.97961465973129,-1.4224436058060537,0,False,4.2674197509029455e-16,0.07679917309790958,True,False,transport_free
495,13,13,heldout,4,20,3,0.1,False,True,True,False,False,0.0089257694780826,0.1977153271436691,-0.1887895613908767,8.691008802018867,30.752227572242635,-22.061218770223768,1,False,0.0,0.07432654697181713,True,False,transport_free
496,13,13,heldout,5,25,4,0.125,False,True,True,False,False,0.0033302437514066,0.0608845390379428,-0.0575542971491813,6.570629038108675,9.968588326191409,-3.397959288082734,1,False,0.0,0.026444356185134237,True,False,transport_free
497,13,13,heldout,6,30,5,0.15,True,True,False,True,False,0.0438849739730358,0.1082387566566467,-0.0643537789583206,39.61303863176773,86.07022779345941,-46.45718916169168,1,True,0.010596128252485052,0.010076005822791336,False,False,interaction
498,13,13,heldout,7,35,6,0.175,True,False,False,False,False,0.1432618349790573,0.3101634085178375,-0.1669015735387802,96.93238188321205,103.00146813317026,-6.069086249958232,1,True,0.07571610315615825,0.0749857010928625,False,False,interaction
499,13,13,heldout,8,40,7,0.2,True,False,False,False,False,0.1724234372377395,0.7374599575996399,-0.5650365352630615,30.400154203824247,235.44812861449049,-205.0479744106662,2,True,0.09356169735826161,0.09418250777634826,False,False,interaction
500,13,13,heldout,9,45,8,0.225,True,False,False,False,False,1.3642228841781616,2.0947189331054688,-0.7304960489273071,16.330819941436165,23.44326133907209,-7.112441397635926,2,True,0.1393197666297369,0.14141558171123625,False,False,interaction
501,13,13,heldout,10,50,9,0.25,True,False,False,False,False,0.3934573829174042,0.7252877354621887,-0.3318303525447845,11.287900724424077,11.475416831543038,-0.1875161071189612,2,True,0.04670685534426885,0.04684925714320878,False,False,interaction
502,13,13,heldout,11,55,10,0.275,True,False,False,False,False,0.1304299086332321,0.4173785746097564,-0.2869486808776855,14.41896049829357,13.72260717414016,0.6963533241534101,2,True,0.08863767550460834,0.08868895623245475,False,False,interaction
503,13,13,heldout,12,60,11,0.3,True,False,False,False,False,0.0492734014987945,0.2353582829236984,-0.1860848814249038,11.762460158115056,12.902250844631638,-1.139790686516582,3,True,0.07543592540311715,0.07568198408576071,False,False,interaction
504,13,13,heldout,13,65,12,0.325,True,False,False,False,False,0.0761966630816459,0.1992775648832321,-0.1230809018015861,17.08142266123278,22.499772628051947,-5.418349966819168,3,True,0.0662213483035092,0.06566810281426536,False,False,interaction
505,13,13,heldout,14,70,13,0.35,True,True,False,False,True,0.0197625551372766,0.0302547421306371,-0.0104921869933605,11.873331356699282,3.846993135184174,8.026338221515108,3,True,0.026094995666634823,0.023803591282748896,False,False,interaction
506,13,13,heldout,15,75,14,0.375,False,True,False,False,False,0.0188480522483587,0.0105983195826411,0.0082497326657176,14.822426116140674,2.5740235617716034,12.24840255436907,3,False,0.0002926538051220927,0.004461912170802837,False,True,static
507,13,13,heldout,16,80,15,0.4,False,True,True,False,False,0.1784583926200866,0.2762215435504913,-0.0977631509304046,38.15932901336201,42.419945656183806,-4.260616642821795,4,False,4.567011979557213e-10,0.08100713354114535,True,False,transport_free
508,13,13,heldout,17,85,16,0.425,False,True,True,False,False,0.1071051582694053,0.2896556556224823,-0.1825504899024963,12.277389172130189,26.564611640982505,-14.287222468852317,4,False,7.147060721024445e-16,0.10523180320367677,True,False,transport_free
509,13,13,heldout,18,90,17,0.45,False,True,True,False,False,0.0129230469465255,0.0075594261288642,0.0053636208176612,9.777191286609431,0.4661497562761945,9.311041530333236,4,False,0.0,0.022933387465811573,True,False,transport_free
510,13,13,heldout,19,95,18,0.475,False,True,True,False,False,0.0174953024834394,0.0348823927342891,-0.0173870902508497,14.012295783757734,5.157793546182047,8.854502237575687,4,False,0.0,0.03965431329649413,True,False,transport_free
511,13,13,heldout,20,100,19,0.5,False,True,True,False,False,0.0116853984072804,0.0638036802411079,-0.05211828276515,10.526288348355305,5.111258416773846,5.415029931581457,5,False,0.0,0.053806373267041595,True,False,transport_free
512,13,13,heldout,21,105,20,0.525,False,True,True,False,False,0.0199416540563106,0.1919995546340942,-0.1720578968524933,8.439548138192864,21.14820447536572,-12.708656337172856,5,False,0.0,0.07892142916896418,True,False,transport_free
513,13,13,heldout,22,110,21,0.55,False,True,True,False,False,0.0363881289958953,0.1655269712209701,-0.1291388422250747,11.262893942459762,33.298088354214805,-22.035194411755043,5,False,0.0,0.049683719597411836,True,False,transport_free
514,13,13,heldout,23,115,22,0.575,True,True,False,True,False,0.0125033892691135,0.0412067435681819,-0.0287033542990684,8.81404104674312,8.579949425255867,0.2340916214872521,5,True,0.01436726950803365,0.009222214166876458,False,False,interaction
515,13,13,heldout,24,120,23,0.6,True,False,False,False,False,0.105076789855957,0.2692557573318481,-0.1641789674758911,19.90940052653792,31.721490816207265,-11.812090289669342,6,True,0.08530701926751787,0.08561762849469119,False,False,interaction
516,13,13,heldout,25,125,24,0.625,True,False,False,False,False,0.2691756188869476,0.5365855097770691,-0.2674098908901214,27.19131965746243,53.44958359761696,-26.258263940154528,6,True,0.09690044005444755,0.09708342595419973,False,False,interaction
517,13,13,heldout,26,130,25,0.65,True,False,False,False,False,0.7802947163581848,1.1466150283813477,-0.3663203120231628,11.70871988373657,10.713709332857292,0.995010550879277,6,True,0.10072457629337925,0.10157844574899248,False,False,interaction
518,13,13,heldout,27,135,26,0.675,True,False,False,False,False,0.0609419532120227,0.2022256851196289,-0.1412837356328964,5.14061781411551,2.6708907513403566,2.4697270627751533,6,True,0.044965489898494616,0.04393394675202665,False,False,interaction
519,13,13,heldout,28,140,27,0.7,True,False,False,False,False,0.683002769947052,0.9840838313102722,-0.3010810613632202,29.713170092996663,22.6687082093561,7.044461883640565,7,True,0.09996246090602186,0.09998903590043079,False,False,interaction
520,13,13,heldout,29,145,28,0.725,True,False,False,False,False,0.1476770490407943,0.2664995491504669,-0.1188225001096725,26.408767141082905,21.09147416388132,5.317292977201586,7,True,0.06535071176042814,0.06520277280132725,False,False,interaction
521,13,13,heldout,30,150,29,0.75,True,False,False,False,False,0.0503144823014736,0.1453350633382797,-0.0950205773115158,15.331052807814118,22.115423391901743,-6.784370584087625,7,True,0.05341292675934941,0.053190180412438,False,False,interaction
522,13,13,heldout,31,155,30,0.775,True,True,False,False,True,0.0399341993033885,0.0760572552680969,-0.0361230559647083,15.985390282123126,9.335015671390993,6.650374610732133,7,True,0.020550371309835915,0.02596837278163685,False,False,interaction
523,13,13,heldout,32,160,31,0.8,False,True,False,False,False,0.0484752766788005,0.0505238771438598,-0.0020486004650592,21.968009895647825,10.732040368103895,11.23596952754393,8,False,2.873342144166486e-05,0.015401615341678925,False,True,static
524,13,13,heldout,33,165,32,0.825,False,True,True,False,False,0.0699311792850494,0.114109493792057,-0.0441783145070076,19.69192899750998,15.785389821804475,3.906539175705502,8,False,4.5655201429066936e-11,0.05559986212975077,True,False,transport_free
525,13,13,heldout,34,170,33,0.85,False,True,True,False,False,0.1154915317893028,0.2457837462425232,-0.1302922070026397,14.339993976941296,29.75553009243912,-15.415536115497824,8,False,5.898059818321144e-17,0.09111340280178734,True,False,transport_free
526,13,13,heldout,35,175,34,0.875,False,True,True,False,False,0.0343733020126819,0.0797106698155403,-0.0453373678028583,12.094835505095425,10.235843596058208,1.858991909037215,8,False,0.0,0.08466309929146329,True,False,transport_free
527,13,13,heldout,36,180,35,0.9,False,True,True,False,False,0.0217316206544637,0.0581731013953685,-0.0364414826035499,15.774643864451209,14.211105677856809,1.5635381865943998,9,False,0.0,0.0794600643656246,True,False,transport_free
528,13,13,heldout,37,185,36,0.925,False,True,True,False,False,0.0251412335783243,0.0684304237365722,-0.0432891920208931,15.890314965679725,9.291279442745036,6.599035522934688,9,False,0.0,0.05294521126050083,True,False,transport_free
529,13,13,heldout,38,190,37,0.95,False,True,True,False,False,0.0153619451448321,0.1342703700065612,-0.1189084276556968,8.54888894417297,12.637351004302468,-4.088462060129498,9,False,0.0,0.06986090420593073,True,False,transport_free
530,13,13,heldout,39,195,38,0.975,False,True,True,False,False,0.0118444832041859,0.1289272159337997,-0.117082729935646,6.895348963622447,17.842049174301266,-10.94670021067882,9,False,0.0,0.056185380040382954,True,False,transport_free
531,13,13,heldout,40,200,39,1.0,True,True,False,True,False,0.007888875901699,0.054756224155426,-0.0468673482537269,8.168685978756079,10.434737171519856,-2.2660511927637774,9,True,0.0008605036034482728,0.012654917482485642,False,False,interaction
532,14,14,heldout,3,15,2,0.075,False,True,True,False,False,0.0166770238429307,0.1222197338938713,-0.1055427119135856,9.20557054009544,4.092220711155932,5.1133498289395085,0,False,4.2674197509029455e-16,0.06117058603963272,True,False,transport_free
533,14,14,heldout,4,20,3,0.1,False,True,True,False,False,0.0105235101655125,0.1253561228513717,-0.1148326098918914,9.098774989307786,4.412202498125024,4.686572491182763,1,False,0.0,0.05179233229984846,True,False,transport_free
534,14,14,heldout,5,25,4,0.125,False,True,False,False,False,0.003426338545978,0.06077641248703,-0.0573500730097293,8.671804661159028,3.065778248789974,5.606026412369054,1,False,0.0,0.01670736723331888,False,True,static
535,14,14,heldout,6,30,5,0.15,True,True,False,True,False,0.0029797821771353,0.0170023795217275,-0.0140225971117615,7.15430463640849,0.8637887654654702,6.29051587094302,1,True,0.006535808669559478,0.006896179072525917,False,False,interaction
536,14,14,heldout,7,35,6,0.175,True,False,False,False,False,0.0393225438892841,0.1698116064071655,-0.1304890662431717,9.968077375596256,7.047441345801235,2.9206360297950207,1,True,0.060467844621119676,0.06029314831873289,False,False,interaction
537,14,14,heldout,8,40,7,0.2,True,False,False,False,False,0.0624885857105255,0.2890655994415283,-0.2265770137310028,9.06268075329998,13.152865381162853,-4.0901846278628735,2,True,0.07803474437121152,0.07802716861166738,False,False,interaction
538,14,14,heldout,9,45,8,0.225,True,False,False,False,False,0.1545834094285965,0.7318139672279358,-0.5772305727005005,11.257179809715817,28.25073823609088,-16.993558426375067,2,True,0.10025824375766017,0.10124281244903514,False,False,interaction
539,14,14,heldout,10,50,9,0.25,True,False,False,False,False,1.00358247756958,1.6317138671875,-0.6281313896179199,11.07630267005958,5.188197103677973,5.888105566381609,2,True,0.11672725440495993,0.1171508077128651,False,False,interaction
540,14,14,heldout,11,55,10,0.275,True,False,False,False,False,1.8917049169540403,1.9590096473693848,-0.0673047304153442,448.0990243982507,503.26988529739265,-55.17086089914193,2,True,0.17045546785942717,0.17195164581548492,False,False,interaction
541,14,14,heldout,12,60,11,0.3,True,False,False,False,False,0.627623975276947,1.1960591077804563,-0.5684351325035095,470.888550209647,1061.8336067188743,-590.9450565092275,3,True,0.09984809362717996,0.10002942390033491,False,False,interaction
542,14,14,heldout,13,65,12,0.325,True,False,False,False,False,0.0530001707375049,0.2954457700252533,-0.2424456030130386,54.11387394773728,220.6507996618197,-166.53692571408237,3,True,0.08398525728724465,0.08366824728960534,False,False,interaction
543,14,14,heldout,14,70,13,0.35,True,True,False,False,True,0.0421549975872039,0.1135056316852569,-0.0713506340980529,48.690488354370494,68.39139865215998,-19.700910297789484,3,True,0.038150120159666026,0.039047909334111425,False,False,interaction
544,14,14,heldout,15,75,14,0.375,False,True,True,False,False,0.1093844845890998,0.114711046218872,-0.0053265616297721,121.14307781089369,97.890781743266,23.252296067627668,3,False,5.633793570564053e-05,0.028344256589214308,True,False,transport_free
545,14,14,heldout,16,80,15,0.4,False,True,True,False,False,0.2021674066781997,0.2766279280185699,-0.0744605213403701,234.81779718069296,243.33323828816583,-8.515441107472867,4,False,8.878071126156685e-11,0.08236328616009864,True,False,transport_free
546,14,14,heldout,17,85,16,0.425,False,True,True,False,False,0.0732961222529411,0.190531238913536,-0.1172351166605949,67.67548284047113,121.52134963227536,-53.84586679180421,4,False,1.249000902703301e-16,0.10085143952425876,True,False,transport_free
547,14,14,heldout,18,90,17,0.45,False,True,True,False,False,0.036958921700716,0.1324201673269271,-0.0954612493515014,16.023247500724484,33.679060040911025,-17.655812540186542,4,False,0.0,0.10864422088169269,True,False,transport_free
548,14,14,heldout,19,95,18,0.475,False,True,True,False,False,0.0244806353002786,0.0956923589110374,-0.0712117254734039,17.06261496991584,28.088698723560896,-11.026083753645056,4,False,0.0,0.1018516316371744,True,False,transport_free
549,14,14,heldout,20,100,19,0.5,False,True,True,False,False,0.0194922033697366,0.1247700676321983,-0.1052778661251068,13.52840912088628,68.20866209830122,-54.68025297741494,5,False,0.0,0.08462891280662842,True,False,transport_free
550,14,14,heldout,21,105,20,0.525,False,True,True,False,False,0.0120842112228274,0.1784892529249191,-0.1664050370454788,11.607075749113193,163.21722413776212,-151.61014838864892,5,False,0.0,0.07808064278930615,True,False,transport_free
551,14,14,heldout,22,110,21,0.55,False,True,True,False,False,0.0066121728159487,0.1643082499504089,-0.1576960831880569,10.029181869665896,129.54037377687436,-119.51119190720848,5,False,0.0,0.058317277190747835,True,False,transport_free
552,14,14,heldout,23,115,22,0.575,True,True,False,True,False,0.0053484137170016,0.0507807992398738,-0.0454323850572109,12.535763165017094,52.975070578607784,-40.43930741359069,5,True,0.003213620686847371,0.01000458236386394,False,False,interaction
553,14,14,heldout,24,120,23,0.6,True,True,False,False,False,0.010484148748219,0.0685763582587242,-0.0580922104418277,8.91093616481775,49.10382950315648,-40.19289333833873,6,True,0.03203576075176881,0.03192327563566484,False,False,interaction
554,14,14,heldout,25,125,24,0.625,True,False,False,False,False,0.1347886770963668,0.2847540080547333,-0.1499653309583664,205.19674747268868,215.65586630677896,-10.459118834090276,6,True,0.07695226059207298,0.07697252557268237,False,False,interaction
555,14,14,heldout,26,130,25,0.65,True,False,False,False,False,0.2083827704191208,0.7878932952880859,-0.579510509967804,268.642089381556,682.2643341561042,-413.62224477454816,6,True,0.09390382510069314,0.09448936709007535,False,False,interaction
556,14,14,heldout,27,135,26,0.675,True,False,False,False,False,0.117770217359066,0.5936456322669983,-0.4758754074573517,117.09762670889144,552.8668654496613,-435.7692387407699,6,True,0.09260964761153746,0.09310821100264402,False,False,interaction
557,14,14,heldout,28,140,27,0.7,True,False,False,False,False,0.2350429743528366,0.6938729882240295,-0.4588299989700317,57.45724481200974,170.87387620724,-113.41663139523024,7,True,0.07982685199501052,0.08013707878924176,False,False,interaction
558,14,14,heldout,29,145,28,0.725,True,False,False,False,False,0.1057694852352142,0.7157905101776123,-0.6100209951400757,97.10652981496236,792.7872433425915,-695.6807135276292,7,True,0.10401891268239588,0.10431919040691742,False,False,interaction
559,14,14,heldout,30,150,29,0.75,True,False,False,False,False,0.0826522186398506,0.2271244972944259,-0.1444722712039947,89.94070570524502,201.63765063658164,-111.69694493133662,7,True,0.06644267046236031,0.06642177896738492,False,False,interaction
560,14,14,heldout,31,155,30,0.775,True,False,False,False,False,0.0227126386016607,0.1774323731660843,-0.154719740152359,32.34194543849379,161.25027714801456,-128.90833170952078,7,True,0.054289959474222084,0.05432252164915414,False,False,interaction
561,14,14,heldout,32,160,31,0.8,True,True,False,False,True,0.0165560264140367,0.0084830531850457,0.008072973228991,26.505086685157575,6.669903111312479,19.835183573845097,8,True,0.0066683785915940584,0.004057051653206061,False,False,interaction
562,14,14,heldout,33,165,32,0.825,False,True,True,False,False,0.1080979332327842,0.1106742843985557,-0.0025763511657714,126.11579973912662,87.09569547456503,39.02010426456158,8,False,2.196417857945278e-06,0.03866672409011587,True,False,transport_free
563,14,14,heldout,34,170,33,0.85,False,True,True,False,False,0.1583528667688369,0.2848159968852997,-0.1264631301164627,201.62625565895144,257.32107646448503,-55.694820805533595,8,False,3.5037563345324507e-12,0.08923534537859489,True,False,transport_free
564,14,14,heldout,35,175,34,0.875,False,True,True,False,False,0.0310958996415138,0.0555551350116729,-0.0244592353701591,27.06839490310809,20.557880545018303,6.510514358089786,8,False,0.0,0.08525247779555803,True,False,transport_free
565,14,14,heldout,36,180,35,0.9,False,True,True,False,False,0.0207454171031713,0.0025125881657004,0.0182328298687934,23.307762689440555,0.8531192253791614,22.454643464061395,9,False,0.0,0.029700516338413814,True,False,transport_free
566,14,14,heldout,37,185,36,0.925,False,True,True,False,False,0.0319626927375793,0.0386874005198478,-0.0067247077822685,37.068297316817386,15.831654398661462,21.236642918155923,9,False,0.0,0.0700016440537275,True,False,transport_free
567,14,14,heldout,38,190,37,0.95,False,True,True,False,False,0.0132226618006825,0.0249088089913129,-0.0116861471906304,21.71030495547603,11.409740008809122,10.300564946666908,9,False,0.0,0.05206411993099727,True,False,transport_free
568,14,14,heldout,39,195,38,0.975,False,True,True,False,False,0.0189219880849123,0.2494052201509475,-0.2304832339286804,16.102899400353802,210.8234170296444,-194.72051762929055,9,False,0.0,0.08840555943600445,True,False,transport_free
569,14,14,heldout,40,200,39,1.0,False,True,True,False,False,0.0270965844392776,0.1462270617485046,-0.1191304773092269,38.1792074569422,150.4435779264476,-112.2643704695054,9,False,0.0,0.05482911451799035,True,False,transport_free
570,15,15,heldout,3,15,2,0.075,False,True,True,False,False,0.0164345856755971,0.0530389137566089,-0.0366043299436569,12.459856789261996,16.946423806802162,-4.486567017540166,0,False,4.2674197509029455e-16,0.12189616900692564,True,False,transport_free
571,15,15,heldout,4,20,3,0.1,False,True,True,False,False,0.0062198550440371,0.1227637901902198,-0.1165439337491989,9.876563968512064,46.87442036116331,-36.99785639265125,1,False,0.0,0.07735225284309688,True,False,transport_free
572,15,15,heldout,5,25,4,0.125,False,True,True,False,False,0.0072579751722514,0.1641654670238495,-0.1569074988365173,8.434795346881698,79.25467369528457,-70.81987834840287,1,False,0.0,0.03605669021684432,True,False,transport_free
573,15,15,heldout,6,30,5,0.15,True,True,False,True,False,0.0021586292423307,0.0104994727298617,-0.0083408430218696,7.697290108495973,7.240218021458342,0.4570720870376306,1,True,0.008579934502167874,0.007972981906310964,False,False,interaction
574,15,15,heldout,7,35,6,0.175,True,False,False,False,False,0.0430447496473789,0.1768814176321029,-0.1338366717100143,56.405068809573095,152.1732892689137,-95.7682204593406,1,True,0.08784373960180215,0.08784193529915439,False,False,interaction
575,15,15,heldout,8,40,7,0.2,True,False,False,False,False,0.755264937877655,1.5007476806640625,-0.7454827427864075,212.31469295702428,731.2612022967978,-518.9465093397736,2,True,0.11555314368096203,0.11577910419001139,False,False,interaction
576,15,15,heldout,9,45,8,0.225,True,False,False,False,False,1.4722312688827517,1.9447039365768433,-0.4724726676940918,21.2611771356722,86.05235729094306,-64.79118015527087,2,True,0.15010354773402748,0.1512651409215149,False,False,interaction
577,15,15,heldout,10,50,9,0.25,True,False,False,False,False,1.573330283164978,1.8931961059570312,-0.3198658227920532,160.42976320203357,16.331415786357493,144.09834741567607,2,True,0.14093872626119391,0.1417076250867155,False,False,interaction
578,15,15,heldout,11,55,10,0.275,True,False,False,False,False,0.6038277745246887,1.447269320487976,-0.8434415459632874,287.2196034993663,381.92068692921833,-94.70108342985202,2,True,0.12000435651830246,0.12056238884725766,False,False,interaction
579,15,15,heldout,12,60,11,0.3,True,False,False,False,False,0.0406958311796188,0.2575008571147918,-0.216805025935173,19.651371475082303,113.69726527118128,-94.04589379609897,3,True,0.06945271469480521,0.06951206051148895,False,False,interaction
580,15,15,heldout,13,65,12,0.325,True,False,False,False,False,0.0181830059736967,0.1734281033277511,-0.1552450954914093,8.831782077473001,64.76535093685882,-55.93356885938582,3,True,0.04608801466593802,0.04593496432960574,False,False,interaction
581,15,15,heldout,14,70,13,0.35,True,True,False,False,True,0.0069738910533487,0.0161644574254751,-0.0091905668377876,7.090093900637719,13.390745737942334,-6.300651837304615,3,True,0.0069307697721894285,0.013192544894519724,False,False,interaction
582,15,15,heldout,15,75,14,0.375,False,True,False,False,False,0.0428574979305267,0.0296537578105926,0.013203740119934,14.423264051025932,8.032979263543181,6.39028478748275,3,False,1.3482746088218778e-05,0.012194117216881862,False,True,static
583,15,15,heldout,16,80,15,0.4,False,True,True,False,False,0.2108158618211746,0.2316733002662658,-0.0208574384450912,98.84277858075374,83.00768802827174,15.835090552482,4,False,2.1230814378291293e-11,0.07316096976781034,True,False,transport_free
584,15,15,heldout,17,85,16,0.425,False,True,True,False,False,0.1526803821325302,0.1876310110092163,-0.034950628876686,48.40588719210331,66.09398799382012,-17.688100801716814,4,False,2.0888836804026048e-17,0.10105381101581914,True,False,transport_free
585,15,15,heldout,18,90,17,0.45,False,True,True,False,False,0.0290823187679052,0.0787521079182624,-0.0496697872877121,12.272256377034315,13.958920416490256,-1.6866640394559411,4,False,0.0,0.08694433283309719,True,False,transport_free
586,15,15,heldout,19,95,18,0.475,False,True,True,False,False,0.0207722205668687,0.0895105898380279,-0.0687383711338043,12.89675574164877,12.88269210971788,0.0140636319308899,4,False,0.0,0.10281515708740047,True,False,transport_free
587,15,15,heldout,20,100,19,0.5,False,True,True,False,False,0.0221001747995615,0.0813796147704124,-0.059279441833496,13.596406151540478,23.150732298632192,-9.554326147091714,5,False,0.0,0.07034986199354781,True,False,transport_free
588,15,15,heldout,21,105,20,0.525,False,True,True,False,False,0.0049561932682991,0.0641690194606781,-0.059212826192379,9.114004648289937,25.89292205811915,-16.778917409829212,5,False,0.0,0.05217511218846841,True,False,transport_free
589,15,15,heldout,22,110,21,0.55,False,True,True,False,False,0.0033603375777602,0.13043974339962,-0.1270794123411178,5.807123418978025,37.10431789680267,-31.297194477824643,5,False,0.0,0.05628334939986453,True,False,transport_free
590,15,15,heldout,23,115,22,0.575,True,True,False,True,False,0.0183212310075759,0.1239299774169921,-0.1056087464094162,14.269731512052743,51.26394212887826,-36.99421061682552,5,True,0.0049883341051738085,0.016834919539221397,False,False,interaction
591,15,15,heldout,24,120,23,0.6,True,True,False,False,False,0.0275140926241874,0.110238641500473,-0.0827245488762855,10.616204752278286,24.08802348981486,-13.471818737536571,6,True,0.03741578201611896,0.03706790480903232,False,False,interaction
592,15,15,heldout,25,125,24,0.625,True,False,False,False,False,0.1253086626529693,0.2438838928937912,-0.1185752302408218,70.35960511306035,83.69584926158232,-13.33624414852197,6,True,0.07232866275277758,0.07240624359132981,False,False,interaction
593,15,15,heldout,26,130,25,0.65,True,False,False,False,False,0.2722978293895721,0.6114943623542786,-0.3391965329647064,231.11118562962304,603.118897078681,-372.007711449058,6,True,0.06617531346766865,0.06664162189643384,False,False,interaction
594,15,15,heldout,27,135,26,0.675,True,False,False,False,False,0.1209971830248832,0.2083026766777038,-0.0873054936528205,102.3110732448166,224.850860159058,-122.53978691424138,6,True,0.03139485442346429,0.032820088718231104,False,False,interaction
595,15,15,heldout,28,140,27,0.7,True,False,False,False,False,0.5193327069282532,0.8988099098205566,-0.3794772028923034,534.5714950875212,1128.036848570571,-593.4653534830499,7,True,0.06968044620874647,0.06955267862116304,False,False,interaction
596,15,15,heldout,29,145,28,0.725,True,False,False,False,False,0.0903167426586151,0.2664704024791717,-0.1761536598205566,66.3318743450385,172.8884468960316,-106.55657255099312,7,True,0.05226786750421553,0.05239610885900948,False,False,interaction
597,15,15,heldout,30,150,29,0.75,True,False,False,False,False,0.057727962732315,0.1339339762926101,-0.0762060135602951,59.25281002498039,48.8022237144499,10.45058631053049,7,True,0.04715089766153102,0.04686027034436449,False,False,interaction
598,15,15,heldout,31,155,30,0.775,True,True,False,False,True,0.0069144782610237,0.0702908709645271,-0.0633763894438743,7.043457806142478,23.60922714486934,-16.565769338726863,7,True,0.03604015395940318,0.03355653923351419,False,False,interaction
599,15,15,heldout,32,160,31,0.8,False,True,False,False,False,0.0135604022070765,0.0193314161151647,-0.0057710139080882,7.255478897505289,3.8850810797131063,3.3703978177921825,8,False,0.0009630724176137546,0.004797710097376036,False,True,static
600,15,15,heldout,33,165,32,0.825,False,True,True,False,False,0.1260417699813842,0.1333388835191726,-0.0072971135377883,47.70635495494168,35.607255183250096,12.099099771691584,8,False,4.391691894139028e-09,0.04209651055073117,True,False,transport_free
601,15,15,heldout,34,170,33,0.85,False,True,True,False,False,0.1344224512577057,0.1752336174249649,-0.0408111661672592,40.29131421614948,60.859196499368345,-20.567882283218864,8,False,6.99304622851931e-15,0.08115631539714178,True,False,transport_free
602,15,15,heldout,35,175,34,0.875,False,True,True,False,False,0.0824195072054863,0.1841153651475906,-0.1016958579421043,28.94835673724803,53.73829990513409,-24.78994316788606,8,False,0.0,0.10883491119730446,True,False,transport_free
603,15,15,heldout,36,180,35,0.9,False,True,True,False,False,0.0090780835598707,0.0093788066878914,-0.0003007231280207,12.884851077507903,2.6460193556674096,10.238831721840496,9,False,0.0,0.027989386506031343,True,False,transport_free
604,15,15,heldout,37,185,36,0.925,False,True,True,False,False,0.0216457564383745,0.0653041005134582,-0.0436583459377288,13.95523831938551,15.69256202654844,-1.737323707162929,9,False,0.0,0.055103243060656705,True,False,transport_free
605,15,15,heldout,38,190,37,0.95,False,True,True,False,False,0.006841700989753,0.0427666306495666,-0.0359249301254749,8.469701168483304,18.510178700925923,-10.04047753244262,9,False,0.0,0.053117943252785,True,False,transport_free
606,15,15,heldout,39,195,38,0.975,False,True,True,False,False,0.0083876401185989,0.1090243682265281,-0.1006367281079292,10.978790388512692,33.8830450250069,-22.90425463649421,9,False,0.0,0.06555844467601345,True,False,transport_free
607,15,15,heldout,40,200,39,1.0,False,True,True,False,False,0.009078150615096,0.1406476944684982,-0.1315695494413375,11.20212096032659,37.90740238097854,-26.70528142065195,9,False,0.0,0.04636298465623241,True,False,transport_free
608,16,16,heldout,3,15,2,0.075,False,True,True,False,False,0.0203890670090913,0.0520824082195758,-0.0316933393478393,11.88633372762053,22.66719095847134,-10.780857230850811,0,False,4.2674197509029455e-16,0.06182983541089755,True,False,transport_free
609,16,16,heldout,4,20,3,0.1,False,True,True,False,False,0.0092769181355834,0.1482230573892593,-0.1389461457729339,6.174738097353335,96.82822791411516,-90.65348981676183,1,False,0.0,0.0626147230784566,True,False,transport_free
610,16,16,heldout,5,25,4,0.125,False,True,True,False,False,0.0267857238650321,0.1355666667222976,-0.1087809428572654,28.00315387732293,77.42734190818038,-49.42418803085745,1,False,0.0,0.050353361755619705,True,False,transport_free
611,16,16,heldout,6,30,5,0.15,True,True,False,True,False,0.006209893617779,0.066099040210247,-0.0598891451954841,6.495843073373426,28.585134599924505,-22.08929152655108,1,True,0.006008239414362536,0.005090346357778392,False,False,interaction
612,16,16,heldout,7,35,6,0.175,True,False,False,False,False,0.146347776055336,0.3915518522262573,-0.2452040761709213,57.112741793443405,60.690808408480414,-3.5780666150370095,1,True,0.08324149085793454,0.08307290875823302,False,False,interaction
613,16,16,heldout,8,40,7,0.2,True,False,False,False,False,0.2765604257583618,0.9133533835411072,-0.6367929577827454,81.54576038938575,565.7435942271605,-484.1978338377748,2,True,0.09642885123914573,0.0964835936509334,False,False,interaction
614,16,16,heldout,9,45,8,0.225,True,False,False,False,False,0.4736005365848541,1.2088247537612915,-0.7352242469787598,13.94849846294854,68.94596698941973,-54.99746852647119,2,True,0.08969061370760371,0.09025530989854781,False,False,interaction
615,16,16,heldout,10,50,9,0.25,True,False,False,False,False,0.3989784717559814,0.6522400379180908,-0.2532615661621094,10.303967005003852,15.60272328547565,-5.298756280471798,2,True,0.0680460999879959,0.06750651513991471,False,False,interaction
616,16,16,heldout,11,55,10,0.275,True,False,False,False,False,0.6230031251907349,1.2061630487442017,-0.5831599235534668,37.96093237929556,48.55241718932191,-10.591484810026344,2,True,0.08072270736714587,0.08121042863913716,False,False,interaction
617,16,16,heldout,12,60,11,0.3,True,False,False,False,False,0.0593316592276096,0.3298715651035309,-0.2705399096012115,8.748034227981918,13.541866722477542,-4.793832494495623,3,True,0.07319099337297123,0.0732204505867819,False,False,interaction
618,16,16,heldout,13,65,12,0.325,True,False,False,False,False,0.0526676289737224,0.2997666299343109,-0.2470989972352981,9.347612833516903,8.83785662193201,0.5097562115848948,3,True,0.07224256680301304,0.0718689302514322,False,False,interaction
619,16,16,heldout,14,70,13,0.35,True,True,False,False,True,0.0129784671589732,0.0448772646486759,-0.0318987965583801,7.900038562310833,3.6342081353877056,4.265830426923127,3,True,0.02096529987173831,0.024655661378549288,False,False,interaction
620,16,16,heldout,15,75,14,0.375,False,True,False,False,False,0.0610277950763702,0.0655372813344001,-0.0045094862580299,12.156893943920943,6.442982487552392,5.713911456368551,3,False,5.463249546921269e-05,0.011011734586493545,False,True,static
621,16,16,heldout,16,80,15,0.4,False,True,True,False,False,0.1855377703905105,0.3829223811626434,-0.1973846107721328,15.363274692554151,22.725221258319696,-7.361946565765544,4,False,8.570217412625216e-11,0.0879796493933421,True,False,transport_free
622,16,16,heldout,17,85,16,0.425,False,True,True,False,False,0.2140814065933227,0.5439954400062561,-0.3299140334129333,13.10628763702354,19.30418003132718,-6.197892394303642,4,False,1.1102230246251565e-16,0.12650227850423335,True,False,transport_free
623,16,16,heldout,18,90,17,0.45,False,True,False,False,False,0.0099849486723542,0.0002867023285944,0.0096982466056942,6.553294322510406,0.0507780273151354,6.502516295195271,4,False,0.0,0.01164222796601077,False,True,static
624,16,16,heldout,19,95,18,0.475,False,True,True,False,False,0.0594706945121288,0.2513459026813507,-0.1918752044439315,6.532381570065167,7.539690042202152,-1.0073084721369856,4,False,0.0,0.09604617728251176,True,False,transport_free
625,16,16,heldout,20,100,19,0.5,False,True,True,False,False,0.02340286411345,0.1214691177010536,-0.0980662554502487,5.158547373090369,7.818978454723717,-2.660431081633348,5,False,0.0,0.05325880974704363,True,False,transport_free
626,16,16,heldout,21,105,20,0.525,False,True,True,False,False,0.0098362863063812,0.0777637287974357,-0.0679274424910545,6.501471848773817,4.304826476189474,2.196645372584343,5,False,0.0,0.042180345625553,True,False,transport_free
627,16,16,heldout,22,110,21,0.55,False,True,True,False,False,0.0325878225266933,0.1081913337111473,-0.0756035149097442,12.46507334339558,7.416487567677628,5.048585775717953,5,False,0.0,0.030405059548460702,True,False,transport_free
628,16,16,heldout,23,115,22,0.575,True,True,False,True,False,0.0089182024821639,0.0515701882541179,-0.0426519848406314,8.164476901703141,5.8063397114173005,2.358137190285841,5,True,0.0004549694160341644,0.004750692054996964,False,False,interaction
629,16,16,heldout,24,120,23,0.6,True,True,False,False,False,0.0304273571819067,0.1176894307136535,-0.0872620716691017,9.280068884938862,3.3074461160450155,5.972622768893846,6,True,0.040593991599423715,0.03922312194712821,False,False,interaction
630,16,16,heldout,25,125,24,0.625,True,False,False,False,False,0.3378468453884125,0.6132444143295288,-0.2753975689411163,19.70580234268601,26.315999698236897,-6.610197355550884,6,True,0.09223343433885574,0.0922909059584046,False,False,interaction
631,16,16,heldout,26,130,25,0.65,True,False,False,False,False,0.819770336151123,1.197168231010437,-0.3773978948593139,12.637363164678938,36.35087035758625,-23.713507192907315,6,True,0.10510313037889546,0.10589499498765412,False,False,interaction
632,16,16,heldout,27,135,26,0.675,True,False,False,False,False,0.073646955192089,0.4296581745147705,-0.3560112118721008,5.01430484322224,5.429020451757583,-0.4147156085353431,6,True,0.056134921781936915,0.05718015519461132,False,False,interaction
633,16,16,heldout,28,140,27,0.7,True,False,False,False,False,0.4762237966060638,1.2048425674438477,-0.7286187410354614,21.861897082216853,40.43565536669691,-18.57375828448006,7,True,0.1066486262217286,0.1066884558699839,False,False,interaction
634,16,16,heldout,29,145,28,0.725,True,False,False,False,False,0.1347849667072296,0.3969435691833496,-0.26215860247612,14.464222779525633,23.25043866828065,-8.786215888755018,7,True,0.08512540490735969,0.08550005480404099,False,False,interaction
635,16,16,heldout,30,150,29,0.75,True,False,False,False,False,0.0434851646423339,0.2414690256118774,-0.1979838609695434,8.40067942485468,9.592188821094338,-1.191509396239658,7,True,0.0646208608801077,0.06438900050331804,False,False,interaction
636,16,16,heldout,31,155,30,0.775,True,True,False,False,False,0.0222726594656705,0.0590034686028957,-0.0367308109998703,11.757882130499276,4.6378602600278365,7.120021870471439,7,True,0.027773292991021492,0.028294851320242363,False,False,interaction
637,16,16,heldout,32,160,31,0.8,True,True,False,False,True,0.0152668459340929,0.0317462235689163,-0.0164793767035007,7.102505249261994,2.701657811483377,4.4008474377786175,8,True,0.004227053612430171,0.005449009189010096,False,False,interaction
638,16,16,heldout,33,165,32,0.825,False,True,True,False,False,0.1978915482759475,0.3093586266040802,-0.1114670783281326,20.863620559967575,25.58087076485013,-4.7172502048825535,8,False,7.727615203017708e-08,0.06885384195113954,True,False,transport_free
639,16,16,heldout,34,170,33,0.85,False,True,True,False,False,0.140229046344757,0.3200118541717529,-0.1797828078269958,15.71753008142828,18.47077032458583,-2.753240243157549,8,False,1.166807942916131e-13,0.09264062898390166,True,False,transport_free
640,16,16,heldout,35,175,34,0.875,False,True,True,False,False,0.0356445349752903,0.0827765390276908,-0.0471320040524005,8.6736273620564,6.6570023103005775,2.016625051755823,8,False,0.0,0.07128205855178554,True,False,transport_free
641,16,16,heldout,36,180,35,0.9,False,True,True,False,False,0.0256415158510208,0.0704235956072807,-0.0447820797562599,9.11255913587844,5.839475775357122,3.2730833605213183,9,False,0.0,0.07051095526321029,True,False,transport_free
642,16,16,heldout,37,185,36,0.925,False,True,True,False,False,0.0718979686498642,0.1811163872480392,-0.109218418598175,10.890356890497658,9.064738091372568,1.82561879912509,9,False,0.0,0.060835975559241987,True,False,transport_free
643,16,16,heldout,38,190,37,0.95,False,True,True,False,False,0.0113189257681369,0.0763895437121391,-0.0650706142187118,6.285387509362856,5.600880691731564,0.6845068176312923,9,False,0.0,0.05230167290099539,True,False,transport_free
644,16,16,heldout,39,195,38,0.975,False,True,True,False,False,0.0061142244376242,0.1451092511415481,-0.1389950215816497,6.470464585545659,12.788146192741928,-6.31768160719627,9,False,0.0,0.0482933190828685,True,False,transport_free
645,16,16,heldout,40,200,39,1.0,True,True,False,True,False,0.0069073550403118,0.067277044057846,-0.0603696890175342,7.599011660859259,6.932221047390609,0.6667906134686499,9,True,0.000781495494375452,0.0073547755362391555,False,False,interaction
646,17,17,heldout,3,15,2,0.075,False,True,True,False,False,0.0078529519960284,0.0817649438977241,-0.0739119946956634,7.321962332157533,48.12985887261983,-40.807896540462295,0,False,4.2674197509029455e-16,0.0690190869497845,True,False,transport_free
647,17,17,heldout,4,20,3,0.1,False,True,True,False,False,0.007689956575632,0.1496035158634185,-0.1419135630130767,7.391552851027957,69.66708571693921,-62.27553286591125,1,False,0.0,0.06441756210948449,True,False,transport_free
648,17,17,heldout,5,25,4,0.125,False,True,True,False,False,0.0099729308858513,0.0976045355200767,-0.0876316055655479,10.151473089186275,48.88189267807915,-38.73041958889287,1,False,0.0,0.03238086028558579,True,False,transport_free
649,17,17,heldout,6,30,5,0.15,True,True,False,True,False,0.0072439946234226,0.0455694608390331,-0.0383254662156105,13.39857590958804,47.06991805235472,-33.671342142766676,1,True,0.005345073973855163,0.005311728509630368,False,False,interaction
650,17,17,heldout,7,35,6,0.175,True,False,False,False,False,0.1361142545938491,0.3407682478427887,-0.2046539932489395,42.11668507919341,188.00834909498028,-145.89166401578686,1,True,0.08073418841844032,0.08021357610201078,False,False,interaction
651,17,17,heldout,8,40,7,0.2,True,False,False,False,False,0.6218211650848389,1.2058321237564087,-0.5840109586715698,266.16941373412743,667.4477196507986,-401.2783059166712,2,True,0.10090321524582303,0.10116355785014458,False,False,interaction
652,17,17,heldout,9,45,8,0.225,True,False,False,False,False,1.1029893159866333,1.8408259153366089,-0.7378365993499756,677.0632703608788,1165.9875918672512,-488.9243215063724,2,True,0.12010156919260465,0.1211327383999,False,False,interaction
653,17,17,heldout,10,50,9,0.25,True,False,False,False,False,1.470087647438049,1.7599611282348633,-0.2898734807968139,115.0946736032092,262.7855706720004,-147.69089706879123,2,True,0.11678511718149459,0.11739386031230728,False,False,interaction
654,17,17,heldout,11,55,10,0.275,True,False,False,False,False,1.2949448823928833,1.7412678003311155,-0.4463229179382324,19.69200949285973,29.931009844705716,-10.239000351845988,2,True,0.11817256029525229,0.11906498084243851,False,False,interaction
655,17,17,heldout,12,60,11,0.3,True,False,False,False,False,0.1196020767092704,0.3027574717998504,-0.1831553876399994,6.966895843972618,4.5784010341483,2.3884948098243184,3,True,0.0658304177657689,0.06557819211922196,False,False,interaction
656,17,17,heldout,13,65,12,0.325,True,False,False,False,False,0.0446721203625202,0.2967841625213623,-0.2521120309829712,5.440917727583887,6.60558935132966,-1.1646716237457726,3,True,0.07319424930069818,0.0732812366059,False,False,interaction
657,17,17,heldout,14,70,13,0.35,True,True,False,False,True,0.0189041774719953,0.0436475276947021,-0.0247433502227067,4.115572961720349,1.621481613981901,2.494091347738448,3,True,0.01882935151560171,0.017517340207308458,False,False,interaction
658,17,17,heldout,15,75,14,0.375,False,True,False,False,False,0.0645536705851554,0.0700272098183631,-0.0054735392332077,4.690649719367382,1.2905852739587813,3.400064445408601,3,False,5.022432205104047e-05,0.013681887540297356,False,True,static
659,17,17,heldout,16,80,15,0.4,False,True,True,False,False,0.1542922705411911,0.3018350899219513,-0.1475428193807602,11.596081415218649,6.653466930788149,4.9426144844305,4,False,7.916708800691419e-11,0.08996392676571498,True,False,transport_free
660,17,17,heldout,17,85,16,0.425,False,True,True,False,False,0.0969512239098548,0.2742456495761871,-0.1772944331169128,11.73323314339609,4.859767048398571,6.873466094997519,4,False,1.1102230246251565e-16,0.09053646085989067,True,False,transport_free
661,17,17,heldout,18,90,17,0.45,False,True,True,False,False,0.0191908068954944,0.0193452071398496,-0.0001544002443552,7.774515426835992,0.3488576740433191,7.425657752792674,4,False,0.0,0.021497130673061932,True,False,transport_free
662,17,17,heldout,19,95,18,0.475,False,True,True,False,False,0.0368521623313427,0.1715239733457565,-0.1346718072891235,7.998275735983801,2.1867338263841045,5.811541909599696,4,False,0.0,0.07297234664577737,True,False,transport_free
663,17,17,heldout,20,100,19,0.5,False,True,True,False,False,0.0120241669937968,0.0901686549186706,-0.0781444907188415,5.933763347935101,2.2743654361428898,3.6593979117922113,5,False,0.0,0.05273329730856897,True,False,transport_free
664,17,17,heldout,21,105,20,0.525,False,True,True,False,False,0.0136175975203514,0.0783990398049354,-0.064781442284584,5.574535958746626,1.9084674622632696,3.6660684964833568,5,False,0.0,0.038073154135955904,True,False,transport_free
665,17,17,heldout,22,110,21,0.55,False,True,True,False,False,0.0161570031195878,0.0687093809247016,-0.0525523796677589,4.374822863581918,1.573786373396456,2.801036490185462,5,False,0.0,0.037154568250553445,True,False,transport_free
666,17,17,heldout,23,115,22,0.575,True,True,False,True,False,0.0271495189517736,0.1340110898017883,-0.1068615689873695,4.704142103455746,3.1687081535288204,1.5354339499269258,5,True,0.007134611676556745,0.012254924915121474,False,False,interaction
667,17,17,heldout,24,120,23,0.6,True,False,False,False,False,0.0677467063069343,0.1351440697908401,-0.0673973634839057,7.100222575747907,1.57865869312817,5.521563882619737,6,True,0.045198013821361856,0.04442943303270646,False,False,interaction
668,17,17,heldout,25,125,24,0.625,True,False,False,False,False,0.1253830790519714,0.487900972366333,-0.3625178933143616,6.904164517837657,9.270187634391144,-2.366023116553487,6,True,0.08657697800149065,0.08637650186892733,False,False,interaction
669,17,17,heldout,26,130,25,0.65,True,False,False,False,False,0.5456503033638,1.3200631141662598,-0.7744128108024597,26.0356605923597,31.786727495944728,-5.751066903585027,6,True,0.10629502183116615,0.10659206770580491,False,False,interaction
670,17,17,heldout,27,135,26,0.675,True,False,False,False,False,0.095159150660038,0.1204300746321678,-0.0252709239721298,9.881150132997826,4.722717717073214,5.1584324159246115,6,True,0.03164070098467104,0.03240915015334201,False,False,interaction
671,17,17,heldout,28,140,27,0.7,True,False,False,False,False,0.4609467089176178,1.036523461341858,-0.5755767822265625,17.803100674128824,20.97559591507127,-3.172495240942446,7,True,0.08322925818898928,0.0829886401766577,False,False,interaction
672,17,17,heldout,29,145,28,0.725,True,False,False,False,False,0.0664129182696342,0.2807231247425079,-0.2143101990222931,5.305158839212312,4.831802328118337,0.473356511093975,7,True,0.05936622221735524,0.05965363369626515,False,False,interaction
673,17,17,heldout,30,150,29,0.75,True,False,False,False,False,0.019795412197709,0.1547415256500244,-0.1349461078643798,5.138643475952565,2.3620187251156586,2.776624750836907,7,True,0.057500188119125384,0.05696282105199373,False,False,interaction
674,17,17,heldout,31,155,30,0.775,True,False,False,False,False,0.0391591303050518,0.1408921033143997,-0.1017329692840576,4.021979265784444,3.71848637590255,0.3034928898818942,7,True,0.047588874073503776,0.0478975636467632,False,False,interaction
675,17,17,heldout,32,160,31,0.8,True,True,False,False,True,0.0181558821350336,0.0332628451287746,-0.015106962993741,4.249544551384893,0.7866264709987068,3.462918080386186,8,True,0.007867230868073024,0.007535774288096384,False,False,interaction
676,17,17,heldout,33,165,32,0.825,False,True,True,False,False,0.1416486799716949,0.2152552157640457,-0.0736065357923507,7.249163910400387,3.8289303708957263,3.420233539504661,8,False,2.5430872617186174e-06,0.05357906181088965,True,False,transport_free
677,17,17,heldout,34,170,33,0.85,False,True,True,False,False,0.0815481320023536,0.2349515557289123,-0.1534034311771392,9.830453717266154,5.834070757925235,3.9963829593409192,8,False,4.059351269341739e-12,0.10323589345057052,True,False,transport_free
678,17,17,heldout,35,175,34,0.875,False,True,True,False,False,0.0343548394739627,0.0818447172641754,-0.0474898777902126,10.124097481304648,3.651530643316721,6.472566837987927,8,False,0.0,0.1257782937097593,True,False,transport_free
679,17,17,heldout,36,180,35,0.9,False,True,False,False,False,0.0067539797164499,0.0008426617714576,0.0059113181196153,6.546126192607077,0.1438698657326335,6.4022563268744435,9,False,0.0,0.015257150445605222,False,True,static
680,17,17,heldout,37,185,36,0.925,False,True,True,False,False,0.0354909300804138,0.0647550225257873,-0.0292640924453735,5.42171287288505,3.0169720225455436,2.4047408503395062,9,False,0.0,0.10906372958110978,True,False,transport_free
681,17,17,heldout,38,190,37,0.95,False,True,True,False,False,0.0211071465164423,0.0699805542826652,-0.0488734096288681,5.598707999582245,2.10685221616513,3.491855783417114,9,False,0.0,0.06596896944456808,True,False,transport_free
682,17,17,heldout,39,195,38,0.975,False,True,True,False,False,0.0075413272716104,0.0904401168227195,-0.0828987881541252,5.000349718330269,1.924685628055827,3.075664090274442,9,False,0.0,0.05488422045545938,True,False,transport_free
683,17,17,heldout,40,200,39,1.0,False,True,True,False,False,0.012732483446598,0.1430372148752212,-0.1303047239780426,3.7758432460596745,2.3530934693463927,1.4227497767132815,9,False,0.0,0.04662029945010172,True,False,transport_free
684,18,18,heldout,3,15,2,0.075,False,True,True,False,False,0.008179236203432,0.0541420094668865,-0.0459627732634544,7.586549997918158,10.868308085941251,-3.281758088023095,0,False,4.2674197509029455e-16,0.0679954437781929,True,False,transport_free
685,18,18,heldout,4,20,3,0.1,False,True,True,False,False,0.0075015858747065,0.1340434700250625,-0.1265418827533722,5.980626940604381,17.73174162792592,-11.75111468732154,1,False,0.0,0.05923645128194151,True,False,transport_free
686,18,18,heldout,5,25,4,0.125,False,True,True,False,False,0.0351632945239543,0.1501646041870117,-0.115001305937767,31.687150443749697,31.92461844652981,-0.2374680027801119,1,False,0.0,0.041927011464170424,True,False,transport_free
687,18,18,heldout,6,30,5,0.15,True,True,False,True,False,0.0461614392697811,0.1084262430667877,-0.0622648037970066,54.082895037932566,60.079192120458885,-5.996297082526318,1,True,0.006435435965810597,0.006580280851947025,False,False,interaction
688,18,18,heldout,7,35,6,0.175,True,False,False,False,False,0.1034823879599571,0.3483701944351196,-0.2448877990245819,27.9705568920065,82.35691035655209,-54.38635346454559,1,True,0.0831729384096421,0.08292604789994791,False,False,interaction
689,18,18,heldout,8,40,7,0.2,True,False,False,False,False,0.1202233061194419,0.4611742496490478,-0.3409509360790252,6.392726787478838,129.4905093948702,-123.09778260739137,2,True,0.09186171619127853,0.09207923756293253,False,False,interaction
690,18,18,heldout,9,45,8,0.225,True,False,False,False,False,0.1697521954774856,0.5858328342437744,-0.4160806536674499,17.068455494885313,65.4891116912861,-48.420656196400785,2,True,0.09285708984535984,0.09386136313654447,False,False,interaction
691,18,18,heldout,10,50,9,0.25,True,False,False,False,False,1.225808024406433,1.7176471948623655,-0.4918391704559326,277.1274591258635,279.7910233007074,-2.663564174843941,2,True,0.10705778351121166,0.10647961624014243,False,False,interaction
692,18,18,heldout,11,55,10,0.275,True,False,False,False,False,0.6390812397003174,1.3446197509765625,-0.7055385112762451,1022.6910189162132,1850.44179570719,-827.7507767909769,2,True,0.13014685841439122,0.13056839936590514,False,False,interaction
693,18,18,heldout,12,60,11,0.3,True,False,False,False,False,0.0250914487987756,0.208590567111969,-0.1834991127252578,16.871267791095534,110.90610113179343,-94.0348333406979,3,True,0.07665831104634875,0.07694580339533315,False,False,interaction
694,18,18,heldout,13,65,12,0.325,True,False,False,False,False,0.0444858036935329,0.2549959719181061,-0.2105101644992828,46.916598685826386,104.89116533439116,-57.97456664856476,3,True,0.0715062047774434,0.07125424257773996,False,False,interaction
695,18,18,heldout,14,70,13,0.35,True,True,False,True,True,0.0045937038958072,0.0150701329112052,-0.010476429015398,9.392021142511863,16.17716009762304,-6.785138955111176,3,True,0.009535278851919144,0.01539555672976316,False,False,interaction
696,18,18,heldout,15,75,14,0.375,False,True,False,False,True,0.0464813224971294,0.0433526821434497,0.0031286403536796,46.80885038953189,30.14173596301713,16.66711442651476,3,False,0.00017176249491647393,0.00628756483620709,False,True,static
697,18,18,heldout,16,80,15,0.4,False,True,True,False,False,0.1345957666635513,0.2775288820266723,-0.142933115363121,85.70346435054996,171.41466196693656,-85.7111976163866,4,False,4.995335152229675e-09,0.0832442227793829,True,False,transport_free
698,18,18,heldout,17,85,16,0.425,False,True,True,False,False,0.0897701755166053,0.2377644330263137,-0.1479942500591278,48.23885112180969,175.50114860027392,-127.26229747846423,4,False,7.693105701813045e-15,0.1786876572901516,True,False,transport_free
699,18,18,heldout,18,90,17,0.45,False,True,True,False,False,0.015789171680808,0.0161674115806818,-0.0003782398998737,10.203532078590127,6.346878091215866,3.856653987374261,4,False,0.0,0.05428042770617277,True,False,transport_free
700,18,18,heldout,19,95,18,0.475,False,True,True,False,False,0.0373229384422302,0.120826281607151,-0.0835033431649208,23.935464380011584,53.00702371521937,-29.071559335207784,4,False,0.0,0.1624802747278117,True,False,transport_free
701,18,18,heldout,20,100,19,0.5,False,True,True,False,False,0.0092418557032942,0.0908494964241981,-0.0816076397895813,9.554588445008855,67.90984648010583,-58.35525803509697,5,False,0.0,0.07953243221260871,True,False,transport_free
702,18,18,heldout,21,105,20,0.525,False,True,True,False,False,0.0055385828018188,0.1036339402198791,-0.0980953574180603,7.766951478364144,71.29909594040487,-63.532144462040726,5,False,0.0,0.05019048085469168,True,False,transport_free
703,18,18,heldout,22,110,21,0.55,False,True,True,False,False,0.0091316038742661,0.0494988746941089,-0.0403672717511653,20.916982487680908,27.402689905549767,-6.485707417868859,5,False,0.0,0.025241080521711878,True,False,transport_free
704,18,18,heldout,23,115,22,0.575,True,True,False,True,False,0.0140470126643776,0.0188206043094396,-0.0047735916450619,29.99861347564745,10.443468810634847,19.5551446650126,5,True,0.0023010684521165394,0.002948740414945878,False,False,interaction
705,18,18,heldout,24,120,23,0.6,True,True,False,False,False,0.0532418191432952,0.1248991787433624,-0.0716573596000671,60.559442659997046,105.76364436119148,-45.204201701194435,6,True,0.0398825118166098,0.03936019803437939,False,False,interaction
706,18,18,heldout,25,125,24,0.625,True,False,False,False,False,0.0872258767485618,0.3928376138210296,-0.3056117296218872,59.80579068171446,312.01665393042754,-252.21086324871308,6,True,0.07472827315650973,0.07444768711981409,False,False,interaction
707,18,18,heldout,26,130,25,0.65,True,False,False,False,False,0.2657149136066437,0.8839671015739441,-0.618252158164978,357.2000003375492,1297.799118222397,-940.5991178848478,6,True,0.08788440033823598,0.08787168776691566,False,False,interaction
708,18,18,heldout,27,135,26,0.675,True,False,False,False,False,0.0941407158970832,0.3839826881885528,-0.2898419797420501,49.76647391951351,159.72212804745834,-109.95565412794484,6,True,0.06741909860374896,0.06791254090862271,False,False,interaction
709,18,18,heldout,28,140,27,0.7,True,False,False,False,False,0.308845579624176,0.7124335765838623,-0.4035879969596863,434.0273641515705,779.3834347019896,-345.3560705504191,7,True,0.06681740201503306,0.06616167070725419,False,False,interaction
710,18,18,heldout,29,145,28,0.725,True,False,False,False,False,0.0933600887656211,0.2892344295978546,-0.1958743333816528,140.0665001622568,367.7280708308076,-227.6615706685508,7,True,0.06453760150579183,0.06427544430269293,False,False,interaction
711,18,18,heldout,30,150,29,0.75,True,False,False,False,False,0.0292724836617708,0.2777007818222046,-0.2484283000230789,19.01749831152024,159.59552261034457,-140.5780242988243,7,True,0.08431119371383862,0.08410280808491728,False,False,interaction
712,18,18,heldout,31,155,30,0.775,True,False,False,False,False,0.0382652841508388,0.2152315229177475,-0.1769662350416183,48.0272149683532,119.62850793819037,-71.60129296983717,7,True,0.06399276793880719,0.06411479238706076,False,False,interaction
713,18,18,heldout,32,160,31,0.8,True,True,False,False,True,0.0157535802572965,0.0196256339550018,-0.0038720536977052,12.449383599808934,7.295149047845335,5.154234551963599,8,True,0.009398518517234155,0.011422809362843544,False,False,interaction
714,18,18,heldout,33,165,32,0.825,False,True,True,False,False,0.1399817168712616,0.2053006440401077,-0.0653189271688461,70.72807523770109,107.46581416149829,-36.73773892379718,8,False,5.852341989934575e-07,0.06398049337815537,True,False,transport_free
715,18,18,heldout,34,170,33,0.85,False,True,True,False,False,0.0748134031891822,0.1597253382205963,-0.084911935031414,57.48549374603812,111.1753087640342,-53.68981501799608,8,False,9.324957595746896e-13,0.09101697780049585,True,False,transport_free
716,18,18,heldout,35,175,34,0.875,False,True,True,False,False,0.0675699636340141,0.1477061361074447,-0.0801361724734306,29.878632822963457,75.47007288914939,-45.59144006618594,8,False,0.0,0.17128042911521407,True,False,transport_free
717,18,18,heldout,36,180,35,0.9,False,True,True,False,False,0.0103101814165711,0.0151760391891002,-0.0048658577725291,14.93552273424856,6.038212898045096,8.897309836203464,9,False,0.0,0.06772747624586994,True,False,transport_free
718,18,18,heldout,37,185,36,0.925,False,True,True,False,False,0.0403811000287532,0.0791080668568611,-0.0387269668281078,27.53975893376395,41.89273760569713,-14.35297867193318,9,False,0.0,0.10858597807552951,True,False,transport_free
719,18,18,heldout,38,190,37,0.95,False,True,True,False,False,0.006938774138689,0.0512972027063369,-0.0443584285676479,9.173395086911446,37.48736827108657,-28.31397318417512,9,False,0.0,0.05846505043545753,True,False,transport_free
720,18,18,heldout,39,195,38,0.975,False,True,True,False,False,0.0105390781536698,0.1233764365315437,-0.1128373593091964,13.681949971285592,71.86229504276552,-58.180345071479934,9,False,0.0,0.06731077752658395,True,False,transport_free
721,18,18,heldout,40,200,39,1.0,False,True,True,False,False,0.0027413945645093,0.1313427090644836,-0.1286013126373291,6.940115761941509,92.34135092971152,-85.40123516777,9,False,0.0,0.04190968973722604,True,False,transport_free
722,19,19,heldout,3,15,2,0.075,False,True,True,False,False,0.0150850219652056,0.1210098192095756,-0.1059248000383377,7.266885012830514,7.943062367456725,-0.6761773546262111,0,False,4.2674197509029455e-16,0.07174178757319259,True,False,transport_free
723,19,19,heldout,4,20,3,0.1,False,True,True,False,False,0.0139098754152655,0.1965332478284835,-0.1826233714818954,7.96663101732086,15.623038761077629,-7.656407743756769,1,False,0.0,0.06915454121767485,True,False,transport_free
724,19,19,heldout,5,25,4,0.125,False,True,True,False,False,0.0123831322416663,0.0456990748643875,-0.0333159416913986,8.859012214311894,4.4718958126052195,4.387116401706675,1,False,0.0,0.020446941195069377,True,False,transport_free
725,19,19,heldout,6,30,5,0.15,True,True,False,True,False,0.0244091656059026,0.0547317676246166,-0.0303226020187139,9.734268251421367,2.8089483139403626,6.925319937481005,1,True,0.005216303506460249,0.008447459820948019,False,False,interaction
726,19,19,heldout,7,35,6,0.175,True,False,False,False,False,0.0646916553378105,0.2228957265615463,-0.1582040786743164,9.826482634806393,14.904405584260443,-5.077922949454052,1,True,0.06936231559119051,0.0689122535363832,False,False,interaction
727,19,19,heldout,8,40,7,0.2,True,False,False,False,False,0.5377642512321472,0.8825414776802063,-0.3447772264480591,14.305604961445852,22.43111242103906,-8.125507459593209,2,True,0.09627506869607966,0.0962491453037156,False,False,interaction
728,19,19,heldout,9,45,8,0.225,True,False,False,False,False,0.8526350855827332,1.323241949081421,-0.4706068634986877,27.600766810979376,48.0742367538679,-20.473469942888524,2,True,0.10751752245574157,0.10805375450704187,False,False,interaction
729,19,19,heldout,10,50,9,0.25,True,False,False,False,False,0.0381725616753101,0.0661102756857872,-0.027937714010477,10.659574296232528,3.654510729995629,7.005063566236899,2,True,0.027097408569291635,0.027653736228556797,False,False,interaction
730,19,19,heldout,11,55,10,0.275,True,False,False,False,False,0.0990193784236908,0.4171781539916992,-0.3181587755680084,13.497758387656722,16.126165311750665,-2.6284069240939427,2,True,0.10316786316629319,0.10371494909153707,False,False,interaction
731,19,19,heldout,12,60,11,0.3,True,False,False,False,False,0.0289440359920263,0.1909543722867965,-0.1620103418827057,9.706654133368843,11.27968233815063,-1.5730282047817852,3,True,0.07106632080733209,0.07091332167121324,False,False,interaction
732,19,19,heldout,13,65,12,0.325,True,False,False,False,False,0.024576773867011,0.1711574792861938,-0.1465807110071182,8.926238737001952,10.950818966072369,-2.024580229070416,3,True,0.05908470397918632,0.05885127185248988,False,False,interaction
733,19,19,heldout,14,70,13,0.35,True,True,False,False,True,0.0026058193761855,0.0048532993532717,-0.0022474799770861,7.1947166132084215,0.4703937540404386,6.724322859167983,3,True,0.01239271596004121,0.011799106958116519,False,False,interaction
734,19,19,heldout,15,75,14,0.375,False,True,False,False,False,0.034606248140335,0.0443729162216186,-0.0097666680812835,8.040995264197663,4.174616484713699,3.8663787794839646,3,False,3.420105004052357e-05,0.0011024088062762984,False,True,static
735,19,19,heldout,16,80,15,0.4,False,True,True,False,False,0.2139011174440384,0.2939411401748657,-0.0800400227308273,15.18248100460552,20.55762696271424,-5.375145958108723,4,False,1.6041586825290742e-10,0.07579395663959548,True,False,transport_free
736,19,19,heldout,17,85,16,0.425,False,True,True,False,False,0.1895313411951065,0.4362467229366302,-0.2467153817415237,15.948369227045044,23.396168318095004,-7.44779909104996,4,False,1.5612511283791264e-16,0.12123979575814142,True,False,transport_free
737,19,19,heldout,18,90,17,0.45,False,True,True,False,False,0.0131512088701128,0.0110755488276481,0.0020756600424647,6.684865726804812,0.7416888047144846,5.943176922090328,4,False,0.0,0.03014916843338054,True,False,transport_free
738,19,19,heldout,19,95,18,0.475,False,True,True,False,False,0.04621297493577,0.1149139478802681,-0.0687009692192077,7.430022828665069,6.259777789559213,1.170245039105856,4,False,0.0,0.07083283149389308,True,False,transport_free
739,19,19,heldout,20,100,19,0.5,False,True,True,False,False,0.0163522213697433,0.0790428519248962,-0.0626906305551529,6.292039606219013,4.4187361303352715,1.8733034758837412,5,False,0.0,0.05658474935181271,True,False,transport_free
740,19,19,heldout,21,105,20,0.525,False,True,True,False,False,0.0161066111177206,0.2314600944519043,-0.2153534889221191,11.270295830700183,16.671802933110254,-5.40150710241007,5,False,0.0,0.08746002568580039,True,False,transport_free
741,19,19,heldout,22,110,21,0.55,False,True,True,False,False,0.013731968589127,0.1683458089828491,-0.1546138375997543,10.481016078260176,12.372403699350905,-1.8913876210907272,5,False,0.0,0.050658848748825626,True,False,transport_free
742,19,19,heldout,23,115,22,0.575,True,True,False,True,False,0.0036096030380576,0.0341441147029399,-0.0305345114320516,8.141974482295382,3.1806833989293515,4.96129108336603,5,True,0.0032597112553544552,0.0026278284798921534,False,False,interaction
743,19,19,heldout,24,120,23,0.6,True,False,False,False,False,0.0751043930649757,0.3695228099822998,-0.2944184243679046,8.9614508937989,19.939946857605552,-10.978495963806653,6,True,0.08023918530987055,0.07966518335336373,False,False,interaction
744,19,19,heldout,25,125,24,0.625,True,False,False,False,False,0.2061801105737686,0.3805525302886963,-0.1743724197149276,16.749627514464482,20.38543773864771,-3.635810224183228,6,True,0.08759554829007053,0.08793080837214663,False,False,interaction
745,19,19,heldout,26,130,25,0.65,True,False,False,False,False,0.1489503979682922,0.3154641687870025,-0.1665137708187103,13.899640099483427,18.22887181350593,-4.329231714022502,6,True,0.03917690239886274,0.039547349831160906,False,False,interaction
746,19,19,heldout,27,135,26,0.675,True,False,False,False,False,0.0075476639904081,0.0098625849932432,-0.002314921002835,7.062162329965763,1.0461994745036012,6.015962855462162,6,True,0.007305935609933296,0.007425943228483775,False,False,interaction
747,19,19,heldout,28,140,27,0.7,True,False,False,False,False,0.2422832697629928,0.4964822232723236,-0.2541989684104919,22.574283879696676,31.274690057465772,-8.700406177769096,7,True,0.04799876864129283,0.04767960332202732,False,False,interaction
748,19,19,heldout,29,145,28,0.725,True,False,False,False,False,0.0287095960229635,0.1598911434412002,-0.1311815530061721,9.283564776120215,9.799470500107404,-0.5159057239871867,7,True,0.06295595832197655,0.06246339573015409,False,False,interaction
749,19,19,heldout,30,150,29,0.75,True,False,False,False,False,0.0372951738536357,0.186282142996788,-0.1489869654178619,9.385005552538244,7.840347534468383,1.5446580180698612,7,True,0.06241591397741015,0.06213354789118616,False,False,interaction
750,19,19,heldout,31,155,30,0.775,True,True,False,False,False,0.0267870556563138,0.1235526800155639,-0.0967656224966049,9.19050376897214,10.963087603074904,-1.7725838341027649,7,True,0.034694692989032834,0.035172142795853165,False,False,interaction
751,19,19,heldout,32,160,31,0.8,False,True,True,False,True,0.0984735563397407,0.1171939074993133,-0.0187203511595726,10.879532939516638,10.477172775082709,0.4023601644339294,8,False,0.00031395802441882154,0.020528588611155755,True,False,transport_free
752,19,19,heldout,33,165,32,0.825,False,True,True,False,False,0.173196256160736,0.2913452088832855,-0.1181489527225494,14.795121752011752,21.00692996219103,-6.211808210179278,8,False,9.138535634616147e-10,0.08612764881918332,True,False,transport_free
753,19,19,heldout,34,170,33,0.85,False,True,True,False,False,0.1460409611463546,0.4276866912841797,-0.2816457152366638,15.24567278622859,20.671585986160377,-5.425913199931786,8,False,1.2850308834342343e-15,0.13391769440060844,True,False,transport_free
754,19,19,heldout,35,175,34,0.875,False,True,True,False,False,0.0690619572997093,0.1478452831506729,-0.0787833258509635,22.63609936936746,12.407888162933446,10.228211206434016,8,False,0.0,0.15567122315143114,True,False,transport_free
755,19,19,heldout,36,180,35,0.9,False,True,True,False,False,0.0567790828645229,0.14552603662014,-0.0887469500303268,11.288791884094543,11.498661683395271,-0.2098697993007263,9,False,0.0,0.15375771426439547,True,False,transport_free
756,19,19,heldout,37,185,36,0.925,False,True,True,False,False,0.0946870073676109,0.3322037756443023,-0.2375167608261108,12.24374709409696,20.236006922798097,-7.992259828701133,9,False,0.0,0.12190677981520699,True,False,transport_free
757,19,19,heldout,38,190,37,0.95,False,True,True,False,False,0.0146102905273437,0.1146624460816383,-0.1000521555542945,8.27038368015731,7.315879058481163,0.954504621676148,9,False,0.0,0.04931615466521323,True,False,transport_free
758,19,19,heldout,39,195,38,0.975,False,True,True,False,False,0.0076440847478806,0.094508446753025,-0.0868643596768379,8.532116074902456,6.683919129986436,1.84819694491602,9,False,0.0,0.04252188356695457,True,False,transport_free
759,19,19,heldout,40,200,39,1.0,False,True,False,False,False,0.0069568608887493,0.0633689686655998,-0.0564121082425117,8.471264517709486,5.43106091542806,3.0402036022814256,9,False,0.0,0.011388655152034424,False,True,static
760,20,20,heldout,3,15,2,0.075,False,True,True,False,False,0.0038015022873878,0.0883936583995819,-0.084592156112194,6.1734516895252485,3.1098332224621603,3.063618467063088,0,False,4.2674197509029455e-16,0.06546411494117164,True,False,transport_free
761,20,20,heldout,4,20,3,0.1,False,True,True,False,False,0.0136460429057478,0.1671295911073684,-0.1534835547208786,6.921739824016041,6.2426840681621485,0.6790557558538923,1,False,0.0,0.06518757529424753,True,False,transport_free
762,20,20,heldout,5,25,4,0.125,False,True,True,False,False,0.0046098544262349,0.0751695707440376,-0.0705597177147865,6.962192511576639,4.676162536628446,2.2860299749481925,1,False,0.0,0.023763028931847445,True,False,transport_free
763,20,20,heldout,6,30,5,0.15,True,True,False,True,False,0.0041605518199503,0.0173685904592275,-0.0132080391049385,6.6765516889237455,1.493159474591834,5.183392214331912,1,True,0.005003193214794627,0.003418419932421229,False,False,interaction
764,20,20,heldout,7,35,6,0.175,True,False,False,False,False,0.1466800421476364,0.3903749883174896,-0.2436949461698532,14.826850732971655,14.166960814874214,0.6598899180974431,1,True,0.08802018578178113,0.08769250751338198,False,False,interaction
765,20,20,heldout,8,40,7,0.2,True,False,False,False,False,0.636994481086731,1.4121028184890747,-0.7751083374023438,20.161224286008025,42.02951434092571,-21.868290054917683,2,True,0.1069027471538238,0.10721789365695673,False,False,interaction
766,20,20,heldout,9,45,8,0.225,True,False,False,False,False,1.0681143999099731,1.8303085565567017,-0.7621941566467285,16.815856446681483,30.68107040144044,-13.865213954758955,2,True,0.12468641994183537,0.12609773316131856,False,False,interaction
767,20,20,heldout,10,50,9,0.25,True,False,False,False,False,0.091262936592102,0.2342479228973388,-0.1429849863052368,10.98468477104071,4.691516444247674,6.293168326793036,2,True,0.04335013072438572,0.04457173535625107,False,False,interaction
768,20,20,heldout,11,55,10,0.275,True,False,False,False,False,0.0805547162890434,0.5298937559127808,-0.4493390321731567,13.834487911371504,27.59656831022848,-13.762080398856977,2,True,0.10032404651535141,0.10062519656399428,False,False,interaction
769,20,20,heldout,12,60,11,0.3,True,False,False,False,False,0.0371219404041767,0.1719205975532531,-0.1347986608743667,11.43459305404228,5.25804060504406,6.176552448998222,3,True,0.06314423754832685,0.06313423223990093,False,False,interaction
770,20,20,heldout,13,65,12,0.325,True,False,False,False,False,0.027950644493103,0.1790953278541565,-0.1511446833610534,10.392964052465745,6.217826734164003,4.175137318301742,3,True,0.06030909809320169,0.05995833168725279,False,False,interaction
771,20,20,heldout,14,70,13,0.35,True,True,False,False,False,0.0119756609201431,0.0390311665832996,-0.0270555056631565,9.265232542990669,2.5146911605441447,6.750541382446524,3,True,0.023699074546101557,0.02416460176068751,False,False,interaction
772,20,20,heldout,15,75,14,0.375,False,True,True,False,True,0.0229644626379013,0.0215356368571519,0.0014288257807493,8.588354554922281,1.7368714167170307,6.851483138205251,3,False,0.0013214937371869436,0.0034682411435535037,True,False,transport_free
773,20,20,heldout,16,80,15,0.4,False,True,True,False,False,0.1408690810203552,0.2128878384828567,-0.0720187574625015,12.454171643661596,9.657489678871194,2.7966819647904018,4,False,1.9177865952146435e-09,0.06117539555881262,True,False,transport_free
774,20,20,heldout,17,85,16,0.425,False,True,True,False,False,0.1408625841140747,0.3128589689731598,-0.171996384859085,21.400859457656782,18.582202735651475,2.818656722005308,4,False,2.9713458565620692e-15,0.11219958359683391,True,False,transport_free
775,20,20,heldout,18,90,17,0.45,False,True,True,False,False,0.0368054807186126,0.0754790529608726,-0.0386735722422599,15.665616361176657,5.328630764926663,10.336985596249992,4,False,0.0,0.11007068954630349,True,False,transport_free
776,20,20,heldout,19,95,18,0.475,False,True,True,False,False,0.0442528538405895,0.061515424400568,-0.0172625705599784,12.32814247101716,4.032658367373036,8.295484103644124,4,False,0.0,0.09459526716857447,True,False,transport_free
777,20,20,heldout,20,100,19,0.5,False,True,True,False,False,0.0530373267829418,0.0863288938999176,-0.0332915671169757,12.48854147130072,5.504338719638675,6.984202751662044,5,False,0.0,0.07799226802689219,True,False,transport_free
778,20,20,heldout,21,105,20,0.525,False,True,True,False,False,0.0130847664549946,0.1704820394515991,-0.1573972702026367,12.083650195614908,9.44011131014613,2.6435388854687787,5,False,0.0,0.07103067807777257,True,False,transport_free
779,20,20,heldout,22,110,21,0.55,False,True,True,False,False,0.0150572871789336,0.191269114613533,-0.1762118339538574,9.640283733577467,8.015875337091549,1.6244083964859186,5,False,0.0,0.057494134064518865,True,False,transport_free
780,20,20,heldout,23,115,22,0.575,True,True,False,True,False,0.0030199654866009,0.0345428772270679,-0.031522911041975,9.919730787808223,2.0838653250732952,7.83586546273493,5,True,0.0016687518438375287,0.00806760339892375,False,False,interaction
781,20,20,heldout,24,120,23,0.6,True,True,False,False,False,0.0329640693962574,0.071888618171215,-0.0389245487749576,10.124753665504784,3.952209900292993,6.172543765211792,6,True,0.0259796160546768,0.02533533073715963,False,False,interaction
782,20,20,heldout,25,125,24,0.625,True,False,False,False,False,0.0681031644344329,0.2121889442205429,-0.1440857797861099,9.77785248137052,5.367716598590811,4.410135882779708,6,True,0.07726526607969393,0.0773245752357113,False,False,interaction
783,20,20,heldout,26,130,25,0.65,True,False,False,False,False,0.4643816947937011,1.04954993724823,-0.5851682424545288,17.526491469991495,34.275774102588855,-16.74928263259736,6,True,0.09822704878029448,0.09856199318940695,False,False,interaction
784,20,20,heldout,27,135,26,0.675,True,False,False,False,False,0.1154778823256492,0.2398963421583175,-0.1244184598326683,26.964137374006736,47.49246400967717,-20.528326635670435,6,True,0.047902781373689876,0.04942537631142213,False,False,interaction
785,20,20,heldout,28,140,27,0.7,True,False,False,False,False,0.277091771364212,0.5794966220855713,-0.3024048507213592,24.51220766766751,67.75478943457834,-43.24258176691083,7,True,0.060462313768316074,0.060411997790654835,False,False,interaction
786,20,20,heldout,29,145,28,0.725,True,False,False,False,False,0.1618265211582183,0.374323159456253,-0.2124966382980346,18.459371597033957,11.531791681996182,6.927579915037775,7,True,0.0650132109059966,0.06488211805790725,False,False,interaction
787,20,20,heldout,30,150,29,0.75,True,False,False,False,False,0.029376545920968,0.2401961833238601,-0.2108196318149566,9.312239745867736,10.791712928866868,-1.4794731829991292,7,True,0.07570056574556923,0.07527621335846015,False,False,interaction
788,20,20,heldout,31,155,30,0.775,True,True,False,False,False,0.0320506133139133,0.1103186830878257,-0.0782680660486221,12.527625788015518,5.5696942091981585,6.95793157881736,7,True,0.04508164448473178,0.04527517982511116,False,False,interaction
789,20,20,heldout,32,160,31,0.8,True,True,False,False,True,0.0184079799801111,0.0258729550987482,-0.007464975118637,8.80668559734088,2.063708035049268,6.742977562291612,8,True,0.0020008464955250413,0.007500692454249728,False,False,interaction
790,20,20,heldout,33,165,32,0.825,False,True,True,False,False,0.1196545585989952,0.1569269001483917,-0.0372723415493965,9.923255323924392,4.806238028141078,5.117017295783314,8,False,9.198746471213237e-09,0.04661082208206895,True,False,transport_free
791,20,20,heldout,34,170,33,0.85,False,True,True,False,False,0.150169089436531,0.2585644423961639,-0.1083953529596328,14.042874190702705,11.76797340731042,2.274900783392283,8,False,1.4634244042653087e-14,0.0847849042296186,True,False,transport_free
792,20,20,heldout,35,175,34,0.875,False,True,True,False,False,0.054929107427597,0.1832675486803054,-0.1283384412527084,10.071154680003646,10.124762354354134,-0.0536076743504878,8,False,0.0,0.09907486257093594,True,False,transport_free
793,20,20,heldout,36,180,35,0.9,False,True,False,False,False,0.0136829754337668,0.0007439902401529,0.0129389856010675,8.832751939193347,0.070409614081935,8.762342325111412,9,False,3.469446951953614e-18,0.010737533506200955,False,True,static
794,20,20,heldout,37,185,36,0.925,False,True,True,False,False,0.0150322997942566,0.080134242773056,-0.0651019439101219,11.73899055733284,4.676582561264024,7.062407996068816,9,False,0.0,0.06732265302934656,True,False,transport_free
795,20,20,heldout,38,190,37,0.95,False,True,True,False,False,0.012700374238193,0.1096893772482872,-0.0969890058040618,12.567123741152356,4.9976671605008995,7.569456580651456,9,False,0.0,0.06312064855470827,True,False,transport_free
796,20,20,heldout,39,195,38,0.975,False,True,True,False,False,0.012331317178905,0.1810238808393478,-0.1686925590038299,10.258783275908131,8.781618947166388,1.477164328741745,9,False,0.0,0.06594915716354256,True,False,transport_free
797,20,20,heldout,40,200,39,1.0,False,True,True,False,False,0.0055840131826698,0.0824062153697013,-0.0768221989274025,8.924839626204692,3.89298025600467,5.0318593702000225,9,False,0.0,0.03080162722526691,True,False,transport_free
798,21,21,heldout,3,15,2,0.075,False,True,True,False,False,0.0097461910918354,0.0747212842106819,-0.0649750903248786,12.619278112058751,17.134328097133206,-4.515049985074455,0,False,4.2674197509029455e-16,0.09264452460269378,True,False,transport_free
799,21,21,heldout,4,20,3,0.1,False,True,True,False,False,0.0176738034933805,0.1669856756925583,-0.1493118703365326,17.185263776454352,40.7320427815466,-23.54677900509225,1,False,0.0,0.07597558358699366,True,False,transport_free
800,21,21,heldout,5,25,4,0.125,False,True,True,False,False,0.0079593760892748,0.1115595921874046,-0.1036002188920974,11.829674882532714,54.65544058097985,-42.825765698447135,1,False,0.0,0.030594570121482006,True,False,transport_free
801,21,21,heldout,6,30,5,0.15,True,True,False,True,False,0.014390361495316,0.0160969737917184,-0.0017066122964024,18.10797311186749,12.279822781279968,5.828150330587523,1,True,0.002445850521836643,0.0052518880565458085,False,False,interaction
802,21,21,heldout,7,35,6,0.175,True,False,False,False,False,0.0654806643724441,0.3062641322612762,-0.2407834678888321,40.72942788553471,144.58332926679353,-103.85390138125882,1,True,0.06833422126285583,0.06834033916741866,False,False,interaction
803,21,21,heldout,8,40,7,0.2,True,False,False,False,False,0.1827986240386963,0.3877595961093902,-0.2049609720706939,237.50683985252,269.74817934560156,-32.24133949308154,2,True,0.0935078282550326,0.0936436009578548,False,False,interaction
804,21,21,heldout,9,45,8,0.225,True,False,False,False,False,0.7246509194374084,1.206483244895935,-0.4818323254585266,164.12892189301638,380.4218994166733,-216.2929775236569,2,True,0.12103209428444198,0.12103947078661095,False,False,interaction
805,21,21,heldout,10,50,9,0.25,True,False,False,False,False,0.2128244638442993,0.2691571116447449,-0.0563326478004455,220.1737836165437,295.8745111233134,-75.70072750676977,2,True,0.06021313498998314,0.06109993093930604,False,False,interaction
806,21,21,heldout,11,55,10,0.275,True,False,False,False,False,0.4349546432495117,0.8725159764289856,-0.4375613331794739,156.9091416319787,321.95114503781775,-165.04200340583904,2,True,0.1175238730076177,0.11812654688116644,False,False,interaction
807,21,21,heldout,12,60,11,0.3,True,False,False,False,False,0.0859410241246223,0.4107421934604645,-0.3248011767864227,69.76058722299992,193.2177583270692,-123.4571711040693,3,True,0.09331297361894374,0.09325052852900866,False,False,interaction
808,21,21,heldout,13,65,12,0.325,True,False,False,False,False,0.1105725094676017,0.2774344682693481,-0.1668619513511657,107.35994083316476,129.50228458757942,-22.142343754414657,3,True,0.07458863457674028,0.07412352404403977,False,False,interaction
809,21,21,heldout,14,70,13,0.35,True,True,False,False,True,0.0376465655863285,0.0827926471829414,-0.0451460815966129,32.897798497169084,60.94228069965141,-28.044482202482328,3,True,0.015361867860673128,0.01898443626496845,False,False,interaction
810,21,21,heldout,15,75,14,0.375,False,True,True,False,False,0.0926762446761131,0.1217628940939903,-0.0290866494178771,27.063517190079676,39.16347095333675,-12.099953763257073,3,False,1.071571534261057e-06,0.04198842204728956,True,False,transport_free
811,21,21,heldout,16,80,15,0.4,False,True,True,False,False,0.1102623417973518,0.2476884573698043,-0.1374261081218719,49.950097751493445,112.33174689138424,-62.38164913989078,4,False,1.7114007467111343e-12,0.09046879729930353,True,False,transport_free
812,21,21,heldout,17,85,16,0.425,False,True,True,False,False,0.0432613007724285,0.1046513095498085,-0.0613900087773799,21.029971823463665,54.4378853850392,-33.40791356157554,4,False,0.0,0.08800666883914314,True,False,transport_free
813,21,21,heldout,18,90,17,0.45,False,True,True,False,False,0.0068447538651525,0.0092269023880362,-0.0023821485228836,9.641309831418589,4.624853835770623,5.016455995647964,4,False,0.0,0.025667437964653192,True,False,transport_free
814,21,21,heldout,19,95,18,0.475,False,True,True,False,False,0.0300504639744758,0.0970067307353019,-0.0669562667608261,14.926537269276553,47.24484008489629,-32.31830281561974,4,False,0.0,0.0756433823876304,True,False,transport_free
815,21,21,heldout,20,100,19,0.5,False,True,True,False,False,0.0136832306161522,0.0813711658120155,-0.0676879361271858,11.893208754286364,36.805333193664026,-24.912124439377664,5,False,0.0,0.051794352005132265,True,False,transport_free
816,21,21,heldout,21,105,20,0.525,False,True,True,False,False,0.0072578731924295,0.0860575661063194,-0.078799694776535,9.888611462937282,34.59601764147084,-24.707406178533553,5,False,0.0,0.04626432761788043,True,False,transport_free
817,21,21,heldout,22,110,21,0.55,False,True,True,False,False,0.024933049455285,0.0654233172535896,-0.0404902696609497,32.27933619769802,21.96210907430537,10.317227123392652,5,False,0.0,0.02589823355191822,True,False,transport_free
818,21,21,heldout,23,115,22,0.575,True,True,False,True,False,0.0262028072029352,0.0577008910477161,-0.0314980819821357,35.15128208964575,54.99377592559066,-19.84249383594491,5,True,0.006780204433996406,0.005906748044094182,False,False,interaction
819,21,21,heldout,24,120,23,0.6,True,False,False,False,False,0.0388680770993232,0.1305908560752868,-0.0917227789759635,20.744478705762813,55.61463720018105,-34.870158494418234,6,True,0.042913379415071604,0.04280046425263753,False,False,interaction
820,21,21,heldout,25,125,24,0.625,True,False,False,False,False,0.0449423603713512,0.1863840073347091,-0.1414416432380676,39.60812939584552,54.120010361010394,-14.511880965164876,6,True,0.06037693503771146,0.06019366629110668,False,False,interaction
821,21,21,heldout,26,130,25,0.65,True,False,False,False,False,0.8768355846405029,1.739251732826233,-0.86241614818573,228.36682027171696,522.1617544220065,-293.7949341502896,6,True,0.12232295108365486,0.12355694540446957,False,False,interaction
822,21,21,heldout,27,135,26,0.675,True,False,False,False,False,0.1201577186584472,0.1953787058591842,-0.075220987200737,22.04346087771586,23.193509128051872,-1.1500482503360132,6,True,0.0536638671375296,0.053502424762299994,False,False,interaction
823,21,21,heldout,28,140,27,0.7,True,False,False,False,False,0.7207339406013489,1.3026233911514282,-0.5818894505500793,102.4447389963738,213.7696074822928,-111.324868485919,7,True,0.09005582999167376,0.0907984986564951,False,False,interaction
824,21,21,heldout,29,145,28,0.725,True,False,False,False,False,0.055488396435976,0.3554182350635528,-0.2999298274517059,19.63964719767909,98.46357490261482,-78.82392770493574,7,True,0.07313600609314018,0.07308546282719847,False,False,interaction
825,21,21,heldout,30,150,29,0.75,True,False,False,False,False,0.1051165536046028,0.3072985410690307,-0.2021819949150085,95.8141700017327,142.0275830287677,-46.213413027035,7,True,0.08157558747339637,0.0811436425053603,False,False,interaction
826,21,21,heldout,31,155,30,0.775,True,True,False,False,True,0.0493527650833129,0.1514547914266586,-0.1021020263433456,43.46623800763526,106.3942424216827,-62.92800441404744,7,True,0.032244181561026354,0.030796064429002283,False,False,interaction
827,21,21,heldout,32,160,31,0.8,False,True,True,False,False,0.0650250017642974,0.0492858178913593,0.0157391838729381,17.32487520329723,12.694638022717005,4.630237180580226,8,False,0.0001614393188486967,0.019700952091059338,True,False,transport_free
828,21,21,heldout,33,165,32,0.825,False,True,True,False,False,0.119133673608303,0.2082953602075576,-0.0891616865992546,52.43914439494489,78.54859577784259,-26.109451382897703,8,False,2.5130379116951864e-10,0.07710660112709708,True,False,transport_free
829,21,21,heldout,34,170,33,0.85,False,True,True,False,False,0.0777587592601776,0.1685516238212585,-0.0907928645610809,34.191848804054295,60.477551806775615,-26.28570300272132,8,False,3.885780586188048e-16,0.09829230650277856,True,False,transport_free
830,21,21,heldout,35,175,34,0.875,False,True,True,False,False,0.078543521463871,0.1639673262834549,-0.0854238048195838,26.76506401265708,34.14768203585063,-7.382618023193547,8,False,0.0,0.13700528478415308,True,False,transport_free
831,21,21,heldout,36,180,35,0.9,False,True,True,False,False,0.0540809445083141,0.0977211818099021,-0.043640237301588,17.393140219755548,27.620727522001047,-10.2275873022455,9,False,0.0,0.11138933399572075,True,False,transport_free
832,21,21,heldout,37,185,36,0.925,False,True,True,False,False,0.0483298450708389,0.1076885387301445,-0.0593586936593055,13.850840260912896,31.35472639678481,-17.503886135871916,9,False,0.0,0.08979556167008095,True,False,transport_free
833,21,21,heldout,38,190,37,0.95,False,True,True,False,False,0.0081422831863164,0.0631658658385276,-0.055023580789566,8.358611052046273,30.989675390586168,-22.631064338539893,9,False,0.0,0.047912113130854354,True,False,transport_free
834,21,21,heldout,39,195,38,0.975,False,True,True,False,False,0.0075418297201395,0.0887356624007225,-0.0811938345432281,9.659707464810134,35.47913954595891,-25.819432081148776,9,False,0.0,0.047108916824931193,True,False,transport_free
835,21,21,heldout,40,200,39,1.0,False,True,True,False,False,0.0042148744687438,0.058791909366846,-0.0545770339667797,7.313173780045095,19.98962261696153,-12.676448836916435,9,False,0.0,0.023238878529672734,True,False,transport_free
836,22,22,heldout,3,15,2,0.075,False,True,True,False,False,0.0091366712003946,0.0911291912198066,-0.0819925218820571,8.080945008638684,17.44757408968552,-9.366629081046836,0,False,4.2674197509029455e-16,0.10312997251431201,True,False,transport_free
837,22,22,heldout,4,20,3,0.1,False,True,True,False,False,0.0189828239381313,0.2590478658676147,-0.2400650382041931,9.138922545408322,44.578517689964805,-35.439595144556485,1,False,0.0,0.07786049886798074,True,False,transport_free
838,22,22,heldout,5,25,4,0.125,False,True,True,False,False,0.0062265377491712,0.1295527815818786,-0.1233262419700622,10.006820824030378,25.017811051181702,-15.010990227151328,1,False,0.0,0.03936315848561259,True,False,transport_free
839,22,22,heldout,6,30,5,0.15,True,True,False,True,False,0.0181014668196439,0.123595617711544,-0.1054941490292549,13.959589465812186,34.65812306900241,-20.69853360319022,1,True,0.03005619605537457,0.029885072394362625,False,False,interaction
840,22,22,heldout,7,35,6,0.175,True,False,False,False,False,0.0870671644806861,0.312107115983963,-0.2250399589538574,20.67697649758765,86.10467134296186,-65.42769484537422,1,True,0.09082230897084383,0.09077094716061794,False,False,interaction
841,22,22,heldout,8,40,7,0.2,True,False,False,False,False,0.9974438548088074,1.9038419723510744,-0.9063981175422668,15.39924345547056,83.86613682681555,-68.466893371345,2,True,0.1240508786545318,0.12313159485440704,False,False,interaction
842,22,22,heldout,9,45,8,0.225,True,False,False,False,False,1.3604540824890137,1.9977359771728516,-0.6372818946838379,15.67187811876244,11.55064352901284,4.121234589749601,2,True,0.15205675834193919,0.15168550779332476,False,False,interaction
843,22,22,heldout,10,50,9,0.25,True,False,False,False,False,1.3333364725112915,1.800185203552246,-0.4668487310409546,92.82614979392288,86.11453182114685,6.711617972776011,2,True,0.11663839909961062,0.11725025684650607,False,False,interaction
844,22,22,heldout,11,55,10,0.275,True,False,False,False,False,1.182596206665039,1.893951416015625,-0.7113552093505859,616.8524594377341,235.48608479958443,381.3663746381496,2,True,0.14276921831553185,0.14385571530184071,False,False,interaction
845,22,22,heldout,12,60,11,0.3,True,False,False,False,False,0.1227460280060768,0.4881119728088379,-0.3653659522533417,100.93709542089432,388.39677965289275,-287.45968423199844,3,True,0.09274482339739545,0.09294198425472265,False,False,interaction
846,22,22,heldout,13,65,12,0.325,True,False,False,False,False,0.1051270589232444,0.3484952449798584,-0.2433681786060333,73.95940011270203,202.1497322343274,-128.19033212162535,3,True,0.07270485095360933,0.07244619905240514,False,False,interaction
847,22,22,heldout,14,70,13,0.35,True,True,False,False,False,0.2462586164474487,0.4389469921588897,-0.192688375711441,132.8658264639739,206.88859868754523,-74.02277222357134,3,True,0.031506011828434134,0.031952723861928455,False,False,interaction
848,22,22,heldout,15,75,14,0.375,False,True,False,False,True,0.125294491648674,0.1578936427831649,-0.0325991511344909,120.46302810072912,108.32621199603894,12.136816104690183,3,False,0.0007345956354622659,0.007464101720343587,False,True,static
849,22,22,heldout,16,80,15,0.4,False,True,True,False,False,0.2109593600034713,0.3177822530269623,-0.1068228930234909,261.4979949991407,303.35267513844957,-41.85468013930887,4,False,1.719202680087184e-09,0.08075558132432922,True,False,transport_free
850,22,22,heldout,17,85,16,0.425,False,True,True,False,False,0.0826226696372032,0.1937765479087829,-0.1111538782715797,86.0278349667902,140.69960329775014,-54.67176833095995,4,False,2.619347434406841e-15,0.10632682655597922,True,False,transport_free
851,22,22,heldout,18,90,17,0.45,False,True,True,False,False,0.0307574216276407,0.0722078382968902,-0.0414504185318946,18.94363686601561,35.75259304576165,-16.80895617974604,4,False,0.0,0.10994857520264635,True,False,transport_free
852,22,22,heldout,19,95,18,0.475,False,True,True,False,False,0.0406849198043346,0.0754462480545044,-0.0347613282501697,46.34763536132832,41.95460950576094,4.39302585556738,4,False,0.0,0.10961874923892698,True,False,transport_free
853,22,22,heldout,20,100,19,0.5,False,True,True,False,False,0.0359346009790897,0.0777714774012565,-0.0418368764221668,35.3974729518282,49.68420141294681,-14.286728461118614,5,False,0.0,0.07612611739962184,True,False,transport_free
854,22,22,heldout,21,105,20,0.525,False,True,True,False,False,0.0121913654729723,0.1320397704839706,-0.1198484078049659,12.61954827296455,149.59823763675357,-136.97868936378902,5,False,0.0,0.06279469076381845,True,False,transport_free
855,22,22,heldout,22,110,21,0.55,False,True,True,False,False,0.0135254980996251,0.1512399464845657,-0.1377144455909729,15.138839528853543,144.7115707899318,-129.57273126107827,5,False,0.0,0.04898412249325287,True,False,transport_free
856,22,22,heldout,23,115,22,0.575,False,True,True,False,False,0.015671344473958,0.0733237937092781,-0.0576524510979652,26.2196804430902,105.7617403658899,-79.54205992279971,5,False,0.0019785940195455507,0.012375808080690666,True,False,transport_free
857,22,22,heldout,24,120,23,0.6,True,True,False,True,False,0.0112261967733502,0.0220944341272115,-0.0108682373538613,17.039358276103727,16.77359553133137,0.2657627447723563,6,True,0.012293699334107948,0.010339996176948913,False,False,interaction
858,22,22,heldout,25,125,24,0.625,True,False,False,False,False,0.1114172264933586,0.3217977583408355,-0.2103805243968963,143.07057362650264,129.90729493874687,13.163278687755763,6,True,0.08223515412167735,0.08218667836146781,False,False,interaction
859,22,22,heldout,26,130,25,0.65,True,False,False,False,False,0.4739433825016022,1.0483590364456177,-0.5744156837463379,758.767059892255,1604.2735997649825,-845.5065398727274,6,True,0.09600507929047386,0.09616302962270983,False,False,interaction
860,22,22,heldout,27,135,26,0.675,True,False,False,False,False,0.134559080004692,0.3327962756156921,-0.198237195611,91.58476247206345,209.4948958482693,-117.91013337620583,6,True,0.05306958528714439,0.05412271308329239,False,False,interaction
861,22,22,heldout,28,140,27,0.7,True,False,False,False,False,0.1875358074903488,0.5786582827568054,-0.3911224603652954,91.22371958731787,361.1856267875387,-269.9619072002208,7,True,0.07209069511436599,0.07193616408804944,False,False,interaction
862,22,22,heldout,29,145,28,0.725,True,False,False,False,False,0.2604017257690429,0.6505841612815857,-0.3901824355125427,264.6409503945782,671.9684623618291,-407.32751196725087,7,True,0.07424000317339632,0.07448385354783621,False,False,interaction
863,22,22,heldout,30,150,29,0.75,True,False,False,False,False,0.0036611233372241,0.0877946987748146,-0.0841335728764534,7.10214555080547,53.64309225522188,-46.54094670441641,7,True,0.04201626511812645,0.04207081704339153,False,False,interaction
864,22,22,heldout,31,155,30,0.775,True,False,False,False,False,0.030039420351386,0.0913622975349426,-0.0613228753209114,40.2605885992534,71.82118668047062,-31.560598081217215,7,True,0.038294050873663374,0.038048078384009816,False,False,interaction
865,22,22,heldout,32,160,31,0.8,True,True,False,False,True,0.0819824412465095,0.1223860457539558,-0.0404036045074462,101.81010853514373,119.99677231222056,-18.18666377707683,8,True,0.014991358535314322,0.015842023341442805,False,False,interaction
866,22,22,heldout,33,165,32,0.825,False,True,True,False,False,0.0661141350865364,0.0579124130308628,0.0082017220556736,71.56182386272577,44.47020423394704,27.091619628778737,8,False,2.9279326134977225e-05,0.023728733902057538,True,False,transport_free
867,22,22,heldout,34,170,33,0.85,False,True,True,False,False,0.192552387714386,0.1759562045335769,0.016596183180809,224.3224574801768,172.4391788671068,51.88327861306999,8,False,4.6273274089013573e-11,0.060579269360206356,True,False,transport_free
868,22,22,heldout,35,175,34,0.875,False,True,True,False,False,0.1169418692588806,0.1315362751483917,-0.0145944058895111,88.28405003183536,83.42782435155112,4.85622568028424,8,False,5.898059818321144e-17,0.12793787611399227,True,False,transport_free
869,22,22,heldout,36,180,35,0.9,False,True,True,False,False,0.0181165337562561,0.0054050832986831,0.0127114504575729,20.249976594505437,2.888647830825414,17.361328763680024,9,False,0.0,0.047717333131427904,True,False,transport_free
870,22,22,heldout,37,185,36,0.925,False,True,True,False,False,0.0134462304413318,0.0203878786414861,-0.0069416482001543,19.430867170033057,9.453675195364736,9.97719197466832,9,False,0.0,0.09524925526486729,True,False,transport_free
871,22,22,heldout,38,190,37,0.95,False,True,True,False,False,0.0143470978364348,0.0538501739501953,-0.0395030751824379,23.430302958165413,27.819575905439184,-4.389272947273771,9,False,0.0,0.0749627412872609,True,False,transport_free
872,22,22,heldout,39,195,38,0.975,False,True,True,False,False,0.0091733960434794,0.1476191133260727,-0.1384457200765609,10.52236153996154,99.96914698344123,-89.44678544347971,9,False,0.0,0.061737728204676705,True,False,transport_free
873,22,22,heldout,40,200,39,1.0,False,True,True,False,False,0.0136446580290794,0.0939177870750427,-0.0802731290459632,15.505745107234096,96.50908884921454,-81.00334374198044,9,False,0.0,0.036162901808423784,True,False,transport_free
874,23,23,heldout,3,15,2,0.075,False,True,True,False,False,0.0076090134680271,0.0934923961758613,-0.0858833789825439,5.958833469258743,3.5721172158046968,2.3867162534540465,0,False,4.2674197509029455e-16,0.08134923997285377,True,False,transport_free
875,23,23,heldout,4,20,3,0.1,False,True,True,False,False,0.0176333971321582,0.2845942974090576,-0.2669608891010284,6.870215035450085,4.998841073816608,1.871373961633477,1,False,0.0,0.0837288156666327,True,False,transport_free
876,23,23,heldout,5,25,4,0.125,False,True,True,False,False,0.0376251675188541,0.1811433285474777,-0.1435181647539138,8.256755070774373,8.09908966113039,0.1576654096439824,1,False,0.0,0.03284089996263728,True,False,transport_free
877,23,23,heldout,6,30,5,0.15,True,True,False,True,False,0.0046218489296734,0.0209625754505395,-0.0163407269865274,6.211268246114179,0.9177350153048436,5.293533230809336,1,True,0.00518364959234791,0.0031744989691573603,False,False,interaction
878,23,23,heldout,7,35,6,0.175,True,False,False,False,False,0.095687448978424,0.2983506619930267,-0.2026632130146026,5.908597582147823,5.755918764709495,0.1526788174383275,1,True,0.07010897888451936,0.06967915839467739,False,False,interaction
879,23,23,heldout,8,40,7,0.2,True,False,False,False,False,0.2083873897790908,0.8375104069709778,-0.6291230320930481,28.0895913953475,57.975007751573735,-29.885416356226234,2,True,0.09533748243187977,0.09551763793280504,False,False,interaction
880,23,23,heldout,9,45,8,0.225,True,False,False,False,False,1.1651952266693115,1.812181830406189,-0.6469866037368774,34.023559945796286,154.1872890102071,-120.16372906441084,2,True,0.14340728258355265,0.14247398679986725,False,False,interaction
881,23,23,heldout,10,50,9,0.25,True,False,False,False,False,0.9600740075111388,1.5423741340637207,-0.5823001265525818,10.951571643731157,52.303163213187126,-41.35159156945597,2,True,0.111675884172182,0.11295883921760143,False,False,interaction
882,23,23,heldout,11,55,10,0.275,True,False,False,False,False,1.3122683763504028,1.7631536722183228,-0.4508852958679199,130.78318684240085,167.71991579477935,-36.9367289523785,2,True,0.16132635465270537,0.1636744550538037,False,False,interaction
883,23,23,heldout,12,60,11,0.3,True,False,False,False,False,0.378588318824768,0.7598673701286316,-0.3812790513038635,203.5386750957981,351.1745762056134,-147.63590110981528,3,True,0.09447684332090675,0.09560090391013898,False,False,interaction
884,23,23,heldout,13,65,12,0.325,True,False,False,False,False,0.0731499791145324,0.234044149518013,-0.1608941704034805,29.261001730139014,42.21428986133251,-12.953288131193496,3,True,0.07172414427695897,0.07146253730236125,False,False,interaction
885,23,23,heldout,14,70,13,0.35,True,True,False,False,True,0.0137003930285573,0.0457931160926818,-0.0320927239954471,13.784302459879882,11.038811193874878,2.745491266005004,3,True,0.021009266258833377,0.0223181747937651,False,False,interaction
886,23,23,heldout,15,75,14,0.375,False,True,False,False,False,0.0482661910355091,0.0466223508119583,0.0016438402235507,21.922148880227073,13.99982322404709,7.922325656179984,3,False,8.56455147152148e-05,0.007347058498078687,False,True,static
887,23,23,heldout,16,80,15,0.4,False,True,True,False,False,0.2413570880889892,0.462458461523056,-0.2211013734340667,74.25194899515945,151.06704063587657,-76.81509164071711,4,False,1.3502542296216814e-10,0.08442448200325607,True,False,transport_free
888,23,23,heldout,17,85,16,0.425,False,True,True,False,False,0.0746556743979454,0.1763620972633361,-0.1017064228653907,24.56233817146179,40.67099387099296,-16.10865569953117,4,False,2.0122792321330962e-16,0.12155212363522996,True,False,transport_free
889,23,23,heldout,18,90,17,0.45,False,True,True,False,False,0.0175417196005582,0.0112845068797469,0.0062572127208113,11.64252039461904,1.2972091535206054,10.345311241098434,4,False,0.0,0.04434720743282152,True,False,transport_free
890,23,23,heldout,19,95,18,0.475,False,True,True,False,False,0.0665149167180061,0.092755414545536,-0.0262404978275299,11.903434502811054,11.384031190401217,0.5194033124098372,4,False,0.0,0.09675836962404467,True,False,transport_free
891,23,23,heldout,20,100,19,0.5,False,True,True,False,False,0.0280235540121793,0.0489008016884326,-0.0208772476762533,11.50585511177994,11.583229216230713,-0.077374104450774,5,False,0.0,0.05406881904401076,True,False,transport_free
892,23,23,heldout,21,105,20,0.525,False,True,True,False,False,0.0099456645548343,0.1204547584056854,-0.1105090975761413,9.71883604944152,35.01152133265777,-25.29268528321625,5,False,0.0,0.054000572091196526,True,False,transport_free
893,23,23,heldout,22,110,21,0.55,False,True,True,False,False,0.0079634748399257,0.1781287640333175,-0.1701652854681015,9.331599996077331,59.72200571771299,-50.39040572163566,5,False,0.0,0.046136353915131226,True,False,transport_free
894,23,23,heldout,23,115,22,0.575,True,True,False,True,False,0.0088680209591984,0.0540525503456592,-0.0451845303177833,10.826320878171815,21.94931106784936,-11.122990189677546,5,True,0.002023145690491228,0.00628780742516437,False,False,interaction
895,23,23,heldout,24,120,23,0.6,True,True,False,False,False,0.0154155092313885,0.1112121939659118,-0.0957966819405555,8.053390191141611,16.99793541610591,-8.9445452249643,6,True,0.03872316807590521,0.03856790524224653,False,False,interaction
896,23,23,heldout,25,125,24,0.625,True,False,False,False,False,0.0937332585453987,0.2500013411045074,-0.1562680900096893,19.73771975542616,48.43645724649324,-28.69873749106708,6,True,0.079114769319579,0.07929930936396312,False,False,interaction
897,23,23,heldout,26,130,25,0.65,True,False,False,False,False,0.4077716171741485,0.9604194760322572,-0.5526478290557861,79.97879133334841,281.41978049339593,-201.4409891600475,6,True,0.08144023195978682,0.08208052345693817,False,False,interaction
898,23,23,heldout,27,135,26,0.675,True,False,False,False,False,0.0917433500289917,0.1901518106460571,-0.0984084606170654,16.299246978762735,17.61084191531239,-1.311594936549653,6,True,0.03226543968919426,0.0333754953113282,False,False,interaction
899,23,23,heldout,28,140,27,0.7,True,False,False,False,False,0.8575488924980164,1.3377903699874878,-0.4802414774894714,223.361975436523,269.9909419421621,-46.62896650563911,7,True,0.09100801209264107,0.09150114437260505,False,False,interaction
900,23,23,heldout,29,145,28,0.725,True,False,False,False,False,0.0747953876852989,0.1781433671712875,-0.1033479794859886,33.860130329288076,56.54497335235295,-22.68484302306487,7,True,0.05717742953944472,0.05701014416649436,False,False,interaction
901,23,23,heldout,30,150,29,0.75,True,False,False,False,False,0.0390088930726051,0.1607619971036911,-0.1217531040310859,21.695054516531183,45.6010047732654,-23.90595025673422,7,True,0.060766792954673264,0.060680476347096855,False,False,interaction
902,23,23,heldout,31,155,30,0.775,True,False,False,False,False,0.0044920253567397,0.0355218313634395,-0.0310298055410385,8.829924339702249,6.9870602333782665,1.842864106323982,7,True,0.02699952699998444,0.027403094299318014,False,False,interaction
903,23,23,heldout,32,160,31,0.8,False,True,True,False,True,0.0610393621027469,0.0957804396748542,-0.0347410775721073,29.15571126953741,28.47101065479717,0.6847006147402368,8,False,0.008338262282078016,0.006118850264572181,True,False,transport_free
904,23,23,heldout,33,165,32,0.825,False,True,True,False,False,0.2049953192472458,0.2567491829395294,-0.0517538636922836,62.11008561610054,79.86569825045059,-17.75561263435005,8,False,2.5381185317382938e-08,0.05670137047831279,True,False,transport_free
905,23,23,heldout,34,170,33,0.85,False,True,True,False,False,0.1106982007622718,0.1570000052452087,-0.0463018044829368,38.43256761029427,43.68099824002723,-5.248430629732965,8,False,4.049325426158425e-14,0.07255623193767768,True,False,transport_free
906,23,23,heldout,35,175,34,0.875,False,True,True,False,False,0.0823828056454658,0.1825530976057052,-0.1001702919602394,15.312053936049068,29.35017784722916,-14.038123911180094,8,False,0.0,0.1265676843970063,True,False,transport_free
907,23,23,heldout,36,180,35,0.9,False,True,False,False,False,0.0176879446953535,0.0056615588255226,0.0120263863354921,10.925831255381745,0.4380541828247446,10.487777072556998,9,False,0.0,0.012257435547372235,False,True,static
908,23,23,heldout,37,185,36,0.925,False,True,True,False,False,0.0953037738800048,0.1190540269017219,-0.023750253021717,13.277395363334795,19.35665919029116,-6.079263826956362,9,False,0.0,0.10136555511747654,True,False,transport_free
909,23,23,heldout,38,190,37,0.95,False,True,True,False,False,0.0157670136541128,0.1111332774162292,-0.0953662618994712,11.817810936775752,37.46919429787825,-25.651383361102503,9,False,0.0,0.07007707553699118,True,False,transport_free
910,23,23,heldout,39,195,38,0.975,False,True,True,False,False,0.0130007779225707,0.2385360449552536,-0.2255352735519409,10.457564085894518,81.03350091591197,-70.57593683001745,9,False,3.469446951953614e-18,0.06359742197880107,True,False,transport_free
911,23,23,heldout,40,200,39,1.0,False,True,True,False,False,0.0101713510230183,0.1336457133293151,-0.1234743595123291,10.684882640696223,53.80265079812904,-43.11776815743281,9,False,0.0,0.023634364939570416,True,False,transport_free
912,24,24,heldout,3,15,2,0.075,False,True,True,False,False,0.017565581947565,0.093185193836689,-0.0756196081638336,11.715058451217343,4.869302465977058,6.845755985240287,0,False,4.2674197509029455e-16,0.058572882776410644,True,False,transport_free
913,24,24,heldout,4,20,3,0.1,False,True,True,False,False,0.015231717377901,0.1164440736174583,-0.1012123525142669,9.602433092877307,4.499765618017874,5.102667474859435,1,False,0.0,0.04941726285824551,True,False,transport_free
914,24,24,heldout,5,25,4,0.125,False,True,True,False,False,0.0064184986986219,0.0978326126933097,-0.0914141163229942,9.02622972489648,3.3659772932421537,5.660252431654328,1,False,0.0,0.026465711391090857,True,False,transport_free
915,24,24,heldout,6,30,5,0.15,True,True,False,True,False,0.0384935103356838,0.1198410019278526,-0.0813474953174591,11.073787341873254,9.113420084758456,1.9603672571147983,1,True,0.014419806933707832,0.012233770867406303,False,False,interaction
916,24,24,heldout,7,35,6,0.175,True,False,False,False,False,0.0808390751481056,0.2309609055519104,-0.1501218378543853,13.436612162208483,5.788919317196292,7.647692845012191,1,True,0.06595279177868443,0.06548169156651035,False,False,interaction
917,24,24,heldout,8,40,7,0.2,True,False,False,False,False,0.5656052231788635,1.5003256797790527,-0.9347204566001892,15.877636197147666,21.38162852983378,-5.5039923326861135,2,True,0.104014236391839,0.10332292611034088,False,False,interaction
918,24,24,heldout,9,45,8,0.225,True,False,False,False,False,1.3579822778701782,1.858876347541809,-0.5008940696716309,17.515068221727358,17.741567833426718,-0.22649961169936,2,True,0.14193972598836374,0.14192084422705378,False,False,interaction
919,24,24,heldout,10,50,9,0.25,True,False,False,False,False,1.0369552373886108,1.5057735443115234,-0.4688183069229126,28.10674243189597,13.843899630012436,14.262842801883531,2,True,0.08408588730004919,0.08492870994753517,False,False,interaction
920,24,24,heldout,11,55,10,0.275,True,False,False,False,False,1.0006619691848757,1.7414544820785522,-0.7407925128936768,1065.5717151903798,2273.3573384447973,-1207.7856232544175,2,True,0.12821988578094767,0.1290910147082359,False,False,interaction
921,24,24,heldout,12,60,11,0.3,True,False,False,False,False,0.0578158684074878,0.2670621573925018,-0.2092462927103042,113.77149643241694,400.0950082599555,-286.32351182753854,3,True,0.06974958996637855,0.07006458521757157,False,False,interaction
922,24,24,heldout,13,65,12,0.325,True,False,False,False,False,0.0085498141124844,0.1205117478966713,-0.1119619309902191,9.002974883738501,108.21026969214734,-99.20729480840885,3,True,0.04265678694602865,0.042636202771369515,False,False,interaction
923,24,24,heldout,14,70,13,0.35,True,True,False,False,True,0.0080509921535849,0.0275487750768661,-0.0194977819919586,13.137148274944003,24.35652492748012,-11.219376652536114,3,True,0.01717791270877421,0.018306783414011988,False,False,interaction
924,24,24,heldout,15,75,14,0.375,False,True,False,False,False,0.0397285036742687,0.047261107712984,-0.0075326040387153,45.60308042118737,66.12800504977078,-20.52492462858341,3,False,0.00020813162165493135,0.008307229182319844,False,True,static
925,24,24,heldout,16,80,15,0.4,False,True,True,False,False,0.1897741109132766,0.1705864518880844,0.0191876590251922,218.50880586607124,174.73137538092408,43.77743048514717,4,False,5.330321262321175e-10,0.055687772999483034,True,False,transport_free
926,24,24,heldout,17,85,16,0.425,False,True,True,False,False,0.1592098921537399,0.2928566634654999,-0.1336467713117599,194.79411783868883,347.98709141634026,-153.19297357765143,4,False,8.331297329690976e-16,0.09817292446837998,True,False,transport_free
927,24,24,heldout,18,90,17,0.45,False,True,True,False,False,0.0282209906727075,0.0529211945831775,-0.02470020391047,24.41116089428971,49.04266048675936,-24.63149959246965,4,False,0.0,0.056762362414172964,True,False,transport_free
928,24,24,heldout,19,95,18,0.475,False,True,True,False,False,0.0215389057993888,0.0425087660551071,-0.0209698602557182,21.66576905283773,43.795811477355535,-22.130042424517804,4,False,0.0,0.0594404880558252,True,False,transport_free
929,24,24,heldout,20,100,19,0.5,False,True,True,False,False,0.0154004814103245,0.0437105111777782,-0.0283100306987762,13.214355409522025,37.7734369062589,-24.55908149673688,5,False,0.0,0.043171720106870974,True,False,transport_free
930,24,24,heldout,21,105,20,0.525,False,True,True,False,False,0.0040814955718815,0.1100571975111961,-0.1059757024049758,10.547677604017297,121.5111688487592,-110.96349124474192,5,False,0.0,0.06992926513923212,True,False,transport_free
931,24,24,heldout,22,110,21,0.55,False,True,True,False,False,0.0115066170692443,0.2133993655443191,-0.2018927484750747,27.096220575393485,200.3029702275936,-173.2067496522001,5,False,0.0,0.06726754473090149,True,False,transport_free
932,24,24,heldout,23,115,22,0.575,True,True,False,True,False,0.0048957117833197,0.0736910328269004,-0.0687953233718872,12.351945359533,80.37491388464532,-68.02296852511232,5,True,0.002760760152166921,0.011033272362783009,False,False,interaction
933,24,24,heldout,24,120,23,0.6,True,False,False,False,False,0.0931342020630836,0.3790521323680877,-0.2859179377555847,180.9011868816908,404.2527322025106,-223.35154532081975,6,True,0.07527062765804082,0.07455552865390605,False,False,interaction
934,24,24,heldout,25,125,24,0.625,True,False,False,False,False,0.1423289626836776,0.6422091126441956,-0.4998801350593567,322.03102639136915,1210.0587455926825,-888.0277192013132,6,True,0.091873318336424,0.09193089609961713,False,False,interaction
935,24,24,heldout,26,130,25,0.65,True,False,False,False,False,0.8891491889953613,1.7912451028823853,-0.902095913887024,348.5164487726227,1425.6852621351077,-1077.1688133624848,6,True,0.11194074525083307,0.11159369642442389,False,False,interaction
936,24,24,heldout,27,135,26,0.675,True,False,False,False,False,0.0692843422293663,0.2064273804426193,-0.1371430456638336,29.70873016242749,122.31918037194866,-92.61045020952118,6,True,0.03383914292298097,0.03247573396095122,False,False,interaction
937,24,24,heldout,28,140,27,0.7,True,False,False,False,False,0.6432099938392639,1.4915233850479126,-0.8483133912086487,1704.4939709591272,2325.5666921018355,-621.0727211427084,7,True,0.10776504303437529,0.10741652597305756,False,False,interaction
938,24,24,heldout,29,145,28,0.725,True,False,False,False,False,0.0863831266760826,0.3458762466907501,-0.2594931125640869,156.61344423482365,707.7181696495671,-551.1047254147435,7,True,0.05703611193555983,0.0571108647879721,False,False,interaction
939,24,24,heldout,30,150,29,0.75,True,False,False,False,False,0.0159180555492639,0.1823135614395141,-0.1663955003023147,16.414593831810944,181.70888711333893,-165.29429328152798,7,True,0.05318123723362649,0.05297024872741053,False,False,interaction
940,24,24,heldout,31,155,30,0.775,True,True,False,False,False,0.0292058568447828,0.0739949867129325,-0.0447891280055046,52.10980065338396,96.5433024634786,-44.433501810094654,7,True,0.028705395290136156,0.02886519491307519,False,False,interaction
941,24,24,heldout,32,160,31,0.8,True,True,False,True,True,0.0248760879039764,0.0287186931818723,-0.0038426052778959,40.78169886459085,43.39123663612914,-2.6095377715382924,8,True,0.002186939373894407,0.003850104605874017,False,False,interaction
942,24,24,heldout,33,165,32,0.825,False,True,True,False,False,0.1085095927119255,0.1269188374280929,-0.0184092447161674,109.59145123226529,119.1367910767449,-9.545339844479614,8,False,6.786103399398921e-08,0.040247483024916056,True,False,transport_free
943,24,24,heldout,34,170,33,0.85,False,True,True,False,False,0.1461016088724136,0.2203305214643478,-0.0742289125919342,159.23169736768423,220.77653340304508,-61.544836035360845,8,False,1.079506082227342e-13,0.07734866876221924,True,False,transport_free
944,24,24,heldout,35,175,34,0.875,False,True,True,False,False,0.1019575521349906,0.3248731195926666,-0.2229155600070953,76.23681240958204,295.3323178656004,-219.09550545601832,8,False,0.0,0.14018822467641262,True,False,transport_free
945,24,24,heldout,36,180,35,0.9,False,True,True,False,False,0.0092763248831033,0.0430494137108325,-0.033773086965084,16.60876231080723,38.02593200287588,-21.417169692068647,9,False,0.0,0.06245674615700354,True,False,transport_free
946,24,24,heldout,37,185,36,0.925,False,True,True,False,False,0.0251952111721038,0.1892751008272171,-0.1640798896551132,21.428315718381004,166.48911612920642,-145.0608004108254,9,False,0.0,0.09274589668362022,True,False,transport_free
947,24,24,heldout,38,190,37,0.95,False,True,True,False,False,0.0143085019662976,0.0862872824072837,-0.0719787776470184,14.98053656894515,83.5558623477046,-68.57532577875945,9,False,0.0,0.0484290964610615,True,False,transport_free
948,24,24,heldout,39,195,38,0.975,False,True,True,False,False,0.0074491091072559,0.0997153520584106,-0.092266246676445,14.47396636492004,91.55963716520444,-77.08567080028439,9,False,0.0,0.0472548392909647,True,False,transport_free
949,24,24,heldout,40,200,39,1.0,False,True,False,False,False,0.0050242822617292,0.0735855624079704,-0.068561278283596,12.742812985319825,87.0094649092071,-74.26665192388727,9,False,0.0,0.013448449034081192,False,True,static
950,25,25,heldout,3,15,2,0.075,False,True,True,False,False,0.0079848570749163,0.0479758791625499,-0.039991021156311,13.016553661955667,40.40380176064396,-27.38724809868829,0,False,4.2327252813834093e-16,0.10988572105536436,True,False,transport_free
951,25,25,heldout,4,20,3,0.1,False,True,True,False,False,0.0069739869795739,0.1252969652414322,-0.1183229759335517,14.198898858099392,62.81675263763116,-48.61785377953177,1,False,0.0,0.07172950748380041,True,False,transport_free
952,25,25,heldout,5,25,4,0.125,False,True,True,False,False,0.004849977325648,0.0742587074637413,-0.0694087296724319,14.969969214339487,34.78115186044392,-19.81118264610443,1,False,0.0,0.02412447530386107,True,False,transport_free
953,25,25,heldout,6,30,5,0.15,True,True,False,True,False,0.0074178124777972,0.0256473626941442,-0.0182295497506856,18.234644164995206,13.179896208473687,5.054747956521519,1,True,0.015480866123542445,0.015046381277846037,False,False,interaction
954,25,25,heldout,7,35,6,0.175,True,False,False,False,False,0.0613462813198566,0.2183389067649841,-0.1569926291704177,88.56158913413832,120.6214286422354,-32.059839508097085,1,True,0.0718717682679309,0.07179351882116039,False,False,interaction
955,25,25,heldout,8,40,7,0.2,True,False,False,False,False,0.0839021429419517,0.2352182418107986,-0.1513161063194275,126.6984355078935,245.2419828577619,-118.54354734986843,2,True,0.08954686112967132,0.0891831570768767,False,False,interaction
956,25,25,heldout,9,45,8,0.225,True,False,False,False,False,0.1950311064720153,0.4943183362483978,-0.2992872297763824,209.98688655268452,641.6502280427061,-431.6633414900216,2,True,0.09238972992113238,0.09357332772271715,False,False,interaction
957,25,25,heldout,10,50,9,0.25,True,False,False,False,False,0.1411186009645462,0.300430029630661,-0.1593114286661148,61.37881829616285,146.77349649553832,-85.39467819937548,2,True,0.061422233020667696,0.05995345396091482,False,False,interaction
958,25,25,heldout,11,55,10,0.275,True,False,False,False,False,0.3594965934753418,0.6008946299552917,-0.2413980364799499,122.75181966282588,317.83491099924385,-195.08309133641797,2,True,0.08518870456501654,0.08515079861046583,False,False,interaction
959,25,25,heldout,12,60,11,0.3,True,False,False,False,False,0.0363502092659473,0.1815990060567855,-0.1452488005161285,42.47284250053505,122.446221006112,-79.97337850557696,3,True,0.05482264267653968,0.05477636745084634,False,False,interaction
960,25,25,heldout,13,65,12,0.325,True,False,False,False,False,0.0132990255951881,0.1381401866674423,-0.1248411610722541,8.663389346411195,57.500240961899486,-48.83685161548829,3,True,0.04495072836201308,0.04475071043438493,False,False,interaction
961,25,25,heldout,14,70,13,0.35,True,True,False,False,True,0.0904403924942016,0.1892142444849014,-0.0987738519906997,37.62263538726942,68.03432481779565,-30.41168943052623,3,True,0.026192700174926413,0.02730050383362458,False,False,interaction
962,25,25,heldout,15,75,14,0.375,False,True,True,False,False,0.0430323481559753,0.0766585543751716,-0.0336262062191963,17.125429126458886,42.71038865765117,-25.58495953119229,3,False,0.0018113688931210993,0.011534098097728379,True,False,transport_free
963,25,25,heldout,16,80,15,0.4,False,True,True,False,False,0.2005441188812255,0.2149118185043335,-0.0143676996231079,59.914095935825266,68.42092009468318,-8.506824158857917,4,False,2.4691676784399274e-08,0.06561237158263171,True,False,transport_free
964,25,25,heldout,17,85,16,0.425,False,True,True,False,False,0.0991829261183738,0.1517481356859207,-0.0525652095675468,44.8845149281407,50.31473801360354,-5.430223085462835,4,False,3.7719208327904336e-14,0.10763642443154896,True,False,transport_free
965,25,25,heldout,18,90,17,0.45,False,True,False,False,False,0.0246073696762323,0.0023380394559353,0.0222693309187889,15.50080087885121,1.1626694847422634,14.338131394108949,4,False,0.0,0.01786396684078104,False,True,static
966,25,25,heldout,19,95,18,0.475,False,True,True,False,False,0.0247440785169601,0.0403906889259815,-0.0156466104090213,16.659317987261677,12.806663968387054,3.852654018874622,4,False,0.0,0.06826246754036427,True,False,transport_free
967,25,25,heldout,20,100,19,0.5,False,True,True,False,False,0.0056599709205329,0.065969318151474,-0.0603093467652797,9.491679922438012,31.54286899914648,-22.051189076708468,5,False,0.0,0.0617459949369248,True,False,transport_free
968,25,25,heldout,21,105,20,0.525,False,True,True,False,False,0.017652278766036,0.2044703364372253,-0.1868180632591247,16.598073280686364,62.41329651356049,-45.815223232874125,5,False,0.0,0.07827963547883653,True,False,transport_free
969,25,25,heldout,22,110,21,0.55,False,True,True,False,False,0.0027252149302512,0.0842255279421806,-0.0815003141760826,8.977233771395948,23.503564557776727,-14.52633078638078,5,False,0.0,0.02793781068037191,True,False,transport_free
970,25,25,heldout,23,115,22,0.575,True,True,False,True,False,0.0128351906314492,0.0444274246692657,-0.0315922349691391,20.455612395514752,41.21607262150109,-20.760460225986332,5,True,0.0045591438349892,0.005528278568484451,False,False,interaction
971,25,25,heldout,24,120,23,0.6,True,False,False,False,False,0.0742681920528411,0.4098524749279022,-0.335584282875061,42.47193409499745,180.68740156560852,-138.2154674706111,6,True,0.07421952575619455,0.07375216042946281,False,False,interaction
972,25,25,heldout,25,125,24,0.625,True,False,False,False,False,0.2922816574573517,0.5012853145599365,-0.2090036571025848,253.94527104006377,321.69122647816204,-67.74595543809829,6,True,0.08453712201895866,0.08483774072082308,False,False,interaction
973,25,25,heldout,26,130,25,0.65,True,False,False,False,False,0.3185658752918243,0.5677006840705872,-0.2491348087787628,135.18310939372793,228.3945891132049,-93.21147971947696,6,True,0.04492790057347065,0.04502880312371076,False,False,interaction
974,25,25,heldout,27,135,26,0.675,True,False,False,False,False,0.0110069895163178,0.0097486739978194,0.0012583155184984,17.861021341145456,5.0527302715971905,12.808291069548265,6,True,0.007178237363620631,0.006804006107794789,False,False,interaction
975,25,25,heldout,28,140,27,0.7,True,False,False,False,False,0.2010363340377807,0.4100890457630157,-0.2090527117252349,74.53736886775656,174.29102017306002,-99.75365130530346,7,True,0.030243267541058053,0.030009115124620202,False,False,interaction
976,25,25,heldout,29,145,28,0.725,True,False,False,False,False,0.0826196074485778,0.2622392475605011,-0.1796196401119232,39.53153484724106,159.2670001194849,-119.73546527224384,7,True,0.06522918678179519,0.0647872458226884,False,False,interaction
977,25,25,heldout,30,150,29,0.75,True,False,False,False,False,0.0663739517331123,0.4793002307415008,-0.4129262864589691,52.56697992123975,229.56654823148207,-176.99956831024232,7,True,0.08674997458211567,0.08670739216181132,False,False,interaction
978,25,25,heldout,31,155,30,0.775,True,True,False,False,True,0.0496978424489498,0.1053439974784851,-0.0556461550295352,19.54859582438234,36.181794739023765,-16.633198914641426,7,True,0.026514902861003248,0.024295407694717462,False,False,interaction
979,25,25,heldout,32,160,31,0.8,False,True,False,False,False,0.0646706372499466,0.0841393247246742,-0.0194686874747276,17.57152155482802,46.57646544492985,-29.00494389010183,8,False,0.00037598501586387945,0.017044906923315006,False,True,static
980,25,25,heldout,33,165,32,0.825,False,True,True,False,False,0.1668962389230728,0.28195521235466,-0.1150589734315872,53.210332411710816,96.8160740883252,-43.60574167661439,8,False,5.822599276722315e-10,0.08139481707939139,True,False,transport_free
981,25,25,heldout,34,170,33,0.85,False,True,True,False,False,0.0580981932580471,0.1502774506807327,-0.0921792536973953,22.81395695284623,68.7782175389193,-45.96426058607307,8,False,9.020562075079397e-16,0.11336744459939647,True,False,transport_free
982,25,25,heldout,35,175,34,0.875,False,True,True,False,False,0.0350934341549873,0.0919119492173194,-0.0568185150623321,12.118889308489807,22.725850632869633,-10.606961324379826,8,False,0.0,0.13036657878119126,True,False,transport_free
983,25,25,heldout,36,180,35,0.9,False,True,True,False,False,0.027160620316863,0.0807245895266532,-0.053563967347145,13.806740724197208,19.301652198055365,-5.494911473858158,9,False,0.0,0.12963614968065415,True,False,transport_free
984,25,25,heldout,37,185,36,0.925,False,True,True,False,False,0.0173779595643281,0.0973549410700798,-0.0799769833683967,13.285355111931048,43.45768815658207,-30.172333044651023,9,False,0.0,0.10334694176048659,True,False,transport_free
985,25,25,heldout,38,190,37,0.95,False,True,True,False,False,0.0091124875470995,0.102726362645626,-0.0936138778924942,10.48868932856468,47.94586195321234,-37.457172624647654,9,False,0.0,0.05593545376014403,True,False,transport_free
986,25,25,heldout,39,195,38,0.975,False,True,True,False,False,0.0306114181876182,0.1081951037049293,-0.0775836855173111,37.54459363614047,44.30674575667462,-6.762152120534154,9,False,0.0,0.04247489402986747,True,False,transport_free
987,25,25,heldout,40,200,39,1.0,False,True,False,False,False,0.0253350213170051,0.0998501405119896,-0.0745151191949844,25.361989061457205,43.205016376440824,-17.84302731498362,9,False,0.0,0.014906669081561214,False,True,static
988,26,26,heldout,3,15,2,0.075,False,True,True,False,False,0.0170892290771007,0.0965412482619285,-0.0794520229101181,10.474268464794251,18.54067371533687,-8.066405250542617,0,False,4.2674197509029455e-16,0.09817378844706558,True,False,transport_free
989,26,26,heldout,4,20,3,0.1,False,True,True,False,False,0.0112426253035664,0.1409140080213546,-0.1296713799238205,9.471101886858504,22.303862335715536,-12.832760448857032,1,False,0.0,0.0590462151711911,True,False,transport_free
990,26,26,heldout,5,25,4,0.125,False,True,True,False,False,0.0060445717535912,0.0622969605028629,-0.0562523901462554,8.633312577874726,13.734415171399965,-5.101102593525239,1,False,0.0,0.02030861716084422,True,False,transport_free
991,26,26,heldout,6,30,5,0.15,True,True,False,True,False,0.0033845312427729,0.0288578961044549,-0.0254733655601739,9.516730421429347,6.6496151619085735,2.867115259520774,1,True,0.0038410440122619936,0.005132981148340138,False,False,interaction
992,26,26,heldout,7,35,6,0.175,True,False,False,False,False,0.0710578113794326,0.2086144238710403,-0.1375566124916076,32.23890589896006,52.197678509019546,-19.958772610059484,1,True,0.06847967356318718,0.06777884429008485,False,False,interaction
993,26,26,heldout,8,40,7,0.2,True,False,False,False,False,0.7167642712593079,1.6872963905334473,-0.9705321192741394,65.60542019194223,196.3502223064485,-130.74480211450629,2,True,0.12212811406627168,0.1216768862150153,False,False,interaction
994,26,26,heldout,9,45,8,0.225,True,False,False,False,False,1.3984450101852417,1.8962053060531616,-0.4977602958679199,24.304643593286546,24.57047932236989,-0.2658357290833493,2,True,0.1688670571896111,0.16861478921500409,False,False,interaction
995,26,26,heldout,10,50,9,0.25,True,False,False,False,False,1.718222975730896,1.873699188232422,-0.1554762125015258,17.581139522116114,16.21375636626463,1.3673831558514848,2,True,0.12745460009733164,0.12959962177243187,False,False,interaction
996,26,26,heldout,11,55,10,0.275,True,False,False,False,False,1.8039517402648928,1.977481722831726,-0.1735299825668335,1582.9589795909833,1682.7372798206543,-99.77830022967125,2,True,0.15834868531993673,0.1608841918338786,False,False,interaction
997,26,26,heldout,12,60,11,0.3,True,False,False,False,False,0.1741005927324295,0.4710288941860199,-0.2969282865524292,176.99833340995733,372.71189344369606,-195.71356003373873,3,True,0.07725003482978603,0.07767330487406435,False,False,interaction
998,26,26,heldout,13,65,12,0.325,True,False,False,False,False,0.0400515347719192,0.1054604724049568,-0.0654089376330375,60.40377002340228,72.76370816836338,-12.3599381449611,3,True,0.04374849481323016,0.043587731212988895,False,False,interaction
999,26,26,heldout,14,70,13,0.35,True,True,False,False,True,0.0065543041564524,0.0149568123742938,-0.0084025077521801,14.425431256151056,15.069028688290969,-0.6435974321399112,3,True,0.01472385923002271,0.01420176547421657,False,False,interaction
1000,26,26,heldout,15,75,14,0.375,False,True,False,False,False,0.0428428389132022,0.0459413342177867,-0.0030984953045845,54.19718590405046,45.3909036493333,8.806282254717154,3,False,7.416721764884351e-05,0.008069683309235152,False,True,static
1001,26,26,heldout,16,80,15,0.4,False,True,True,False,False,0.1252744197845459,0.1457163542509079,-0.020441934466362,149.87632119391637,135.29572874600842,14.580592447907948,4,False,1.1584233259718985e-10,0.050278320712470743,True,False,transport_free
1002,26,26,heldout,17,85,16,0.425,False,True,True,False,False,0.1265696585178375,0.1784348338842392,-0.0518651753664016,158.77900779581634,122.99678670671516,35.782221089101185,4,False,1.6653345369377348e-16,0.08906270389603839,True,False,transport_free
1003,26,26,heldout,18,90,17,0.45,False,True,False,False,False,0.0228437576442956,0.0056218323297798,0.0172219257801771,36.28481040248795,1.9232590137852448,34.36155138870271,4,False,0.0,0.013063532396238007,False,True,static
1004,26,26,heldout,19,95,18,0.475,False,True,True,False,False,0.0188266579061746,0.0388911962509155,-0.0200645383447408,36.47118997254787,21.099643810591218,15.371546161956658,4,False,0.0,0.05916788585124391,True,False,transport_free
1005,26,26,heldout,20,100,19,0.5,False,True,True,False,False,0.0134350256994366,0.04354789853096,-0.0301128737628459,31.075819873867705,31.527490467800988,-0.451670593933283,5,False,0.0,0.03772375495233357,True,False,transport_free
1006,26,26,heldout,21,105,20,0.525,False,True,True,False,False,0.0068546538241207,0.0697737857699394,-0.0629191324114799,13.600654162424137,72.36116733320983,-58.7605131707857,5,False,0.0,0.038481986717395014,True,False,transport_free
1007,26,26,heldout,22,110,21,0.55,False,True,True,False,False,0.0075820386409759,0.0510219745337963,-0.0434399358928203,16.700298403047775,45.5929350337257,-28.892636630677927,5,False,0.0,0.030895317932627064,True,False,transport_free
1008,26,26,heldout,23,115,22,0.575,True,True,False,True,False,0.0141351865604519,0.0503302998840808,-0.0361951142549514,23.126246728310065,65.23689707093705,-42.11065034262698,5,True,0.001273985987233031,0.010847980045214391,False,False,interaction
1009,26,26,heldout,24,120,23,0.6,True,True,False,False,False,0.0634819790720939,0.1193987503647804,-0.0559167712926864,65.6258268702643,96.8533452526092,-31.227518382344897,6,True,0.03716560580971396,0.03660653558542741,False,False,interaction
1010,26,26,heldout,25,125,24,0.625,True,False,False,False,False,0.1479617208242416,0.4107483625411987,-0.2627866268157959,159.1883493866595,322.95791054115966,-163.76956115450017,6,True,0.07791225350915666,0.07788109999288688,False,False,interaction
1011,26,26,heldout,26,130,25,0.65,True,False,False,False,False,0.6139212250709534,1.356208324432373,-0.7422870993614197,904.806227738839,2058.0223686198947,-1153.2161408810557,6,True,0.10601638509553837,0.10589290893391413,False,False,interaction
1012,26,26,heldout,27,135,26,0.675,True,False,False,False,False,0.0294371154159307,0.0356207527220249,-0.0061836373060941,9.90652945274974,8.663872359929515,1.242657092820224,6,True,0.016662320243260687,0.01691028570623959,False,False,interaction
1013,26,26,heldout,28,140,27,0.7,True,False,False,False,False,0.4509874880313873,0.9911307692527772,-0.5401432514190674,529.967318781178,916.4446167539332,-386.4772979727551,7,True,0.07313254839305686,0.0729789073898448,False,False,interaction
1014,26,26,heldout,29,145,28,0.725,True,False,False,False,False,0.1053855046629905,0.2811735868453979,-0.1757880747318267,94.31022555033373,245.08438062979948,-150.77415507946577,7,True,0.05542589200993578,0.055233253788347925,False,False,interaction
1015,26,26,heldout,30,150,29,0.75,True,False,False,False,False,0.0222537200897932,0.1625482589006424,-0.140294536948204,22.36906914048659,120.82207572399818,-98.4530065835116,7,True,0.06206964846386575,0.062003364922340945,False,False,interaction
1016,26,26,heldout,31,155,30,0.775,True,True,False,False,True,0.0217371135950088,0.0879542231559753,-0.0662171095609664,33.63337809232406,94.27650185078905,-60.64312375846499,7,True,0.04066167077942831,0.038232940252168286,False,False,interaction
1017,26,26,heldout,32,160,31,0.8,False,True,True,False,False,0.0830623060464859,0.0738823860883712,0.0091799199581146,127.45470002216072,81.40705176958271,46.047648252578,8,False,0.002431886344547491,0.014107622784104922,True,False,transport_free
1018,26,26,heldout,33,165,32,0.825,False,True,True,False,False,0.1929047703742981,0.2525037825107574,-0.0595990121364593,278.3152647663206,248.04366202763936,30.271602738681224,8,False,6.993658329709519e-09,0.0737992084175486,True,False,transport_free
1019,26,26,heldout,34,170,33,0.85,False,True,True,False,False,0.0629954412579536,0.0915008783340454,-0.0285054370760917,98.6251042545642,86.67442410326079,11.950680151303402,8,False,1.1136884184775013e-14,0.0696031402598705,True,False,transport_free
1020,26,26,heldout,35,175,34,0.875,False,True,True,False,False,0.0380110330879688,0.0621758550405502,-0.0241648219525814,32.06885033490604,17.071056336541833,14.997793998364203,8,False,0.0,0.09044832778166326,True,False,transport_free
1021,26,26,heldout,36,180,35,0.9,False,True,True,False,False,0.0221889708191156,0.0677623152732849,-0.0455733463168144,21.88953417915435,20.16670201984636,1.7228321593079876,9,False,0.0,0.09277128837879729,True,False,transport_free
1022,26,26,heldout,37,185,36,0.925,False,True,True,False,False,0.0162265095859766,0.0607087612152099,-0.0444822534918785,22.972097879558405,24.04476345388156,-1.0726655743231568,9,False,0.0,0.05808755186678771,True,False,transport_free
1023,26,26,heldout,38,190,37,0.95,False,True,True,False,False,0.0059987069107592,0.0717503502964973,-0.0657516419887542,11.835039347301633,69.31857547653571,-57.48353612923408,9,False,0.0,0.04421267527386851,True,False,transport_free
1024,26,26,heldout,39,195,38,0.975,False,True,True,False,False,0.0132725937291979,0.0685440599918365,-0.0552714653313159,19.451005916720195,55.86005925407932,-36.409053337359126,9,False,0.0,0.040402813621008775,True,False,transport_free
1025,26,26,heldout,40,200,39,1.0,False,True,True,False,False,0.0078520039096474,0.0604031682014465,-0.0525511652231216,15.829609128683597,67.69482072009187,-51.86521159140827,9,False,0.0,0.02410609886731895,True,False,transport_free
1026,27,27,heldout,3,15,2,0.075,False,True,True,False,False,0.0049868295900523,0.0653871223330497,-0.0604002922773361,7.823719019217454,1.637832779469136,6.185886239748318,0,False,4.2674197509029455e-16,0.06732889199887283,True,False,transport_free
1027,27,27,heldout,4,20,3,0.1,False,True,True,False,False,0.0049268249422311,0.1660744696855545,-0.1611476391553878,7.724312180296781,1.8160409212351707,5.90827125906161,1,False,0.0,0.06884574899365987,True,False,transport_free
1028,27,27,heldout,5,25,4,0.125,False,True,True,False,False,0.0082702236250042,0.1331772953271865,-0.1249070689082145,8.673637992514264,2.0180748088788274,6.6555631836354365,1,False,0.0,0.048068344040365786,True,False,transport_free
1029,27,27,heldout,6,30,5,0.15,True,True,False,True,False,0.0055163321085274,0.0464833378791809,-0.0409670062363147,8.475554500955369,1.607189193890072,6.868365307065297,1,True,0.0038313006777170953,0.0032996354466350657,False,False,interaction
1030,27,27,heldout,7,35,6,0.175,True,False,False,False,False,0.0949017629027366,0.339084267616272,-0.2441824972629547,10.398074700838352,7.62903611171873,2.7690385891196216,1,True,0.08102744628254249,0.08093426112872912,False,False,interaction
1031,27,27,heldout,8,40,7,0.2,True,False,False,False,False,0.1194874569773674,0.395538330078125,-0.276050865650177,5.670766309750507,7.024342562539001,-1.3535762527884936,2,True,0.0917916042873572,0.09209295767779875,False,False,interaction
1032,27,27,heldout,9,45,8,0.225,True,False,False,False,False,0.1549738049507141,0.7536232471466064,-0.5986494421958923,7.463619747432869,10.742639696650896,-3.2790199492180285,2,True,0.0930846773462902,0.0936771957735448,False,False,interaction
1033,27,27,heldout,10,50,9,0.25,True,False,False,False,False,0.9031224250793456,1.4339890480041504,-0.5308666229248047,23.26916045897744,30.84211717803127,-7.572956719053831,2,True,0.08654246657263912,0.08493328203664553,False,False,interaction
1034,27,27,heldout,11,55,10,0.275,True,False,False,False,False,1.4351476430892944,1.7254053354263306,-0.2902576923370361,1798.944320904898,2108.500640958766,-309.5563200538679,2,True,0.13380601957637844,0.13342822619957959,False,False,interaction
1035,27,27,heldout,12,60,11,0.3,True,False,False,False,False,0.0832863003015518,0.3216649293899536,-0.2383786290884018,159.6884241802601,523.1005641324526,-363.41213995219255,3,True,0.06844020702754026,0.06811903245277359,False,False,interaction
1036,27,27,heldout,13,65,12,0.325,True,False,False,False,False,0.039967980235815,0.2279330492019653,-0.1879650652408599,63.136704838329514,241.11957003807615,-177.98286519974667,3,True,0.061742035603889744,0.06159007430485674,False,False,interaction
1037,27,27,heldout,14,70,13,0.35,True,True,False,False,True,0.0125783728435635,0.0347376018762588,-0.0221592299640178,24.022691981818134,41.37535249971526,-17.352660517897124,3,True,0.01816520946080964,0.021163226026258544,False,False,interaction
1038,27,27,heldout,15,75,14,0.375,False,True,False,False,False,0.0580480955541133,0.0664392039179802,-0.0083911083638668,65.8031211968593,80.86379655989145,-15.06067536303216,3,False,3.251693697049974e-05,0.01861791064991862,False,True,static
1039,27,27,heldout,16,80,15,0.4,False,True,True,False,False,0.2288925647735595,0.2661205530166626,-0.037227988243103,274.89332580531027,268.07261104502044,6.820714760289832,4,False,5.090352190965806e-11,0.07951983667088679,True,False,transport_free
1040,27,27,heldout,17,85,16,0.425,False,True,True,False,False,0.0771601572632789,0.1761927604675293,-0.0990326032042503,65.9654294917055,157.63197933364222,-91.66654984193671,4,False,6.591949208711867e-17,0.10065176986923056,True,False,transport_free
1041,27,27,heldout,18,90,17,0.45,False,True,True,False,False,0.0182071235030889,0.0217983666807413,-0.0035912431776523,14.897666731131928,15.37422622383287,-0.4765594927009431,4,False,0.0,0.043642196604267484,True,False,transport_free
1042,27,27,heldout,19,95,18,0.475,False,True,True,False,False,0.0271460581570863,0.0889694392681121,-0.0618233829736709,16.524467936907428,37.52762303324636,-21.00315509633893,4,False,0.0,0.08210726695453284,True,False,transport_free
1043,27,27,heldout,20,100,19,0.5,False,True,True,False,False,0.0067999348975718,0.0501008331775665,-0.0433008968830108,8.777750844060995,44.846464081542216,-36.06871323748122,5,False,0.0,0.05338045038385897,True,False,transport_free
1044,27,27,heldout,21,105,20,0.525,False,True,True,False,False,0.0043355249799788,0.1142580285668373,-0.1099225059151649,10.560103406257994,126.82850583563273,-116.26840242937472,5,False,0.0,0.0640573091871503,True,False,transport_free
1045,27,27,heldout,22,110,21,0.55,False,True,True,False,False,0.009970917366445,0.1399340182542801,-0.1299630999565124,24.01704354120916,141.9557754155503,-117.93873187434116,5,False,0.0,0.05016615070909576,True,False,transport_free
1046,27,27,heldout,23,115,22,0.575,True,True,False,True,False,0.0114488722756505,0.0486874841153621,-0.0372386127710342,25.306340347008064,53.58078517529793,-28.27444482828987,5,True,0.0010772581136253064,0.007509206514854668,False,False,interaction
1047,27,27,heldout,24,120,23,0.6,True,False,False,False,False,0.0343031696975231,0.1860095262527465,-0.1517063528299331,55.74705743124505,199.5605172543825,-143.81345982313744,6,True,0.049133760986660696,0.04842710670195407,False,False,interaction
1048,27,27,heldout,25,125,24,0.625,True,False,False,False,False,0.1026703119277954,0.3252951204776764,-0.2226248085498809,195.39119978934443,462.02623850644926,-266.6350387171048,6,True,0.0741382040791906,0.07419301647964083,False,False,interaction
1049,27,27,heldout,26,130,25,0.65,True,False,False,False,False,0.203193262219429,0.8498695492744446,-0.6466763019561768,275.8319039880694,1535.4059433441498,-1259.5740393560804,6,True,0.09614398956433755,0.09600356525259071,False,False,interaction
1050,27,27,heldout,27,135,26,0.675,True,False,False,False,False,0.1007728576660156,0.6412313580513,-0.5404585003852844,64.75847950484108,345.24668097822155,-280.48820147338046,6,True,0.08380757382643875,0.084324470430199,False,False,interaction
1051,27,27,heldout,28,140,27,0.7,True,False,False,False,False,0.3314413130283355,1.275235295295715,-0.943794012069702,434.03222423346944,921.8719764363252,-487.8397522028559,7,True,0.1091830630683003,0.1090674762501772,False,False,interaction
1052,27,27,heldout,29,145,28,0.725,True,False,False,False,False,0.0551702640950679,0.4311159551143646,-0.3759456872940063,108.1997761566589,786.9199454791775,-678.7201693225186,7,True,0.08522577719913842,0.08533515204647885,False,False,interaction
1053,27,27,heldout,30,150,29,0.75,True,False,False,False,False,0.0493008494377136,0.2507501244544983,-0.2014492750167846,104.9677600618202,354.33164048758255,-249.36388042576235,7,True,0.06653621784834446,0.06616440543554032,False,False,interaction
1054,27,27,heldout,31,155,30,0.775,True,False,False,False,False,0.0198395680636167,0.1976335048675537,-0.1777939349412918,21.82953052746507,207.15124229757325,-185.32171177010815,7,True,0.04847541563722761,0.048724539919918104,False,False,interaction
1055,27,27,heldout,32,160,31,0.8,False,True,True,False,True,0.0297493692487478,0.0235725883394479,0.0061767809092998,36.95563644661564,24.57885861271644,12.3767778338992,8,False,0.0029733062332757514,0.0026002407853309107,True,False,transport_free
1056,27,27,heldout,33,165,32,0.825,False,True,True,False,False,0.2205020636320114,0.2828001677989959,-0.0622981041669845,230.5300969453838,260.3360739704106,-29.80597702502681,8,False,1.3553896657315993e-08,0.07556720568558627,True,False,transport_free
1057,27,27,heldout,34,170,33,0.85,False,True,True,False,False,0.0834786668419838,0.1507501751184463,-0.0672715082764625,87.42563986521345,171.409102439524,-83.98346257431054,8,False,2.1630806186045207e-14,0.09107919861495328,True,False,transport_free
1058,27,27,heldout,35,175,34,0.875,False,True,True,False,False,0.070865586400032,0.1630831062793731,-0.0922175198793411,41.06707150570776,43.5021789454681,-2.435107439760344,8,False,0.0,0.14697166102332646,True,False,transport_free
1059,27,27,heldout,36,180,35,0.9,False,True,True,False,False,0.0133816553279757,0.0252671744674444,-0.0118855191394686,15.2401511762639,10.34041965637048,4.89973151989342,9,False,0.0,0.07587902600840038,True,False,transport_free
1060,27,27,heldout,37,185,36,0.925,False,True,True,False,False,0.0366698801517486,0.1353685706853866,-0.098698690533638,13.026119914139803,47.92719392650033,-34.901074012360525,9,False,0.0,0.11505205639825772,True,False,transport_free
1061,27,27,heldout,38,190,37,0.95,False,True,True,False,False,0.0034089237451553,0.0684399530291557,-0.0650310292840004,10.296511902473464,76.99898737705831,-66.70247547458484,9,False,0.0,0.05478969480202325,True,False,transport_free
1062,27,27,heldout,39,195,38,0.975,False,True,True,False,False,0.009424933232367,0.0918987393379211,-0.0824738070368766,18.01615759185641,97.35786319670306,-79.34170560484665,9,False,0.0,0.04433821779605444,True,False,transport_free
1063,27,27,heldout,40,200,39,1.0,False,True,True,False,False,0.0091778496280312,0.0938234329223632,-0.0846455842256546,16.288436927290654,89.89063514984372,-73.60219822255306,9,False,0.0,0.02830084969087965,True,False,transport_free
1064,28,28,heldout,3,15,2,0.075,False,True,True,False,False,0.0095215486362576,0.0765752866864204,-0.067053735256195,14.78992465402761,55.205345361313704,-40.415420707286096,0,False,4.2674197509029455e-16,0.05230494018966871,True,False,transport_free
1065,28,28,heldout,4,20,3,0.1,False,True,True,False,False,0.0107232434675097,0.1184910759329795,-0.1077678352594375,19.40360097862308,82.841410331798,-63.43780935317493,1,False,0.0,0.050454396885173745,True,False,transport_free
1066,28,28,heldout,5,25,4,0.125,False,True,False,False,False,0.0023335767909884,0.0434386432170867,-0.0411050654947757,7.714876591903194,30.185990498962905,-22.47111390705971,1,False,0.0,0.011585269784749701,False,True,static
1067,28,28,heldout,6,30,5,0.15,True,True,False,True,False,0.0082106934860348,0.0105772512033581,-0.0023665577173233,16.321636488536566,7.635633364818609,8.686003123717956,1,True,0.0037601467581216508,0.002833928278698785,False,False,interaction
1068,28,28,heldout,7,35,6,0.175,True,False,False,False,False,0.0448797829449176,0.1971056014299392,-0.1522258222103119,33.94896776341199,116.33809761062714,-82.38912984721514,1,True,0.053596464641745264,0.05299670689866643,False,False,interaction
1069,28,28,heldout,8,40,7,0.2,True,False,False,False,False,0.120591290295124,0.5505304932594299,-0.4299392104148865,121.5814787325454,822.1629445096872,-700.5814657771418,2,True,0.08665436886998922,0.08669553824781294,False,False,interaction
1070,28,28,heldout,9,45,8,0.225,True,False,False,False,False,0.403302788734436,1.27765154838562,-0.8743487596511841,247.55044096382028,1725.9695177018093,-1478.4190767379891,2,True,0.10502273573418473,0.10444712531228523,False,False,interaction
1071,28,28,heldout,10,50,9,0.25,True,False,False,False,False,0.8570734858512878,1.4623074531555176,-0.6052339673042297,214.34756701049233,217.12055963348237,-2.7729926229900457,2,True,0.08448073091453856,0.08532288082584913,False,False,interaction
1072,28,28,heldout,11,55,10,0.275,True,False,False,False,False,0.5571920871734619,1.2669483423233032,-0.7097562551498413,61.65290519216516,150.55075566873523,-88.89785047657008,2,True,0.08981116988576225,0.09056149746605748,False,False,interaction
1073,28,28,heldout,12,60,11,0.3,True,False,False,False,False,0.0241169650107622,0.262710303068161,-0.2385933399200439,10.236066234437954,54.23488705271014,-43.998820818272186,3,True,0.06502736771776123,0.0649542937160461,False,False,interaction
1074,28,28,heldout,13,65,12,0.325,True,False,False,False,False,0.0178675521165132,0.1616806238889694,-0.1438130736351013,9.451689947989474,24.900161231954183,-15.44847128396471,3,True,0.06087835096727436,0.060550330577961796,False,False,interaction
1075,28,28,heldout,14,70,13,0.35,True,True,False,True,True,0.0304999947547912,0.0969692692160606,-0.0664692744612693,11.085887040734823,10.877973327412429,0.2079137133223945,3,True,0.03470943297967209,0.03521919817829939,False,False,interaction
1076,28,28,heldout,15,75,14,0.375,False,True,True,False,True,0.09283959120512,0.0996612235903739,-0.0068216323852539,25.384268964170555,22.81618035859908,2.568088605571475,3,False,0.00011381244743095211,0.03570509269225106,True,False,transport_free
1077,28,28,heldout,16,80,15,0.4,False,True,True,False,False,0.1729590743780136,0.2992031276226043,-0.1262440532445907,42.35348841650293,63.89503929421634,-21.541550877713412,4,False,1.418374302134997e-10,0.09034281844471176,True,False,transport_free
1078,28,28,heldout,17,85,16,0.425,False,True,True,False,False,0.0969920977950096,0.281853049993515,-0.1848609447479248,23.946505767126933,43.95857011518412,-20.01206434805719,4,False,1.6098383401497414e-16,0.10870013431753757,True,False,transport_free
1079,28,28,heldout,18,90,17,0.45,False,True,False,False,False,0.0054717324674129,0.0009394103544764,0.0045323222875595,8.005952455954082,0.1622702476485827,7.843682208305499,4,False,0.0,0.012691180340285397,False,True,static
1080,28,28,heldout,19,95,18,0.475,False,True,True,False,False,0.0207067001610994,0.1015451774001121,-0.0808384791016578,8.69427204144469,18.233068990762373,-9.538796949317684,4,False,0.0,0.078606434454279,True,False,transport_free
1081,28,28,heldout,20,100,19,0.5,False,True,True,False,False,0.01492749620229,0.125464841723442,-0.1105373427271843,9.740041255997609,25.597398894637212,-15.857357638639606,5,False,0.0,0.06303065658613909,True,False,transport_free
1082,28,28,heldout,21,105,20,0.525,False,True,True,False,False,0.0114375911653041,0.1485527902841568,-0.1371151953935623,8.970129581610864,34.18791481669559,-25.21778523508473,5,False,0.0,0.06154398180509122,True,False,transport_free
1083,28,28,heldout,22,110,21,0.55,False,True,True,False,False,0.0049136742018163,0.0847096443176269,-0.0797959715127945,7.145710522065413,17.42047895316306,-10.274768431097645,5,False,0.0,0.026894142864983095,True,False,transport_free
1084,28,28,heldout,23,115,22,0.575,True,True,False,True,False,0.0039420253597199,0.020790658891201,-0.0168486330658197,6.172195270449862,3.473196343654859,2.698998926795003,5,True,0.005309451328544682,0.0035164191196652805,False,False,interaction
1085,28,28,heldout,24,120,23,0.6,True,True,False,False,False,0.0249535217881202,0.1248249784111976,-0.0998714566230773,8.901885731410749,11.79409239425773,-2.8922066628469807,6,True,0.04829810168770548,0.04776861439696506,False,False,interaction
1086,28,28,heldout,25,125,24,0.625,True,False,False,False,False,0.1657112091779709,0.641718864440918,-0.4760076403617859,40.086677541161926,116.84248286550836,-76.75580532434643,6,True,0.09278002864910521,0.09277014858521722,False,False,interaction
1087,28,28,heldout,26,130,25,0.65,True,False,False,False,False,0.3898768424987793,1.2664765119552612,-0.8765996694564819,76.26610640973045,258.8382289245159,-182.5721225147854,6,True,0.10265739589563518,0.10313583370983123,False,False,interaction
1088,28,28,heldout,27,135,26,0.675,True,False,False,False,False,0.0607322044670581,0.148610308766365,-0.0878781080245971,13.219690115583438,13.425459056653088,-0.2057689410696497,6,True,0.03509433595186035,0.036286658834495625,False,False,interaction
1089,28,28,heldout,28,140,27,0.7,True,False,False,False,False,0.6466702818870544,1.4844417572021484,-0.837771475315094,107.93256841384364,228.8002677218128,-120.86769930796918,7,True,0.10286084606956472,0.10293665266452333,False,False,interaction
1090,28,28,heldout,29,145,28,0.725,True,False,False,False,False,0.0632464662194252,0.4167627394199371,-0.3535162806510925,18.659274747963774,82.33981371939852,-63.68053897143474,7,True,0.07209011313332102,0.0725374247087467,False,False,interaction
1091,28,28,heldout,30,150,29,0.75,True,False,False,False,False,0.027003014460206,0.1858035773038864,-0.1588005572557449,9.559694377576584,26.253867220278256,-16.69417284270167,7,True,0.06386452797216097,0.06347298046336293,False,False,interaction
1092,28,28,heldout,31,155,30,0.775,True,False,False,False,False,0.0070093977265059,0.0841148197650909,-0.0771054252982139,7.873967258418179,10.01610671318957,-2.142139454771391,7,True,0.0400942859633194,0.04032266760946534,False,False,interaction
1093,28,28,heldout,32,160,31,0.8,True,True,False,False,True,0.0385265201330184,0.0574306696653366,-0.0189041495323181,14.655097025336046,15.071912609355197,-0.416815584019151,8,True,0.007107953262443517,0.009762769277505152,False,False,interaction
1094,28,28,heldout,33,165,32,0.825,False,True,True,False,False,0.2093588262796402,0.265360951423645,-0.0560021251440048,51.63339686243978,63.86476807805326,-12.231371215613478,8,False,1.3137491040346997e-07,0.06856744477267036,True,False,transport_free
1095,28,28,heldout,34,170,33,0.85,False,True,True,False,False,0.1304129809141159,0.2655272483825683,-0.1351142674684524,28.23548300879968,47.03599306755942,-18.800510058759738,8,False,2.0984706446852172e-13,0.09674989193106051,True,False,transport_free
1096,28,28,heldout,35,175,34,0.875,False,True,True,False,False,0.0296553876250982,0.0968202352523803,-0.067164845764637,12.303317631904177,16.979175437292522,-4.675857805388345,8,False,0.0,0.07681257024270009,True,False,transport_free
1097,28,28,heldout,36,180,35,0.9,False,True,True,False,False,0.0287543833255767,0.090009331703186,-0.0612549483776092,9.97940177512565,14.140796164932048,-4.161394389806398,9,False,0.0,0.06839590376851996,True,False,transport_free
1098,28,28,heldout,37,185,36,0.925,False,True,True,False,False,0.0188309829682111,0.1079788580536842,-0.0891478732228279,9.323628966139692,18.363525608726068,-9.039896642586376,9,False,0.0,0.06582694818461537,True,False,transport_free
1099,28,28,heldout,38,190,37,0.95,False,True,True,False,False,0.0074688992463052,0.105609618127346,-0.0981407165527343,7.92011803203291,21.06043571588722,-13.14031768385431,9,False,0.0,0.05703803849838296,True,False,transport_free
1100,28,28,heldout,39,195,38,0.975,False,True,True,False,False,0.0104501992464065,0.1438034325838089,-0.1333532333374023,8.393109194153622,36.00918811236709,-27.616078918213468,9,False,0.0,0.05249646650741896,True,False,transport_free
1101,28,28,heldout,40,200,39,1.0,True,True,False,True,False,0.0126831904053688,0.0821165665984153,-0.0694333761930465,8.115535568570298,16.84784222372394,-8.732306655153643,9,True,0.002062619287887297,0.013553912970925982,False,False,interaction
1102,29,29,heldout,3,15,2,0.075,False,True,True,False,False,0.0052463766187429,0.0849388837814331,-0.079692505300045,10.501682090428792,69.35023557814712,-58.84855348771833,0,False,4.2674197509029455e-16,0.055762546117409974,True,False,transport_free
1103,29,29,heldout,4,20,3,0.1,False,True,True,False,False,0.0069362446665763,0.1153725758194923,-0.1084363311529159,12.71386286871422,97.1170340574174,-84.4031711887032,1,False,0.0,0.04953064644004686,True,False,transport_free
1104,29,29,heldout,5,25,4,0.125,False,True,True,False,False,0.0031293416395783,0.052645307034254,-0.0495159663259983,5.957947722859227,44.600074573034824,-38.6421268501756,1,False,0.0,0.022161931935404104,True,False,transport_free
1105,29,29,heldout,6,30,5,0.15,True,True,False,True,False,0.0072335475124418,0.0068952948786318,0.00033825263381,18.543288567470466,8.434599467002153,10.108689100468313,1,True,0.00272386307746123,0.0018693062688867183,False,False,interaction
1106,29,29,heldout,7,35,6,0.175,True,False,False,False,False,0.0357891172170639,0.1281024813652038,-0.0923133641481399,52.50086196860345,78.52989357719856,-26.029031608595112,1,True,0.05503172691749413,0.05446930683650892,False,False,interaction
1107,29,29,heldout,8,40,7,0.2,True,False,False,False,False,0.0443437881767749,0.1847118884325027,-0.140368103981018,71.64820674029075,115.94301616439384,-44.29480942410309,2,True,0.06901874752493678,0.06897825522734927,False,False,interaction
1108,29,29,heldout,9,45,8,0.225,True,False,False,False,False,0.3590751886367798,0.9451770186424256,-0.5861018300056458,530.7217500359053,944.435926269749,-413.71417623384366,2,True,0.1013949734459498,0.10124080277941666,False,False,interaction
1109,29,29,heldout,10,50,9,0.25,True,False,False,False,False,1.633447527885437,1.8386942148208616,-0.2052466869354248,226.82247037376555,536.0533199381057,-309.23084956434013,2,True,0.13922363739969135,0.13986107872193046,False,False,interaction
1110,29,29,heldout,11,55,10,0.275,True,False,False,False,False,1.8247228860855105,1.8585070371627808,-0.0337841510772705,118.49108015699062,106.48383829751276,12.007241859477872,2,True,0.13627490451605198,0.13860540263090743,False,False,interaction
1111,29,29,heldout,12,60,11,0.3,True,False,False,False,False,0.1335677355527877,0.2329855412244796,-0.0994178056716919,28.661194426458877,34.288205068989924,-5.627010642531047,3,True,0.04696937763323888,0.047113525865654864,False,False,interaction
1112,29,29,heldout,13,65,12,0.325,True,False,False,False,False,0.0261514242738485,0.0815758481621742,-0.0554244220256805,7.131384734693637,6.887787952239286,0.2435967824543512,3,True,0.03930729320618933,0.038792633945022664,False,False,interaction
1113,29,29,heldout,14,70,13,0.35,True,True,False,False,True,0.0052043092437088,0.0206751599907875,-0.0154708512127399,5.331756609381512,1.5999670931508705,3.731789516230642,3,True,0.02161108942251606,0.014771161882350864,False,False,interaction
1114,29,29,heldout,15,75,14,0.375,False,True,True,False,False,0.0696320459246635,0.0862877666950225,-0.016655720770359,13.227837921367358,10.422656629915856,2.805181291451502,3,False,0.0011858108094210695,0.018475376816094166,True,False,transport_free
1115,29,29,heldout,16,80,15,0.4,False,True,True,False,False,0.1287259310483932,0.1766829490661621,-0.0479570180177688,22.412766590565724,29.12650169134843,-6.71373510078271,4,False,2.7173745440629727e-09,0.05597230128988808,True,False,transport_free
1116,29,29,heldout,17,85,16,0.425,False,True,True,False,False,0.1149616613984108,0.2045824080705642,-0.0896207466721534,19.21924098387534,26.6635218000165,-7.444280816141159,4,False,4.308803094591428e-15,0.11684557369144177,True,False,transport_free
1117,29,29,heldout,18,90,17,0.45,False,True,True,False,False,0.0685617923736572,0.1189551725983619,-0.0503933802247047,16.83769989148693,13.706305652636129,3.1313942388508043,4,False,0.0,0.16823172767745997,True,False,transport_free
1118,29,29,heldout,19,95,18,0.475,False,True,True,False,False,0.0974866151809692,0.1249242350459098,-0.0274376198649406,13.862611555499177,10.179131758129842,3.683479797369335,4,False,3.469446951953614e-18,0.15066531904520036,True,False,transport_free
1119,29,29,heldout,20,100,19,0.5,False,True,True,False,False,0.0682138577103614,0.1044075265526771,-0.0361936688423156,10.566633467629028,8.170523660886767,2.3961098067422597,5,False,0.0,0.09894361060798149,True,False,transport_free
1120,29,29,heldout,21,105,20,0.525,False,True,True,False,False,0.0182569548487663,0.083244651556015,-0.0649876967072486,8.079877520591074,13.218592699014168,-5.138715178423093,5,False,0.0,0.05156651634690114,True,False,transport_free
1121,29,29,heldout,22,110,21,0.55,False,True,True,False,False,0.016190081834793,0.2235513478517532,-0.2073612660169601,7.905132552800109,21.57051834331235,-13.665385790512246,5,False,0.0,0.05929868936050786,True,False,transport_free
1122,29,29,heldout,23,115,22,0.575,False,True,True,False,False,0.0930595472455024,0.2003928571939468,-0.1073333099484443,15.687403998790098,36.04103793247322,-20.353633933683128,5,False,0.0017831424722051076,0.028444092409768734,True,False,transport_free
1123,29,29,heldout,24,120,23,0.6,True,True,False,True,False,0.0341484770178794,0.1401784271001815,-0.1060299500823021,8.284849307478966,10.19825149599359,-1.913402188514624,6,True,0.03193360543359446,0.031956849195054544,False,False,interaction
1124,29,29,heldout,25,125,24,0.625,True,False,False,False,False,0.0861196145415306,0.2334175258874893,-0.1472979187965393,18.114965101641264,27.51938983848107,-9.404424736839808,6,True,0.06957455199821626,0.0694558376652204,False,False,interaction
1125,29,29,heldout,26,130,25,0.65,True,False,False,False,False,0.0837224721908569,0.3568865358829498,-0.2731640636920929,14.157926327262976,47.94766434875003,-33.789738021487054,6,True,0.07614435027762678,0.07659220610007529,False,False,interaction
1126,29,29,heldout,27,135,26,0.675,True,False,False,False,False,0.1012414395809173,0.3884133994579315,-0.2871719598770141,16.297179532875063,39.23223971605881,-22.935060183183744,6,True,0.0582714802782089,0.059548680235098995,False,False,interaction
1127,29,29,heldout,28,140,27,0.7,True,False,False,False,False,0.0796275809407234,0.215088739991188,-0.135461151599884,11.919692880802648,17.939998722323146,-6.020305841520498,7,True,0.0374546524621122,0.03753352000027645,False,False,interaction
1128,29,29,heldout,29,145,28,0.725,True,False,False,False,False,0.0938584208488464,0.3108080327510834,-0.2169496119022369,18.692070646085295,30.737693035059085,-12.04562238897379,7,True,0.05196138697438115,0.05248111842464859,False,False,interaction
1129,29,29,heldout,30,150,29,0.75,True,False,False,False,False,0.0453581809997558,0.3294782340526581,-0.2841200530529022,11.78430960492402,26.674439330254668,-14.890129725330649,7,True,0.08061336279832786,0.08018887700120433,False,False,interaction
1130,29,29,heldout,31,155,30,0.775,True,False,False,False,False,0.054048117250204,0.2164870947599411,-0.1624389737844467,10.276136825344354,16.682345758108283,-6.4062089327639296,7,True,0.06907255458637354,0.06952309752706841,False,False,interaction
1131,29,29,heldout,32,160,31,0.8,True,True,False,True,True,0.0047409790568053,0.0110230147838592,-0.0062820357270538,5.110638247638698,0.6613426631510624,4.449295584487635,8,True,0.009591131955213635,0.010069675868673085,False,False,interaction
1132,29,29,heldout,33,165,32,0.825,False,True,True,False,False,0.082978181540966,0.1002825200557708,-0.0173043385148048,11.90978623197365,9.543852969984362,2.365933261989287,8,False,2.1833166373866638e-06,0.02623093985749605,True,False,transport_free
1133,29,29,heldout,34,170,33,0.85,False,True,True,False,False,0.2493433207273483,0.414597749710083,-0.1652544289827346,32.43612644491659,48.08056795367804,-15.644441508761451,8,False,3.4493675668236885e-12,0.09151958464504352,True,False,transport_free
1134,29,29,heldout,35,175,34,0.875,False,True,True,False,False,0.061774730682373,0.2339890152215957,-0.1722142845392227,12.832090522239776,14.487616706259011,-1.6555261840192357,8,False,0.0,0.10745395894020494,True,False,transport_free
1135,29,29,heldout,36,180,35,0.9,False,True,False,False,False,0.0087828431278467,0.0022912400308996,0.0064916033297777,7.860058253028851,0.1916348319094309,7.66842342111942,9,False,0.0,0.011638644092156451,False,True,static
1136,29,29,heldout,37,185,36,0.925,False,True,True,False,False,0.0185782313346862,0.1271160244941711,-0.1085377931594848,9.431360192153074,7.499488057910392,1.931872134242682,9,False,0.0,0.08330872921458182,True,False,transport_free
1137,29,29,heldout,38,190,37,0.95,False,True,True,False,False,0.0084290876984596,0.1171634271740913,-0.1087343394756317,7.983196265529249,11.758335530721006,-3.775139265191757,9,False,0.0,0.057666632308998135,True,False,transport_free
1138,29,29,heldout,39,195,38,0.975,False,True,True,False,False,0.0104286782443523,0.1459253877401352,-0.1354967057704925,6.909114654076137,20.96108796722395,-14.051973313147812,9,False,3.469446951953614e-18,0.05230683430819661,True,False,transport_free
1139,29,29,heldout,40,200,39,1.0,False,True,True,False,False,0.0090392092242836,0.0699904188513755,-0.0609512105584144,4.93958212324032,9.31146548414672,-4.371883360906401,9,False,0.0,0.024313297067891322,True,False,transport_free
