row_id,episode_ordinal,regime,valid_neighbors,n_neighbors,neighbor_radius,input_spread,successor_spread,residual_spread,local_expansion,model_sensitivity,residual_norm,dataset,scale
380,10,transport_free,True,10,12.48819796093343,12.48819796093343,11.49285227155375,2.2695237831557096,0.920297092303197,0.1817334887111346,1.5115348310713437,cube,raw
381,10,transport_free,True,10,9.986892293596554,9.986892293596554,9.34394334439112,2.6833091877477058,0.9356207186075608,0.26868310069471796,2.1042538789397063,cube,raw
382,10,transport_free,True,10,9.34394334439112,9.34394334439112,10.260209782936132,2.4163659887570113,1.098059930885071,0.2586023801404448,1.4792208255213046,cube,raw
383,10,interaction,True,10,9.91758449208825,9.91758449208825,7.630170957208659,3.3660362984282903,0.7693577970821045,0.339400818930612,2.53748395956378,cube,raw
384,10,interaction,True,10,7.539487863954446,7.539487863954446,11.322575288583245,4.636323126245999,1.5017698141959177,0.6149387345540811,3.88751167931859,cube,raw
385,10,interaction,True,10,9.945363709021752,9.945363709021752,14.980872464751425,7.522695392024343,1.5063172049868627,0.7564022404932531,7.426988142822169,cube,raw
386,10,interaction,True,10,9.895879007589542,9.895879007589542,15.471424644555778,9.179154275480093,1.5634209586323893,0.9275734139878059,8.093017837531365,cube,raw
387,10,interaction,True,10,11.166314117797501,11.166314117797501,13.914668252604688,6.568762955702605,1.2461290364764774,0.588266001332789,3.4054721426044763,cube,raw
388,10,interaction,True,10,9.87082061529042,9.87082061529042,15.407809893734402,9.972299917809856,1.5609451832066419,1.0102807361692137,7.092493574683065,cube,raw
389,10,interaction,True,10,13.129399228593435,13.129399228593435,14.794073453619626,5.641092614982005,1.126789824579394,0.4296535215942505,3.899127280802783,cube,raw
390,10,interaction,True,10,14.159310694060192,14.159310694060192,14.003751468236501,3.5286111096585704,0.98901364415367,0.24920783122153092,1.9135297506728135,cube,raw
391,10,interaction,True,10,13.823763015510057,13.823763015510057,16.422986921767972,4.067491603256723,1.1880257859847296,0.294239101082177,2.8435543109634493,cube,raw
392,10,static,True,10,16.422986921767972,16.422986921767972,15.515422940442608,4.301101476089073,0.9447381900960765,0.2618952019250619,3.401646534250293,cube,raw
393,10,transport_free,True,10,15.51542294044261,15.51542294044261,17.629100421764015,5.526913880641714,1.1362307356644388,0.356220639415199,5.520512382337142,cube,raw
394,10,transport_free,True,10,16.76433119982491,16.76433119982491,18.16650766666296,4.91899754148152,1.083640465588791,0.2934204462348546,4.675688560800522,cube,raw
395,10,transport_free,True,10,17.517214393985917,17.517214393985917,18.685529406950796,2.7221134267442046,1.0666952511220043,0.15539647831671066,2.13011302135017,cube,raw
396,10,transport_free,True,10,17.732238801198633,17.732238801198633,18.00323560466592,2.415668088072766,1.0152827179075081,0.13623029303606468,2.1786146207397667,cube,raw
397,10,transport_free,True,10,17.637155533281543,17.637155533281543,17.701124840412852,2.691087103807207,1.0036269628064796,0.15258056202595086,2.2870770357551207,cube,raw
398,10,transport_free,True,10,17.149684978211603,17.149684978211603,17.52524639963025,2.8129738828946076,1.0218990274104622,0.16402481366091828,2.093582154744725,cube,raw
399,10,transport_free,True,10,16.841577129159027,16.841577129159027,17.49064256218135,4.691703154165359,1.0385394686046683,0.27857861043442766,2.9988926007384147,cube,raw
400,10,interaction,True,10,16.35008788409771,16.35008788409771,16.147602854955437,3.721394869623489,0.9876156611158516,0.2276070254792307,1.0453520554894125,cube,raw
401,10,interaction,True,10,15.995561528282696,15.995561528282696,16.440471036153752,4.012329014375519,1.027814560125594,0.25084014757975726,1.6762787664362393,cube,raw
402,10,interaction,True,10,16.144973598776524,16.144973598776524,16.361176823225207,6.791354290585465,1.0133913643850783,0.42064821283449594,5.814417262864233,cube,raw
403,10,interaction,True,10,13.013147826219406,13.013147826219406,19.540187508789387,11.402623394730728,1.5015726993755534,0.8762386739168728,10.995097690122417,cube,raw
404,10,interaction,True,10,13.3137170672444,13.3137170672444,19.138624034859134,12.328701313783352,1.4375116985132343,0.9260149702381408,7.889782749065152,cube,raw
405,10,interaction,True,10,13.3273632380388,13.3273632380388,18.082126273363908,17.289265531798797,1.3567669726112155,1.297275779386877,14.501430410512677,cube,raw
406,10,interaction,True,10,12.16567087450585,12.16567087450585,14.931666080649556,8.104476077665032,1.2273606802843955,0.6661758452342007,5.30474412567803,cube,raw
407,10,interaction,True,10,12.282369891322091,12.282369891322091,13.593714184347132,5.147279207447077,1.1067663899254125,0.41907866747147904,3.8341760310641795,cube,raw
408,10,interaction,True,10,12.879179156201559,12.879179156201559,15.207426363112628,4.303222534804764,1.1807760555757139,0.3341224221368707,2.6961882182765575,cube,raw
409,10,interaction,True,10,14.941690908057609,14.941690908057609,15.101952880841296,4.273589310320225,1.010725825729487,0.28601778316907933,1.7902869237471613,cube,raw
410,10,transport_free,True,10,14.943229156649371,14.943229156649371,15.925974165291613,4.675650980472573,1.0657652371077335,0.3128942835218466,4.841170153691423,cube,raw
411,10,transport_free,True,10,15.662606663919973,15.662606663919973,16.76336305089188,6.383275311901323,1.0702792587844003,0.4075487209038896,6.511520347705681,cube,raw
412,10,transport_free,True,10,15.819931170014348,15.819931170014348,18.838940681434536,5.627952546523087,1.190835818372113,0.3557507606095345,5.23048701638364,cube,raw
413,10,static,True,10,17.5020106350023,17.5020106350023,17.617630326066262,2.1843172229622585,1.006606080494131,0.12480378789130883,1.567746614410009,cube,raw
414,10,transport_free,True,10,17.268227894160088,17.268227894160088,17.33577337930589,4.4408542515399,1.0039115470075912,0.257169078307204,4.3933689037147365,cube,raw
415,10,transport_free,True,10,16.624882454253502,16.624882454253502,16.276897860353092,2.3218552231460245,0.9790684478607319,0.13966145201537797,1.9101763179264963,cube,raw
416,10,transport_free,True,10,15.96096137703195,15.96096137703195,16.290037944862597,2.602519460633945,1.020617590636125,0.16305530720593103,1.854387930920498,cube,raw
417,10,transport_free,True,10,15.304345389023574,15.304345389023574,14.682224067058144,4.436972188584675,0.9593500207848406,0.2899158425793837,1.617835331496062,cube,raw
418,11,transport_free,True,10,17.99956084474844,17.99956084474844,18.13551160991055,2.7278397679722266,1.0075530045613184,0.1515503512280469,1.4095806194931868,cube,raw
419,11,transport_free,True,10,17.74492234347488,17.74492234347488,18.12875767162388,2.6490049074863737,1.0216307133229097,0.14928241759595298,1.774321343046631,cube,raw
420,11,transport_free,True,10,17.747880180143554,17.747880180143554,17.541135846272574,1.7782035131987066,0.9883510407004953,0.10019244524696377,1.255360796025713,cube,raw
421,11,interaction,True,10,17.387969764831084,17.387969764831084,16.44575759759699,2.738190823403892,0.9458124105357135,0.15747616659319008,1.810969963866604,cube,raw
422,11,interaction,True,10,16.19165754936664,16.19165754936664,16.1166117052434,4.1298636670080455,0.9953651536975487,0.2550612038586248,3.4084809622341803,cube,raw
423,11,interaction,True,10,13.714651460098176,13.714651460098176,14.878960299495898,5.449451163761058,1.0848952554707787,0.39734521723835686,4.851916921369456,cube,raw
424,11,interaction,True,10,14.116374296832767,14.116374296832767,16.34680154292061,6.159152190511351,1.1580028411819794,0.43631261547756317,4.077926761203275,cube,raw
425,11,interaction,True,10,14.847011916409956,14.847011916409956,17.170709481645915,7.121781716618579,1.1565094429989409,0.47967778006206674,4.597213616426323,cube,raw
426,11,interaction,True,10,15.928437320392721,15.928437320392721,16.322020049796272,8.891468316833535,1.0247094376859969,0.5582134730473556,7.130782508764717,cube,raw
427,11,interaction,True,10,15.749981836201032,15.749981836201032,16.71800698868405,4.845249664991261,1.0614619853248357,0.3076352541470586,2.8569206090369508,cube,raw
428,11,interaction,True,10,15.805402758576165,15.805402758576165,17.845202639628127,4.21474691638821,1.1290571276296737,0.2666649487373074,2.8506996685611594,cube,raw
429,11,interaction,True,10,17.62250215839893,17.62250215839893,17.989255557045873,2.7328892592014062,1.0208116529281936,0.155079524725659,1.8787901766563486,cube,raw
430,11,transport_free,True,10,17.82891809849451,17.82891809849451,18.68623663412427,4.232657234502792,1.048085841826945,0.23740404275345242,3.662035969870134,cube,raw
431,11,transport_free,True,10,18.40440501036558,18.40440501036558,19.913811191080946,5.460920556229289,1.0820133103930962,0.29671812553318805,5.305777537655388,cube,raw
432,11,transport_free,True,10,18.500176740763067,18.500176740763067,19.217082874169655,5.314663724185306,1.038751312674055,0.287276375715646,2.9185877291917146,cube,raw
433,11,static,True,10,18.580201554579983,18.580201554579983,18.7042274505444,1.9445466457641678,1.0066751641848495,0.10465691882039035,1.4139238609673215,cube,raw
434,11,transport_free,True,10,18.565312967959947,18.565312967959947,18.765376495748566,2.8345343919337167,1.0107762001176004,0.15267905242564786,1.6285980851316986,cube,raw
435,11,transport_free,True,10,18.579634033932614,18.579634033932614,18.831870881284225,4.457452979769496,1.0135759857751203,0.23991069854383024,1.3895479484559392,cube,raw
436,11,transport_free,True,10,18.46759062735402,18.46759062735402,19.037470764568624,4.948598924880212,1.030858391260336,0.26796126385595714,1.6632852638585114,cube,raw
437,11,transport_free,True,10,18.616726087973674,18.616726087973674,19.286337856422175,4.100556479574868,1.0359682881557282,0.22026195477108135,1.380747900853397,cube,raw
438,11,interaction,True,10,18.24651707812847,18.24651707812847,18.50467862825554,3.024235836289211,1.014148538541447,0.16574318393696452,1.4179993941317952,cube,raw
439,11,interaction,True,10,18.304041665247695,18.304041665247695,18.157556376870556,3.2198982702155923,0.991997106920093,0.1759118739512561,2.5346071564333776,cube,raw
440,11,interaction,True,10,17.02721279951283,17.02721279951283,17.011164647316548,5.653519401121004,0.999057499757286,0.3320284692326602,4.204073112316025,cube,raw
441,11,interaction,True,10,15.404992238680137,15.404992238680137,16.050324441444282,8.246008484745165,1.041891108594251,0.535281573465542,7.316856201000819,cube,raw
442,11,interaction,True,10,11.572013099313466,11.572013099313466,14.859307248138414,5.112202703036664,1.2840727987959133,0.4417729792701286,2.371578495907231,cube,raw
443,11,interaction,True,10,12.064043990503958,12.064043990503958,15.47204701083877,8.741868878505386,1.2824925889707774,0.7246217674095373,7.153957199864237,cube,raw
444,11,interaction,True,10,13.896530366158167,13.896530366158167,17.049278852361944,6.122138307851101,1.2268730685381422,0.44055157269761186,4.549581711230418,cube,raw
445,11,interaction,True,10,16.287014229532915,16.287014229532915,17.245325109056203,4.176270619248006,1.0588389539063336,0.256417202096825,2.5481840518656202,cube,raw
446,11,interaction,True,10,16.697961770502832,16.697961770502832,17.103309085506915,2.9140184394231894,1.0242752570987517,0.17451342142673013,2.2660457631186923,cube,raw
447,11,transport_free,True,10,17.04848822625413,17.04848822625413,17.521221513305818,2.986947866492286,1.027728751123146,0.17520309289902206,2.469123043332613,cube,raw
448,11,transport_free,True,10,17.222305459605295,17.222305459605295,19.02710406131257,5.809284823750115,1.1047942510333713,0.3373116820727469,5.6318612600012585,cube,raw
449,11,transport_free,True,10,18.211788827998106,18.211788827998106,19.580898731267382,4.4210319410594625,1.075177123796014,0.24275660028864038,3.7049198777479235,cube,raw
450,11,transport_free,True,10,18.130711821486972,18.130711821486972,18.570561222075785,3.9260456614717247,1.0242599079903494,0.21654117610644003,2.526907301301936,cube,raw
451,11,transport_free,True,10,18.220005454026122,18.220005454026122,18.509367345638978,3.125361417292651,1.0158815480238461,0.17153460382757635,2.103511625193941,cube,raw
452,11,transport_free,True,10,18.223250790269503,18.223250790269503,18.458038209081803,3.561824365119341,1.0128839481777678,0.19545493864471286,2.8515801946270565,cube,raw
453,11,transport_free,True,10,18.08209485734633,18.08209485734633,18.2813237864611,2.3938164421057238,1.0110180225624592,0.13238601284812818,1.52043902075353,cube,raw
454,11,transport_free,True,10,18.207202650998244,18.207202650998244,18.924072787248953,3.4602776196085507,1.0393728872024943,0.19004993166365589,1.555928234070915,cube,raw
455,11,transport_free,True,10,17.981370236626468,17.981370236626468,17.514180190950057,2.387992214577503,0.9740181065442507,0.13280368421052657,1.0082747411047712,cube,raw
456,12,transport_free,True,10,13.80464862571148,13.80464862571148,14.199618404400516,1.953107238768142,1.0286113605204985,0.14148185091291887,1.6815110547770158,cube,raw
457,12,transport_free,True,10,13.484488288704483,13.484488288704483,13.547201942031576,1.9989566468583573,1.0046507996435894,0.14824119418256443,1.9868345084307728,cube,raw
458,12,transport_free,True,10,12.046152338143429,12.046152338143429,13.18838209514412,1.4930786650645262,1.0948211283518214,0.12394652027907542,1.1623988536965095,cube,raw
459,12,interaction,True,10,12.793693116293204,12.793693116293204,12.866352522524874,1.9366225246633855,1.0056793144537082,0.1513732201530636,0.66720145846374,cube,raw
460,12,interaction,True,10,12.866352522524874,12.866352522524874,12.25966974398553,3.7283764338299443,0.9528473374659029,0.2897772641704592,3.20772572083716,cube,raw
461,12,interaction,True,10,12.25966974398553,12.25966974398553,13.974500858982983,5.1446520619246225,1.1398758001485916,0.4196403467106883,4.489481234000584,cube,raw
462,12,interaction,True,10,13.974500858982982,13.974500858982982,18.8324112076225,9.07011197503503,1.3476267523012668,0.6490472945375111,7.6194132872018345,cube,raw
463,12,interaction,True,10,15.352823995392805,15.352823995392805,18.74507935064181,13.581339668223816,1.2209531846562547,0.8846150826909375,12.869525607027297,cube,raw
464,12,interaction,True,10,16.17232813961132,16.17232813961132,18.203045731041538,21.28641842368043,1.1255674244239657,1.3162247414175965,18.583721295012065,cube,raw
465,12,interaction,True,10,13.239973554634124,13.239973554634124,19.39603495128624,18.18666079664085,1.464960248693052,1.3736176074366353,14.443269205932232,cube,raw
466,12,interaction,True,10,14.74413229113207,14.74413229113207,17.05289086818401,4.365977898444047,1.1565882977352662,0.29611629984288634,3.5951947249966114,cube,raw
467,12,interaction,True,10,16.594653068392127,16.594653068392127,16.842866447237807,2.701937298821918,1.014957431036534,0.16281975210245908,1.5828007729281388,cube,raw
468,12,static,True,10,16.17663101298666,16.17663101298666,16.949626688714044,3.3938631125790515,1.0477847133378277,0.20980036633427845,3.1301432541021765,cube,raw
469,12,transport_free,True,10,16.228595498330534,16.228595498330534,14.655542058925151,5.650992289588213,0.9030690339427583,0.348212036597347,5.576118460864104,cube,raw
470,12,transport_free,True,10,13.880717221262508,13.880717221262508,14.54571400883355,5.426294021745491,1.0479079558333195,0.39092317315084296,5.436586076371119,cube,raw
471,12,transport_free,True,10,13.019915229660104,13.019915229660104,16.115254323931726,5.980522167939428,1.237738805489322,0.45933649048001945,5.8269429264828405,cube,raw
472,12,transport_free,True,10,15.056896699642568,15.056896699642568,15.302495429859952,4.283236329468586,1.0163113777770165,0.2844700614549786,4.378916272458861,cube,raw
473,12,transport_free,True,10,13.37635991344362,13.37635991344362,15.432382716579651,4.311960439471356,1.153705702929664,0.32235678969266623,4.408704966691065,cube,raw
474,12,transport_free,True,10,12.602165679853519,12.602165679853519,13.97979922525673,1.5718298249728104,1.109317206296182,0.12472696081798225,1.1377689409046678,cube,raw
475,12,transport_free,True,10,13.366519299949516,13.366519299949516,15.590810010490038,2.526766560238735,1.1664076234527954,0.18903698887774606,1.7665652463566255,cube,raw
476,12,transport_free,True,10,15.465545934834976,15.465545934834976,16.413142986324697,1.8233186336408025,1.0612714905430742,0.11789552346379928,1.213801420023421,cube,raw
477,12,interaction,True,10,15.51407521991883,15.51407521991883,15.422655363936059,2.7891240243695403,0.9941072958144875,0.1797802308440872,1.6483408925799905,cube,raw
478,12,interaction,True,10,15.051565093524417,15.051565093524417,16.56987865973881,5.725386854671031,1.100874132143747,0.38038481839567934,4.21506887205451,cube,raw
479,12,interaction,True,10,14.92098775989298,14.92098775989298,15.583662760742206,8.471834203586125,1.0444122742751971,0.5677797167261324,7.970585755504658,cube,raw
480,12,interaction,True,10,13.191288056803902,13.191288056803902,16.940425175978326,13.862833664661377,1.28421311876672,1.0509082664987441,7.441304133812412,cube,raw
481,12,interaction,True,10,13.958865894852618,13.958865894852618,18.127023962302548,13.046417291143449,1.2986029165153705,0.9346330417827399,6.726594198241918,cube,raw
482,12,interaction,True,10,13.756561885384006,13.756561885384006,17.373611816004654,13.298377585188096,1.262932697919505,0.9666934002831973,6.392310681012461,cube,raw
483,12,interaction,True,10,14.909136003017018,14.909136003017018,17.999776779425687,6.100463417202545,1.2072984494730779,0.4091761867332925,2.905939985788516,cube,raw
484,12,interaction,True,10,15.33723835440697,15.33723835440697,17.817703178276787,3.3636490255460743,1.1617282568446936,0.219312561219965,2.241827553305452,cube,raw
485,12,interaction,True,10,17.081733469912166,17.081733469912166,16.87687657571293,2.5060084448130047,0.9880072537977442,0.14670691643954625,2.126975368242899,cube,raw
486,12,transport_free,True,10,16.304625462187005,16.304625462187005,16.009861115829104,4.718831126089155,0.9819214279382555,0.2894167141117634,4.592578566237957,cube,raw
487,12,transport_free,True,10,14.540629916321553,14.540629916321553,14.713056180236295,5.167310579740056,1.0118582389419868,0.3553704763464104,5.035975705934115,cube,raw
488,12,transport_free,True,10,13.24414836024103,13.24414836024103,14.896004446492148,4.005214694176219,1.1247234658900374,0.3024139102971607,3.699055886875573,cube,raw
489,12,transport_free,True,10,13.087789718160348,13.087789718160348,15.107221551829856,2.2906892102700467,1.1542989211438341,0.1750249094460567,1.8595373057233298,cube,raw
490,12,transport_free,True,10,13.338870244458692,13.338870244458692,13.67962845102564,3.5919427549674445,1.025546256940951,0.2692838815535843,3.4304327050769814,cube,raw
491,12,transport_free,True,10,12.47134881585094,12.47134881585094,13.767471021856505,2.117532366669597,1.103927989277167,0.16979176815087058,1.7913366327949884,cube,raw
492,12,transport_free,True,10,13.685454176025544,13.685454176025544,15.197923163559356,2.1424734585922787,1.110516535884018,0.1565511404324094,1.5754607195615766,cube,raw
493,12,transport_free,True,10,14.827532793223668,14.827532793223668,16.482458103861156,1.7382649302754563,1.111611643940778,0.11723224318680049,1.0898203118687633,cube,raw
494,13,transport_free,True,10,11.32582167230182,11.32582167230182,12.29270274509609,2.1185780264148013,1.0853696182731583,0.18705733568063754,1.4165484205761123,cube,raw
495,13,transport_free,True,10,12.29270274509609,12.29270274509609,15.439525732155696,1.950939591298394,1.2559911398097512,0.15870713151968793,1.3091018750420256,cube,raw
496,13,transport_free,True,10,15.150189667315715,15.150189667315715,16.61083944907262,1.690694745288757,1.0964113198469088,0.11159561579193823,0.7996291764124632,cube,raw
497,13,interaction,True,10,16.242245054728706,16.242245054728706,17.318857756515957,3.8339147873514055,1.0662847222264886,0.236045865238021,2.902742583511716,cube,raw
498,13,interaction,True,10,16.889451469308323,16.889451469308323,17.136355439027604,6.014560176863151,1.014618827033427,0.3561134112491971,5.244642005097757,cube,raw
499,13,interaction,True,10,16.059865964542578,16.059865964542578,19.47716063998523,6.19695687477751,1.2127847569206025,0.38586603950863135,5.753720550580613,cube,raw
500,13,interaction,True,10,14.135645420098573,14.135645420098573,18.485399474747354,17.24919168802584,1.3077152776104686,1.2202620520956413,16.184276310387194,cube,raw
501,13,interaction,True,10,11.43061356342486,11.43061356342486,18.79211333478134,16.524009551427902,1.6440161528084076,1.4455925274475774,8.691594467306214,cube,raw
502,13,interaction,True,10,14.33878674989385,14.33878674989385,18.39471967057507,13.341204563433877,1.2828644425380862,0.930427713037342,5.00425225749942,cube,raw
503,13,interaction,True,10,15.372646401535054,15.372646401535054,18.321734155519724,7.811853424563564,1.1918399524033927,0.5081658174212282,3.0757914989413693,cube,raw
504,13,interaction,True,10,17.004292252922816,17.004292252922816,18.469923939198473,5.2333676104518645,1.08619186641089,0.30776744674876527,3.8248868112808387,cube,raw
505,13,interaction,True,10,18.023991091478642,18.023991091478642,19.001731718246404,4.822910552217628,1.0542466217279711,0.2675828304474583,1.9479246316530712,cube,raw
506,13,static,True,10,18.634767599134065,18.634767599134065,19.193036773635118,5.554501134261474,1.02995847259866,0.2980719295109205,1.9023212722764764,cube,raw
507,13,transport_free,True,10,18.588871566846308,18.588871566846308,18.653748430626955,7.458589855698584,1.0034900915608216,0.401239517357318,5.853546815294774,cube,raw
508,13,transport_free,True,10,17.765289499127622,17.765289499127622,18.74920285603848,6.959051792108275,1.055384031707402,0.3917218344485748,4.53477571835965,cube,raw
509,13,transport_free,True,10,17.865868824702456,17.865868824702456,18.69995293229581,3.963979576175534,1.0466858967664698,0.22187443639431018,1.5751905239425634,cube,raw
510,13,transport_free,True,10,17.997961801347166,17.997961801347166,18.64927935942703,3.875078892485185,1.0361884065134037,0.2153065405547828,1.8327841444524442,cube,raw
511,13,transport_free,True,10,17.733437783915328,17.733437783915328,18.402546256311872,7.892007266272293,1.0377314585332937,0.44503538244742036,1.4978640247044845,cube,raw
512,13,transport_free,True,10,17.62340084042647,17.62340084042647,19.014573490302762,5.9769775739712205,1.0789389438776804,0.33915006689631555,1.9567313397309538,cube,raw
513,13,transport_free,True,10,18.014603404706783,18.014603404706783,19.31278103185133,7.395564949855482,1.072062514948587,0.4105316549973672,2.6432027156483433,cube,raw
514,13,interaction,True,10,18.573235700715475,18.573235700715475,19.335295282775718,6.364300601590797,1.0410299849923774,0.3426597661357214,1.5494033337369122,cube,raw
515,13,interaction,True,10,18.423958194089124,18.423958194089124,18.769962329988648,7.145083055835398,1.0187801194648027,0.3878147670855942,4.491630453232637,cube,raw
516,13,interaction,True,10,17.454434581211686,17.454434581211686,18.264843769509916,12.731206431371524,1.0464299880083525,0.7293966683444251,7.188999576892146,cube,raw
517,13,interaction,True,10,14.732242822222855,14.732242822222855,17.758927493673706,14.020224215589517,1.2054462927318337,0.951669367982498,12.239959019226875,cube,raw
518,13,interaction,True,10,14.328833107923407,14.328833107923407,17.65899183879925,11.750590998310804,1.2324096251099725,0.8200661498257723,3.420651313844736,cube,raw
519,13,interaction,True,10,13.637188825592848,13.637188825592848,18.59705036445805,14.22833982544756,1.3637011705489517,1.0433484501399073,11.451486476231413,cube,raw
520,13,interaction,True,10,15.584847589388335,15.584847589388335,18.14505713723338,6.9507492815499745,1.1642755588824802,0.44599404913543805,5.324846713572835,cube,raw
521,13,interaction,True,10,17.121270642056437,17.121270642056437,18.522743385796844,4.7143616673078945,1.081855650380168,0.2753511562236278,3.1081152127842167,cube,raw
522,13,interaction,True,10,18.156899792525977,18.156899792525977,19.161950496208256,5.308285517003194,1.055353651513569,0.2923563811916984,2.7690009390764496,cube,raw
523,13,static,True,10,18.483720800768573,18.483720800768573,18.85890173221997,5.561991299995903,1.0202979116323698,0.30091296876571677,3.050778991285305,cube,raw
524,13,transport_free,True,10,18.423317689300116,18.423317689300116,18.603752809089883,8.937434501288163,1.0097938451061157,0.4851153658647943,3.664257992064036,cube,raw
525,13,transport_free,True,10,17.927397693358962,17.927397693358962,18.607996158975517,7.567527263666481,1.0379641528155912,0.422120789258209,4.708967224236042,cube,raw
526,13,transport_free,True,10,17.89178588636701,17.89178588636701,19.06033036172841,5.949346074687357,1.0653117851277103,0.3325182914926662,2.5689831379774253,cube,raw
527,13,transport_free,True,10,17.952532653451065,17.952532653451065,18.717691828326487,3.525940281252641,1.0426212384428295,0.19640350190784026,2.04266278618234,cube,raw
528,13,transport_free,True,10,17.813989400152344,17.813989400152344,18.47031680513466,6.009273033936585,1.0368433701311568,0.3373344902678113,2.1970700390158213,cube,raw
529,13,transport_free,True,10,17.71914722896033,17.71914722896033,18.810054448213286,7.080946280650876,1.0615665757023547,0.3996211662532898,1.7174089108331438,cube,raw
530,13,transport_free,True,10,17.879008049985096,17.879008049985096,19.27024444963565,6.177542444642118,1.0778139590161275,0.34551930551019955,1.5080254751493918,cube,raw
531,13,interaction,True,10,18.47519651254469,18.47519651254469,18.605787013130932,4.497055242700098,1.0070684228174553,0.24341041458728677,1.2307169109590699,cube,raw
532,14,transport_free,True,10,17.78012370660776,17.78012370660776,18.369086099911023,3.2340048193629274,1.0331247635293102,0.18188876932060097,1.7894101314688884,cube,raw
533,14,transport_free,True,10,18.065324440838797,18.065324440838797,18.659771040723342,4.696471001529466,1.032905392971561,0.2599715835112565,1.4214478550072294,cube,raw
534,14,static,True,10,18.002172755514792,18.002172755514792,18.24149887861258,4.513319673604622,1.0132942909918732,0.25070971903777617,0.8110838467022384,cube,raw
535,14,interaction,True,10,17.612400570453318,17.612400570453318,18.246014127329975,4.517836619375409,1.0359754227904407,0.2565145280056009,0.7563849377809063,cube,raw
536,14,interaction,True,10,17.71091069948961,17.71091069948961,17.454197324157974,5.642776103606708,0.9855053543159115,0.3186045144346711,2.747713381093395,cube,raw
537,14,interaction,True,10,15.405451902959904,15.405451902959904,14.034392533370497,6.683552294886718,0.911001677962723,0.4338433131976209,3.463785293261342,cube,raw
538,14,interaction,True,10,12.751696988938834,12.751696988938834,15.645488129347836,7.912609585196356,1.2269338067646334,0.6205142415209495,5.447936637101303,cube,raw
539,14,interaction,True,10,9.662236203695212,9.662236203695212,19.239595088786732,14.872732505521359,1.99121556161386,1.5392640163188571,13.881205129993639,cube,raw
540,14,interaction,True,10,13.19280873957505,13.19280873957505,18.509577406526724,21.802220233390784,1.4030050591882477,1.6525836661293893,19.057999309544396,cube,raw
541,14,interaction,True,10,9.602772803240605,9.602772803240605,16.937660668891564,11.525628221135833,1.7638301994581906,1.2002396034243703,10.977422371408924,cube,raw
542,14,interaction,True,10,12.11189824919002,12.11189824919002,10.08681654468749,5.29214044105853,0.8328022855840986,0.4369373266005137,3.1899895900052995,cube,raw
543,14,interaction,True,10,9.820812412867397,9.820812412867397,7.955042343212696,2.7477894132412506,0.8100187651267896,0.27979247517660044,2.8449533394641233,cube,raw
544,14,transport_free,True,10,7.955042343212696,7.955042343212696,8.457490456513373,3.7895659535918957,1.0631609602592964,0.4763728199165631,4.582774405250293,cube,raw
545,14,transport_free,True,10,7.918448282954095,7.918448282954095,7.977634405039107,4.9294633751077495,1.0074744596378082,0.6225289600892284,6.230260135644884,cube,raw
546,14,transport_free,True,10,7.513134821389984,7.513134821389984,9.377035589994641,3.366827994096874,1.2480856277592822,0.44812559259704415,3.7513804004132307,cube,raw
547,14,transport_free,True,10,8.368619348994383,8.368619348994383,11.763134463785075,3.190132756710885,1.4056242700534103,0.3812017996844638,2.663853127908159,cube,raw
548,14,transport_free,True,10,11.576385113957723,11.576385113957723,8.840667279428024,2.1187956158853174,0.763681165787131,0.1830273954285325,2.16801348910993,cube,raw
549,14,transport_free,True,10,8.762897559551298,8.762897559551298,8.087068873899241,2.2814904660498634,0.9228761170538364,0.26035799808741417,1.9345550131865583,cube,raw
550,14,transport_free,True,10,7.383272572974478,7.383272572974478,9.632914137608523,2.70907379384822,1.3046943672198381,0.3669204633951125,1.5232099486168869,cube,raw
551,14,transport_free,True,10,7.764202503351466,7.764202503351466,10.625164632088651,2.479130435150712,1.3684811321577757,0.31930265008937875,1.1267374293748815,cube,raw
552,14,interaction,True,10,8.369564705493712,8.369564705493712,8.066892314788197,3.2096538109172714,0.9638365433142725,0.3834911281360286,1.0133584722563473,cube,raw
553,14,interaction,True,10,7.501411870878458,7.501411870878458,8.10094874240481,3.4890945246100116,1.0799232040376077,0.4651250437474537,1.418787029089672,cube,raw
554,14,interaction,True,10,7.93862234631611,7.93862234631611,12.623816016866286,5.946514324139005,1.5901771700633076,0.7490612432141283,5.087182495938525,cube,raw
555,14,interaction,True,10,10.975687713544744,10.975687713544744,16.61237451264207,7.355776893881617,1.5135611495342813,0.6701882456808688,6.325305873637251,cube,raw
556,14,interaction,True,10,12.117282950718067,12.117282950718067,16.783366605025925,7.3360538488792555,1.3850767266296564,0.605420693625424,4.755195121675069,cube,raw
557,14,interaction,True,10,14.824296572302986,14.824296572302986,17.445092803394733,8.999255430504785,1.1767905963233574,0.6070612110741611,6.717756318948444,cube,raw
558,14,interaction,True,10,12.505011073920834,12.505011073920834,15.600957380369449,6.569134771792102,1.2475764546026835,0.5253201882797222,4.506411252740107,cube,raw
559,14,interaction,True,10,12.197800709330973,12.197800709330973,8.75062135872756,5.923049527859527,0.7173933701042994,0.4855833989260508,3.983619661916576,cube,raw
560,14,interaction,True,10,8.750621358727562,8.750621358727562,9.772354424532676,3.097047649627423,1.1167612017386712,0.3539231698716499,2.0882591569160494,cube,raw
561,14,interaction,True,10,8.957283546849208,8.957283546849208,9.481243305015097,2.2853127996059626,1.0584953859532777,0.2551345826726495,1.78290700452193,cube,raw
562,14,transport_free,True,10,8.467564489192869,8.467564489192869,8.799168578038664,3.523104764528161,1.0391616844807052,0.41607061499498355,4.555743881113476,cube,raw
563,14,transport_free,True,10,7.8701909782328086,7.8701909782328086,9.159921821600165,4.867527291227846,1.1638754188982787,0.6184763882719416,5.513959610571945,cube,raw
564,14,transport_free,True,10,8.065904458145745,8.065904458145745,10.132023565067314,2.4104699121979767,1.2561546715117606,0.29884682179239636,2.4434427141539588,cube,raw
565,14,transport_free,True,10,8.55875898967944,8.55875898967944,9.93336209264363,1.7909902413682888,1.1606077592115578,0.2092581697332464,1.995775589552257,cube,raw
566,14,transport_free,True,10,8.682579968580152,8.682579968580152,9.980070378627335,2.213520011873708,1.1494360449016814,0.25493805065819414,2.477263954637966,cube,raw
567,14,transport_free,True,10,8.971756983630799,8.971756983630799,9.497610782649325,1.5429822867965917,1.058612131378275,0.17198217580032568,1.5933459374105867,cube,raw
568,14,transport_free,True,10,8.458066970558558,8.458066970558558,10.574482392894016,3.140429685913121,1.2502244815159806,0.3712940198800213,1.9060487065101401,cube,raw
569,14,transport_free,True,10,9.55365719936179,9.55365719936179,11.031613445107743,3.272707624855744,1.1547005732888012,0.3425607133019562,2.280908626433835,cube,raw
570,15,transport_free,True,10,13.40811157819245,13.40811157819245,13.65057750404403,1.8377232579292488,1.018083525367281,0.1370605582458162,1.7763559184467343,cube,raw
571,15,transport_free,True,10,12.436316071800519,12.436316071800519,12.499578790196049,1.447870980104842,1.005086933946539,0.11642281940613466,1.092800202873572,cube,raw
572,15,transport_free,True,10,10.820873283425186,10.820873283425186,13.208989088741188,2.2256022599815077,1.220695293509627,0.2056767694887031,1.1804792177530228,cube,raw
573,15,interaction,True,10,12.8228473134382,12.8228473134382,13.474682630576655,2.5919965912825695,1.0508338983694627,0.20213892655230997,0.6437831890333564,cube,raw
574,15,interaction,True,10,13.474682630576655,13.474682630576655,12.494649525797819,3.9912476067233857,0.9272685575128164,0.29620345919439134,2.8748204134976048,cube,raw
575,15,interaction,True,10,12.49464952579782,12.49464952579782,16.816493364720706,11.982814610247186,1.3458955635369791,0.9590356724697364,12.04204596160396,cube,raw
576,15,interaction,True,10,13.05106642676407,13.05106642676407,18.790280604808387,16.942204471087322,1.4397505912830848,1.2981471335050154,16.812745149513095,cube,raw
577,15,interaction,True,10,15.917196152018183,15.917196152018183,18.24345918056953,18.718731448828287,1.1461477892421645,1.1760068337447038,17.38043171716818,cube,raw
578,15,interaction,True,10,11.098548496181046,11.098548496181046,18.36958024554837,13.642526367501556,1.6551335746173699,1.2292171694520126,10.767308923989168,cube,raw
579,15,interaction,True,10,14.099935136325353,14.099935136325353,15.313774785377163,3.6801324036159127,1.0860883144011508,0.26100349881290363,2.7952816811509646,cube,raw
580,15,interaction,True,10,14.92939432583222,14.92939432583222,17.05618534908622,2.4627733347468492,1.1424566179201274,0.1649613695637693,1.8684584034929639,cube,raw
581,15,interaction,True,10,16.56670797495771,16.56670797495771,16.57588034325055,2.2065159995920407,1.0005536627015281,0.1331897684758745,1.1571461261770053,cube,raw
582,15,static,True,10,16.14914247592604,16.14914247592604,16.543846818774337,3.0100661852577177,1.0244411951555132,0.18639170406384759,2.8685604240860214,cube,raw
583,15,transport_free,True,10,15.841090321627231,15.841090321627231,17.533842301469996,6.427307048572752,1.106858299869152,0.4057364056436063,6.362125618043413,cube,raw
584,15,transport_free,True,10,16.945406767814923,16.945406767814923,17.84615521449431,5.570979438707747,1.0531559058464275,0.32876044317147507,5.414299052130444,cube,raw
585,15,transport_free,True,10,17.347245480570386,17.347245480570386,18.504212327539754,2.630224718314275,1.06669455668136,0.15162203828038479,2.363007582968679,cube,raw
586,15,transport_free,True,10,17.933013734709554,17.933013734709554,18.537631277600397,2.510983085862951,1.0337153337322549,0.14002013955986184,1.9970645228587545,cube,raw
587,15,transport_free,True,10,17.243325620924768,17.243325620924768,17.502874564562415,2.7616977583997357,1.0150521395549525,0.16016039011920163,2.0599110383751555,cube,raw
588,15,transport_free,True,10,16.97537254708405,16.97537254708405,17.302462542801393,1.8288162597829452,1.0192685017551224,0.10773349773092848,0.9754943175905129,cube,raw
589,15,transport_free,True,10,16.987987022384544,16.987987022384544,17.708690964123456,1.6982727787015057,1.0424243284851384,0.09996904144462462,0.8032339838826043,cube,raw
590,15,interaction,True,10,17.424632710112032,17.424632710112032,17.862422714021495,2.263427210274056,1.0251247765845533,0.12989813030380387,1.8755469545595949,cube,raw
591,15,interaction,True,10,17.122798829102564,17.122798829102564,16.098855593914628,3.0872048840138517,0.9402000078721008,0.18029791243980045,2.2984137602422945,cube,raw
592,15,interaction,True,10,15.565506244689304,15.565506244689304,16.381415756217784,5.32780901638955,1.0524177947509323,0.3422830541221434,4.905024171510571,cube,raw
593,15,interaction,True,10,15.290504062163766,15.290504062163766,18.592693290012367,7.392353309764244,1.2159633988796905,0.4834604065183545,7.230572584304159,cube,raw
594,15,interaction,True,10,16.75461243202225,16.75461243202225,18.540382171967465,7.003328618844762,1.1065837689287377,0.41799406863387967,4.819902219510265,cube,raw
595,15,interaction,True,10,15.574404695887338,15.574404695887338,18.56358612281022,9.83071074120051,1.1919290968284793,0.6312094062764698,9.985583638301305,cube,raw
596,15,interaction,True,10,15.700913022455548,15.700913022455548,15.74062916187226,5.004445546725463,1.0025295433048962,0.31873595755661294,4.164230340003186,cube,raw
597,15,interaction,True,10,15.14318242384955,15.14318242384955,14.80804962501092,3.8944243305810096,0.9778690641465946,0.25717344093058925,3.3292295508415006,cube,raw
598,15,interaction,True,10,14.468017752413276,14.468017752413276,15.93227080307022,2.2381097057704658,1.101206196710168,0.15469359687488268,1.1522065302464575,cube,raw
599,15,static,True,10,15.579093364139354,15.579093364139354,16.21443729633512,2.2482039636448703,1.040781829683249,0.14430903718825422,1.6135665327567241,cube,raw
600,15,transport_free,True,10,15.732889077061321,15.732889077061321,16.544754152805947,4.885256421578159,1.0516030508934517,0.3105123539389153,4.919351615562696,cube,raw
601,15,transport_free,True,10,15.53965572731163,15.53965572731163,15.968183047668406,5.056421965276485,1.027576371566818,0.32538828748886633,5.080266826166293,cube,raw
602,15,transport_free,True,10,14.863103359528125,14.863103359528125,15.624272459538723,4.0424110427695,1.0512119899591927,0.2719762451344373,3.978007575094873,cube,raw
603,15,transport_free,True,10,14.270273719279498,14.270273719279498,14.644868454038182,1.9945019887515536,1.0262500034776907,0.139766204067756,1.3202242378189195,cube,raw
604,15,transport_free,True,10,14.441848884566385,14.441848884566385,15.236038774420358,2.067456946545494,1.0549922586922165,0.14315735907989796,2.0386233803542804,cube,raw
605,15,transport_free,True,10,14.953433179234967,14.953433179234967,15.907484084881418,1.608926385924312,1.0638014624608942,0.10759578530491191,1.1461268018009263,cube,raw
606,15,transport_free,True,10,15.402805895710049,15.402805895710049,15.71692403898351,1.7418851410941611,1.02039356630216,0.11308881984803215,1.2690259656474001,cube,raw
607,15,transport_free,True,10,15.263535850913971,15.263535850913971,15.988118273839168,2.0591303528305924,1.0474714659828843,0.13490519974814963,1.3202291489675289,cube,raw
608,16,transport_free,True,10,18.66549993852069,18.66549993852069,19.035275073972464,9.564852569435535,1.0198106204853723,0.5124348450853005,1.978560370959269,cube,raw
609,16,transport_free,True,10,18.16036890912396,18.16036890912396,18.666293217005926,10.944873738239448,1.0278587021229388,0.6026790420948237,1.3346041796571184,cube,raw
610,16,transport_free,True,10,17.84944554162717,17.84944554162717,18.584919957862873,7.70180252225396,1.0412043284213217,0.43148693354605216,2.267787220891024,cube,raw
611,16,interaction,True,10,18.107626361086588,18.107626361086588,18.84609753761069,6.949876323067862,1.0407823290473388,0.3838093510700659,1.0919247402225423,cube,raw
612,16,interaction,True,10,18.330983712543045,18.330983712543045,18.722131410729894,7.951096901975909,1.0213380637024518,0.43375178477384935,5.300827824539308,cube,raw
613,16,interaction,True,10,18.269996961788628,18.269996961788628,18.826355390492996,8.338668085809879,1.0304520263395764,0.4564132168850413,7.286947701345299,cube,raw
614,16,interaction,True,10,17.586531796386268,17.586531796386268,19.086345754612616,14.31916086233031,1.0852819632427204,0.8142117518175274,9.53579053080683,cube,raw
615,16,interaction,True,10,14.36157247280471,14.36157247280471,17.729189726387794,15.114257860271547,1.234488059017218,1.0524096779020635,8.7523631938857,cube,raw
616,16,interaction,True,10,14.200779538508034,14.200779538508034,17.973383921778073,15.68600274990649,1.2656617809634976,1.1045874423563156,10.936937376542856,cube,raw
617,16,interaction,True,10,13.399460330188738,13.399460330188738,17.774155387932787,7.30802905424409,1.3264829291585678,0.545397267812289,3.3751560505426688,cube,raw
618,16,interaction,True,10,14.206482291393668,14.206482291393668,16.76496870937737,4.272950986985019,1.180092887563985,0.30077473785143743,3.1799659798835638,cube,raw
619,16,interaction,True,10,15.207002278193114,15.207002278193114,17.134590868008267,3.307322877496458,1.1267566450344604,0.21748684040372432,1.5785644384488688,cube,raw
620,16,static,True,10,15.907592409232423,15.907592409232423,16.131816583438606,4.148686474997885,1.0140954186175934,0.26079914347001226,3.4230594470650426,cube,raw
621,16,transport_free,True,10,15.578898613237008,15.578898613237008,16.67980240276247,6.151863642625878,1.0706663427792034,0.39488437503526663,5.968521710238991,cube,raw
622,16,transport_free,True,10,13.802111900192116,13.802111900192116,14.463131166180867,6.241535409273846,1.0478926175043943,0.4522159691508491,6.411211400811498,cube,raw
623,16,static,True,10,13.494528074332095,13.494528074332095,13.939193723792851,2.445410047037761,1.0329515524375064,0.18121493642220574,1.3845975233459265,cube,raw
624,16,transport_free,True,10,13.474950058298312,13.474950058298312,13.969767676909647,3.950113058671668,1.0367212951788725,0.2931449127144675,3.379108303224963,cube,raw
625,16,transport_free,True,10,12.61831759708003,12.61831759708003,14.762432962238753,3.122716737229906,1.1699208589942995,0.24747488824916924,2.1197523682855888,cube,raw
626,16,transport_free,True,10,13.806200746563064,13.806200746563064,15.412873162917528,3.924879655209958,1.1163732474884107,0.2842838321170307,1.37425138810312,cube,raw
627,16,transport_free,True,10,15.151497211435291,15.151497211435291,15.075309726699953,3.074095972776518,0.9949716200536382,0.20289057443487532,2.501371868477475,cube,raw
628,16,interaction,True,10,14.595305429345956,14.595305429345956,16.368896911636483,3.6425039029278548,1.1215179422504216,0.24956681588890067,1.3085468535169522,cube,raw
629,16,interaction,True,10,16.011612099283454,16.011612099283454,16.873489681878716,4.104346921061701,1.053828282702017,0.256335645381103,2.417033892736865,cube,raw
630,16,interaction,True,10,15.617584554419981,15.617584554419981,15.625416750805753,9.089173877121015,1.000501498574154,0.5819833307416709,8.053979883369403,cube,raw
631,16,interaction,True,10,11.904425343790038,11.904425343790038,16.935246239214138,12.703020187405766,1.422600902617146,1.0670838633997832,12.545752666231445,cube,raw
632,16,interaction,True,10,12.517435865196639,12.517435865196639,17.546368263048784,9.612272902457804,1.4017541972661143,0.7679106972046629,3.760347620807292,cube,raw
633,16,interaction,True,10,12.895153009031405,12.895153009031405,18.356587985663637,17.62476430462288,1.4235261863746165,1.366774344769619,9.562163505541006,cube,raw
634,16,interaction,True,10,13.377485722011649,13.377485722011649,18.827888411046793,9.552079346141895,1.4074310227120568,0.7140414532773274,5.087112397684876,cube,raw
635,16,interaction,True,10,14.667213006874395,14.667213006874395,17.046905156160015,3.410708479648066,1.1622456937231551,0.23253964321984663,2.889489780536678,cube,raw
636,16,interaction,True,10,15.151070009070338,15.151070009070338,16.231381076497208,3.104762218164926,1.0713026252786193,0.20492032683541359,2.0679338630247135,cube,raw
637,16,interaction,True,10,15.718069399819848,15.718069399819848,16.21670499527692,3.5252840432387407,1.0317237176381717,0.224282254618315,1.7120847899302891,cube,raw
638,16,transport_free,True,10,15.806043589720716,15.806043589720716,17.216116456361064,5.936775454518423,1.0892109944298378,0.3756016121820225,6.164023087006988,cube,raw
639,16,transport_free,True,10,15.475831441222802,15.475831441222802,16.346852896000193,5.786469098079348,1.0562826920211383,0.37390360059531236,5.188831911539048,cube,raw
640,16,transport_free,True,10,16.057959333740975,16.057959333740975,17.363092702332025,4.265649592085417,1.0812764151076597,0.265640826672318,2.6160564017842063,cube,raw
641,16,transport_free,True,10,16.863272725949226,16.863272725949226,16.38030152841464,3.5568602730655208,0.9713595809435384,0.21092348625733956,2.218822032680404,cube,raw
642,16,transport_free,True,10,15.996346564581895,15.996346564581895,15.734731284807332,3.91135683015011,0.9836453105889932,0.24451563451434533,3.7154286781195784,cube,raw
643,16,transport_free,True,10,15.285277566259595,15.285277566259595,16.150586886037686,2.545158740406441,1.0566106383104326,0.1665104692651818,1.474189189996037,cube,raw
644,16,transport_free,True,10,15.908467215130486,15.908467215130486,17.378521181505544,2.3748374767703657,1.0924070148616767,0.14928135090926084,1.0834810521056581,cube,raw
645,16,interaction,True,10,15.619287887175071,15.619287887175071,15.451261331184941,3.3583298873856045,0.9892423676928258,0.2150117157481369,1.151612867546463,cube,raw
646,17,transport_free,True,10,17.527478580146948,17.527478580146948,17.691937680873217,2.9730808910195803,1.0093829297793322,0.16962399226019503,1.227911547059637,cube,raw
647,17,transport_free,True,10,16.37904733530092,16.37904733530092,16.416976150267708,4.070384472981598,1.0023156911504274,0.24851167407086655,1.2151014955195059,cube,raw
648,17,transport_free,True,10,15.154174515025918,15.154174515025918,16.61556256032602,3.4439755746172858,1.09643468496757,0.22726249926727835,1.3837640535921085,cube,raw
649,17,interaction,True,10,16.217654099348742,16.217654099348742,16.571712281967727,3.323838318171255,1.0218316521273691,0.20495185665013854,1.179341765989898,cube,raw
650,17,interaction,True,10,16.571712281967727,16.571712281967727,16.819807262738095,5.558071529167339,1.014970992529259,0.33539512601937194,5.112136173165513,cube,raw
651,17,interaction,True,10,16.81980726273809,16.81980726273809,18.225830944893765,11.279728551453905,1.0835933289955422,0.6706217482314766,10.926557571776305,cube,raw
652,17,interaction,True,10,13.286719598587293,13.286719598587293,17.501404741583777,14.247377224865776,1.317210362702665,1.072302092262158,14.55245530058119,cube,raw
653,17,interaction,True,10,8.945960729850349,8.945960729850349,18.08945014654299,17.110981704495455,2.0220802094718784,1.9127047637712684,16.800500418971136,cube,raw
654,17,interaction,True,10,10.910032513509023,10.910032513509023,18.362607951588394,17.651031041279918,1.683093788112129,1.6178715342437389,15.767986899074762,cube,raw
655,17,interaction,True,10,14.516865724839985,14.516865724839985,18.80997827841034,10.867252117281458,1.2957327452732692,0.7485949324919615,4.792034843904843,cube,raw
656,17,interaction,True,10,16.70195489503108,16.70195489503108,19.087072111752704,8.624281399043737,1.1428046735673565,0.5163635905644498,2.928659609334007,cube,raw
657,17,interaction,True,10,17.021309559457272,17.021309559457272,17.9598173444356,3.8235579402303035,1.055137225587727,0.2246335939590431,1.9051514932108922,cube,raw
658,17,static,True,10,17.693578929039887,17.693578929039887,18.02178053702128,5.41177445556051,1.0185491928624302,0.3058609271343257,3.5205544944936853,cube,raw
659,17,transport_free,True,10,16.96612303776785,16.96612303776785,18.314419234864367,5.898970604015687,1.0794699056522876,0.3476911366777277,5.4428041164331775,cube,raw
660,17,transport_free,True,10,17.832369287350097,17.832369287350097,19.16925481915732,5.373775556407521,1.0749695965950852,0.3013494993186106,4.314468226776297,cube,raw
661,17,transport_free,True,10,17.886890481813452,17.886890481813452,19.164650098535986,3.350721273124182,1.0714355364350052,0.1873283272199289,1.9195402924789569,cube,raw
662,17,transport_free,True,10,18.096080095813054,18.096080095813054,18.814157295828906,3.2643325610368956,1.039681367247153,0.18038893195395253,2.660002861755051,cube,raw
663,17,transport_free,True,10,18.078327576394905,18.078327576394905,18.400387697720674,3.442527379775501,1.0178147076915613,0.19042288979598154,1.5194209221733699,cube,raw
664,17,transport_free,True,10,17.773236486264203,17.773236486264203,17.356427820353712,3.1555504288247374,0.9765485219176251,0.1775450650906187,1.6169659160625736,cube,raw
665,17,transport_free,True,10,16.78415857025389,16.78415857025389,17.388268891465298,2.383611078042377,1.0359928869048018,0.14201552422572952,1.7612906839800992,cube,raw
666,17,interaction,True,10,16.82635083655842,16.82635083655842,18.09846197229762,3.385525850397679,1.075602318535716,0.20120380724749812,2.283135420652069,cube,raw
667,17,interaction,True,10,17.66818312748358,17.66818312748358,18.283346976977256,4.583871226731883,1.0348176066013695,0.2594421392203868,3.6065727568093804,cube,raw
668,17,interaction,True,10,17.06651865893368,17.06651865893368,17.912290983035426,7.729008868134806,1.0495574018933858,0.4528755408525546,4.906480382422028,cube,raw
669,17,interaction,True,10,15.561016519054082,15.561016519054082,14.159255496790713,11.539582453757532,0.9099184156416166,0.7415699636092281,10.235470503085446,cube,raw
670,17,interaction,True,10,10.059358787152414,10.059358787152414,13.971974249638992,6.702502308944713,1.388952769781279,0.6662951834966855,4.274407402787239,cube,raw
671,17,interaction,True,10,9.186399659425312,9.186399659425312,17.92565126988233,9.580190356992404,1.9513249950420437,1.042866706453715,9.407537899012294,cube,raw
672,17,interaction,True,10,13.999149844412385,13.999149844412385,18.782624322018183,12.427027046028382,1.3416974981173642,0.8876986948595669,3.5708935686144088,cube,raw
673,17,interaction,True,10,16.493787553271602,16.493787553271602,19.21773409626161,11.072888353791008,1.1651498501597775,0.6713369090045458,1.94954328027702,cube,raw
674,17,interaction,True,10,17.159390720799543,17.159390720799543,18.676454850764692,6.677801223966267,1.0884101396517685,0.3891630730146994,2.7419981069325385,cube,raw
675,17,interaction,True,10,17.7422088073316,17.7422088073316,18.352722713893243,4.4202460027056585,1.0344102537170772,0.24913730024860734,1.8670643973238128,cube,raw
676,17,transport_free,True,10,17.454922533569594,17.454922533569594,18.063277949930054,5.993955533435385,1.0348529427839317,0.34339628387967414,5.215030790230594,cube,raw
677,17,transport_free,True,10,17.494598786231613,17.494598786231613,18.585232421874103,4.4322390099762154,1.0623411630623292,0.2533489944030281,3.956923257068925,cube,raw
678,17,transport_free,True,10,18.017149002756046,18.017149002756046,18.894815339708302,3.979189501264485,1.0487128311376013,0.22085566926575323,2.568293031920672,cube,raw
679,17,static,True,10,18.26682930407963,18.26682930407963,18.826867955652062,2.74493283196856,1.0306587772978948,0.15026870762708225,1.1387554880148452,cube,raw
680,17,transport_free,True,10,18.273480239801238,18.273480239801238,18.528488177332022,3.523148087856108,1.0139550832235753,0.1928011545486767,2.610413457514504,cube,raw
681,17,transport_free,True,10,18.070998561604156,18.070998561604156,18.194101420391508,3.467896722655116,1.0068121779971202,0.1919039897453941,2.0131001451298602,cube,raw
682,17,transport_free,True,10,17.82874981017367,17.82874981017367,17.964698013940797,2.48091029181166,1.0076252235975376,0.13915222986616657,1.2033016570053945,cube,raw
683,17,transport_free,True,10,17.152965766863055,17.152965766863055,17.3583099861819,2.682555178956732,1.0119713536486816,0.15639016689108215,1.563533453820335,cube,raw
684,18,transport_free,True,10,14.161050576275038,14.161050576275038,15.389389966923005,1.8603681795760678,1.086740696534612,0.13137218665773767,1.253161388766043,cube,raw
685,18,transport_free,True,10,13.37642973409736,13.37642973409736,13.375673370586103,1.7186694171477628,0.9999434555014833,0.12848491348680033,1.2001268896613917,cube,raw
686,18,transport_free,True,10,13.375673370586103,13.375673370586103,13.731990868566696,2.9289943101644518,1.0266392194328067,0.21897920418761746,2.598336537277841,cube,raw
687,18,interaction,True,10,13.731990868566694,13.731990868566694,12.668191653964195,3.570104211353104,0.9225313193997532,0.25998445859189107,2.977078418845334,cube,raw
688,18,interaction,True,10,12.668191653964193,12.668191653964193,14.437000144834592,5.188554107963283,1.139625965503679,0.40957338266505106,4.457422796663378,cube,raw
689,18,interaction,True,10,14.437000144834592,14.437000144834592,16.704347225651773,5.401712107038316,1.1570511226758153,0.37415751560901606,4.804463878459925,cube,raw
690,18,interaction,True,10,15.040563902120038,15.040563902120038,17.94894527663447,11.367867203434821,1.193369171092347,0.7558138961686448,5.708977659791812,cube,raw
691,18,interaction,True,10,15.460701438317656,15.460701438317656,19.045597266675145,17.8510872040792,1.2318714867278089,1.154610434416464,15.341288664007294,cube,raw
692,18,interaction,True,10,15.171281369423404,15.171281369423404,18.548904587191277,11.955147340552173,1.2226326923561792,0.7880117077418977,11.077165630343865,cube,raw
693,18,interaction,True,10,13.665088094501819,13.665088094501819,16.86074057143844,5.371978867152863,1.2338552415349888,0.39311703151875704,2.194893613537154,cube,raw
694,18,interaction,True,10,14.858795234281832,14.858795234281832,18.331899678862776,4.333446815057933,1.2337406492127898,0.29164186912408047,2.9225457130244967,cube,raw
695,18,interaction,True,10,17.535038981261934,17.535038981261934,18.39669137587922,3.4588721342504973,1.0491388924505989,0.19725488708332342,0.9391438553144512,cube,raw
696,18,static,True,10,17.621247627282834,17.621247627282834,17.772721649373008,4.012776620533023,1.0085961008717481,0.22772375176886303,2.9873755893877454,cube,raw
697,18,transport_free,True,10,17.38781923350575,17.38781923350575,18.20482015834836,5.423222984201442,1.0469869690885836,0.31189782406703837,5.083540738103287,cube,raw
698,18,transport_free,True,10,17.231571757247522,17.231571757247522,18.439645568926018,4.259547866824189,1.0701081612691765,0.24719438985782838,4.151611025344024,cube,raw
699,18,transport_free,True,10,17.298909092311526,17.298909092311526,17.950001872637568,2.1056344677331245,1.0376377942014516,0.12172065050442808,1.741126289761546,cube,raw
700,18,transport_free,True,10,17.28924035658551,17.28924035658551,18.00737237079393,3.2000051655793222,1.0415363543682175,0.18508651042961718,2.676939418745735,cube,raw
701,18,transport_free,True,10,17.568389925686084,17.568389925686084,17.561757538928703,1.8843141344608407,0.9996224818104883,0.10725593764889381,1.3320797275494345,cube,raw
702,18,transport_free,True,10,17.43723450066183,17.43723450066183,17.46564726476668,1.6410595410174296,1.001629430636135,0.09411237435357901,1.0312166904719717,cube,raw
703,18,transport_free,True,10,17.191535479217556,17.191535479217556,17.39084940137677,1.872327371515003,1.01159372427205,0.10890983959975045,1.3241102598957166,cube,raw
704,18,interaction,True,10,17.39084940137677,17.39084940137677,17.661057407268743,2.4218422626511305,1.0155373667873049,0.1392595730522169,1.6422625813063827,cube,raw
705,18,interaction,True,10,17.39714920584815,17.39714920584815,17.72911923619725,3.606582723259348,1.0190818637249777,0.20730883437195413,3.1972533503797416,cube,raw
706,18,interaction,True,10,16.336931130237293,16.336931130237293,15.57138715063247,5.222323254155558,0.9531402823760509,0.3196636634214485,4.0923546408852625,cube,raw
707,18,interaction,True,10,13.442850699591759,13.442850699591759,15.359954886007614,8.706742179847405,1.1426114318500968,0.6476857010776603,7.142636968141709,cube,raw
708,18,interaction,True,10,12.41686485120103,12.41686485120103,16.91406176268311,6.954742245594832,1.362184574397384,0.560104529519956,4.25147249969837,cube,raw
709,18,interaction,True,10,14.744519718306517,14.744519718306517,15.840759044117187,8.808669181639644,1.074348934163627,0.597419878702659,7.700542394863998,cube,raw
710,18,interaction,True,10,13.807659059976856,13.807659059976856,16.294004693841856,6.577704239492743,1.1800700338170986,0.47638084130850256,4.233808704906033,cube,raw
711,18,interaction,True,10,13.851465586069953,13.851465586069953,17.30671817612349,5.394226843935192,1.2494503248470972,0.3894336530973315,2.3707208073119337,cube,raw
712,18,interaction,True,10,15.664810790594872,15.664810790594872,18.72711725607691,4.233090882303329,1.1954895278607922,0.27022930177010945,2.710522898334802,cube,raw
713,18,interaction,True,10,17.477302359242472,17.477302359242472,17.76678012014228,2.8425894827661424,1.0165630687705487,0.16264463613075297,1.7391628892269304,cube,raw
714,18,transport_free,True,10,17.30128321557713,17.30128321557713,17.70191125478289,5.474851945963042,1.0231559725491954,0.31644195853829993,5.184253874961721,cube,raw
715,18,transport_free,True,10,16.180563725789128,16.180563725789128,18.107588899460673,4.160864260446077,1.119095057893452,0.25715199612077494,3.790009642841973,cube,raw
716,18,transport_free,True,10,17.173804668511764,17.173804668511764,18.02391858328346,3.7300559237958772,1.0495006162688216,0.2171945003331119,3.601865225472256,cube,raw
717,18,transport_free,True,10,16.90125661920132,16.90125661920132,17.440010761783277,1.9367536059315746,1.0318765731282895,0.11459228444181195,1.4069664925289633,cube,raw
718,18,transport_free,True,10,17.009269248013194,17.009269248013194,17.882788879684995,3.1848838576068186,1.0513555061616673,0.18724401449396988,2.784451676374884,cube,raw
719,18,transport_free,True,10,17.185481150670206,17.185481150670206,17.12862085348098,1.764782112981392,0.9966913758951109,0.10269029406328659,1.1542290533152224,cube,raw
720,18,transport_free,True,10,16.99611366333243,16.99611366333243,16.549891806288844,1.8804377499107847,0.9737456535133517,0.11063927831735193,1.4224988838506696,cube,raw
721,18,transport_free,True,10,16.00393372189789,16.00393372189789,16.496066890748573,2.0879503920802542,1.0307507627438688,0.13046482373413917,0.725498252843396,cube,raw
722,19,transport_free,True,10,15.305443409414444,15.305443409414444,16.64597495003207,2.176714904666257,1.0875852796132035,0.1422183498014406,1.7018590046569513,cube,raw
723,19,transport_free,True,10,16.175313445547282,16.175313445547282,17.815642631611,2.4581693258634956,1.1014094219308785,0.15197042914430675,1.6342264135411597,cube,raw
724,19,transport_free,True,10,17.005589541647357,17.005589541647357,17.554857797155037,2.3151159854033496,1.0322992774912332,0.1361385313772004,1.5419342813586017,cube,raw
725,19,interaction,True,10,16.902935619209767,16.902935619209767,17.212053481527988,4.322532861068332,1.0182878210792519,0.2557267541240517,2.1648462854640127,cube,raw
726,19,interaction,True,10,16.52188606746173,16.52188606746173,17.019883716617684,5.8062982006647434,1.0301416949083504,0.35143071299224676,3.524315234449847,cube,raw
727,19,interaction,True,10,15.055968757833462,15.055968757833462,18.721650468654964,10.396988485303705,1.2434703319183156,0.6905559285180013,10.161237109388074,cube,raw
728,19,interaction,True,10,14.495926632535408,14.495926632535408,19.26421725317949,13.313609611059896,1.3289400354677487,0.9184379825142148,12.794761617639875,cube,raw
729,19,interaction,True,10,17.483153053211225,17.483153053211225,19.0655675783417,8.64911621312698,1.09051082034884,0.49471146233192476,2.7072369318231897,cube,raw
730,19,interaction,True,10,17.814144622904358,17.814144622904358,18.869132092921497,8.351183785949871,1.0592218987972455,0.46879510426857207,4.360243136265531,cube,raw
731,19,interaction,True,10,17.741491318624103,17.741491318624103,18.735929265655948,9.602480068143759,1.0560515420700816,0.5412442446742665,2.357383038347687,cube,raw
732,19,interaction,True,10,17.930897981461072,17.930897981461072,18.31156425917179,5.000868813862697,1.0212296270997856,0.27889673004849747,2.1722662657617526,cube,raw
733,19,interaction,True,10,18.127732822525516,18.127732822525516,18.46585503088091,3.844553382869843,1.0186522060792536,0.21208131322923085,0.7073311490533016,cube,raw
734,19,static,True,10,18.170642000113567,18.170642000113567,18.42994083461305,4.08315536698265,1.0142702076513235,0.22471167320104213,2.5776732522486014,cube,raw
735,19,transport_free,True,10,18.15387958961088,18.15387958961088,18.135200874799793,6.916553200737026,0.9989710896385048,0.380995872898443,6.408511274183957,cube,raw
736,19,transport_free,True,10,17.427555443645407,17.427555443645407,18.76417298424593,6.970679473810042,1.0766956412746858,0.3999803355296026,6.032413774232917,cube,raw
737,19,transport_free,True,10,18.290126735003327,18.290126735003327,18.988579421854084,3.4533314217624147,1.0381874164662879,0.1888085015372523,1.589034960628593,cube,raw
738,19,transport_free,True,10,18.547882763663722,18.547882763663722,19.112046421599743,3.190648122633948,1.0304166068507423,0.1720222282666459,2.9787399872957767,cube,raw
739,19,transport_free,True,10,17.981188118415332,17.981188118415332,17.969409028458156,3.6617427507783997,0.9993449214879682,0.20364298102349793,1.7718990953421665,cube,raw
740,19,transport_free,True,10,17.49490736345387,17.49490736345387,18.018774889700552,4.114218884918263,1.0299440011520735,0.23516665732753148,1.7585418345830803,cube,raw
741,19,transport_free,True,10,17.68192580461288,17.68192580461288,18.730616901631137,4.520649002483905,1.0593086470674293,0.25566496842241887,1.6237420320937002,cube,raw
742,19,interaction,True,10,18.221927863955347,18.221927863955347,18.57200625906494,3.4325545507428243,1.019211929589628,0.18837493904982106,0.8324924972455481,cube,raw
743,19,interaction,True,10,18.266529616736026,18.266529616736026,18.670572969580494,4.797189845211973,1.022119327607488,0.2626218524189032,3.797373317619134,cube,raw
744,19,interaction,True,10,17.870588651280098,17.870588651280098,18.828416222194942,8.39253160460413,1.0535979865915739,0.4696281565410527,6.291786899221208,cube,raw
745,19,interaction,True,10,17.49618907489538,17.49618907489538,18.807504913509312,10.879793419163988,1.074948654989988,0.621837896960944,5.347754360755501,cube,raw
746,19,interaction,True,10,17.320860188867048,17.320860188867048,19.04651569559162,7.3060921613048375,1.0996287417546233,0.4218088525419087,1.2038071060943705,cube,raw
747,19,interaction,True,10,17.551924973609694,17.551924973609694,18.874007895463258,9.742044095205253,1.0753240982878738,0.5550413478779658,6.820438825189653,cube,raw
748,19,interaction,True,10,17.74009839469334,17.74009839469334,18.46418891927827,7.608248470518727,1.040816601378126,0.42887295781823903,2.3478164581589467,cube,raw
749,19,interaction,True,10,17.81267556417402,17.81267556417402,18.5806983137841,8.170228348584192,1.0431166416770525,0.4586749654283645,2.675943446813862,cube,raw
750,19,interaction,True,10,18.091772175801054,18.091772175801054,18.563074151258796,4.711940236453074,1.0260506251614279,0.26044658260485987,2.2678436385746825,cube,raw
751,19,transport_free,True,10,18.24115323020128,18.24115323020128,18.466881014869685,5.744820719125279,1.0123746443999315,0.3149373642459056,4.348209254150805,cube,raw
752,19,transport_free,True,10,18.071047298221785,18.071047298221785,17.993040355484148,7.110335263023256,0.9956833192094343,0.3934655886669569,5.766600562957059,cube,raw
753,19,transport_free,True,10,17.321925885414068,17.321925885414068,18.858842522523986,6.264384505203292,1.0887266604924155,0.36164480477763844,5.295267979663508,cube,raw
754,19,transport_free,True,10,18.39303767709943,18.39303767709943,19.79822175829205,4.427937803654851,1.076397607935212,0.2407398865478285,3.6414138270838614,cube,raw
755,19,transport_free,True,10,18.50780409916439,18.50780409916439,18.837435467621145,3.2285626653933885,1.0178103986129634,0.17444331310699118,3.3017545866605595,cube,raw
756,19,transport_free,True,10,18.228801796219784,18.228801796219784,19.005210143239296,4.604034400402281,1.04259239612669,0.2525692281846548,4.2637899169295626,cube,raw
757,19,transport_free,True,10,17.28529646346881,17.28529646346881,17.87009489076941,3.831521775217846,1.0338321317506196,0.22166364246719647,1.67486589624928,cube,raw
758,19,transport_free,True,10,17.631414610794216,17.631414610794216,18.551829335370016,3.5329856004055498,1.0522031127333542,0.2003801554438294,1.211471959010486,cube,raw
759,19,static,True,10,18.29942049827087,18.29942049827087,18.722340285986313,4.168854675436607,1.0231111027671835,0.22781348053237674,1.1557324029360856,cube,raw
760,20,transport_free,True,10,18.42737954558191,18.42737954558191,18.901403641671408,4.978471233653921,1.0257239014867499,0.27016707510360816,0.8543350576749682,cube,raw
761,20,transport_free,True,10,18.16984201831157,18.16984201831157,18.258882595733823,1.8920817446808091,1.0049004596370468,0.104133087275826,1.6186538533130206,cube,raw
762,20,transport_free,True,10,17.735821209163674,17.735821209163674,17.77178792013609,3.3525257674968523,1.0020279134835794,0.18902568581175608,0.9407932753701252,cube,raw
763,20,interaction,True,10,17.453732259594915,17.453732259594915,17.737676390384983,4.128269011430882,1.0162683904260061,0.23652643171270324,0.8937706244339075,cube,raw
764,20,interaction,True,10,17.312966651295042,17.312966651295042,16.963015312045734,6.035295289616055,0.9797867490709264,0.3485997178400736,5.3068413369317655,cube,raw
765,20,interaction,True,10,15.366542630363103,15.366542630363103,17.85189560930989,12.725341103204324,1.1617379418865452,0.8281199882958729,11.059065899345422,cube,raw
766,20,interaction,True,10,13.6289851632385,13.6289851632385,19.884838236761993,14.855514432334376,1.4590109240413163,1.0899941745042174,14.320543803984375,cube,raw
767,20,interaction,True,10,12.82175993570527,12.82175993570527,15.614197562821552,7.801490231912862,1.2177889494982719,0.6084570504387419,4.185986499933017,cube,raw
768,20,interaction,True,10,12.84134647447334,12.84134647447334,15.564422142526908,6.5112937046971435,1.2120553069311408,0.5070569287761695,3.9327477825592974,cube,raw
769,20,interaction,True,10,12.541519328910482,12.541519328910482,15.615695847750867,5.807405188204585,1.2451199442601704,0.4630543585590512,2.66972149949335,cube,raw
770,20,interaction,True,10,12.196659688630106,12.196659688630106,17.010338688563582,4.686147461225529,1.3946719120498914,0.38421564435334865,2.316575795219337,cube,raw
771,20,interaction,True,10,13.15423022383042,13.15423022383042,13.848717674502861,3.079969629941502,1.0527957500252882,0.23414290137341356,1.5163531876611611,cube,raw
772,20,transport_free,True,10,12.398080780775091,12.398080780775091,13.55809162959735,4.107603962049039,1.093563743399786,0.33130966273573864,2.0998040240113993,cube,raw
773,20,transport_free,True,10,11.457205495008992,11.457205495008992,14.343271083977037,6.0059155978345125,1.2518996093964865,0.5242042311670869,5.200659748852391,cube,raw
774,20,transport_free,True,10,11.738019303145865,11.738019303145865,14.751663019115359,5.814536172978646,1.2567420991684533,0.4953592273800668,5.200539889277044,cube,raw
775,20,transport_free,True,10,14.470123552875126,14.470123552875126,15.345168921870336,3.1675129642566557,1.060472556837384,0.21890020169366764,2.6583175650793516,cube,raw
776,20,transport_free,True,10,15.031403831722947,15.031403831722947,15.2246890054933,2.930161380133894,1.0128587573013264,0.1949359762359621,2.9148837799239624,cube,raw
777,20,transport_free,True,10,14.434493858852914,14.434493858852914,14.287486688205632,3.12847770038577,0.989815564571589,0.2167362244202988,3.191107360447244,cube,raw
778,20,transport_free,True,10,14.163668281108947,14.163668281108947,13.941007484285857,1.9748268991938533,0.9842794400148394,0.13942905608907935,1.585015807944905,cube,raw
779,20,transport_free,True,10,11.882603972905326,11.882603972905326,13.598931444706103,2.4883011255618026,1.1444403495828306,0.20940705684003427,1.7002938294438255,cube,raw
780,20,interaction,True,10,11.378769480326348,11.378769480326348,13.56600676894777,2.9177837308057377,1.192220898085958,0.25642348549643473,0.7614678834462499,cube,raw
781,20,interaction,True,10,12.28426250731513,12.28426250731513,13.791642564754664,3.868359960948114,1.1227082257923018,0.31490371999495714,2.5157705666253776,cube,raw
782,20,interaction,True,10,13.246293281104435,13.246293281104435,14.173016493124466,5.108658080189411,1.0699609462325572,0.3856669916463956,3.616048545864268,cube,raw
783,20,interaction,True,10,12.039603977414767,12.039603977414767,19.11398744062607,10.325472388094198,1.5875927045841558,0.8576255836540696,9.442525360238381,cube,raw
784,20,interaction,True,10,12.177043728261022,12.177043728261022,16.380123657965143,7.326550709359625,1.3451642306210518,0.6016690810065699,4.708689132131014,cube,raw
785,20,interaction,True,10,14.34380838536095,14.34380838536095,14.770329429421704,8.96101828918534,1.0297355508803405,0.6247307582783108,7.29394397264808,cube,raw
786,20,interaction,True,10,11.864895803992365,11.864895803992365,15.723524579575184,7.191942714423062,1.3252138779241909,0.606153044513301,5.574108983399834,cube,raw
787,20,interaction,True,10,12.970651821430724,12.970651821430724,16.460547354852654,5.531678908167985,1.2690609216458775,0.4264765552513161,2.3749309749660426,cube,raw
788,20,interaction,True,10,13.109183908342333,13.109183908342333,13.501924396399534,3.659029403348012,1.0299591866895141,0.27911954160773533,2.480668754543185,cube,raw
789,20,interaction,True,10,12.459973839500254,12.459973839500254,13.409360129287547,4.341805324728667,1.0761948862827926,0.34846022797932363,1.8799819842025298,cube,raw
790,20,transport_free,True,10,11.799952454182051,11.799952454182051,13.478657604643104,5.458181759320361,1.14226372156831,0.462559640008203,4.793086141021283,cube,raw
791,20,transport_free,True,10,10.87069114523371,10.87069114523371,14.622174101641459,5.747494650071778,1.3451006846103433,0.5287147406990572,5.369587125374501,cube,raw
792,20,transport_free,True,10,14.126253813448251,14.126253813448251,15.716564750792845,3.4605445208546946,1.1125783918614438,0.24497255723667105,3.2475203155063976,cube,raw
793,20,static,True,10,14.432454061846634,14.432454061846634,15.627542035151153,1.9333668159087247,1.0828055968987167,0.13395967225142513,1.6208427880191345,cube,raw
794,20,transport_free,True,10,14.308775268327182,14.308775268327182,14.182128570933752,2.1622407305418037,0.9911490190447141,0.15111291427771428,1.6988824852264606,cube,raw
795,20,transport_free,True,10,13.843775600905605,13.843775600905605,14.248597532008183,1.8275306922092271,1.0292421621653631,0.1320110022651391,1.5615607199993389,cube,raw
796,20,transport_free,True,10,13.259845163827247,13.259845163827247,13.663881414642919,2.0577905275867,1.030470661295343,0.15518963473271438,1.5387049593876356,cube,raw
797,20,transport_free,True,10,10.515300096239939,10.515300096239939,13.630085186933297,2.206322407860796,1.2962145694545744,0.20982020367157497,1.0354373533552874,cube,raw
798,21,transport_free,True,10,14.579768896063172,14.579768896063172,15.455365880284216,1.5616583682926055,1.0600556147674929,0.10711132524976334,1.3679432238436555,cube,raw
799,21,transport_free,True,10,14.068712119580368,14.068712119580368,14.65633803513736,1.9872439328409977,1.0417682806046726,0.14125272561908614,1.8421102132314104,cube,raw
800,21,transport_free,True,10,14.65633803513736,14.65633803513736,15.42757069870349,1.8292918648177245,1.052621102332463,0.12481234128416992,1.236203951381923,cube,raw
801,21,interaction,True,10,15.427570698703487,15.427570698703487,14.736723171318388,2.8939733713764433,0.9552199409176484,0.1875845152743101,1.6622122214686466,cube,raw
802,21,interaction,True,10,14.69005552690377,14.69005552690377,14.899258451560371,3.5810633450672817,1.0142411255201493,0.2437746636497612,3.54574210220784,cube,raw
803,21,interaction,True,10,14.899258451560371,14.899258451560371,13.800901373369435,6.104266277737841,0.92628109098437,0.4097026907469044,5.924300305793793,cube,raw
804,21,interaction,True,10,13.800901373369435,13.800901373369435,17.976028403928982,12.55604354226601,1.3025256769544036,0.9097988024531838,11.795464103442653,cube,raw
805,21,interaction,True,10,17.590755866249125,17.590755866249125,18.390917907366827,8.1673876814022,1.0454876440331338,0.46429998480467405,6.392362616197244,cube,raw
806,21,interaction,True,10,16.960242585931738,16.960242585931738,18.408181818442706,10.188837182431463,1.085372554382684,0.6007483165885226,9.138451481301015,cube,raw
807,21,interaction,True,10,16.845248451114895,16.845248451114895,18.798655280149724,6.8575887051651545,1.1159618888794451,0.40709335484519305,4.0621026030378,cube,raw
808,21,interaction,True,10,17.762733183374152,17.762733183374152,19.275877865268424,6.909063637403282,1.0851864781322376,0.38896399366456386,4.607593833521735,cube,raw
809,21,interaction,True,10,18.133767100630422,18.133767100630422,18.52498780207236,4.47064794870161,1.021574154960242,0.24653718799257038,2.688520125022481,cube,raw
810,21,transport_free,True,10,17.86242223033455,17.86242223033455,17.997253518773135,5.3883350280413165,1.0075483205301021,0.3016575780461997,4.218274337926652,cube,raw
811,21,transport_free,True,10,17.658230723823483,17.658230723823483,18.244111745180412,5.479697462025811,1.0331789198204604,0.3103197340508704,4.601127096159063,cube,raw
812,21,transport_free,True,10,18.043444083101885,18.043444083101885,19.117827904267088,4.001039721513402,1.059544276370795,0.2217447901346324,2.8820426777539323,cube,raw
813,21,transport_free,True,10,18.588073309691858,18.588073309691858,19.089361066899563,3.742386400720971,1.026968247265645,0.20133266844658307,1.1463824264083522,cube,raw
814,21,transport_free,True,10,18.488756246107453,18.488756246107453,18.43385898943271,4.0315179227591065,0.9970307761136555,0.21805241353689683,2.402017717106546,cube,raw
815,21,transport_free,True,10,18.043693911217048,18.043693911217048,18.062967045547946,3.5192868421088406,1.001068136847462,0.1950424818457511,1.6208578985072768,cube,raw
816,21,transport_free,True,10,17.74634090581345,17.74634090581345,18.068337012090154,3.296995065746013,1.0181443660969693,0.18578449964668287,1.180470924532347,cube,raw
817,21,transport_free,True,10,17.994182586007824,17.994182586007824,17.93253515805842,3.4258905434206794,0.9965740356554268,0.19038878409984752,2.1879546040638993,cube,raw
818,21,interaction,True,10,17.751079283275736,17.751079283275736,17.970827919163273,3.9135284410024305,1.012379452109967,0.2204670701172283,2.2429755934666837,cube,raw
819,21,interaction,True,10,17.75598853316044,17.75598853316044,18.204870235651754,4.026754235541696,1.0252805807828158,0.2267828810556774,2.731788964094016,cube,raw
820,21,interaction,True,10,17.984860025858723,17.984860025858723,18.0804494215338,3.768032995569011,1.0053149924735383,0.20951138847626916,2.937504639901773,cube,raw
821,21,interaction,True,10,17.559898267614088,17.559898267614088,18.802889699302824,13.546585175685474,1.0707857991399186,0.7714500943703978,12.975069760027715,cube,raw
822,21,interaction,True,10,13.332097979923223,13.332097979923223,17.515282719474826,10.463029459996733,1.3137679265372226,0.7847999223942838,4.803153526340263,cube,raw
823,21,interaction,True,10,15.987517135316944,15.987517135316944,18.188813697807973,14.643689748896186,1.1376884568041084,0.9159452105635465,11.763541959780051,cube,raw
824,21,interaction,True,10,16.683001111495763,16.683001111495763,18.36509138421604,8.142580825390896,1.1008265995715363,0.48807650200179414,3.2640117677158855,cube,raw
825,21,interaction,True,10,17.457507249001228,17.457507249001228,19.196301603634375,7.17973856101238,1.0996015255690428,0.4112694016737782,4.492480200630463,cube,raw
826,21,interaction,True,10,18.043724943185673,18.043724943185673,18.631563836187322,3.8454885668707197,1.0325785775859795,0.21312054905397973,3.078267397611291,cube,raw
827,21,transport_free,True,10,18.057801564869475,18.057801564869475,18.387079116917544,4.885036375019211,1.0182346422882762,0.2705222093326575,3.533383603646099,cube,raw
828,21,transport_free,True,10,18.16173946746745,18.16173946746745,18.328076129629757,5.7992810089634865,1.0091586305629074,0.31931308228220956,4.782642056771416,cube,raw
829,21,transport_free,True,10,18.075049093336304,18.075049093336304,19.065150953334815,4.894349237543381,1.0547772708602783,0.27077930534350647,3.8638944736462983,cube,raw
830,21,transport_free,True,10,18.63998733030393,18.63998733030393,19.9216974500953,4.47797108039555,1.0687613192583898,0.24023466330985618,3.883343418519992,cube,raw
831,21,transport_free,True,10,18.989720782138725,18.989720782138725,19.496177106032402,5.2083677117240335,1.0266700247836207,0.27427300124512094,3.222350313020074,cube,raw
832,21,transport_free,True,10,18.751608018900455,18.751608018900455,19.210894261597403,6.18609654851929,1.0244931657185887,0.32989685696736454,3.046199372025661,cube,raw
833,21,transport_free,True,10,18.299122766040263,18.299122766040263,18.808329415589526,3.308022672037154,1.0278268338903247,0.1807749319096445,1.250327303892266,cube,raw
834,21,transport_free,True,10,18.197242153173697,18.197242153173697,19.063482116945007,4.914426137306133,1.0476028156618356,0.27006433699894633,1.2033417345816868,cube,raw
835,21,transport_free,True,10,18.343710605226114,18.343710605226114,19.10763176056539,4.702316162870468,1.0416448542925463,0.25634487285962637,0.8995865069450829,cube,raw
836,22,transport_free,True,10,17.47820768962028,17.47820768962028,18.274279735349836,2.8861619794833935,1.0455465491580305,0.16512917289553597,1.324477588449346,cube,raw
837,22,transport_free,True,10,17.33647144409739,17.33647144409739,16.839227580584705,3.2974698990194926,0.9713180467480893,0.1902042125268919,1.9091103326102974,cube,raw
838,22,transport_free,True,10,14.645544728850886,14.645544728850886,16.106625716681794,4.216683357535311,1.0997628299173237,0.28791577476996716,1.0933870322698418,cube,raw
839,22,interaction,True,10,14.942382606261948,14.942382606261948,16.28689903454125,3.2041576485899084,1.0899800563074762,0.2144341858337326,1.8642643870796565,cube,raw
840,22,interaction,True,10,15.493794778814358,15.493794778814358,14.751234679504513,5.7662341817687155,0.9520737101587795,0.3721640995047418,4.088630105487087,cube,raw
841,22,interaction,True,10,14.08663511994736,14.08663511994736,16.615315100207575,13.916260945468892,1.1795091559289046,0.9879052610486652,13.83868580521806,cube,raw
842,22,interaction,True,10,11.257060132919872,11.257060132919872,19.850097616995953,16.444043686698116,1.763346502782446,1.460776036774429,16.161905645347932,cube,raw
843,22,interaction,True,10,12.999460148619537,12.999460148619537,18.884380786865556,17.809062062014924,1.4527050024358867,1.3699847423207137,16.00001943759388,cube,raw
844,22,interaction,True,10,10.979468296640896,10.979468296640896,18.013131407196603,15.857933131528753,1.6406196475568509,1.444326146137732,15.068459462966167,cube,raw
845,22,interaction,True,10,14.002547352043175,14.002547352043175,16.83785285095297,7.7735988405973995,1.202484978456158,0.5551560473361383,4.854609848877846,cube,raw
846,22,interaction,True,10,15.327946246911385,15.327946246911385,15.34500078468682,6.046115106233536,1.001112643370528,0.3944504377063458,4.4927044486511205,cube,raw
847,22,interaction,True,10,12.942177121343253,12.942177121343253,7.980849687876784,8.1853985411343,0.6166543397644725,0.6324591654394501,6.876165714824585,cube,raw
848,22,static,True,10,7.6458622238111,7.6458622238111,7.933924070901501,4.682143328060678,1.0376755215642397,0.6123761050100183,4.904746763753189,cube,raw
849,22,transport_free,True,10,7.515681262011164,7.515681262011164,11.705229687531485,5.707754264481282,1.5574409397451239,0.7594460256492984,6.364290528658638,cube,raw
850,22,transport_free,True,10,9.224836673677162,9.224836673677162,10.84851852999962,3.875628711460579,1.1760119895624377,0.42012979183898047,3.9829076656038485,cube,raw
851,22,transport_free,True,10,10.36679955209907,10.36679955209907,12.485450287668401,3.210434042822219,1.2043688338837752,0.30968420163696225,2.4301080129536414,cube,raw
852,22,transport_free,True,10,11.032989498813272,11.032989498813272,10.721436428820368,2.773587704779424,0.9717616816343009,0.2513904055721032,2.79490683973483,cube,raw
853,22,transport_free,True,10,9.982512660110558,9.982512660110558,11.103744621435915,2.7753044389577486,1.1123196132578648,0.27801662101042723,2.6266792353075514,cube,raw
854,22,transport_free,True,10,9.879426840614975,9.879426840614975,11.34707940526511,2.4613651329777904,1.148556448499271,0.24914047876329787,1.5299484599965234,cube,raw
855,22,transport_free,True,10,10.77072357460709,10.77072357460709,13.749957429313124,2.8127479773251283,1.2766048013459221,0.26114754109523564,1.6114885833452013,cube,raw
856,22,transport_free,True,10,12.804905090366434,12.804905090366434,14.812619651432264,4.3304740230274215,1.1567926155560733,0.33818868570024657,1.7346175431639879,cube,raw
857,22,interaction,True,10,14.652015680279284,14.652015680279284,15.51849345321528,3.600723638653423,1.0591371038526953,0.24574937109163597,1.468138215480094,cube,raw
858,22,interaction,True,10,15.267011587655766,15.267011587655766,16.466922381581334,5.233384552953809,1.0785950011917043,0.34279037013277003,4.625160233907327,cube,raw
859,22,interaction,True,10,13.52251144768554,13.52251144768554,19.266308249962584,10.116359643806703,1.4247581393809898,0.7481124850915308,9.539241619634364,cube,raw
860,22,interaction,True,10,14.043800169007465,14.043800169007465,14.449916920169189,7.463788262516671,1.0289178674058579,0.5314650004055255,5.082847689469076,cube,raw
861,22,interaction,True,10,12.009260059571538,12.009260059571538,17.05565226568381,8.850646729501712,1.4202084209251704,0.7369851835665454,6.000572976635156,cube,raw
862,22,interaction,True,10,14.504856874196758,14.504856874196758,18.90536462628284,8.670498956496436,1.3033816734803025,0.5977652197258642,7.070864694459935,cube,raw
863,22,interaction,True,10,15.500947022530047,15.500947022530047,17.450830638548176,4.468713739804798,1.1257912573460218,0.28828649845133264,0.8384126009571637,cube,raw
864,22,interaction,True,10,16.78244193646619,16.78244193646619,16.966751715718964,3.6635900633054916,1.0109822980440226,0.21829898635579126,2.401576237411887,cube,raw
865,22,interaction,True,10,16.490028629972457,16.490028629972457,16.795882487815355,4.547175237382359,1.0185478063565623,0.2757530225943552,3.967446169189974,cube,raw
866,22,transport_free,True,10,16.44705627920974,16.44705627920974,15.140547016893304,3.943035623556089,0.9205627292728391,0.2397411157728188,3.5628519941214614,cube,raw
867,22,transport_free,True,10,14.55158674993087,14.55158674993087,12.017105404441917,5.876569705426409,0.8258278365758983,0.4038439110741189,6.080301038030735,cube,raw
868,22,transport_free,True,10,11.641252946996575,11.641252946996575,10.702892438980598,4.269978997685309,0.9193935126838668,0.3667972010510223,4.738442719293546,cube,raw
869,22,transport_free,True,10,10.535112133278833,10.535112133278833,10.688308701230685,2.158198143323743,1.0145415222936192,0.20485763378885358,1.8650400690825664,cube,raw
870,22,transport_free,True,10,10.499802203039254,10.499802203039254,10.686924872059967,2.104433830812386,1.0178215422921537,0.20042604518809323,1.6067595305870308,cube,raw
871,22,transport_free,True,10,10.541057509622336,10.541057509622336,12.1494256473438,2.2879985933599194,1.1525812885712157,0.21705588753987298,1.659711648802128,cube,raw
872,22,transport_free,True,10,11.620711580233586,11.620711580233586,14.570414421416178,2.2748685974263045,1.2538315163246914,0.19575983636800473,1.3271367737962605,cube,raw
873,22,transport_free,True,10,14.12381230958191,14.12381230958191,17.097186061031344,2.573991715708034,1.2105220379792383,0.18224482592152408,1.6185716667234578,cube,raw
874,23,transport_free,True,10,17.614538899434464,17.614538899434464,17.864733079957585,3.8663354410414277,1.0142038450141408,0.219496829472247,1.208689627619516,cube,raw
875,23,transport_free,True,10,16.969370708311608,16.969370708311608,16.29629359899439,4.5837204698259555,0.9603357648974251,0.2701172924215066,1.840003390668313,cube,raw
876,23,transport_free,True,10,13.978744540447959,13.978744540447959,16.515690791026742,4.858588215379039,1.1814859870454064,0.3475697120954284,2.687755955289279,cube,raw
877,23,interaction,True,10,15.951778417668878,15.951778417668878,16.7195422876434,4.77280700375132,1.0481302993228714,0.29920218791810405,0.9420164377435124,cube,raw
878,23,interaction,True,10,16.7195422876434,16.7195422876434,16.53758082046722,6.075250446167516,0.9891168392025504,0.36336224650464494,4.28625580079384,cube,raw
879,23,interaction,True,10,14.889156071447688,14.889156071447688,17.845756075685742,7.353916447613325,1.1985740487943304,0.4939108981277739,6.325375876371315,cube,raw
880,23,interaction,True,10,15.992427678326454,15.992427678326454,18.189231274583282,19.239205773560514,1.1373652356254842,1.2030197141134624,14.95718784720179,cube,raw
881,23,interaction,True,10,14.552406732327466,14.552406732327466,18.850316817473683,17.789305681329964,1.295340156731506,1.2224304892339137,13.576973783522218,cube,raw
882,23,interaction,True,10,9.835178377772433,9.835178377772433,18.46211023384867,18.350217008654703,1.877150522818494,1.8657736854195053,15.873106550611968,cube,raw
883,23,interaction,True,10,12.246087148546223,12.246087148546223,17.532063865314406,9.285580987404192,1.4316461782975063,0.7582488083556155,8.525781897066535,cube,raw
884,23,interaction,True,10,17.23936792257447,17.23936792257447,18.58979463207662,5.698321283421217,1.0783338876208917,0.3305411955364921,3.7476387355720746,cube,raw
885,23,interaction,True,10,18.100950849916583,18.100950849916583,18.463788952314836,3.901288260568161,1.020045250959837,0.21552946543612872,1.6218740761435633,cube,raw
886,23,static,True,10,18.003324273228003,18.003324273228003,18.425327620130904,5.374326025972302,1.023440301385364,0.29851853715506527,3.044192641442567,cube,raw
887,23,transport_free,True,10,17.662979179546717,17.662979179546717,18.689461749622406,8.123712806296398,1.0581149170613489,0.4599287993105632,6.807390316069555,cube,raw
888,23,transport_free,True,10,17.75957486222122,17.75957486222122,18.443607043230912,4.635259160874173,1.038516247506847,0.26100056993675314,3.7860121496530237,cube,raw
889,23,transport_free,True,10,18.301537674370916,18.301537674370916,18.48539244081279,2.9615867869681676,1.0100458644357158,0.16182174632875307,1.835213963371689,cube,raw
890,23,transport_free,True,10,18.383448937491274,18.383448937491274,18.283589791828447,4.804357863169953,0.9945679863445442,0.2613414860022228,3.573634738134679,cube,raw
891,23,transport_free,True,10,18.08291371469946,18.08291371469946,18.027365723544946,3.479802188846076,0.9969281504059073,0.1924359228688556,2.3195952920473926,cube,raw
892,23,transport_free,True,10,17.804268371986623,17.804268371986623,17.517622159102707,2.919901605895635,0.9839001408597655,0.16400008946673883,1.3818710527590892,cube,raw
893,23,transport_free,True,10,17.42010948592543,17.42010948592543,18.104370341756713,4.566823718464173,1.0392799400247243,0.2621581524590265,1.2365221771634916,cube,raw
894,23,interaction,True,10,17.68622479139814,17.68622479139814,18.54054192258806,4.225941535215669,1.0483040977521345,0.23893971636451183,1.304860122257716,cube,raw
895,23,interaction,True,10,17.952449076153044,17.952449076153044,18.40644675268687,4.015816192844885,1.0252888992809837,0.22369183033524123,1.7204004037692155,cube,raw
896,23,interaction,True,10,17.903654574026767,17.903654574026767,17.910509352118382,5.068901940964022,1.0003828703275788,0.28312107564438777,4.242261809164884,cube,raw
897,23,interaction,True,10,16.079320402695185,16.079320402695185,13.297829127419094,11.085749684676589,0.8270143758805961,0.6894414320407731,8.848285653607741,cube,raw
898,23,interaction,True,10,10.33810929559575,10.33810929559575,13.248947470099804,6.741791611715854,1.2815638809065533,0.6521300383802285,4.196989667364869,cube,raw
899,23,interaction,True,10,10.83778945945507,10.83778945945507,17.578248087639622,13.153148240280114,1.6219403554019092,1.2136375493809843,12.831577118420734,cube,raw
900,23,interaction,True,10,14.594313905482727,14.594313905482727,17.550516064208956,5.635193410261577,1.2025584880434603,0.3861225301002038,3.789553434355474,cube,raw
901,23,interaction,True,10,16.82006204370738,16.82006204370738,18.34590917653492,5.065595766373976,1.0907159039522318,0.3011639168280646,2.736733027502395,cube,raw
902,23,interaction,True,10,18.023045769380644,18.023045769380644,18.53485610735801,3.8801679607384556,1.0283975496997784,0.21528924746617875,0.9286920325818256,cube,raw
903,23,transport_free,True,10,18.128351113801735,18.128351113801735,18.504922090098987,5.258126438653994,1.0207724891212282,0.2900499006029733,3.423383956350955,cube,raw
904,23,transport_free,True,10,17.753486352266243,17.753486352266243,18.46784445156022,8.344349508011916,1.0402376234796717,0.4700118806212254,6.273683254148443,cube,raw
905,23,transport_free,True,10,17.690125076158743,17.690125076158743,18.808573407503353,6.454810504532379,1.0632244445152035,0.3648821292525301,4.610212166856841,cube,raw
906,23,transport_free,True,10,18.402303973385152,18.402303973385152,19.53882265079052,5.290624115432431,1.0617595861392732,0.28749791999328694,3.977121908669644,cube,raw
907,23,static,True,10,18.813853644451193,18.813853644451193,19.352276618890542,3.430892875628979,1.0286184311101063,0.18235992160175324,1.842847047314174,cube,raw
908,23,transport_free,True,10,18.76100146299489,18.76100146299489,19.03530548409617,5.229149825229231,1.0146209690160906,0.2787244505866843,4.277653918807745,cube,raw
909,23,transport_free,True,10,18.514138817456697,18.514138817456697,18.55091976550676,2.653872771910236,1.0019866410429732,0.1433430308628744,1.7399041637685186,cube,raw
910,23,transport_free,True,10,17.953071519076147,17.953071519076147,18.35246903389985,4.671058053421173,1.0222467511700892,0.26018155436287943,1.5799206654571891,cube,raw
911,23,transport_free,True,10,17.78625972735255,17.78625972735255,18.78949705750818,7.698500638179491,1.056405188360811,0.43283415154116817,1.397461736902298,cube,raw
912,24,transport_free,True,10,4.933212342574713,4.933212342574713,6.171681312095964,2.2314924311159214,1.251047164305698,0.45234064057159035,1.8364618147574796,cube,raw
913,24,transport_free,True,10,4.938661078287463,4.938661078287463,7.317175583906592,1.9153919265103023,1.481611203505365,0.387836277109845,1.710113942886097,cube,raw
914,24,transport_free,True,10,5.023256373399626,5.023256373399626,5.219496272095105,2.5868003020785135,1.039066271778334,0.5149648175985543,1.1101134202826242,cube,raw
915,24,interaction,True,10,4.842611103024808,4.842611103024808,8.34794674383189,3.9563962137032407,1.7238523941386845,0.8169964776300089,2.7185941220746774,cube,raw
916,24,interaction,True,10,8.107904762323987,8.107904762323987,9.60789577901147,4.423909028461468,1.185003531819673,0.5456291308475401,3.939683042947893,cube,raw
917,24,interaction,True,10,8.073129724874791,8.073129724874791,19.309746249746183,10.640394478809359,2.3918538296553464,1.3180011769195725,10.420950116136584,cube,raw
918,24,interaction,True,10,10.7702996406945,10.7702996406945,18.567059332808682,15.90993351331299,1.723912978489002,1.4772043530895742,16.147216739341737,cube,raw
919,24,interaction,True,10,10.985583207409807,10.985583207409807,17.641884614436997,14.974044227670422,1.6059124291678475,1.3630632024679752,14.110117149524687,cube,raw
920,24,interaction,True,10,10.318032020713881,10.318032020713881,18.91452088202886,14.900060893394905,1.8331519851903122,1.4440797298828312,13.860992847620984,cube,raw
921,24,interaction,True,10,8.447367786483548,8.447367786483548,7.403490502609554,3.642123173293559,0.876425732812974,0.43115480056654354,3.331763443087372,cube,raw
922,24,interaction,True,10,6.875242975731506,6.875242975731506,5.325168233010426,2.747414290112251,0.7745425509770937,0.39960977376511325,1.2812354796803824,cube,raw
923,24,interaction,True,10,4.734137071375726,4.734137071375726,4.486801923378758,3.0675525423496053,0.947754966899365,0.6479644539439124,1.2432982359814109,cube,raw
924,24,static,True,10,4.28879935489827,4.28879935489827,3.686752405435043,2.957704592729762,0.859623428460083,0.6896346385036048,2.7618603700086957,cube,raw
925,24,transport_free,True,10,3.624472758976871,3.624472758976871,6.645778308774508,5.645337898995354,1.8335848413578646,1.5575611335506188,6.036276245785409,cube,raw
926,24,transport_free,True,10,4.938303327310782,4.938303327310782,7.035862402412879,5.399837302816063,1.4247529841882656,1.0934600296731094,5.528860434023733,cube,raw
927,24,transport_free,True,10,5.706678167708659,5.706678167708659,7.399786415098399,2.6875140472407484,1.2966889313944887,0.47094193298793247,2.327752201927502,cube,raw
928,24,transport_free,True,10,7.399786415098399,7.399786415098399,5.787437658110388,2.4365417971983225,0.7821087438823637,0.3292719087441286,2.033585464900777,cube,raw
929,24,transport_free,True,10,5.787437658110388,5.787437658110388,5.1177667292167115,2.2568678546204306,0.8842888738585003,0.38995976940809124,1.7195617057968453,cube,raw
930,24,transport_free,True,10,4.867915520573146,4.867915520573146,5.014646501448736,2.319915146343785,1.0301424665763947,0.4765725979711824,0.885238522134482,cube,raw
931,24,transport_free,True,10,4.050584008285351,4.050584008285351,7.225005061763785,2.012520695169218,1.7836946590874918,0.4968470450316957,1.4863614420992775,cube,raw
932,24,interaction,True,10,3.8659673461748523,3.8659673461748523,4.639740240260018,2.824820278378775,1.2001498783611735,0.7306891200655817,0.9695239447907321,cube,raw
933,24,interaction,True,10,4.248031190464595,4.248031190464595,9.8736335879105,4.810195330503847,2.3242846262695753,1.1323352195014766,4.228684001496768,cube,raw
934,24,interaction,True,10,7.14838631548409,7.14838631548409,13.861022949246447,5.709334316389482,1.9390422310028408,0.7986885521313414,5.227538697936868,cube,raw
935,24,interaction,True,10,9.640858063952464,9.640858063952464,18.848624597914792,13.070920938657565,1.955077491327304,1.3557839822920157,13.065858292040094,cube,raw
936,24,interaction,True,10,14.23317051885857,14.23317051885857,16.479520215408904,7.767368794811702,1.157824969044949,0.5457230196546965,3.647272030179711,cube,raw
937,24,interaction,True,10,11.753744272222045,11.753744272222045,16.521814825370484,12.191472918261738,1.40566396909085,1.0372416343168354,11.11288982621354,cube,raw
938,24,interaction,True,10,8.62927619098015,8.62927619098015,8.208881639641646,5.337152561370745,0.9512827562782235,0.6184936538419601,4.072537380043626,cube,raw
939,24,interaction,True,10,6.544266938822391,6.544266938822391,5.202211565801898,2.7903948128017864,0.7949265539492206,0.4263876823618543,1.7482181829349617,cube,raw
940,24,interaction,True,10,4.7228941152728865,4.7228941152728865,5.770700602075555,3.693716462983065,1.2218568659869538,0.7820875024570911,2.3680212275803156,cube,raw
941,24,interaction,True,10,5.666026479079393,5.666026479079393,4.338809082867787,2.521695952533048,0.7657587021324246,0.445055447912903,2.185453848667199,cube,raw
942,24,transport_free,True,10,4.204539963709326,4.204539963709326,6.2353695909967,4.00937345800349,1.4830087583459992,0.9535819596459119,4.564410220778136,cube,raw
943,24,transport_free,True,10,5.036761041622759,5.036761041622759,8.564038621339627,3.6115010712640494,1.700306715083001,0.7170284715553004,5.296367696224882,cube,raw
944,24,transport_free,True,10,4.548687540590743,4.548687540590743,9.786973565317341,4.478005488848934,2.151603836927057,0.9844610008686969,4.424460306574291,cube,raw
945,24,transport_free,True,10,9.197548266231042,9.197548266231042,6.860901858695646,1.9187256907880184,0.7459489920684153,0.2086127340948732,1.3345614909564985,cube,raw
946,24,transport_free,True,10,6.860901858695646,6.860901858695646,5.171320725866424,2.9337823903647147,0.7537377494056685,0.4276088553353054,2.199427316383559,cube,raw
947,24,transport_free,True,10,4.659124097493532,4.659124097493532,6.297496686993602,2.2574087233838185,1.351648197218328,0.484513542920704,1.6574776796457393,cube,raw
948,24,transport_free,True,10,5.014155147393055,5.014155147393055,6.215898660655214,1.804975467031273,1.239670189281432,0.35997599076480724,1.1959217718111583,cube,raw
949,24,static,True,10,5.052465550534014,5.052465550534014,5.413124957696282,2.8478721272098957,1.0713828532931113,0.5636598802556692,0.9821721801499215,cube,raw
950,25,transport_free,True,10,16.242033078540302,16.242033078540302,16.08798474380023,1.5609724432240122,0.9905154524685947,0.09610696122066384,1.2381811289525178,cube,raw
951,25,transport_free,True,10,15.831147696208443,15.831147696208443,16.272051135594268,2.3724738495865507,1.027850377486619,0.1498611405258229,1.1571540520558323,cube,raw
952,25,transport_free,True,10,16.21855785685134,16.21855785685134,16.00038315115019,2.695018712950914,0.9865478356567328,0.16616882565871507,0.9649847867368777,cube,raw
953,25,interaction,True,10,15.687934890892272,15.687934890892272,16.26497704163323,3.5475727889105313,1.0367825437034395,0.22613382918679098,1.1934068488493985,cube,raw
954,25,interaction,True,10,15.753181742102544,15.753181742102544,15.492465463460732,4.647307265762773,0.9834499288518324,0.2950075319287535,3.4319799680132443,cube,raw
955,25,interaction,True,10,13.47403373801391,13.47403373801391,17.34976209320824,4.857898043405472,1.287644251940668,0.3605377675209482,4.013628019279927,cube,raw
956,25,interaction,True,10,14.648313967290818,14.648313967290818,17.862326258034877,6.3294467610905425,1.219411756050617,0.4320938761432872,6.119311323024924,cube,raw
957,25,interaction,True,10,16.35510102429161,16.35510102429161,15.834815676314138,7.246203070371795,0.9681881911212464,0.4430546200606945,5.205263905183135,cube,raw
958,25,interaction,True,10,14.348007877502859,14.348007877502859,14.784574803678776,10.32442716262825,1.0304270063065994,0.7195721699328426,8.308028850222996,cube,raw
959,25,interaction,True,10,14.267354706050662,14.267354706050662,17.1868784067598,5.250713908103819,1.2046296430459524,0.36802294582870615,2.6418252686359995,cube,raw
960,25,interaction,True,10,16.852289635949568,16.852289635949568,18.326928797677173,3.013210641881342,1.0875037869383566,0.17880126125138,1.5979402582875153,cube,raw
961,25,interaction,True,10,17.95648497161659,17.95648497161659,18.620036314034024,6.436214851772741,1.0369532981241203,0.3584340065411644,4.167079774017009,cube,raw
962,25,transport_free,True,10,18.185141789219507,18.185141789219507,19.3267518645439,4.757483887832479,1.0627770785928743,0.2616137912464782,2.874406069575061,cube,raw
963,25,transport_free,True,10,18.375911951758162,18.375911951758162,18.911767595873066,7.050811439147818,1.0291607646750633,0.3836985863699251,6.205197186363724,cube,raw
964,25,transport_free,True,10,18.34297761328707,18.34297761328707,18.439388482242876,5.27279500006357,1.0052560097378067,0.2874557834189431,4.363842499655057,cube,raw
965,25,static,True,10,18.439388482242876,18.439388482242876,18.570426587823185,4.4832540159538805,1.0071064236054519,0.24313463650224912,2.1736179784662446,cube,raw
966,25,transport_free,True,10,18.462891134078266,18.462891134078266,18.178854804975575,3.796657945051418,0.9846158260350447,0.2056372383653207,2.1796475030351417,cube,raw
967,25,transport_free,True,10,17.97704789000543,17.97704789000543,18.998017832717373,3.392247192450392,1.0567929700671024,0.18869879043579538,1.0424559076449478,cube,raw
968,25,transport_free,True,10,18.23606226793811,18.23606226793811,18.566775726304332,4.7631383250601145,1.0181351353985926,0.26119335715553393,1.8409881910401276,cube,raw
969,25,transport_free,True,10,18.35389706090767,18.35389706090767,18.561807747091947,4.492297435584689,1.0113278768805514,0.24475986874487393,0.72335420316853,cube,raw
970,25,interaction,True,10,18.235524182003026,18.235524182003026,19.192090684862897,4.241100069336035,1.0524562109272364,0.23257352116708851,1.569826956801402,cube,raw
971,25,interaction,True,10,18.156662649738614,18.156662649738614,18.072448631980123,5.330594371717032,0.9953618118382729,0.2935888866004663,3.776174389723052,cube,raw
972,25,interaction,True,10,16.989980980931442,16.989980980931442,15.376499187007047,8.428423005683236,0.9050333372512146,0.49608195648616693,7.491199961524104,cube,raw
973,25,interaction,True,10,12.802655267953988,12.802655267953988,16.197218983776374,8.749479998108534,1.2651452878153515,0.683411356080886,7.820783582401671,cube,raw
974,25,interaction,True,10,15.86190385826934,15.86190385826934,15.850313542950484,4.691361005727666,0.9992692986023356,0.2957627941542404,1.4537338397563992,cube,raw
975,25,interaction,True,10,15.357364167556765,15.357364167556765,13.985401876568396,8.238990264636671,0.9106642079969223,0.5364846580926933,6.212807299288497,cube,raw
976,25,interaction,True,10,12.286434071855343,12.286434071855343,15.232155529130287,6.64780649110002,1.2397539790672656,0.5410688286138463,3.9828337824064968,cube,raw
977,25,interaction,True,10,14.315448113727374,14.315448113727374,18.72008218059231,5.327891076052232,1.3076839811001966,0.37217773650712405,3.5698458785315856,cube,raw
978,25,interaction,True,10,17.964287816180555,17.964287816180555,18.514233730863427,5.644850551792903,1.0306132878915206,0.31422623649508374,3.0890104653553205,cube,raw
979,25,static,True,10,18.03956429968381,18.03956429968381,19.120237605983128,5.27055141290025,1.0599057321089655,0.29216622559961886,3.523742720379728,cube,raw
980,25,transport_free,True,10,18.419113303938822,18.419113303938822,18.93195996850327,7.407863714496612,1.0278431787731486,0.4021835140626711,5.660748914300471,cube,raw
981,25,transport_free,True,10,18.217828076658847,18.217828076658847,18.191368836923125,4.400179449949078,0.9985476183206701,0.24153150592011027,3.3398881809355787,cube,raw
982,25,transport_free,True,10,17.651025127168445,17.651025127168445,18.60409487226186,4.183241114408353,1.0539951497562854,0.23699706301870882,2.595754074297945,cube,raw
983,25,transport_free,True,10,17.932368829542344,17.932368829542344,17.96772563706942,2.911587795985251,1.0019716752350547,0.1623649292328078,2.283602189965767,cube,raw
984,25,transport_free,True,10,17.759250300493296,17.759250300493296,18.670337353475013,2.693954215109791,1.05130211228322,0.15169301459954992,1.8266276130469759,cube,raw
985,25,transport_free,True,10,18.19112387627877,18.19112387627877,18.59179158375349,3.7545867363268712,1.0220254509946574,0.20639663397723618,1.322723571447899,cube,raw
986,25,transport_free,True,10,18.432152861300388,18.432152861300388,18.637518033685957,4.654032461014037,1.0111416812746137,0.2524953268364819,2.4243333946714363,cube,raw
987,25,static,True,10,18.47629682500746,18.47629682500746,18.74265988846434,4.692581833159704,1.0144164745771111,0.25397848267994627,2.205521297369916,cube,raw
988,26,transport_free,True,10,16.26284143051295,16.26284143051295,16.20921143289364,2.5548508723672105,0.9967022984360723,0.15709744716404256,1.8113895429438647,cube,raw
989,26,transport_free,True,10,15.74650296409917,15.74650296409917,16.107536130400618,2.2875012242306605,1.0229278314762698,0.14527042794492145,1.469212059704569,cube,raw
990,26,transport_free,True,10,16.107536130400618,16.107536130400618,16.237515947918503,3.818601565912746,1.0080695033967713,0.23706925348475205,1.0772918429203988,cube,raw
991,26,interaction,True,10,16.19465841700217,16.19465841700217,15.12106286967036,2.854927272079232,0.9337068112406323,0.1762882055654814,0.8061203579417692,cube,raw
992,26,interaction,True,10,15.12106286967036,15.12106286967036,14.262817334514713,3.9612840440885377,0.9432417190145339,0.2619712700245452,3.69365663713569,cube,raw
993,26,interaction,True,10,13.62884557757383,13.62884557757383,15.52479399973702,11.803461697822636,1.139112913956774,0.8660646736833785,11.731101578420462,cube,raw
994,26,interaction,True,10,11.043181450438444,11.043181450438444,18.840898786396636,16.390008826567595,1.7061114925036933,1.4841745469931462,16.386013510374934,cube,raw
995,26,interaction,True,10,10.587305811333575,10.587305811333575,18.474239373452697,18.71343994075088,1.744942453034299,1.7675356010514387,18.163116294338085,cube,raw
996,26,interaction,True,10,12.327446832374127,12.327446832374127,19.58286314175131,17.97812799606306,1.5885579072483311,1.458382115982785,18.61071548478598,cube,raw
997,26,interaction,True,10,10.78783620035795,10.78783620035795,14.416050036680641,6.910716338526078,1.3363245204077445,0.6406026389515235,5.781635983257457,cube,raw
998,26,interaction,True,10,9.214153155011262,9.214153155011262,10.613828565193684,4.374407277824105,1.1519049430409334,0.47474870497947114,2.7730659757760305,cube,raw
999,26,interaction,True,10,9.03788513324777,9.03788513324777,10.675128079641306,4.0207113795750455,1.1811533253914228,0.4448730339340129,1.1217960548415344,cube,raw
1000,26,static,True,10,9.44092505552573,9.44092505552573,11.47146589263649,3.487972987278167,1.2150785887154452,0.36945246008882066,2.8680699779392476,cube,raw
1001,26,transport_free,True,10,10.16652679068373,10.16652679068373,12.25736584895774,5.097984689642063,1.2056591303324933,0.5014480160829053,4.904354118768548,cube,raw
1002,26,transport_free,True,10,10.420402708064456,10.420402708064456,13.13851031480355,5.169486743637562,1.2608447756664456,0.4960927987588084,4.929642321674362,cube,raw
1003,26,static,True,10,11.707770863430643,11.707770863430643,12.906893772745178,2.708682625501372,1.1024211118668208,0.23135767321531492,2.0942782962448963,cube,raw
1004,26,transport_free,True,10,11.963546176008613,11.963546176008613,12.365678154843643,2.4968974039800136,1.0336131087654807,0.20870880316299753,1.9012413067787544,cube,raw
1005,26,transport_free,True,10,11.798125506226958,11.798125506226958,12.17354668444648,2.226384043109415,1.031820408930332,0.18870659088465766,1.6060899796665762,cube,raw
1006,26,transport_free,True,10,10.894618096756624,10.894618096756624,12.12315007264269,1.7638503982395144,1.1127650336134138,0.16190107652921037,1.1472112462871216,cube,raw
1007,26,transport_free,True,10,11.28463040935032,11.28463040935032,11.071856839454796,3.853038969039928,0.9811448348614746,0.341441308157274,1.2065451949764983,cube,raw
1008,26,interaction,True,10,11.055302960348929,11.055302960348929,12.34110212935935,4.635390360358391,1.1163060997624472,0.41929112001577284,1.647408846489651,cube,raw
1009,26,interaction,True,10,11.863332324738,11.863332324738,11.365033786335896,4.814262867840082,0.9579967478983096,0.40581033524629045,3.491208973580107,cube,raw
1010,26,interaction,True,10,10.696768927558725,10.696768927558725,14.054366746971539,5.555071395806797,1.313888973591122,0.5193223704678648,5.329976498198664,cube,raw
1011,26,interaction,True,10,9.947288803414272,9.947288803414272,16.7309555413824,11.490077527251419,1.6819613738006407,1.1550964040882783,10.856927706857778,cube,raw
1012,26,interaction,True,10,11.725752551424812,11.725752551424812,15.2605609671491,9.405323759427986,1.3014568489503704,0.8021083267943543,2.3773778969454114,cube,raw
1013,26,interaction,True,10,9.882126273381658,9.882126273381658,13.52316017722421,10.720953890793066,1.3684464054714605,1.084883312984055,9.30535306987738,cube,raw
1014,26,interaction,True,10,10.43367343464115,10.43367343464115,12.545748113543926,6.0477649056381075,1.2024286740555261,0.5796390833509072,4.498223642621194,cube,raw
1015,26,interaction,True,10,9.12215063942331,9.12215063942331,9.509736017275099,3.9721945664618916,1.042488377266733,0.43544496506067437,2.0670544895908693,cube,raw
1016,26,interaction,True,10,8.847143693524524,8.847143693524524,8.880895211578956,3.255843882103642,1.0038149621192585,0.3680107382551825,2.042920918977729,cube,raw
1017,26,transport_free,True,10,8.880895211578956,8.880895211578956,7.919163321553081,4.075466841159427,0.8917077763993922,0.45890270564681507,3.9934899917905518,cube,raw
1018,26,transport_free,True,10,7.582150735236533,7.582150735236533,9.490864521354219,4.087513929052021,1.2517377789981565,0.5390968963537107,6.085862082845634,cube,raw
1019,26,transport_free,True,10,7.522355123949785,7.522355123949785,7.0061376020992885,3.225273285634784,0.9313755448467256,0.42875844499365784,3.477804746163717,cube,raw
1020,26,transport_free,True,10,6.69384095703501,6.69384095703501,8.090228709033742,2.8524142183537116,1.208607847267595,0.4261251853251632,2.7015029491491376,cube,raw
1021,26,transport_free,True,10,7.697034431386138,7.697034431386138,7.215349661742168,2.3741798654392308,0.937419434207049,0.30845384499750395,2.0640450622455186,cube,raw
1022,26,transport_free,True,10,6.744070778531907,6.744070778531907,7.039683448237189,2.3232023881866595,1.0438329726085158,0.34448072454725764,1.765075039409951,cube,raw
1023,26,transport_free,True,10,6.574817764168715,6.574817764168715,8.26817412396247,1.891635253498844,1.2575518319339842,0.28770915352328585,1.0731969846985507,cube,raw
1024,26,transport_free,True,10,7.678054744410295,7.678054744410295,6.715953201466393,2.709671773681497,0.8746946231863842,0.3529112338843594,1.5963514691546898,cube,raw
1025,26,transport_free,True,10,6.493668829429081,6.493668829429081,7.0184461650206815,3.2019635665576462,1.080813689360524,0.49309006213043366,1.2278374264416583,cube,raw
1026,27,transport_free,True,10,8.670073363533293,8.670073363533293,10.498940726288843,1.9320300749851995,1.2109402407651875,0.2228389534869915,0.9785046374359725,cube,raw
1027,27,transport_free,True,10,9.433851368654903,9.433851368654903,12.994577007405697,1.9611023200799063,1.377441354501485,0.20787928953342458,0.9725998071639999,cube,raw
1028,27,transport_free,True,10,12.723414599193047,12.723414599193047,16.121943153672355,2.3057743801139283,1.2671082143856927,0.18122292267833248,1.2601122565959209,cube,raw
1029,27,interaction,True,10,15.945080889172974,15.945080889172974,17.621300566821745,2.296435773480156,1.1051245640771228,0.14402158191868952,1.02914323432868,cube,raw
1030,27,interaction,True,10,16.739574054709394,16.739574054709394,17.58220041696181,5.273285230408159,1.0503373837051342,0.3150190807229417,4.268622363298343,cube,raw
1031,27,interaction,True,10,14.984545594336815,14.984545594336815,16.94144386733297,7.035577182379592,1.1305944354919737,0.4695222246204505,4.789738222098245,cube,raw
1032,27,interaction,True,10,13.5068997913188,13.5068997913188,17.356206422434614,10.28483510795851,1.2849881683130464,0.7614504636044471,5.454811629579981,cube,raw
1033,27,interaction,True,10,13.108398643697122,13.108398643697122,17.783940235781206,14.682853225631714,1.35668289614706,1.1201103677672812,13.168124748337876,cube,raw
1034,27,interaction,True,10,10.994884577814979,10.994884577814979,18.79980329842153,16.352214118449815,1.7098681814591299,1.4872565512369846,16.599649174448636,cube,raw
1035,27,interaction,True,10,8.907531082955744,8.907531082955744,8.84517001862703,5.417220064382704,0.9929990629560598,0.6081617918514334,3.998871095557849,cube,raw
1036,27,interaction,True,10,6.628444346145438,6.628444346145438,3.985050175613233,2.9940405143134656,0.601204440666476,0.4516958064307435,2.770171894801557,cube,raw
1037,27,interaction,True,10,3.7097186972428715,3.7097186972428715,3.8693819391440534,2.1581335365295566,1.043039177611997,0.5817512627395494,1.5540423530336813,cube,raw
1038,27,static,True,10,3.911893692931188,3.911893692931188,5.042663077381133,3.254060905476611,1.2890593337168774,0.8318377647523284,3.338447808620587,cube,raw
1039,27,transport_free,True,10,4.65625957117612,4.65625957117612,7.856871377217639,5.171282239970688,1.6873783037901127,1.1106086679494287,6.629281646117851,cube,raw
1040,27,transport_free,True,10,4.720672927817591,4.720672927817591,7.2044322702638866,3.899656900013529,1.5261451874393168,0.8260807218890241,3.848993495468096,cube,raw
1041,27,transport_free,True,10,5.826828495838193,5.826828495838193,7.6011526593837555,2.120584539729161,1.3045094196290268,0.3639346071784654,1.8696971633282997,cube,raw
1042,27,transport_free,True,10,7.04994296699207,7.04994296699207,5.720190476716036,2.7511145380968536,0.8113810996057764,0.39023216939166877,2.282990021927859,cube,raw
1043,27,transport_free,True,10,5.036910026088239,5.036910026088239,6.223362962321088,1.9314604837645784,1.2355517430503462,0.38346138282414144,1.1426230450519748,cube,raw
1044,27,transport_free,True,10,4.960660206153568,4.960660206153568,6.214916998681686,1.696712706199099,1.2528406986981786,0.3420336478790407,0.9123709635255002,cube,raw
1045,27,transport_free,True,10,5.330539456783133,5.330539456783133,6.416741517661881,1.625339408742498,1.2037696315138522,0.304910867262083,1.383624239066212,cube,raw
1046,27,interaction,True,10,4.6497446812994365,4.6497446812994365,4.9658071172245695,3.483912952008682,1.0679741486013818,0.7492697321684023,1.4826272745226057,cube,raw
1047,27,interaction,True,10,4.477961945773075,4.477961945773075,6.355579823209205,3.783920610124537,1.4193018833508597,0.8450095503148098,2.5663608434811778,cube,raw
1048,27,interaction,True,10,5.170309290385062,5.170309290385062,12.715401544196052,5.073199368438653,2.4593115866089827,0.9812177731558537,4.439898480016425,cube,raw
1049,27,interaction,True,10,7.200184938409512,7.200184938409512,18.083873745100526,6.482951571115915,2.5115846189771855,0.9003868131959357,6.24604739780779,cube,raw
1050,27,interaction,True,10,9.283511692157994,9.283511692157994,17.42680728044235,7.1004402313503485,1.8771783629209187,0.7648442170163109,4.39868029099286,cube,raw
1051,27,interaction,True,10,12.114029987543336,12.114029987543336,15.437788566880274,11.65994164242391,1.2743726557351027,0.9625155009863473,7.9772636494924996,cube,raw
1052,27,interaction,True,10,11.477675917371688,11.477675917371688,15.746707252175781,7.655165925670815,1.3719421392917037,0.6669613239457799,3.254641436792274,cube,raw
1053,27,interaction,True,10,6.970634333990035,6.970634333990035,6.581269220712445,3.709461850136875,0.9441420831130134,0.5321555646734887,3.0766480655782336,cube,raw
1054,27,interaction,True,10,6.2603826947162915,6.2603826947162915,4.385380769593112,2.583334879050045,0.7004972353038953,0.412648076806927,1.9517164835591676,cube,raw
1055,27,transport_free,True,10,3.588051358961635,3.588051358961635,5.150225843629738,2.7898343680848177,1.4353824202561551,0.7775346808001606,2.389953648935337,cube,raw
1056,27,transport_free,True,10,4.128760799393296,4.128760799393296,9.236854208174154,5.643963213591107,2.2371977106378917,1.3669872118579656,6.506642431981173,cube,raw
1057,27,transport_free,True,10,4.386873460098174,4.386873460098174,7.73680597587348,3.9419330954675114,1.7636264292201256,0.8985746070230379,4.003486590326647,cube,raw
1058,27,transport_free,True,10,5.352718382752707,5.352718382752707,9.834242551454075,3.9857720069911715,1.8372426584483759,0.7446257624600521,3.688657266332279,cube,raw
1059,27,transport_free,True,10,9.142450504830675,9.142450504830675,8.383615155702106,2.223092562870909,0.9169986921200595,0.24316156392602556,1.6028967151136777,cube,raw
1060,27,transport_free,True,10,7.6234658872337775,7.6234658872337775,5.405669891039274,3.3063919728880946,0.7090829776114805,0.43371243759678446,2.6534160480212723,cube,raw
1061,27,transport_free,True,10,4.653241702427155,4.653241702427155,6.563458771007664,1.8126109892037436,1.4105131842999106,0.3895372527625798,0.8090200237881696,cube,raw
1062,27,transport_free,True,10,5.055662063427773,5.055662063427773,7.001285434572091,1.9095882329799578,1.3848404712844222,0.3777127919197281,1.3452089564829135,cube,raw
1063,27,transport_free,True,10,4.4183474526113935,4.4183474526113935,5.951908831603338,3.3037743769667465,1.3470893576025935,0.7477398308759315,1.3274588440892172,cube,raw
1064,28,transport_free,True,10,16.26845300449044,16.26845300449044,17.51366495270389,2.749474712148525,1.0765415093782886,0.16900652516804218,1.3520862822298307,cube,raw
1065,28,transport_free,True,10,17.00756714971667,17.00756714971667,19.105148430617696,3.6644202070905783,1.1233322357299038,0.21545822367378534,1.434873763167349,cube,raw
1066,28,static,True,10,17.93471496049299,17.93471496049299,19.138838815305903,5.7634237952032965,1.067139280298872,0.32135575100575064,0.669362927766343,cube,raw
1067,28,interaction,True,10,18.432561165417354,18.432561165417354,18.977381185733776,5.279704140523785,1.029557477955836,0.28643356141030557,1.2555688372891423,cube,raw
1068,28,interaction,True,10,18.359810061904017,18.359810061904017,19.08870724592078,5.911154857187832,1.0397006930659485,0.3219616563165475,2.935458873372165,cube,raw
1069,28,interaction,True,10,17.6407538370608,17.6407538370608,18.500058367262053,7.5124448301048155,1.0487113270860327,0.42585735844928585,4.811811206135365,cube,raw
1070,28,interaction,True,10,16.695795647041564,16.695795647041564,18.899465637770547,10.107061703178548,1.1319895162420406,0.6053656810880699,8.799666679532816,cube,raw
1071,28,interaction,True,10,15.12571667784809,15.12571667784809,18.376203136802253,13.713142200268265,1.2148980129790852,0.9066110712196158,12.828020204780632,cube,raw
1072,28,interaction,True,10,11.640711567267436,11.640711567267436,19.44895208579379,16.782517348752755,1.6707700361275486,1.4417088896819317,10.34315628374145,cube,raw
1073,28,interaction,True,10,13.607024949949718,13.607024949949718,15.63331886384,6.342795140226274,1.1489152787875037,0.46614121481784393,2.1518497198400275,cube,raw
1074,28,interaction,True,10,14.34222473329979,14.34222473329979,15.189895799760059,3.9247608802132175,1.059103178357828,0.27365077267968785,1.8521798433678165,cube,raw
1075,28,interaction,True,10,14.738014001993239,14.738014001993239,16.136058969454236,3.3426697422932703,1.094859793678573,0.22680598226064866,2.4199170860352055,cube,raw
1076,28,transport_free,True,10,15.592750109201504,15.592750109201504,16.144644996176098,4.225123455723271,1.0353943264087144,0.2709671755228069,4.221990055516711,cube,raw
1077,28,transport_free,True,10,15.958602072793973,15.958602072793973,17.33694276976604,5.583043544655204,1.0863697641362864,0.34984540119420027,5.762650471921981,cube,raw
1078,28,transport_free,True,10,15.776802912259658,15.776802912259658,16.493372759033612,4.572935408454873,1.0454192050670248,0.2898518434873385,4.315377220719649,cube,raw
1079,28,static,True,10,15.362758838433523,15.362758838433523,16.57776932464639,1.611666836761841,1.079088040044815,0.10490738373955859,1.0249744279769009,cube,raw
1080,28,transport_free,True,10,15.319774520377361,15.319774520377361,16.381882419528264,2.1235570316575734,1.0693292122373053,0.1386154234080245,1.9939123532762946,cube,raw
1081,28,transport_free,True,10,15.703040322954529,15.703040322954529,15.89003890115226,2.102122839232347,1.0119084313834676,0.1338672509271652,1.692949885744931,cube,raw
1082,28,transport_free,True,10,15.478174978856497,15.478174978856497,16.44161459568864,2.107659932011832,1.0622450397510186,0.13616979617370514,1.4818965548291685,cube,raw
1083,28,transport_free,True,10,15.61067182980166,15.61067182980166,16.268250526316983,3.3839592993910266,1.04212366409881,0.2167721758733571,0.9713008885771554,cube,raw
1084,28,interaction,True,10,15.495109483473051,15.495109483473051,16.9295205278828,3.2486472014266567,1.0925718560388153,0.2096562921928132,0.8699821028706416,cube,raw
1085,28,interaction,True,10,15.285764385207917,15.285764385207917,16.380044309478944,3.1428041799487163,1.0715881716278424,0.2056033378998055,2.1888527149270307,cube,raw
1086,28,interaction,True,10,15.169779232627596,15.169779232627596,18.186035398270977,5.901607717027222,1.198833227523571,0.3890371525205769,5.640616233964954,cube,raw
1087,28,interaction,True,10,14.748077097082419,14.748077097082419,18.934890571125763,9.971107749028816,1.2838887704805675,0.6760954450801847,8.65195675059279,cube,raw
1088,28,interaction,True,10,13.455419882375772,13.455419882375772,18.794472696710976,13.289336808974756,1.396795704705464,0.9876567899885046,3.414759800634743,cube,raw
1089,28,interaction,True,10,12.531660220014068,12.531660220014068,18.940123548450487,14.881207063082554,1.5113818293765728,1.1874888723296273,11.142741418405327,cube,raw
1090,28,interaction,True,10,13.593747990794865,13.593747990794865,15.570426900127872,7.736287807292701,1.145410883788013,0.5691063136179515,3.484726960185722,cube,raw
1091,28,interaction,True,10,14.566115105127825,14.566115105127825,15.767712769382861,3.435095494807406,1.0824926657233422,0.23582784222253758,2.2769670402046596,cube,raw
1092,28,interaction,True,10,15.139057847532985,15.139057847532985,15.748609063371802,2.6183906490195152,1.0402634841598248,0.17295598414310837,1.1600881093236413,cube,raw
1093,28,interaction,True,10,15.220313287812147,15.220313287812147,16.53695716607594,3.567629535599555,1.0865057015165458,0.23439921821164997,2.7197595035617783,cube,raw
1094,28,transport_free,True,10,15.441702016679688,15.441702016679688,16.744002849765454,6.060979796562965,1.0843366120961964,0.39250723722139347,6.3401021668377355,cube,raw
1095,28,transport_free,True,10,15.907976543480498,15.907976543480498,16.370970774748013,5.251958855981746,1.0291045331882427,0.33014625346138915,5.0039274694933304,cube,raw
1096,28,transport_free,True,10,15.372331145345335,15.372331145345335,16.804000911970626,2.761377745194689,1.0931328991737725,0.17963298598539626,2.386175683937621,cube,raw
1097,28,transport_free,True,10,16.108701803533254,16.108701803533254,16.137526578939706,2.556869863926683,1.0017893915821403,0.15872600381527105,2.3496471343293672,cube,raw
1098,28,transport_free,True,10,15.438183381122322,15.438183381122322,15.924025917983375,2.2825737710326885,1.031470188225328,0.14785248462742062,1.9014595106335246,cube,raw
1099,28,transport_free,True,10,15.607908191912468,15.607908191912468,16.522234970876315,1.858433549487804,1.0585809941807336,0.11906999494338301,1.1975093432759742,cube,raw
1100,28,transport_free,True,10,15.776755600729377,15.776755600729377,17.120018775916662,2.314775945233886,1.0851419144202998,0.14672065688378105,1.4164879655810654,cube,raw
1101,28,interaction,True,10,15.78194109291534,15.78194109291534,16.78617624252614,2.6133336473394086,1.063631915979056,0.16559012810614016,1.5605039857623544,cube,raw
1102,29,transport_free,True,10,17.575867193709108,17.575867193709108,18.152220811631736,1.8284419166326495,1.0327923289115954,0.10403139125260913,1.0036455163387925,cube,raw
1103,29,transport_free,True,10,17.63498528819343,17.63498528819343,18.43676877026533,1.7065524400852894,1.0454655033145217,0.09677084569091311,1.154018626003355,cube,raw
1104,29,transport_free,True,10,17.53635065995999,17.53635065995999,17.312167510467063,2.263113252747691,0.9872160888066185,0.12905269155657123,0.7751345483173536,cube,raw
1105,29,interaction,True,10,16.884261730240656,16.884261730240656,17.59708815965169,2.8421902260630345,1.042218394905258,0.16833369865219,1.178491026202969,cube,raw
1106,29,interaction,True,10,17.089040274019816,17.089040274019816,18.008688357486264,3.743075213365031,1.0538150808190543,0.21903367031415838,2.6213566117829794,cube,raw
1107,29,interaction,True,10,16.42930901442005,16.42930901442005,17.10607049568229,4.716606998682389,1.0411923277277362,0.2870849281940348,2.9178771428577885,cube,raw
1108,29,interaction,True,10,14.646053159664909,14.646053159664909,18.53860915290108,8.023091489953806,1.2657750829388108,0.5477988781338937,8.303158107095491,cube,raw
1109,29,interaction,True,10,14.786272438032338,14.786272438032338,18.42630520672546,18.120576492892656,1.2461764980963326,1.2254999743061699,17.709373475058907,cube,raw
1110,29,interaction,True,10,13.399793222161154,13.399793222161154,19.792521149019706,19.239960820434845,1.4770766101290267,1.4358401283845912,18.71755347689815,cube,raw
1111,29,interaction,True,10,15.963567926688112,15.963567926688112,18.914721768906336,10.310665301590898,1.1848680605595974,0.645887269621811,5.0640897545976555,cube,raw
1112,29,interaction,True,10,16.961690096859012,16.961690096859012,18.982654143681224,7.174507622057067,1.1191487425652504,0.4229830624830041,2.2407751370327085,cube,raw
1113,29,interaction,True,10,17.508035470131112,17.508035470131112,18.914648585740267,6.3840159052655405,1.0803410021649118,0.3646334802186537,0.9996136111307233,cube,raw
1114,29,transport_free,True,10,17.420492225087898,17.420492225087898,17.472244719630744,5.277788841932725,1.0029707825630962,0.30296439237991135,3.656412368506069,cube,raw
1115,29,transport_free,True,10,16.401836819752972,16.401836819752972,16.277112437249084,5.557246759710022,0.9923957064154131,0.33881856165142116,4.9714564897126055,cube,raw
1116,29,transport_free,True,10,15.77513367616385,15.77513367616385,16.832610107279343,4.717673696497911,1.0670343879692972,0.2990576050475118,4.69815276129854,cube,raw
1117,29,transport_free,True,10,16.186207128988244,16.186207128988244,17.994244514923952,4.100612630516688,1.111702350743903,0.2533399330577457,3.6282039593726103,cube,raw
1118,29,transport_free,True,10,17.07550461115104,17.07550461115104,17.17938862060184,4.125164710748006,1.006083803191559,0.2415837660255203,4.326364611303793,cube,raw
1119,29,transport_free,True,10,16.24046191470811,16.24046191470811,16.32809670178002,3.5069432820857642,1.0053960772502748,0.21593864143172645,3.6189862220890405,cube,raw
1120,29,transport_free,True,10,15.576679482320015,15.576679482320015,16.38439288009868,2.6227904998944616,1.051854016685356,0.16837930721187433,1.872254078234125,cube,raw
1121,29,transport_free,True,10,16.302528315798437,16.302528315798437,17.44831416371292,2.8237766213059055,1.0702827086522602,0.17321096253330492,1.7630926184478433,cube,raw
1122,29,transport_free,True,10,16.440975445738417,16.440975445738417,18.797471645195067,6.0038459559405,1.1433306805447159,0.36517577535198664,4.226988811618151,cube,raw
1123,29,interaction,True,10,17.450310764661133,17.450310764661133,18.60616012010501,4.726904988709908,1.0662366058136112,0.27087798334700314,2.56056783417257,cube,raw
1124,29,interaction,True,10,17.229492126001908,17.229492126001908,16.4855570769177,9.486272689148944,0.9568219977905502,0.5505834193935829,4.0663208666018935,cube,raw
1125,29,interaction,True,10,14.880703567972406,14.880703567972406,15.542096750564557,8.01344242671965,1.0444463650237386,0.5385123351268756,4.009328385118438,cube,raw
1126,29,interaction,True,10,11.65201532767449,11.65201532767449,16.02883662912059,8.200306859170276,1.3756278359032699,0.7037672564413707,4.408895114359403,cube,raw
1127,29,interaction,True,10,12.553550195898422,12.553550195898422,15.973394334960446,10.72419239755552,1.2724204775298844,0.85427566148255,3.9100506698566444,cube,raw
1128,29,interaction,True,10,11.337712304285585,11.337712304285585,16.861548525564864,9.688029449116549,1.487209065905765,0.8544959678906769,4.245093231743921,cube,raw
1129,29,interaction,True,10,13.314975090882484,13.314975090882484,17.964930807490482,9.187796472032232,1.3492275190054306,0.6900348223950967,2.951062690702376,cube,raw
1130,29,interaction,True,10,16.60671782243089,16.60671782243089,19.216448571486843,7.863933132732113,1.1571490993561027,0.4735392759013587,3.2213721637984887,cube,raw
1131,29,interaction,True,10,17.13283614022182,17.13283614022182,18.06193501544285,4.532336192559384,1.0542291344887047,0.26454091753781894,0.9540796533528458,cube,raw
1132,29,transport_free,True,10,16.93802830580919,16.93802830580919,16.065740646727203,5.128365278002263,0.9485012279272894,0.3027722699131044,3.9914672576502546,cube,raw
1133,29,transport_free,True,10,15.750436739719076,15.750436739719076,15.691032329549092,6.795167219025762,0.9962283960024944,0.4314272252457528,6.91909782614927,cube,raw
1134,29,transport_free,True,10,14.33567215782054,14.33567215782054,15.442697687123882,3.4700455613970984,1.0772217386890663,0.2420567046452778,3.443943669214333,cube,raw
1135,29,static,True,10,14.227702045938074,14.227702045938074,15.108006750167842,1.9991868906851704,1.0618725850026562,0.1405136883124374,1.298578401656548,cube,raw
1136,29,transport_free,True,10,14.140721827145686,14.140721827145686,15.213467570104665,2.2482578677581637,1.0758621629130452,0.15899173290024163,1.8886557556128414,cube,raw
1137,29,transport_free,True,10,14.517275845303747,14.517275845303747,15.068924574121912,2.1800435819724577,1.0379994659257383,0.15016891634512056,1.2721575315291378,cube,raw
1138,29,transport_free,True,10,14.81400199065757,14.81400199065757,16.79727659802664,2.3297447042990544,1.133878381319229,0.15726639606018042,1.4150286916776689,cube,raw
1139,29,transport_free,True,10,15.937417172046143,15.937417172046143,17.731972957956827,2.8922045185446077,1.112600163912274,0.18147259918736813,1.3173944748434563,cube,raw
380,10,transport_free,True,10,425.79636347432813,425.79636347432813,426.17627250575345,62.17113545233062,1.0008922317427171,0.146011428902396,56.23286285743548,cube,whitened
381,10,transport_free,True,10,399.1611277764384,399.1611277764384,405.2516550878471,67.52907634950738,1.0152583177258179,0.16917748660969054,55.75215109515002,cube,whitened
382,10,transport_free,True,10,382.61541916212866,382.61541916212866,402.10781001074,84.33259982722628,1.050945126287113,0.22041087630995695,51.08901773177984,cube,whitened
383,10,interaction,True,10,394.4082805206223,394.4082805206223,302.97104561572445,129.5137902625287,0.7681660365137366,0.32837492684375025,114.71200581952696,cube,whitened
384,10,interaction,True,10,300.11532029366765,300.11532029366765,397.1417741461676,132.2031931257041,1.3232972370672649,0.4405079787207836,109.3140170446685,cube,whitened
385,10,interaction,True,10,378.76478588862034,378.76478588862034,442.79403099728955,270.32142525744695,1.1690475131114688,0.7136920730982044,275.29539980848506,cube,whitened
386,10,interaction,True,10,325.14241319025206,325.14241319025206,390.417209204057,275.9413148199557,1.2007575553534764,0.8486783133349414,275.8527933049644,cube,whitened
387,10,interaction,True,10,162.9424284614699,162.9424284614699,295.6542422466157,170.4614711043131,1.8144705773581093,1.0461453945043,140.81424689085952,cube,whitened
388,10,interaction,True,10,269.96358985235963,269.96358985235963,700.6514722357499,360.32191100071407,2.595355442631835,1.334705584548533,310.2812588420333,cube,whitened
389,10,interaction,True,10,441.87044091258144,441.87044091258144,573.2528414792837,173.1531971064079,1.2973324042571444,0.3918641779902723,146.78621774282226,cube,whitened
390,10,interaction,True,10,540.3806015002,540.3806015002,546.3992598057994,98.98369721198428,1.0111378134020548,0.18317403870010615,76.86125009199495,cube,whitened
391,10,interaction,True,10,539.9096823558943,539.9096823558943,661.3090548953852,154.06742531400323,1.2248512603251807,0.28535777436279797,114.1381889655199,cube,whitened
392,10,static,True,10,624.1701254571376,624.1701254571376,683.178532370405,154.46324098595258,1.0945389798495244,0.24746977576478021,139.75861916366605,cube,whitened
393,10,transport_free,True,10,634.2584983378413,634.2584983378413,734.0824747888057,193.35951087306972,1.1573868962143454,0.304859156605381,176.98123872315318,cube,whitened
394,10,transport_free,True,10,694.8472655095413,694.8472655095413,698.378307034654,195.46006330498676,1.005081752063201,0.2812993200191313,180.9866707209871,cube,whitened
395,10,transport_free,True,10,656.0069925360938,656.0069925360938,659.1222263053548,101.90790116446107,1.0047487813463964,0.15534575442632045,71.87893206698732,cube,whitened
396,10,transport_free,True,10,598.0066792340406,598.0066792340406,690.6260465118537,132.1786777674547,1.1548801551789438,0.22103210943522625,75.74454347641151,cube,whitened
397,10,transport_free,True,10,659.1680597213251,659.1680597213251,758.1186145346057,122.42478696449419,1.1501143044690512,0.18572621224434238,67.40321142877696,cube,whitened
398,10,transport_free,True,10,715.6378287224568,715.6378287224568,729.84159167805,122.05077919141355,1.0198476972366728,0.17054824981694486,65.38821587897331,cube,whitened
399,10,transport_free,True,10,708.038890708251,708.038890708251,679.160011619482,150.79482278126954,0.9592128632088537,0.21297533901058677,141.37438442499678,cube,whitened
400,10,interaction,True,10,644.213863203888,644.213863203888,643.2619243905821,110.76900272291533,0.9985223248556441,0.1719444567243936,42.475000014502,cube,whitened
401,10,interaction,True,10,627.2472108717443,627.2472108717443,621.5891123255442,113.23715160662347,0.990979475957595,0.18053033898587956,52.93513891750467,cube,whitened
402,10,interaction,True,10,607.5989014296586,607.5989014296586,567.5565326170208,213.57747737392248,0.9340973646949995,0.35151063780955216,206.0551000731311,cube,whitened
403,10,interaction,True,10,518.4379353324405,518.4379353324405,541.9431061292078,359.0033775760418,1.045338446889877,0.692471274012455,335.1931837396001,cube,whitened
404,10,interaction,True,10,181.4644361227056,181.4644361227056,136.73563384064315,134.93815969407893,0.7535120201083534,0.7436066403823295,90.1245948845575,cube,whitened
405,10,interaction,True,10,57.65546653049178,57.65546653049178,387.01762221035904,358.51163783407907,6.712591979559825,6.218172523926693,353.9186384669881,cube,whitened
406,10,interaction,True,10,333.65883104812133,333.65883104812133,645.2044862519276,222.0418374953466,1.9337251893652838,0.6654756800467333,194.9056882325421,cube,whitened
407,10,interaction,True,10,461.1798261205947,461.1798261205947,520.026128750563,170.1429261272922,1.1275994726937175,0.3689296809847906,152.75971697606158,cube,whitened
408,10,interaction,True,10,486.1500756524765,486.1500756524765,599.2538166240986,149.17081211941547,1.2326519044964093,0.30684107560655804,100.42118106524705,cube,whitened
409,10,interaction,True,10,580.2789857379328,580.2789857379328,609.5177040070926,107.69574971830038,1.0503873464105844,0.1855930550049907,80.77126526260953,cube,whitened
410,10,transport_free,True,10,598.0533679465668,598.0533679465668,666.9666255801736,192.70792466023573,1.1152292777318895,0.3222252979226651,161.22751503908003,cube,whitened
411,10,transport_free,True,10,637.3764155446231,637.3764155446231,642.3144304580361,224.82583649967722,1.0077474076432427,0.3527363595773603,234.83965432105776,cube,whitened
412,10,transport_free,True,10,603.5802361679173,603.5802361679173,622.8364304468475,171.12564025786907,1.0319032882872148,0.28351763361956994,164.3339182850628,cube,whitened
413,10,static,True,10,568.0124364742496,568.0124364742496,610.7041012816245,94.02280362963583,1.0751597360655858,0.1655294806804785,68.49027625240257,cube,whitened
414,10,transport_free,True,10,567.3880687748764,567.3880687748764,683.2598550631387,119.10202327403329,1.2042196384891501,0.20991280893728065,85.95689438066259,cube,whitened
415,10,transport_free,True,10,631.2791711601176,631.2791711601176,707.0114619117256,99.85874210591301,1.1199664018890927,0.15818475670977722,57.00761393218422,cube,whitened
416,10,transport_free,True,10,674.9905961988333,674.9905961988333,665.4345492916339,150.5026179740007,0.9858426962375273,0.2229699477615639,62.74576221266063,cube,whitened
417,10,transport_free,True,10,641.778468619241,641.778468619241,606.696624311111,161.51293067056054,0.9453365202737214,0.25166461414333313,84.3185428623265,cube,whitened
418,11,transport_free,True,10,163.2863596485027,163.2863596485027,167.33747588181666,40.29634224720142,1.0248098876234033,0.24678327285846213,42.715805918424635,cube,whitened
419,11,transport_free,True,10,165.1330400818626,165.1330400818626,173.03269786987852,49.28929831625431,1.047838141804328,0.2984823527249288,43.64173361126997,cube,whitened
420,11,transport_free,True,10,168.17353003739044,168.17353003739044,153.94558760100858,41.323581216614215,0.9153972540552695,0.2457198894940639,42.62922129739557,cube,whitened
421,11,interaction,True,10,151.38259266629143,151.38259266629143,136.57223751865575,42.78655837863499,0.9021660622480968,0.2826385624994143,47.346166360307286,cube,whitened
422,11,interaction,True,10,136.275599757541,136.275599757541,100.20588893264463,48.67201281703316,0.7353179080549201,0.357158676268015,57.266785820070254,cube,whitened
423,11,interaction,True,10,93.92331253855181,93.92331253855181,83.48890563352381,66.15232144851461,0.8889050372798012,0.7043227039225399,72.51377196849485,cube,whitened
424,11,interaction,True,10,62.66445043732202,62.66445043732202,90.02342436462294,61.38157519385787,1.4365948115138392,0.9795278625359158,59.97429786150354,cube,whitened
425,11,interaction,True,10,82.51177948598166,82.51177948598166,97.13797022225448,71.18673918127479,1.1772618507004535,0.862746381483253,51.8242493211693,cube,whitened
426,11,interaction,True,10,77.41933909844737,77.41933909844737,87.71051900544697,75.214288905306,1.1329277674911848,0.9715180958812192,54.86894226538716,cube,whitened
427,11,interaction,True,10,69.09174860523638,69.09174860523638,86.91593014138428,68.37142740993576,1.2579784402040308,0.9895744251688251,48.67039338084347,cube,whitened
428,11,interaction,True,10,82.84916677708598,82.84916677708598,103.77101850328029,61.10287167757963,1.2525294162883576,0.7375194471416116,50.08146148714226,cube,whitened
429,11,interaction,True,10,99.1973490015223,99.1973490015223,92.90971143484893,46.00932255899016,0.936614862897426,0.4638160497442739,42.204494732795645,cube,whitened
430,11,transport_free,True,10,90.89406712975503,90.89406712975503,92.16265658979073,53.872131997890264,1.0139567905815539,0.5926914010898596,44.07055481198182,cube,whitened
431,11,transport_free,True,10,88.97988235678086,88.97988235678086,81.46923602622832,61.24562693309075,0.9155916356414446,0.6883086975493559,49.26144434489198,cube,whitened
432,11,transport_free,True,10,77.69064609719211,77.69064609719211,79.49197668701683,61.257269605521046,1.0231859391099827,0.7884767688620754,46.41786327055579,cube,whitened
433,11,static,True,10,73.97240430973943,73.97240430973943,80.02661200254431,62.15725036767009,1.0818441383553592,0.840276194179162,43.99989288946817,cube,whitened
434,11,transport_free,True,10,73.22438140415466,73.22438140415466,81.14744974470558,58.41392518490079,1.108202598487249,0.7977387321647822,42.815492773961374,cube,whitened
435,11,transport_free,True,10,75.8886326283648,75.8886326283648,87.00401947796176,56.6528598045278,1.146469721019092,0.746526295736059,42.759470013877404,cube,whitened
436,11,transport_free,True,10,81.9668112662816,81.9668112662816,90.88232867264085,51.96582093731473,1.108769845607338,0.633986123584775,40.34169266691745,cube,whitened
437,11,transport_free,True,10,86.33985162822029,86.33985162822029,92.62020674099512,51.852817207129036,1.0727399340436448,0.6005664386638913,39.46517174939336,cube,whitened
438,11,interaction,True,10,89.11294377933567,89.11294377933567,98.07273563960977,55.23716775264663,1.100544224893531,0.6198557180360541,40.21806959397556,cube,whitened
439,11,interaction,True,10,93.5876253745782,93.5876253745782,83.86476902371899,54.68844768619891,0.8961095944902532,0.5843555434525886,42.03413006129557,cube,whitened
440,11,interaction,True,10,79.75482825145514,79.75482825145514,73.34619111692109,59.133751780661214,0.9196457785059913,0.7414441617781593,42.53587385801555,cube,whitened
441,11,interaction,True,10,63.50132334641867,63.50132334641867,54.61782433706988,66.80131513013049,0.8601052932253607,1.051967291543034,47.93208224528603,cube,whitened
442,11,interaction,True,10,37.47664581310471,37.47664581310471,62.77410543084656,55.45268922940551,1.6750193105300772,1.4796598795406337,39.93313779058729,cube,whitened
443,11,interaction,True,10,40.103938835179086,40.103938835179086,78.89441854688522,71.73390912595028,1.9672486254063206,1.7886998436927959,51.88072030432371,cube,whitened
444,11,interaction,True,10,63.82949733874713,63.82949733874713,85.33749960623953,72.16634052381373,1.336960232560631,1.130611136428389,53.25156012038046,cube,whitened
445,11,interaction,True,10,75.38593123440238,75.38593123440238,96.63281819218477,67.05457953573355,1.2818415400576277,0.8894839983767845,48.24037803760908,cube,whitened
446,11,interaction,True,10,90.37209331048588,90.37209331048588,103.01808556919084,58.272905771004424,1.1399324923818894,0.6448108441042719,44.679065723189716,cube,whitened
447,11,transport_free,True,10,98.91274380176718,98.91274380176718,88.71144131487848,44.28684181515338,0.8968656404140066,0.4477364605708385,42.59309825767842,cube,whitened
448,11,transport_free,True,10,84.95662453161088,84.95662453161088,85.65515763048421,55.65649346836314,1.0082222322593974,0.655116581846473,49.077047623329186,cube,whitened
449,11,transport_free,True,10,80.49183607547144,80.49183607547144,75.28893513507367,63.94566300709282,0.9353611348172083,0.7944366301588094,49.87481756991451,cube,whitened
450,11,transport_free,True,10,66.0866940056464,66.0866940056464,76.50558373900341,56.66447576226405,1.1576548787940102,0.857426394448218,50.00106665367595,cube,whitened
451,11,transport_free,True,10,70.00938422073689,70.00938422073689,77.68043769782147,54.134082646172565,1.10957178901757,0.7732403769684632,45.191541778404286,cube,whitened
452,11,transport_free,True,10,67.84385037669459,67.84385037669459,74.27470212457207,50.561484106326745,1.0947890149537647,0.7452625967658137,43.642783835859454,cube,whitened
453,11,transport_free,True,10,67.919281823136,67.919281823136,81.382582923081,50.30410879027297,1.1982250215042596,0.7406454756289457,43.17291783436425,cube,whitened
454,11,transport_free,True,10,76.97295225849024,76.97295225849024,90.64421108236688,51.601880815450116,1.1776112052707277,0.6703897837016943,41.62002457238871,cube,whitened
455,11,transport_free,True,10,84.96320993777881,84.96320993777881,95.85119112538112,51.112437004999165,1.1281493624778998,0.6015831680845202,40.662635164352444,cube,whitened
456,12,transport_free,True,10,390.40736148887476,390.40736148887476,460.89936089180804,60.0511832404157,1.1805601183699557,0.15381672879169558,55.30314840250655,cube,whitened
457,12,transport_free,True,10,378.25097493686735,378.25097493686735,439.2071620729805,73.46113482974152,1.161152756172769,0.19421267808233061,78.12051741858534,cube,whitened
458,12,transport_free,True,10,346.4152495574691,346.4152495574691,406.071702348989,56.13945930340222,1.1722108159722429,0.16205827940634257,51.8123094786222,cube,whitened
459,12,interaction,True,10,357.8730953101338,357.8730953101338,405.1852635058151,56.918765391336635,1.13220375830343,0.1590473442604303,34.6633269119102,cube,whitened
460,12,interaction,True,10,383.67139775750013,383.67139775750013,424.6833120065495,141.06648063536727,1.1068933323900547,0.36767525924496586,128.37378735015733,cube,whitened
461,12,interaction,True,10,394.3096745175412,394.3096745175412,239.20946813840447,127.77705083408694,0.6066538144951426,0.32405253812356727,126.20207287687278,cube,whitened
462,12,interaction,True,10,227.8743227899824,227.8743227899824,93.63197600252579,131.73813485720655,0.41089305217078176,0.5781175046151269,110.01880748174322,cube,whitened
463,12,interaction,True,10,84.15073245831502,84.15073245831502,107.62763460389073,118.99384294125886,1.278986307780568,1.4140559382558406,111.69019411640475,cube,whitened
464,12,interaction,True,10,86.29428703303596,86.29428703303596,60.11718021756876,231.1634029741864,0.6966530726947678,2.678779916052732,230.62425146227565,cube,whitened
465,12,interaction,True,10,33.92079311201298,33.92079311201298,75.68492329652136,84.88529550551263,2.231225049679564,2.502456096035404,82.49178444627339,cube,whitened
466,12,interaction,True,10,54.54270701777341,54.54270701777341,94.77373745819317,68.72520165665053,1.7376060456132107,1.260025499545807,46.1780447351666,cube,whitened
467,12,interaction,True,10,74.34918275276002,74.34918275276002,96.66860603736137,61.30592388850127,1.3001972914594384,0.8245675556699438,39.65447632644222,cube,whitened
468,12,static,True,10,74.50956444213361,74.50956444213361,91.28459012788753,69.73312372990237,1.2251392262369472,0.9358949317716014,41.39045363323466,cube,whitened
469,12,transport_free,True,10,69.32108121068413,69.32108121068413,96.77296482700277,73.74696167141713,1.396010609426092,1.0638460967924266,47.82538441321146,cube,whitened
470,12,transport_free,True,10,62.12699387033295,62.12699387033295,88.73408282077764,69.39971120652969,1.4282693768505381,1.1170621155656724,56.217308020157375,cube,whitened
471,12,transport_free,True,10,77.40945430088233,77.40945430088233,107.49781140733819,67.27281612090066,1.3886909858517489,0.8690516775821512,68.05577169537493,cube,whitened
472,12,transport_free,True,10,103.2295590360126,103.2295590360126,84.92465472147188,51.02773183686735,0.8226776856795941,0.49431318232276716,53.55502726264967,cube,whitened
473,12,transport_free,True,10,77.70542196861177,77.70542196861177,71.70727294787977,52.74852877888169,0.9228091313479401,0.6788268751720937,48.787493623111075,cube,whitened
474,12,transport_free,True,10,62.99803985679087,62.99803985679087,73.74501213145098,41.83848150494505,1.1705921692022556,0.6641235441619073,38.76495350919371,cube,whitened
475,12,transport_free,True,10,64.23998374543562,64.23998374543562,94.77823876123298,61.40101779793485,1.475377689023266,0.9558068700834239,42.12860701322796,cube,whitened
476,12,transport_free,True,10,74.2030336752403,74.2030336752403,101.60458562577328,64.21800231646881,1.3692780549978536,0.8654363458713515,39.514839851662714,cube,whitened
477,12,interaction,True,10,71.02204883773852,71.02204883773852,84.47428104030466,64.67090983534432,1.189409238718246,0.9105751086271192,40.97596925203994,cube,whitened
478,12,interaction,True,10,62.796569367702,62.796569367702,81.33291076823173,61.44889219323658,1.2951807970908595,0.9785390000117018,40.69408563335989,cube,whitened
479,12,interaction,True,10,48.5420243026359,48.5420243026359,86.6936932478987,66.95030101900852,1.7859513379047751,1.3792235074830412,47.825313360820566,cube,whitened
480,12,interaction,True,10,49.284862692846765,49.284862692846765,57.32404942850336,50.269994523303524,1.163116752211697,1.019988527442925,40.34067967318505,cube,whitened
481,12,interaction,True,10,46.42791623317211,46.42791623317211,64.49645925061714,49.27831000077019,1.3891741108237654,1.0613939629184028,37.12995411226047,cube,whitened
482,12,interaction,True,10,53.47579984929487,53.47579984929487,62.256308392971924,51.19764099147887,1.1641959272871507,0.9573983210305167,48.12729987355481,cube,whitened
483,12,interaction,True,10,50.82163038095092,50.82163038095092,78.52864087444388,58.70676441210658,1.545181456907336,1.1551531104384085,39.17708265208172,cube,whitened
484,12,interaction,True,10,60.826040193336404,60.826040193336404,97.12736149216349,65.48135974580426,1.5968055981195362,1.0765349764290237,42.50878722725974,cube,whitened
485,12,interaction,True,10,77.81869421644487,77.81869421644487,87.29024508512595,59.132705942468135,1.1217130531943509,0.7598779000068604,39.34826645742685,cube,whitened
486,12,transport_free,True,10,67.92748521284551,67.92748521284551,77.42085125869461,63.54219845707669,1.139757360604509,0.9354416442471282,41.836849195777546,cube,whitened
487,12,transport_free,True,10,56.15541357300608,56.15541357300608,67.38334825105541,55.026976863068356,1.199943940639885,0.9799051126482993,39.84445977157817,cube,whitened
488,12,transport_free,True,10,43.62899835779234,43.62899835779234,72.04078827457438,56.751047580107766,1.6512134357012476,1.300764393321713,41.2594328100202,cube,whitened
489,12,transport_free,True,10,50.012581511924935,50.012581511924935,55.936195931285056,57.4358704124577,1.1184424846765348,1.1484284289296838,40.34882318584064,cube,whitened
490,12,transport_free,True,10,50.807940093939735,50.807940093939735,50.40567222062512,56.9415564799756,0.992082578577859,1.1207216111240745,38.04843188968271,cube,whitened
491,12,transport_free,True,10,42.883946092325004,42.883946092325004,67.61732442524803,51.85828087612746,1.5767514556536948,1.2092702654854004,34.08180789689054,cube,whitened
492,12,transport_free,True,10,45.528714685719365,45.528714685719365,73.21062484570442,55.689641290587495,1.60800991969729,1.2231762235109884,39.08466525967841,cube,whitened
493,12,transport_free,True,10,51.99569484214807,51.99569484214807,79.9861779122296,57.00628785084727,1.5383230891529938,1.0963655361066083,38.912985114068334,cube,whitened
494,13,transport_free,True,10,215.76760794833024,215.76760794833024,226.53197516065603,62.35993360201527,1.0498887081090666,0.2890143436958738,49.101698976257964,cube,whitened
495,13,transport_free,True,10,226.53197516065603,226.53197516065603,231.28416621734655,51.62150719239807,1.0209780144870069,0.2278773544255207,40.84940256573216,cube,whitened
496,13,transport_free,True,10,231.28416621734655,231.28416621734655,246.88148602297474,44.941833462486805,1.0674379057620866,0.1943143544908874,35.518456826166236,cube,whitened
497,13,interaction,True,10,234.23166318190914,234.23166318190914,276.06213450929357,85.25739415807286,1.1785858955153217,0.36398748572203155,87.21068407776575,cube,whitened
498,13,interaction,True,10,185.49803885930652,185.49803885930652,195.60630452992558,136.931809959465,1.0544925743300488,0.7381846773233154,136.42220245105963,cube,whitened
499,13,interaction,True,10,193.36601813269817,193.36601813269817,127.1074457342175,81.52671627464127,0.657341175878119,0.4216186332114118,76.39914663884292,cube,whitened
500,13,interaction,True,10,62.683330631942276,62.683330631942276,55.27270175318978,70.90919103518996,0.881776721114813,1.1312288342102859,55.995691162148994,cube,whitened
501,13,interaction,True,10,39.324976105922595,39.324976105922595,52.25783426758558,54.63231651981428,1.3288713546024307,1.3892523767251903,46.55402172838468,cube,whitened
502,13,interaction,True,10,36.89356732380884,36.89356732380884,72.64301996301445,62.73278321055259,1.9689887758870939,1.7003718469389841,52.61597110818344,cube,whitened
503,13,interaction,True,10,66.62945872287052,66.62945872287052,101.99944942771234,61.17926418217976,1.530846135970501,0.9182014285398962,47.52254570570319,cube,whitened
504,13,interaction,True,10,96.35211923739075,96.35211923739075,145.55559959374654,71.90200867696592,1.5106631877512633,0.7462421091103865,57.26808143251354,cube,whitened
505,13,interaction,True,10,139.5286131718692,139.5286131718692,160.55811630765035,68.56934526015182,1.1507182122556994,0.49143572562918797,47.74599062216615,cube,whitened
506,13,static,True,10,154.04501058865543,154.04501058865543,166.6934361511868,71.19722964950586,1.082108635094364,0.46218458733222445,53.34703191661127,cube,whitened
507,13,transport_free,True,10,159.9299057765332,159.9299057765332,182.93566695686812,91.66313634917402,1.143849026038197,0.5731456909457139,85.59550905609375,cube,whitened
508,13,transport_free,True,10,173.69730213178502,173.69730213178502,180.74165028809358,49.769230819124715,1.0405553112791814,0.2865285194894078,48.55160884099297,cube,whitened
509,13,transport_free,True,10,175.0537408073428,175.0537408073428,174.35663909907325,43.81421445869101,0.9960177845668734,0.250290078101851,43.32690534799202,cube,whitened
510,13,transport_free,True,10,174.26629522953414,174.26629522953414,184.04708650040516,48.29479592812655,1.0561255477313516,0.27713216640380894,51.868687958039935,cube,whitened
511,13,transport_free,True,10,183.0168587718195,183.0168587718195,185.74274303233503,44.95880513693686,1.0148941702901484,0.2456539000758957,44.95606035768434,cube,whitened
512,13,transport_free,True,10,183.85206034026396,183.85206034026396,171.66024726935842,46.66840716948657,0.9336868292455274,0.25383673744593926,40.25410839308683,cube,whitened
513,13,transport_free,True,10,165.45946541105616,165.45946541105616,171.0503949739045,50.84913631115089,1.0337903277334943,0.3073208062459575,46.502426140538276,cube,whitened
514,13,interaction,True,10,164.56816828198845,164.56816828198845,174.64509903039857,59.232118308658556,1.0612325630989783,0.35992451594383673,41.13752400169354,cube,whitened
515,13,interaction,True,10,168.58994990665778,168.58994990665778,122.18626463909342,74.13751047849527,0.7247541428581217,0.43975047456590716,61.8272181251761,cube,whitened
516,13,interaction,True,10,117.31259783363308,117.31259783363308,43.22278294831891,85.56732323883377,0.36844110305711003,0.7293958604529508,72.25464257885659,cube,whitened
517,13,interaction,True,10,35.25417059422139,35.25417059422139,54.55917169345808,64.49279719918681,1.5475948171193403,1.8293664582697062,47.41386102888908,cube,whitened
518,13,interaction,True,10,39.70505762739948,39.70505762739948,55.772684920017696,43.3819954794657,1.404674574292277,1.0926062842313784,31.416534186735998,cube,whitened
519,13,interaction,True,10,46.83883432533433,46.83883432533433,81.36594201616965,81.35834151216619,1.7371470316920374,1.7369847624102985,75.53097813371357,cube,whitened
520,13,interaction,True,10,56.757368676694625,56.757368676694625,108.86305122858127,78.71915761302628,1.9180426042774243,1.3869416332781734,71.2073261053483,cube,whitened
521,13,interaction,True,10,101.39080295681839,101.39080295681839,151.7585128631855,68.57190366277081,1.4967680345506127,0.6763128574095136,54.254604773305864,cube,whitened
522,13,interaction,True,10,146.08302239023266,146.08302239023266,141.44566504228817,72.60053224624023,0.9682553299345308,0.49698131280650737,55.400315289509315,cube,whitened
523,13,static,True,10,136.3312738016458,136.3312738016458,160.62629316036367,82.48679420407446,1.1782057680621816,0.6050467504916591,64.94503753155526,cube,whitened
524,13,transport_free,True,10,151.74770074738433,151.74770074738433,176.17909373692746,74.37567522367361,1.1610000867836163,0.49012719703402574,61.48861982131162,cube,whitened
525,13,transport_free,True,10,167.89661752715773,167.89661752715773,169.37593394091942,53.88162278774321,1.008810876809489,0.32092143118385164,52.471695642247525,cube,whitened
526,13,transport_free,True,10,163.9519089839976,163.9519089839976,176.02296123892324,48.05712602949878,1.0736255669710062,0.29311720935307534,48.18929774310471,cube,whitened
527,13,transport_free,True,10,173.21863007660562,173.21863007660562,168.70170551268478,53.72880079513578,0.9739235637533721,0.31017911163120454,55.03391338053162,cube,whitened
528,13,transport_free,True,10,168.38755946434017,168.38755946434017,175.93198264816397,51.511745826337545,1.0448039226165131,0.30591182620736485,55.2353190758006,cube,whitened
529,13,transport_free,True,10,174.9262494125632,174.9262494125632,164.34227829855968,42.364179674669046,0.9394946661833397,0.2421830903991614,40.51403062235753,cube,whitened
530,13,transport_free,True,10,161.2144126941216,161.2144126941216,147.42555376878258,47.24077944032752,0.9144688201575305,0.2930307448997088,36.38553285319023,cube,whitened
531,13,interaction,True,10,140.6071006875583,140.6071006875583,145.5597648435255,59.23606921631496,1.0352234284879571,0.42128789319070636,39.6028749956412,cube,whitened
532,14,transport_free,True,10,116.74833675466326,116.74833675466326,128.03360495770968,61.46145266013019,1.0966632032348476,0.5264439251865851,42.04128380172078,cube,whitened
533,14,transport_free,True,10,119.69643188063678,119.69643188063678,124.0652495987132,66.34105770080559,1.0364991474635858,0.5542442381821537,41.796707979729376,cube,whitened
534,14,static,True,10,116.1819737847594,116.1819737847594,129.14955596970583,72.2432390986738,1.1116144076616428,0.6218110843297668,40.80424604055491,cube,whitened
535,14,interaction,True,10,109.38178834970623,109.38178834970623,117.4024483023098,67.33214984712524,1.0733271970920846,0.6155700218747253,37.06246740556433,cube,whitened
536,14,interaction,True,10,108.78837822742898,108.78837822742898,105.71707869008588,71.85481880585695,0.9717681282928738,0.6605008731322376,43.74780972931104,cube,whitened
537,14,interaction,True,10,95.84256953227494,95.84256953227494,80.29949369844554,67.91881884542255,0.8378270124676147,0.7086498116325118,41.71372321718424,cube,whitened
538,14,interaction,True,10,65.17034846314738,65.17034846314738,55.08898839470241,59.353997038451666,0.8453075623165375,0.9107515678240581,46.49062834015708,cube,whitened
539,14,interaction,True,10,28.700534135937023,28.700534135937023,45.49887966458137,56.15116158793269,1.5852973135998365,1.9564500549703603,46.11561679798564,cube,whitened
540,14,interaction,True,10,35.10101904975765,35.10101904975765,314.0957283794621,301.1340361892128,8.948336455252592,8.579068196348901,293.31725602893397,cube,whitened
541,14,interaction,True,10,251.01334123397982,251.01334123397982,454.8395379429095,310.536988519863,1.8120134001918844,1.2371334009310633,300.6835573155487,cube,whitened
542,14,interaction,True,10,303.32367419742803,303.32367419742803,375.1855182979849,139.22595455357157,1.236914722501295,0.45900127948124436,101.93068133760725,cube,whitened
543,14,interaction,True,10,318.4399238270445,318.4399238270445,256.6860108845462,117.36862630589061,0.8060735846173643,0.36857384242321795,96.68802285694174,cube,whitened
544,14,transport_free,True,10,253.7995688651013,253.7995688651013,254.03981003164853,114.79133129628985,1.0009465783083142,0.45229127775746286,152.51056009271824,cube,whitened
545,14,transport_free,True,10,235.3352265201887,235.3352265201887,240.11598853405428,162.16344524178692,1.0203146893244877,0.6890742522470404,212.3323269285195,cube,whitened
546,14,transport_free,True,10,236.99063335667233,236.99063335667233,252.32783676556136,68.77115967895327,1.0647164961401931,0.29018513814194613,113.98987983720868,cube,whitened
547,14,transport_free,True,10,196.81293553896307,196.81293553896307,223.36446691048207,66.35482650992901,1.1349074505636982,0.3371466734552757,55.46587707850196,cube,whitened
548,14,transport_free,True,10,223.36446691048204,223.36446691048204,206.0286135747197,50.402171888271894,0.9223875955941102,0.22564991014650335,57.23654491875398,cube,whitened
549,14,transport_free,True,10,195.44609404621445,195.44609404621445,232.4749269093175,68.84692680818142,1.1894580346760337,0.3522553220833471,50.96522884502331,cube,whitened
550,14,transport_free,True,10,217.97015354637057,217.97015354637057,286.3089604735792,68.46413349489899,1.3135236903554797,0.31409866158732624,47.207611079634944,cube,whitened
551,14,transport_free,True,10,196.77932137150736,196.77932137150736,301.78221173283,50.688743198843255,1.5336073405959336,0.2575918183148218,43.88169229841172,cube,whitened
552,14,interaction,True,10,258.3807056253363,258.3807056253363,275.68615716714874,103.48251890480475,1.0669765627426768,0.40050404945816304,49.05982600535343,cube,whitened
553,14,interaction,True,10,252.77161345942037,252.77161345942037,234.4983351111892,136.71352815331318,0.9277083447063381,0.5408579162915419,41.36302386954493,cube,whitened
554,14,interaction,True,10,234.4983351111892,234.4983351111892,355.3785211767641,206.5434542813369,1.5154841973963638,0.8807885743982051,198.4887289352376,cube,whitened
555,14,interaction,True,10,261.1152125745059,261.1152125745059,450.4045015492712,257.6633440934934,1.7249263155081551,0.986780285809554,227.1107244509256,cube,whitened
556,14,interaction,True,10,213.45366991698143,213.45366991698143,248.56884822189312,148.32992562110024,1.1645096021003951,0.6949045461658739,149.9424700614911,cube,whitened
557,14,interaction,True,10,221.79501056726798,221.79501056726798,213.56350160021793,115.45345176735795,0.9628868614041545,0.5205412487506891,105.0323331355681,cube,whitened
558,14,interaction,True,10,152.48616186908268,152.48616186908268,360.2617352179333,147.72137983291384,2.362586419659751,0.9687526921934093,136.54469497001992,cube,whitened
559,14,interaction,True,10,298.37295110426174,298.37295110426174,321.27316335080104,132.78249477312426,1.0767502957683894,0.44502189049544744,131.41010423608844,cube,whitened
560,14,interaction,True,10,269.5399967359334,269.5399967359334,319.0897301926483,121.73108026504272,1.1838307266333405,0.45162529397928974,78.80135483762615,cube,whitened
561,14,interaction,True,10,271.18226262797805,271.18226262797805,263.0675824738971,98.36832945477119,0.9700766559160505,0.3627388034213653,71.33706360346036,cube,whitened
562,14,transport_free,True,10,274.197881516991,274.197881516991,282.9591970257561,113.65554605512756,1.0319525280804265,0.41450191163524636,155.6092334986929,cube,whitened
563,14,transport_free,True,10,246.73460887459555,246.73460887459555,295.5091200543112,144.9756936668884,1.1976800555146507,0.5875774555022932,196.75426573940533,cube,whitened
564,14,transport_free,True,10,295.5091200543112,295.5091200543112,329.38484493131017,62.9331728028951,1.1146351248677977,0.2129652472022816,72.0911355258398,cube,whitened
565,14,transport_free,True,10,317.40315487699075,317.40315487699075,330.83409833193184,45.16823296875383,1.0423150912288388,0.14230555769446818,66.8961167511933,cube,whitened
566,14,transport_free,True,10,318.2396341099353,318.2396341099353,318.06431424305686,56.21450609266317,0.9994490948075377,0.17664206487003428,84.36298409176959,cube,whitened
567,14,transport_free,True,10,315.39812156432777,315.39812156432777,319.5835831046069,38.79198673489758,1.013270407317329,0.12299371518921892,64.5629812776795,cube,whitened
568,14,transport_free,True,10,310.8671858051152,310.8671858051152,285.3244517739962,74.92014774894776,0.9178339329544679,0.24100371853308353,55.60356719567138,cube,whitened
569,14,transport_free,True,10,279.94714170709926,279.94714170709926,294.6515454620952,116.78663793246508,1.052525643467297,0.41717388940036265,85.6178009043088,cube,whitened
570,15,transport_free,True,10,387.07580661057744,387.07580661057744,409.2818932289087,57.112088854188755,1.0573688312188212,0.14754755497195696,48.9110672909994,cube,whitened
571,15,transport_free,True,10,385.5723985450677,385.5723985450677,415.3227755381827,52.168586602104,1.0771589903877357,0.1353016626681753,43.546530079367706,cube,whitened
572,15,transport_free,True,10,362.91579551193746,362.91579551193746,389.55148909083493,58.37800848883383,1.0733935913186818,0.16085827404256256,40.24277210388255,cube,whitened
573,15,interaction,True,10,362.03394816442756,362.03394816442756,373.051814871367,65.61286855652556,1.0304332418625433,0.18123402208327072,38.44320097026785,cube,whitened
574,15,interaction,True,10,367.6854266567962,367.6854266567962,314.75136486818633,99.74880651870518,0.8560343762603911,0.2712884419316744,104.06619629551108,cube,whitened
575,15,interaction,True,10,306.90642656086754,306.90642656086754,171.86942424602427,197.14771067103783,0.5600059476497735,0.6423707475931212,201.90200852805717,cube,whitened
576,15,interaction,True,10,127.78388888750723,127.78388888750723,56.24621383889235,74.93237011380566,0.440166709031746,0.5863991991961626,63.891674027504614,cube,whitened
577,15,interaction,True,10,38.59281095979338,38.59281095979338,67.14071202503177,181.61318666279382,1.739720698110849,4.705881280635437,175.5064515473664,cube,whitened
578,15,interaction,True,10,54.951573582683594,54.951573582683594,282.8653077388633,236.7600092304355,5.147537901043841,4.308521008487436,234.8322036515577,cube,whitened
579,15,interaction,True,10,263.9951631358452,263.9951631358452,374.9604017610116,67.33196291602343,1.4203305746479398,0.25504998696273884,61.42526616317726,cube,whitened
580,15,interaction,True,10,326.90401667231424,326.90401667231424,416.4805483326111,57.04129923352467,1.2740147783197402,0.17448944131727318,41.17890429424566,cube,whitened
581,15,interaction,True,10,372.2101258845745,372.2101258845745,383.8094621991604,48.858224401222735,1.0311634088057642,0.13126516718240513,36.895772507398156,cube,whitened
582,15,static,True,10,339.54468153596486,339.54468153596486,364.41361972269016,66.23259215918958,1.0732420195016106,0.19506296449580574,52.62382253112569,cube,whitened
583,15,transport_free,True,10,315.25672350722084,315.25672350722084,395.91581950133383,141.13095824738735,1.2558521039512913,0.44766993920798903,137.75998507359017,cube,whitened
584,15,transport_free,True,10,342.52681416767007,342.52681416767007,361.0898111859897,101.65329621086153,1.0541942885943898,0.29677471078541984,96.40503275680744,cube,whitened
585,15,transport_free,True,10,317.7183045335264,317.7183045335264,331.0643323510752,52.36160316928947,1.042005851180477,0.16480511957334879,48.54145882003526,cube,whitened
586,15,transport_free,True,10,299.9415910891796,299.9415910891796,356.9458741367944,59.6354643194604,1.190051279119427,0.1988235912962447,49.76120077312005,cube,whitened
587,15,transport_free,True,10,319.3660469855783,319.3660469855783,391.9573127128054,60.56873401394162,1.2272980061982142,0.18965301598474787,51.093150040794505,cube,whitened
588,15,transport_free,True,10,344.8849276418573,344.8849276418573,413.07612984439396,47.4988601519933,1.1977216072293806,0.13772379232912743,41.83167331670089,cube,whitened
589,15,transport_free,True,10,356.1831748331614,356.1831748331614,444.20236197628924,43.10376895306116,1.2471177567114355,0.12101573571871063,33.391132003133336,cube,whitened
590,15,interaction,True,10,394.1241353283617,394.1241353283617,407.84594830543494,60.20990272081252,1.0348159672222077,0.15276887996379382,52.34298854981621,cube,whitened
591,15,interaction,True,10,376.722592908644,376.722592908644,377.52638383265946,60.75587528567887,1.0021336414092117,0.16127483838064444,45.14766120678121,cube,whitened
592,15,interaction,True,10,353.8706369778646,353.8706369778646,362.06400027285406,123.97049666333547,1.0231535551097504,0.350327163966108,116.2284138312514,cube,whitened
593,15,interaction,True,10,347.71079694181384,347.71079694181384,369.54766980373716,210.6428552883305,1.0628018256953278,0.6057990063609662,210.6498223137576,cube,whitened
594,15,interaction,True,10,334.6964079495622,334.6964079495622,437.61662513890747,142.0562670189198,1.3075032021402964,0.42443319869846735,140.15607750962886,cube,whitened
595,15,interaction,True,10,416.43262313416756,416.43262313416756,347.3830429740094,324.7196639982943,0.8341878701998053,0.7797651911955878,320.3712331917247,cube,whitened
596,15,interaction,True,10,321.26810855843894,321.26810855843894,386.6099463717993,115.1920366525226,1.2033872521818474,0.35855422179748997,112.85264673132104,cube,whitened
597,15,interaction,True,10,344.43398506508174,344.43398506508174,346.39070103042116,108.73855696494489,1.0056809607941843,0.31570217133015616,106.66086219803566,cube,whitened
598,15,interaction,True,10,319.691792544386,319.691792544386,379.1956484346416,52.54224853400674,1.1861288193127264,0.16435282281046293,36.77422873128123,cube,whitened
599,15,static,True,10,337.96759491274474,337.96759491274474,384.51211888145633,49.53988875111688,1.1377188957442157,0.14658177143849221,37.32361113714355,cube,whitened
600,15,transport_free,True,10,335.8892304300047,335.8892304300047,371.1959638314547,105.90773707076968,1.1051142168394337,0.3153055456264162,95.70590447469444,cube,whitened
601,15,transport_free,True,10,311.32862747035205,311.32862747035205,314.4835874850067,92.58546595231434,1.0101338577190595,0.2973882186954725,87.95414901785213,cube,whitened
602,15,transport_free,True,10,264.8554138577826,264.8554138577826,283.20194490029417,80.384884775232,1.0692699868780593,0.3035047824938767,74.55256195145064,cube,whitened
603,15,transport_free,True,10,240.4495335437918,240.4495335437918,291.62404094125196,62.84751318885453,1.2128284744130726,0.2613750680344258,49.73822882731277,cube,whitened
604,15,transport_free,True,10,246.285392001314,246.285392001314,307.26646638669376,63.653148445289986,1.2476032942508195,0.2584527970905817,51.762976704520476,cube,whitened
605,15,transport_free,True,10,257.51686116853045,257.51686116853045,337.0992590613343,50.254574510847604,1.3090376200287779,0.1951506176442512,40.3259547233607,cube,whitened
606,15,transport_free,True,10,283.112281101187,283.112281101187,351.4640308444298,54.9461726736386,1.2414298294562969,0.19407908572500362,45.91217436160223,cube,whitened
607,15,transport_free,True,10,298.39621788233313,298.39621788233313,365.30215213851943,56.11555501259775,1.2242184392651028,0.18805719258387468,46.37679618507402,cube,whitened
608,16,transport_free,True,10,403.55243759921655,403.55243759921655,417.0193490324158,80.0293197793097,1.0333709084086211,0.19831207130209408,47.772126556170306,cube,whitened
609,16,transport_free,True,10,405.0937203545624,405.0937203545624,425.38539442068463,74.48346942943591,1.0500913073852682,0.18386725265512263,34.43181253862193,cube,whitened
610,16,transport_free,True,10,413.6538685914093,413.6538685914093,408.6280350361561,83.91153509265263,0.9878501473408979,0.2028544671379275,73.32534039772719,cube,whitened
611,16,interaction,True,10,399.5042217439142,399.5042217439142,391.826049592951,48.60377021238646,0.9807807484049944,0.12166021675621219,35.315745356584905,cube,whitened
612,16,interaction,True,10,388.274946633667,388.274946633667,382.35081415717536,109.7870837162428,0.9847424292299729,0.28275603323905846,104.71698250212174,cube,whitened
613,16,interaction,True,10,373.9562538521061,373.9562538521061,126.74199761898299,134.13377471672746,0.33892198970713694,0.3586884116391199,125.12707938203101,cube,whitened
614,16,interaction,True,10,101.51501304836665,101.51501304836665,66.02888173802607,66.09233278490237,0.6504346475980526,0.6510596886138683,51.75047540749567,cube,whitened
615,16,interaction,True,10,48.16719261858858,48.16719261858858,51.372260815305765,63.58488685953081,1.0665404816530721,1.320087042710317,44.478777691802904,cube,whitened
616,16,interaction,True,10,35.58669762767019,35.58669762767019,113.86051328166116,97.77615846281982,3.1995245659751723,2.747547959797052,85.3727065096151,cube,whitened
617,16,interaction,True,10,88.2249296022074,88.2249296022074,118.17954580830086,59.0157324618923,1.339525532535466,0.6689235426764877,40.983198652314215,cube,whitened
618,16,interaction,True,10,103.62449959453201,103.62449959453201,129.52896886829188,51.9819931430371,1.2499840228432504,0.5016380619104099,42.36439146303103,cube,whitened
619,16,interaction,True,10,117.85868157860087,117.85868157860087,140.08674118966786,46.226282555442,1.1885992555944462,0.3922178827752568,38.946211676580084,cube,whitened
620,16,static,True,10,125.85405387840547,125.85405387840547,124.18895392487349,57.843233584951335,0.9867695961932166,0.45960564481170285,48.3127688839344,cube,whitened
621,16,transport_free,True,10,114.05414651945483,114.05414651945483,87.01273084312136,58.21818001339813,0.7629072111664009,0.5104433445869286,54.31158937999249,cube,whitened
622,16,transport_free,True,10,82.53939462466315,82.53939462466315,72.65402448052193,51.72991698156045,0.8802345208722014,0.6267300265139492,50.16380394581108,cube,whitened
623,16,static,True,10,63.394343700345026,63.394343700345026,70.03631412464253,31.212830143570404,1.104772287819447,0.49235985928190196,35.47157326535431,cube,whitened
624,16,transport_free,True,10,64.11650067054701,64.11650067054701,68.44902011148201,30.836328248138244,1.0675726122858296,0.4809421588147188,35.414929922947515,cube,whitened
625,16,transport_free,True,10,64.90844697767338,64.90844697767338,89.62187187897968,32.191046059700504,1.3807428162594462,0.4959454055459575,31.471274134228903,cube,whitened
626,16,transport_free,True,10,87.78168066926764,87.78168066926764,100.78481152787258,36.45090811780093,1.1481303474650528,0.4152450470290709,35.3310429362136,cube,whitened
627,16,transport_free,True,10,97.00247825842553,97.00247825842553,93.71361128124086,49.36447406435387,0.9660950211145868,0.5088991018646075,48.92130499008001,cube,whitened
628,16,interaction,True,10,87.37991327254204,87.37991327254204,117.95906745816322,37.98961244011341,1.3499563348185453,0.4347636775699471,39.59267059844692,cube,whitened
629,16,interaction,True,10,109.72029193816267,109.72029193816267,115.14021750593474,40.64655142011756,1.0493976590112126,0.37045609979807176,42.21105573078938,cube,whitened
630,16,interaction,True,10,107.78457317749879,107.78457317749879,100.08933629494445,68.89049383042709,0.9286053963410711,0.639149850479797,61.51027596920718,cube,whitened
631,16,interaction,True,10,86.60289177724259,86.60289177724259,53.2045343636954,56.74271199226236,0.6143505519486179,0.6552057423003183,49.25823512497848,cube,whitened
632,16,interaction,True,10,42.0971241572853,42.0971241572853,52.15348650177741,59.54270520520748,1.2388847824121914,1.4144126563786439,31.02815704962012,cube,whitened
633,16,interaction,True,10,41.16377670295905,41.16377670295905,109.85429509222895,94.50719209416529,2.66871273461971,2.2958824399455957,64.7879945651864,cube,whitened
634,16,interaction,True,10,88.38063032962354,88.38063032962354,132.35224051564074,60.999857162707386,1.4975254195633263,0.690194864363412,52.69848929214319,cube,whitened
635,16,interaction,True,10,113.87834539244935,113.87834539244935,150.5047849154097,54.554755161623234,1.3216277809160093,0.47906171251097635,40.161305376871375,cube,whitened
636,16,interaction,True,10,131.82387221247967,131.82387221247967,144.5326978276368,59.67012376325971,1.0964076187556717,0.4526503641698577,47.51329676054501,cube,whitened
637,16,interaction,True,10,123.4174925542865,123.4174925542865,143.9982384992755,46.64525351617458,1.166757122665868,0.37794685786260945,36.928051774385324,cube,whitened
638,16,transport_free,True,10,128.54062660948267,128.54062660948267,116.9513587328064,69.93586233936401,0.9098396500595454,0.5440759406894373,63.291509284690335,cube,whitened
639,16,transport_free,True,10,108.9946685621392,108.9946685621392,116.40497968745002,57.459883997638414,1.0679878311762205,0.5271806846669737,54.93419495772297,cube,whitened
640,16,transport_free,True,10,109.47669916618233,109.47669916618233,117.15347365668273,41.35384884641429,1.0701224511605643,0.37774110072171974,40.80853407712367,cube,whitened
641,16,transport_free,True,10,113.92429691333814,113.92429691333814,115.96847825887232,45.10790048022536,1.0179433307987775,0.3959462704829225,41.828355861623784,cube,whitened
642,16,transport_free,True,10,112.19752328216555,112.19752328216555,108.06067806241518,49.00027768962873,0.9631289078516767,0.436732258041008,45.726890589455856,cube,whitened
643,16,transport_free,True,10,104.85395488281408,104.85395488281408,117.51068696567489,39.797962430797554,1.1207081992949728,0.37955614049347197,34.738946469298796,cube,whitened
644,16,transport_free,True,10,113.11592105965923,113.11592105965923,136.72282618548135,37.696893908237215,1.2086965734325892,0.33325895731649696,35.24669063076344,cube,whitened
645,16,interaction,True,10,128.90334306574678,128.90334306574678,154.88573382440964,39.31410181161112,1.2015649101157184,0.30498900087920194,38.196992537093806,cube,whitened
646,17,transport_free,True,10,451.7235580723557,451.7235580723557,529.0764430107556,91.79129992515844,1.171239430744964,0.20320237518021053,37.494223125276626,cube,whitened
647,17,transport_free,True,10,473.3809489777557,473.3809489777557,527.6800547435478,99.09915079261185,1.1147048817301342,0.20934334388955006,37.671980932651145,cube,whitened
648,17,transport_free,True,10,475.24877764934627,475.24877764934627,492.19365260029815,66.38160101756287,1.0356547470458817,0.13967758390857207,44.14841824034429,cube,whitened
649,17,interaction,True,10,448.6383812900673,448.6383812900673,491.2405042804265,67.01167119898949,1.0949587123327613,0.14936678178602616,50.7200805859607,cube,whitened
650,17,interaction,True,10,443.5975900377272,443.5975900377272,389.13618438911675,91.55370360790667,0.8772279045880782,0.2063890915190053,89.9244323599235,cube,whitened
651,17,interaction,True,10,356.29171167262234,356.29171167262234,392.5140534037244,222.94304804554008,1.1016648452501328,0.6257317830912403,226.06310498894916,cube,whitened
652,17,interaction,True,10,331.419990657418,331.419990657418,315.7794073966835,363.8093769948433,0.9528073631596296,1.0977291269400389,360.549785617345,cube,whitened
653,17,interaction,True,10,186.21958744671787,186.21958744671787,169.734868350128,174.59507687807445,0.9114769862686622,0.9375763273454277,148.65455705037965,cube,whitened
654,17,interaction,True,10,59.086969708644524,59.086969708644524,57.435225965361134,67.44917557161507,0.972045549950724,1.141523687950224,61.48874549558669,cube,whitened
655,17,interaction,True,10,43.786742377264915,43.786742377264915,52.10679287878959,53.04236235662663,1.1900130050744455,1.2113795061440207,36.57381579823469,cube,whitened
656,17,interaction,True,10,41.60588173352111,41.60588173352111,62.64947164205495,50.50167827126718,1.5057840149456416,1.2138110326497151,32.321141744882965,cube,whitened
657,17,interaction,True,10,53.557516853593214,53.557516853593214,67.08444275054191,60.488660711716264,1.2525682050182871,1.1294149591936886,28.110318544098,cube,whitened
658,17,static,True,10,51.9409536143559,51.9409536143559,68.72408029830285,59.87859898756962,1.3231193406373711,1.1528205552818314,30.010077409409654,cube,whitened
659,17,transport_free,True,10,53.309839459272496,53.309839459272496,72.33900547829583,66.53845926862392,1.3569541047588631,1.2481459322243467,47.1852480305687,cube,whitened
660,17,transport_free,True,10,58.92105767611494,58.92105767611494,77.78516743688407,70.468363766711,1.3201590484757395,1.195979273727074,47.46346767272119,cube,whitened
661,17,transport_free,True,10,66.87441564767292,66.87441564767292,75.26452808011874,55.65410262572277,1.1254607214311827,0.832218152289147,38.63556602339628,cube,whitened
662,17,transport_free,True,10,67.30933366005172,67.30933366005172,70.45664392494498,54.70590874576245,1.0467588979678342,0.8127536817116132,39.18761208988631,cube,whitened
663,17,transport_free,True,10,63.551137309896816,63.551137309896816,64.87452551312259,59.27784223006228,1.0208239892981377,0.9327581651450783,33.7532600322752,cube,whitened
664,17,transport_free,True,10,56.25247675248072,56.25247675248072,61.16126051024519,62.555568332443855,1.0872634244953134,1.1120500277294043,32.7156064299233,cube,whitened
665,17,transport_free,True,10,51.40350487267452,51.40350487267452,68.22344511138085,64.82516058211121,1.3272138792942039,1.2611039022082613,28.98216675489354,cube,whitened
666,17,interaction,True,10,52.84548921671505,52.84548921671505,56.868668048379675,59.95051466409446,1.0761309790352378,1.1344490429115393,30.05320754696831,cube,whitened
667,17,interaction,True,10,37.46254653527664,37.46254653527664,56.690802073354746,61.684105605534256,1.5132661101927978,1.6465539935318965,36.922117146081334,cube,whitened
668,17,interaction,True,10,38.154544503690886,38.154544503690886,54.892247759870614,60.941400017277985,1.4386817736629147,1.5972252010866703,36.40878448141796,cube,whitened
669,17,interaction,True,10,39.37276946539502,39.37276946539502,85.39958474246674,75.8915328871818,2.1690012133265095,1.927513200560691,70.70252353175024,cube,whitened
670,17,interaction,True,10,76.49683080160834,76.49683080160834,75.47568634704021,52.655813890932976,0.9866511534678288,0.6883398088411512,43.55663928193081,cube,whitened
671,17,interaction,True,10,63.74021784384095,63.74021784384095,55.74495558970762,65.69738656251278,0.8745648740372811,1.0307053973908082,58.465334425382736,cube,whitened
672,17,interaction,True,10,40.230981857593804,40.230981857593804,49.09173118957652,58.286340119568216,1.2202469073051023,1.4487923840856092,31.91536459330425,cube,whitened
673,17,interaction,True,10,35.779801350093514,35.779801350093514,54.10410790558825,58.53065063378368,1.5121410925733618,1.6358573392032179,31.41050059107082,cube,whitened
674,17,interaction,True,10,43.86042607820944,43.86042607820944,65.16418389953876,59.42909386203993,1.4857170740508003,1.3549593375146267,27.788847025938775,cube,whitened
675,17,interaction,True,10,50.360147241745906,50.360147241745906,64.45824587629376,59.08644882039196,1.2799455404066267,1.1732779202720918,28.5641830596885,cube,whitened
676,17,transport_free,True,10,48.380342951244096,48.380342951244096,67.92164665168468,63.80675695271205,1.4039099871642824,1.3188570617825945,37.30736483317022,cube,whitened
677,17,transport_free,True,10,52.017491637269146,52.017491637269146,63.605552283252976,65.5381454918114,1.2227723844661762,1.2599251411203203,43.44475933538256,cube,whitened
678,17,transport_free,True,10,54.7287042229116,54.7287042229116,68.38257622233674,56.20758799950448,1.2494828297745277,1.0270220864460693,44.088850250545214,cube,whitened
679,17,static,True,10,61.9407227426953,61.9407227426953,69.88386397110291,57.83921629384978,1.128237787301963,0.9337833614586099,35.45216818450325,cube,whitened
680,17,transport_free,True,10,61.523711235817416,61.523711235817416,63.73368277832962,60.58439776903985,1.035920647472671,0.9847324966600728,32.264049212576126,cube,whitened
681,17,transport_free,True,10,55.07792657971606,55.07792657971606,62.325958654996676,59.2109258820285,1.1315959500543344,1.0750391229112557,32.78645964299179,cube,whitened
682,17,transport_free,True,10,52.38259020529295,52.38259020529295,59.89514026057745,61.45753773239426,1.1434169258496385,1.1732435813413506,30.98495031337999,cube,whitened
683,17,transport_free,True,10,49.319595077870545,49.319595077870545,56.31094827723689,59.111516933267765,1.1417560948813088,1.1985401915797724,26.92511658736012,cube,whitened
684,18,transport_free,True,10,200.11352546611096,200.11352546611096,228.22707878261633,36.31606101362439,1.1404880217417708,0.18147729359640152,38.16565995226833,cube,whitened
685,18,transport_free,True,10,225.57004348376432,225.57004348376432,259.7420511620737,36.5203233954694,1.1514917812247927,0.1619023644781892,33.88628590724365,cube,whitened
686,18,transport_free,True,10,255.56210903023458,255.56210903023458,203.835274547718,77.85993695694248,0.7975958381357818,0.3046615057779601,77.99956977548608,cube,whitened
687,18,interaction,True,10,197.15325402437463,197.15325402437463,297.6888670465228,112.8635356732278,1.5099363615358772,0.5724660048434917,101.90150071162788,cube,whitened
688,18,interaction,True,10,291.9046259731997,291.9046259731997,232.1014080592704,101.75752881792634,0.7951275430646312,0.34859854816849967,73.28265090252579,cube,whitened
689,18,interaction,True,10,217.4144268253699,217.4144268253699,107.03500342369436,49.71457590276034,0.49230865212852815,0.22866272780826882,35.03431950519085,cube,whitened
690,18,interaction,True,10,83.04763056612316,83.04763056612316,74.18699431381827,76.75994630930914,0.8933065736866511,0.9242882161242671,57.24634010183854,cube,whitened
691,18,interaction,True,10,61.84378648864924,61.84378648864924,239.15558792239153,231.7244447667553,3.8670916109945166,3.7469317117134446,230.6696168817489,cube,whitened
692,18,interaction,True,10,228.97791658890395,228.97791658890395,628.7878790819411,440.2980340771228,2.746063412791186,1.9228842703971882,443.1215133932388,cube,whitened
693,18,interaction,True,10,391.99670878064774,391.99670878064774,439.0311240182729,110.74647734365786,1.1199867605621774,0.28251889585539613,56.91470298513987,cube,whitened
694,18,interaction,True,10,439.0311240182729,439.0311240182729,498.6517166168961,126.22974051246695,1.135800378007236,0.2875188878572835,94.91041538024889,cube,whitened
695,18,interaction,True,10,498.6517166168961,498.6517166168961,493.91003386692,104.29990760014923,0.9904909928273263,0.20916383945847458,42.464903854316056,cube,whitened
696,18,static,True,10,493.91003386692,493.91003386692,514.329706311676,119.91294292911363,1.0413428985940745,0.24278296593873852,94.8013674734581,cube,whitened
697,18,transport_free,True,10,514.329706311676,514.329706311676,542.5094975590904,139.41929518547266,1.0547893518527158,0.27106988663996534,128.27729789576313,cube,whitened
698,18,transport_free,True,10,542.5094975590904,542.5094975590904,545.5070523456129,118.37152728151827,1.0055253498786831,0.21819254375104316,96.23855472466973,cube,whitened
699,18,transport_free,True,10,527.4024775812795,527.4024775812795,533.3643325010999,119.1325285868171,1.011304184514191,0.22588541702187442,44.26147488631407,cube,whitened
700,18,transport_free,True,10,512.77707918481,512.77707918481,562.7913095275007,116.60269264547162,1.0975360100381264,0.22739450997076813,67.7909224082897,cube,whitened
701,18,transport_free,True,10,542.5937699311426,542.5937699311426,526.8867682531295,104.20699459075911,0.971052005112395,0.19205342996102484,42.83084147485693,cube,whitened
702,18,transport_free,True,10,526.8867682531295,526.8867682531295,497.565062492934,108.98210040572852,0.9443491324380561,0.2068415966623227,38.61676687460667,cube,whitened
703,18,transport_free,True,10,497.5650624929339,497.5650624929339,503.24985687135796,105.6986143340378,1.011425228190142,0.21243174471386617,63.37239649598866,cube,whitened
704,18,interaction,True,10,503.24985687135796,503.24985687135796,510.5453916225759,107.20741407577694,1.0144968441651894,0.213030192879283,75.89290999379074,cube,whitened
705,18,interaction,True,10,510.54539162257583,510.54539162257583,466.3468503056763,144.5862423953066,0.913428772363548,0.28319958375452925,107.83048265998414,cube,whitened
706,18,interaction,True,10,466.3468503056763,466.3468503056763,352.16987638124476,146.7659362210709,0.7551672669181919,0.3147141148800946,107.15741603273972,cube,whitened
707,18,interaction,True,10,344.70743578407917,344.70743578407917,434.52153549490413,255.13287628772616,1.2605516748036834,0.7401432339496689,261.8824164866675,cube,whitened
708,18,interaction,True,10,252.72233498159903,252.72233498159903,299.0164529206018,142.8202604127683,1.1831817434829157,0.5651271796897857,97.7505140273392,cube,whitened
709,18,interaction,True,10,271.4400451063584,271.4400451063584,461.0173729641961,291.87934676900386,1.698413263907157,1.0752995073171194,288.6749970419818,cube,whitened
710,18,interaction,True,10,313.19030765417426,313.19030765417426,516.3277719851735,205.35160900355825,1.6486071227826893,0.6556767689960193,163.99014614037958,cube,whitened
711,18,interaction,True,10,397.31802411879903,397.31802411879903,465.01412394149065,111.10690212916356,1.17038265498484,0.2796422396783649,60.42648157722669,cube,whitened
712,18,interaction,True,10,465.01412394149065,465.01412394149065,520.6343359069949,120.41460276854211,1.119609726031682,0.25894826967383255,96.02721111178563,cube,whitened
713,18,interaction,True,10,520.6343359069949,520.6343359069949,515.5548413820153,109.41011012119795,0.9902436428513101,0.21014770362887236,48.89050675914558,cube,whitened
714,18,transport_free,True,10,515.5548413820153,515.5548413820153,488.41530874198907,143.01716596868562,0.9473585922163489,0.27740436998963786,116.53235793446126,cube,whitened
715,18,transport_free,True,10,488.41530874198907,488.41530874198907,513.4108312609327,126.3887335271632,1.0511767794161173,0.2587730795185404,105.05814960939554,cube,whitened
716,18,transport_free,True,10,503.7076273497896,503.7076273497896,503.19771176033447,109.01946024857469,0.9989876754653527,0.21643400720805112,75.74098957691156,cube,whitened
717,18,transport_free,True,10,494.2258732494747,494.2258732494747,514.8552856482395,86.97491666831993,1.041740858816494,0.1759821194638607,53.55016680630788,cube,whitened
718,18,transport_free,True,10,503.41710217870633,503.41710217870633,512.9688817926333,117.74532128871276,1.018973887801166,0.23389217565142384,72.71611730061909,cube,whitened
719,18,transport_free,True,10,502.53062437529604,502.53062437529604,498.72754937189313,104.68487436616326,0.9924321527506297,0.20831541261052244,41.96774781540337,cube,whitened
720,18,transport_free,True,10,498.7275493718931,498.7275493718931,490.18572615725293,98.85475484804584,0.9828727664525493,0.19821394461273573,51.25362811048069,cube,whitened
721,18,transport_free,True,10,490.18572615725293,490.18572615725293,474.62960884732445,108.4052100845685,0.9682648504845732,0.22115129898701252,36.50345499120235,cube,whitened
722,19,transport_free,True,10,116.70811822432324,116.70811822432324,127.7714880647808,36.286832863746554,1.0947952036994786,0.31091952655769906,37.35293726687866,cube,whitened
723,19,transport_free,True,10,124.03345899378337,124.03345899378337,130.2859887258583,41.389461194965506,1.0504100247046106,0.3336959360057835,39.11001349170566,cube,whitened
724,19,transport_free,True,10,125.22524862181317,125.22524862181317,124.90847788795435,40.48399143275482,0.9974703924540371,0.3232893675860737,41.24233680493147,cube,whitened
725,19,interaction,True,10,121.54075984021044,121.54075984021044,121.81617324936218,40.32437156447462,1.0022660168449977,0.3317765300915433,43.23169559786539,cube,whitened
726,19,interaction,True,10,119.44406564082799,119.44406564082799,110.99000130796196,58.95345215694984,0.9292215625153981,0.49356535078289027,43.435983537754076,cube,whitened
727,19,interaction,True,10,102.00575792778395,102.00575792778395,83.86174198747139,53.208054493790954,0.8221275317305342,0.521618147589866,52.40874118495976,cube,whitened
728,19,interaction,True,10,76.19129772733464,76.19129772733464,54.42864883875367,75.8736254355941,0.714368313209957,0.9958305961282168,72.79661549622243,cube,whitened
729,19,interaction,True,10,44.93544369523228,44.93544369523228,70.1891485256274,65.17780054884012,1.561999676729009,1.4504763987844096,45.23978630454861,cube,whitened
730,19,interaction,True,10,62.38460669591119,62.38460669591119,92.73896652522295,59.10023868205937,1.4865681044888472,0.9473529098314074,50.9074612451345,cube,whitened
731,19,interaction,True,10,83.58194728037066,83.58194728037066,110.58693720607347,58.37581079947142,1.3230959651504193,0.6984260680557398,43.17033233132778,cube,whitened
732,19,interaction,True,10,106.74375014835738,106.74375014835738,134.9471470709908,58.76634859280743,1.2642159085045734,0.55053666852749,41.39852458106304,cube,whitened
733,19,interaction,True,10,130.94649009672474,130.94649009672474,138.33953773726034,53.8305427263987,1.0564585399354702,0.41108809168261257,37.166995973991185,cube,whitened
734,19,static,True,10,134.18159144573366,134.18159144573366,148.62254096070228,57.68346849713933,1.1076224343397276,0.4298910742944046,39.292125047163616,cube,whitened
735,19,transport_free,True,10,143.56091260058537,143.56091260058537,162.31482342767765,75.9707009056102,1.1306338228656245,0.5291879212064888,53.991076604221476,cube,whitened
736,19,transport_free,True,10,155.35771062782953,155.35771062782953,151.81415220782648,78.58201863251136,0.9771909716892527,0.5058134437933383,55.336126460175,cube,whitened
737,19,transport_free,True,10,144.20003544294826,144.20003544294826,146.92179459851667,59.31348422498586,1.0188748854825715,0.41132780614643344,35.82588756130321,cube,whitened
738,19,transport_free,True,10,141.07268367468384,141.07268367468384,156.72973072213557,50.093193076389554,1.1109856751825686,0.3550878297027748,37.7698872530185,cube,whitened
739,19,transport_free,True,10,149.39300830225815,149.39300830225815,163.61686010729375,54.72446736760442,1.09521096045042,0.3663121051614651,34.7573244712032,cube,whitened
740,19,transport_free,True,10,154.73929768556457,154.73929768556457,165.07140626014046,58.68218217192464,1.0667710706272628,0.3792325740754543,46.51770415109062,cube,whitened
741,19,transport_free,True,10,156.5551240819987,156.5551240819987,145.23725340338996,57.405888317642486,0.9277068013904112,0.366681631497255,44.85928094639296,cube,whitened
742,19,interaction,True,10,138.6252499229901,138.6252499229901,134.07575420727773,55.78188569662514,0.9671813344377036,0.4023934003914396,39.538071533586724,cube,whitened
743,19,interaction,True,10,127.45814214785426,127.45814214785426,94.64989031424464,60.13357740293179,0.7425958728038627,0.4717907886431886,41.48009850054805,cube,whitened
744,19,interaction,True,10,90.9571501731987,90.9571501731987,77.08188806529753,71.25729032286692,0.8474527612015088,0.783416039169876,56.709156957234796,cube,whitened
745,19,interaction,True,10,71.60011441435049,71.60011441435049,63.2916870325145,66.57745509715286,0.8839606968537084,0.9298512389501021,51.65976092780527,cube,whitened
746,19,interaction,True,10,55.978888606497485,55.978888606497485,80.41359505304891,69.72539717146418,1.4364985989327999,1.245565942932478,36.823024962136955,cube,whitened
747,19,interaction,True,10,65.41365395526543,65.41365395526543,89.84050055230736,81.01638413183909,1.3734212220241782,1.2385240577944772,65.83511604668793,cube,whitened
748,19,interaction,True,10,82.72388167701558,82.72388167701558,104.64604851610297,56.62100361411538,1.265004088235119,0.6844577704318152,42.219005637356545,cube,whitened
749,19,interaction,True,10,100.53479951560558,100.53479951560558,115.27160323366697,57.6167436979001,1.146584106091283,0.5731024876511193,42.44904081455399,cube,whitened
750,19,interaction,True,10,111.6012097089455,111.6012097089455,137.75871558006708,61.89702325710653,1.2343837126796386,0.5546268129040282,42.006865196630386,cube,whitened
751,19,transport_free,True,10,133.56198521429673,133.56198521429673,153.60251066014766,62.43169892257019,1.1500466275167776,0.46743614077314105,45.704160908966806,cube,whitened
752,19,transport_free,True,10,148.778697416556,148.778697416556,158.81406284872475,74.271610245116,1.0674516285357127,0.49920863359334056,53.29787403238208,cube,whitened
753,19,transport_free,True,10,151.82536298699046,151.82536298699046,143.82849647632875,72.60732344065215,0.9473285203912409,0.4782292102728165,54.10331944515192,cube,whitened
754,19,transport_free,True,10,135.9270182792697,135.9270182792697,148.18262147896405,79.28141302538324,1.0901631136682077,0.5832645638006648,65.92519305173552,cube,whitened
755,19,transport_free,True,10,139.83582427279393,139.83582427279393,142.66071867552168,55.316972002713314,1.02020150714181,0.39558512484469,46.5558593708681,cube,whitened
756,19,transport_free,True,10,136.58712908264772,136.58712908264772,160.60252711356713,57.465249067172,1.1758247515136504,0.4207222851312752,48.48504348831863,cube,whitened
757,19,transport_free,True,10,154.25551590454643,154.25551590454643,159.53784738506528,56.39226814196904,1.0342440362637506,0.36557699613714084,39.848634438263474,cube,whitened
758,19,transport_free,True,10,153.50837433445176,153.50837433445176,147.63782895966534,55.28418162492862,0.961757491079958,0.360137887360333,40.47426696536929,cube,whitened
759,19,static,True,10,141.32060028343992,141.32060028343992,141.30412947138797,55.56772211574138,0.9998834507352862,0.3932032697589161,40.3296762619841,cube,whitened
760,20,transport_free,True,10,100.9538008777779,100.9538008777779,101.43664919276068,35.454853572145,1.0047828641495862,0.3511987984986247,34.42822569329324,cube,whitened
761,20,transport_free,True,10,96.65152193603826,96.65152193603826,98.09542234490166,38.3146536353817,1.0149392413067115,0.396420592949767,36.45509629951691,cube,whitened
762,20,transport_free,True,10,90.95014777251149,90.95014777251149,89.58217971021654,34.09467034325812,0.9849591441487641,0.37487207198978073,36.561468272254984,cube,whitened
763,20,interaction,True,10,87.65528628764679,87.65528628764679,88.41276360040166,39.181490390460326,1.0086415474164234,0.4469951790686485,35.8036021131311,cube,whitened
764,20,interaction,True,10,85.71682127252453,85.71682127252453,68.11556575845866,52.555744645374446,0.7946580933268026,0.6131322168175238,53.35499358752078,cube,whitened
765,20,interaction,True,10,64.2767452068556,64.2767452068556,87.87179090494965,65.61435465884526,1.3670852595625433,1.0208101615550844,62.216999790520205,cube,whitened
766,20,interaction,True,10,64.44974500296149,64.44974500296149,55.97606579550077,56.89076850852848,0.8685226883819114,0.882715183836869,56.821161883257616,cube,whitened
767,20,interaction,True,10,36.126597182289096,36.126597182289096,64.25330289367866,63.20973775075571,1.7785595075414011,1.749673168270163,45.924497558608,cube,whitened
768,20,interaction,True,10,35.7236436467871,35.7236436467871,85.57837169240986,68.78380727875506,2.395566715941826,1.9254420954045461,51.53854556490807,cube,whitened
769,20,interaction,True,10,65.6821971953685,65.6821971953685,89.78023197723721,51.0315070883165,1.3668883778383702,0.7769457976036607,46.855542536405764,cube,whitened
770,20,interaction,True,10,78.10496348090197,78.10496348090197,92.35530916086721,50.56994327836294,1.182451217501045,0.6474613267148915,44.67044994260376,cube,whitened
771,20,interaction,True,10,85.00624956679317,85.00624956679317,85.40132531366596,44.31001835100865,1.0046476082509952,0.5212560085501985,42.17730015367135,cube,whitened
772,20,transport_free,True,10,79.69740682540512,79.69740682540512,79.89319261975251,44.6962871370245,1.0024566143635802,0.5608248614028515,40.607438660238,cube,whitened
773,20,transport_free,True,10,76.55165845623024,76.55165845623024,70.89552443919617,48.81009829477617,0.9261135012474214,0.6376099392109734,48.899907521311675,cube,whitened
774,20,transport_free,True,10,66.37312858092714,66.37312858092714,72.08981744845724,60.75959001395452,1.0861295676391067,0.915424529670495,64.10120916092484,cube,whitened
775,20,transport_free,True,10,64.01474143250405,64.01474143250405,95.79017912014609,68.66783448146697,1.496376880958669,1.0726878363457744,54.843398338727944,cube,whitened
776,20,transport_free,True,10,76.94720840499429,76.94720840499429,80.18161295034292,60.26110935334185,1.0420340726115116,0.7831487405777099,48.651858694447775,cube,whitened
777,20,transport_free,True,10,67.76886040014874,67.76886040014874,74.03960056884134,67.07972062737804,1.0925312913876124,0.9898310260980987,48.96733566847556,cube,whitened
778,20,transport_free,True,10,62.242821080448024,62.242821080448024,78.90540386286045,66.74918599805676,1.267702885138774,1.0723997537287766,48.16700984641636,cube,whitened
779,20,transport_free,True,10,67.80857408334637,67.80857408334637,83.91749731722172,38.96138280379496,1.237564695197324,0.5745790017042076,43.02248803640076,cube,whitened
780,20,interaction,True,10,78.7976146320485,78.7976146320485,82.0468132790572,46.61994145979433,1.0412347335916334,0.5916415322657891,43.64158923835865,cube,whitened
781,20,interaction,True,10,75.72006269275961,75.72006269275961,86.12412292517115,49.605974196053225,1.1374016325716325,0.6551232583804579,44.090279016555925,cube,whitened
782,20,interaction,True,10,80.20726352792569,80.20726352792569,76.92536402468521,48.82940081544292,0.9590822656342362,0.6087902599799087,43.32837034107954,cube,whitened
783,20,interaction,True,10,72.22262955925376,72.22262955925376,83.56914642923914,62.77280680801613,1.1571047321210637,0.8691570383284827,58.009364435783446,cube,whitened
784,20,interaction,True,10,64.08774762892028,64.08774762892028,89.30550790994673,73.94725016969016,1.393488010017794,1.1538437986283774,71.95216727689352,cube,whitened
785,20,interaction,True,10,83.79164523569037,83.79164523569037,76.55076038167371,82.75210629843708,0.9135846439862901,0.987593763861191,68.60279784509537,cube,whitened
786,20,interaction,True,10,67.6941565021798,67.6941565021798,84.49722375811415,57.36645763385515,1.2482203505319294,0.8474358880889211,59.533178536294166,cube,whitened
787,20,interaction,True,10,70.39789022606634,70.39789022606634,105.36971595885886,46.80692275495082,1.4967737757550503,0.6648909875656976,42.28415815883982,cube,whitened
788,20,interaction,True,10,90.29941311165838,90.29941311165838,88.12533701152967,51.25029749960467,0.9759236962322181,0.5675595857553568,49.04390024564279,cube,whitened
789,20,interaction,True,10,81.9142316917549,81.9142316917549,78.57143395156245,41.97705233594155,0.959191490035926,0.5124512733501809,41.120355478653714,cube,whitened
790,20,transport_free,True,10,76.15783586781055,76.15783586781055,71.94887514844547,45.62913314456561,0.944733714247465,0.5991390462271732,43.64934160094621,cube,whitened
791,20,transport_free,True,10,67.83523425664163,67.83523425664163,69.86800908954481,49.995868694658995,1.0299663567934707,0.737019179524157,51.92525247528088,cube,whitened
792,20,transport_free,True,10,60.784421476307266,60.784421476307266,90.44209545655919,66.63362536215286,1.4879157070173314,1.0962286675398483,43.97342036451756,cube,whitened
793,20,static,True,10,77.20833213354085,77.20833213354085,86.30644966660353,58.23939489353466,1.1178385451627995,0.7543148943148106,41.1811652618434,cube,whitened
794,20,transport_free,True,10,76.36076780549672,76.36076780549672,77.31165334724832,60.07022346668752,1.0124525403434086,0.7866634293109276,47.47511123736112,cube,whitened
795,20,transport_free,True,10,62.80592174777151,62.80592174777151,72.39963006100122,49.15076918096268,1.1527516521731507,0.7825817663874451,49.121153877830416,cube,whitened
796,20,transport_free,True,10,58.21952348937867,58.21952348937867,76.65735218674243,48.99536561000541,1.3166949434192377,0.8415624634740255,44.38114902710412,cube,whitened
797,20,transport_free,True,10,70.27309238404968,70.27309238404968,86.87647483178596,41.786039317775305,1.2362694152834073,0.5946236020098604,41.39528002351256,cube,whitened
798,21,transport_free,True,10,353.2026346555016,353.2026346555016,349.7215847546347,51.65928558735797,0.9901443263460871,0.14625962696383674,49.22297631720056,cube,whitened
799,21,transport_free,True,10,347.99995589268167,347.99995589268167,327.31334619683287,63.70882547448748,0.940555711730526,0.18307136077377664,57.441889288834005,cube,whitened
800,21,transport_free,True,10,327.31334619683287,327.31334619683287,294.1820889138223,53.812151387756586,0.8987781657302579,0.1644056131930415,47.65813233262861,cube,whitened
801,21,interaction,True,10,293.4818301645216,293.4818301645216,293.78609869782656,70.69468750718889,1.0010367542451755,0.2408826722511526,58.963809557066696,cube,whitened
802,21,interaction,True,10,291.8164865766026,291.8164865766026,168.49693610442029,85.26731178231364,0.5774071851837932,0.2921949776813955,88.43104745514017,cube,whitened
803,21,interaction,True,10,164.19902098470249,164.19902098470249,225.82012209320578,210.05465910583925,1.37528299949026,1.2792686451243145,213.5446399504179,cube,whitened
804,21,interaction,True,10,212.3686510245204,212.3686510245204,371.048527326496,179.29948195435713,1.7471906777976105,0.844284130870403,177.51831737375036,cube,whitened
805,21,interaction,True,10,363.09873354446665,363.09873354446665,230.34968692708526,216.26342000011687,0.634399587898523,0.595604996715397,205.6048794511986,cube,whitened
806,21,interaction,True,10,204.64512253774615,204.64512253774615,204.07703098277582,171.31538980081547,0.9972240161508588,0.8371339989753085,173.57002965116692,cube,whitened
807,21,interaction,True,10,199.52171705902012,199.52171705902012,310.3199467855605,120.83091651977438,1.555319147006766,0.6056028301121307,115.73259154995776,cube,whitened
808,21,interaction,True,10,299.70182165467827,299.70182165467827,391.0248318730379,140.3397277909405,1.3047128966856385,0.4682645137627572,143.57265979300087,cube,whitened
809,21,interaction,True,10,383.6237775127472,383.6237775127472,422.49269541055514,88.13179363373449,1.1013204086300838,0.2297349611777023,79.47563973599777,cube,whitened
810,21,transport_free,True,10,415.9407560248367,415.9407560248367,413.25003758863005,91.26855435606242,0.9935310055645378,0.2194268126747661,72.08463983766941,cube,whitened
811,21,transport_free,True,10,407.39446345855436,407.39446345855436,356.123948956096,109.99495618191182,0.8741501932372866,0.26999619790636153,97.9306834875964,cube,whitened
812,21,transport_free,True,10,353.59386527374704,353.59386527374704,310.3471358319298,75.37080623737303,0.8776937789677536,0.21315643069492196,63.54332844705408,cube,whitened
813,21,transport_free,True,10,307.3612467376705,307.3612467376705,319.83062732790654,53.16533650353345,1.0405691372044652,0.17297345409621367,43.02477760126544,cube,whitened
814,21,transport_free,True,10,318.3820555583721,318.3820555583721,361.48076271947605,58.952925639111186,1.1353678902710718,0.18516409643665602,53.534056036391135,cube,whitened
815,21,transport_free,True,10,359.1191939520468,359.1191939520468,391.59094935034636,56.97798033638049,1.090420551018043,0.15866035927889935,47.7859402002605,cube,whitened
816,21,transport_free,True,10,389.50341563830773,389.50341563830773,410.2533983266163,57.33302170314038,1.0532729158595544,0.14719517057169978,43.57308114975214,cube,whitened
817,21,transport_free,True,10,405.63411422405716,405.63411422405716,428.8995999536261,86.61029821812333,1.0573558409259383,0.2135182796047648,78.72504398203952,cube,whitened
818,21,interaction,True,10,422.7532196150845,422.7532196150845,415.1500206648114,92.18054361561128,0.9820150418790523,0.21804811729060605,82.15257854282885,cube,whitened
819,21,interaction,True,10,410.2122379713825,410.2122379713825,371.52110746847654,72.0730902938061,0.9056802139930181,0.17569707488549896,63.11053724612748,cube,whitened
820,21,interaction,True,10,365.7349715938901,365.7349715938901,311.4177248338556,100.44104232739085,0.8514846788555182,0.2746279413468832,87.20527990898876,cube,whitened
821,21,interaction,True,10,306.60380835459773,306.60380835459773,108.13171178577525,222.58957078833367,0.35267569690692574,0.72598436393491,209.3953903310171,cube,whitened
822,21,interaction,True,10,42.658183813107,42.658183813107,78.10568913907291,75.87948053108691,1.8309661161681814,1.778778976234156,65.05647153430024,cube,whitened
823,21,interaction,True,10,61.79373570119287,61.79373570119287,241.7665325239298,144.15149582495144,3.9124763987891207,2.3327849366803814,140.24760207229528,cube,whitened
824,21,interaction,True,10,228.44368742055863,228.44368742055863,289.6161742084529,64.64679341494562,1.2677792828447798,0.2829878739259388,61.406939851954824,cube,whitened
825,21,interaction,True,10,280.57418551301737,280.57418551301737,383.8127082356019,130.71370004833597,1.3679544592950257,0.4658792818353257,135.63303668502382,cube,whitened
826,21,interaction,True,10,377.5197759548739,377.5197759548739,415.179930346663,99.07746807529298,1.0997567724671746,0.26244312056154645,91.35380505179543,cube,whitened
827,21,transport_free,True,10,409.56629727072004,409.56629727072004,408.12166876481604,79.38120170115724,0.9964727847102391,0.19381770968495218,57.67474351093913,cube,whitened
828,21,transport_free,True,10,402.9206035643344,402.9206035643344,369.6410623083625,117.06890243789451,0.9174042206787816,0.290550796862395,100.34099722382398,cube,whitened
829,21,transport_free,True,10,365.48784495204416,365.48784495204416,324.20289518765605,97.0812776967841,0.8870415245415203,0.265621084360609,81.02366919856203,cube,whitened
830,21,transport_free,True,10,321.72671773756736,321.72671773756736,311.0297394318228,91.72812582482068,0.9667513522626676,0.28511193123737816,71.68606761726494,cube,whitened
831,21,transport_free,True,10,308.4217423850786,308.4217423850786,325.5399012043755,69.64095203684226,1.055502438598911,0.22579780367718813,57.788259380406096,cube,whitened
832,21,transport_free,True,10,323.73739602124806,323.73739602124806,345.31697822969295,67.35804631860026,1.066657675244378,0.20806384170143663,51.56899582210873,cube,whitened
833,21,transport_free,True,10,344.2110496142187,344.2110496142187,372.6599978919364,56.017521800580695,1.082649724085274,0.16274178839802914,40.06062058918539,cube,whitened
834,21,transport_free,True,10,371.08634637027683,371.08634637027683,401.3027582423881,56.49232324231437,1.081426902842609,0.15223498195200447,43.06580816890594,cube,whitened
835,21,transport_free,True,10,398.5865060893947,398.5865060893947,401.185256959776,54.67213295252532,1.0065199168328054,0.13716503724354254,37.471714208991074,cube,whitened
836,22,transport_free,True,10,250.51715297041562,250.51715297041562,267.76111743861594,43.8933534732673,1.0688334681427452,0.17521097039790645,39.389610834039146,cube,whitened
837,22,transport_free,True,10,241.84553813759976,241.84553813759976,270.8491435742411,53.628952891621296,1.1199261547680055,0.22174877942593557,41.8888186598078,cube,whitened
838,22,transport_free,True,10,225.07331061331817,225.07331061331817,245.7445903766785,42.78180951620449,1.091842429948854,0.19007944300292787,43.83274572982087,cube,whitened
839,22,interaction,True,10,216.11637798504825,216.11637798504825,218.50942024994112,53.75724130000043,1.0110729334222806,0.24874209812881262,51.77104574399413,cube,whitened
840,22,interaction,True,10,216.18252234390906,216.18252234390906,148.3227588724398,65.87256151211224,0.6860996775515641,0.3047080809211781,63.007773231022455,cube,whitened
841,22,interaction,True,10,126.71046272676949,126.71046272676949,62.94450695024125,64.76636510090998,0.49675855959875104,0.5111366789068407,54.37512982470207,cube,whitened
842,22,interaction,True,10,33.79646195591987,33.79646195591987,59.426444525006,66.75162496094838,1.7583628902491293,1.975106892786924,54.85435806557657,cube,whitened
843,22,interaction,True,10,45.700527594226855,45.700527594226855,123.47393086852921,136.99884724428154,2.7018053700571967,2.9977519835370128,133.501388608738,cube,whitened
844,22,interaction,True,10,117.02953529963816,117.02953529963816,180.58233594179407,354.2278859208244,1.5430492437608818,3.026824681597447,344.14484190898645,cube,whitened
845,22,interaction,True,10,138.229416169601,138.229416169601,288.3391749304212,152.3783424244648,2.0859465584130272,1.102358287019774,139.21178944613044,cube,whitened
846,22,interaction,True,10,261.7964516341141,261.7964516341141,420.76785551467,131.26998254022288,1.6072328440216366,0.5014200220088751,119.16461228756286,cube,whitened
847,22,interaction,True,10,253.47235347733192,253.47235347733192,234.24336559414095,172.82712189941213,0.9241377309225536,0.681838155240343,159.71924956365694,cube,whitened
848,22,static,True,10,234.24336559414093,234.24336559414093,255.7554242605512,136.5693971635155,1.0918363626301497,0.5830235439843402,152.0818904254818,cube,whitened
849,22,transport_free,True,10,227.46239560355622,227.46239560355622,371.6689608635241,169.05557467741187,1.633979805221542,0.7432242777046036,224.0705581729533,cube,whitened
850,22,transport_free,True,10,271.7443790612846,271.7443790612846,294.71563140757894,110.62313319514622,1.0845325758922646,0.4070852673283747,128.51982070351576,cube,whitened
851,22,transport_free,True,10,294.715631407579,294.715631407579,349.45082554153805,65.88635694376727,1.1857220598464377,0.22355908517335912,60.309023191344416,cube,whitened
852,22,transport_free,True,10,312.46649150630645,312.46649150630645,322.3646500724908,80.87959284338518,1.0316775041012185,0.2588424520449829,94.33316484345652,cube,whitened
853,22,transport_free,True,10,280.2850293639015,280.2850293639015,305.09430524822284,80.84695600897719,1.0885144523795125,0.2884455020393238,82.43976471788636,cube,whitened
854,22,transport_free,True,10,287.8654671018552,287.8654671018552,324.8590737022529,59.51762856360294,1.1285100535775912,0.20675501359301243,49.223503211500756,cube,whitened
855,22,transport_free,True,10,317.8848984178733,317.8848984178733,372.8280867576534,63.18364440675967,1.1728398820240746,0.19876264874873695,53.91342309248714,cube,whitened
856,22,transport_free,True,10,293.44482827288977,293.44482827288977,400.92461215065947,133.4017973330713,1.3662691365540736,0.45460606042446233,70.95194602725039,cube,whitened
857,22,interaction,True,10,362.4367301271358,362.4367301271358,387.0608692183174,107.67360249626529,1.0679405177354513,0.2970824796330534,57.197524325367965,cube,whitened
858,22,interaction,True,10,365.77030273885134,365.77030273885134,367.96110464727565,176.48559042377005,1.0059895565386796,0.4825038804470009,165.73940429482423,cube,whitened
859,22,interaction,True,10,323.1013556285161,323.1013556285161,599.4162571599677,379.1214795750916,1.8551957356970765,1.1733825097626156,381.68478552136,cube,whitened
860,22,interaction,True,10,126.17900996200785,126.17900996200785,292.4658326727542,138.24697847773422,2.3178643798268412,1.0956416484751306,132.60571026472095,cube,whitened
861,22,interaction,True,10,253.81843307150206,253.81843307150206,290.7597889657036,192.70303933605717,1.1455424472019924,0.7592160939775862,132.34407489858506,cube,whitened
862,22,interaction,True,10,93.01288365495157,93.01288365495157,348.13593859339466,241.31931965535733,3.7428786735058024,2.5944719717601257,225.4130929547106,cube,whitened
863,22,interaction,True,10,311.54403024113185,311.54403024113185,377.2810090311136,109.60912587506446,1.2110038145783184,0.35182547324122415,36.927116672711335,cube,whitened
864,22,interaction,True,10,346.5661640383625,346.5661640383625,365.2283394481234,106.32750051385545,1.0538488096826877,0.3068028894537025,87.9206062934132,cube,whitened
865,22,interaction,True,10,357.17307396935036,357.17307396935036,367.83024603054423,138.14703668331518,1.0298375573017253,0.38677897846008913,139.81252032155555,cube,whitened
866,22,transport_free,True,10,352.00997469655374,352.00997469655374,381.7475972586885,151.79022693123568,1.0844794883661173,0.4312100163129887,117.21719234693377,cube,whitened
867,22,transport_free,True,10,338.72143667317494,338.72143667317494,406.4027411301813,201.1496564843493,1.1998140570072942,0.5938497972256603,207.53291747640918,cube,whitened
868,22,transport_free,True,10,274.9073489965846,274.9073489965846,332.807777922505,115.48343148423406,1.2106179741547753,0.4200812815872333,130.1942303104107,cube,whitened
869,22,transport_free,True,10,282.3471191998714,282.3471191998714,333.9335092181451,57.967037393171935,1.1827055652788727,0.2053041573699837,62.35379303753437,cube,whitened
870,22,transport_free,True,10,290.6750463349665,290.6750463349665,321.1958103230761,59.44808020151326,1.1049996013518761,0.20451731564534373,61.07967335109393,cube,whitened
871,22,transport_free,True,10,278.0261698851695,278.0261698851695,322.53886718443596,57.621754822423384,1.1601025447268187,0.20725298933630004,67.07173896633002,cube,whitened
872,22,transport_free,True,10,283.4977369749375,283.4977369749375,342.05222965283474,56.035056551729014,1.206543069100667,0.19765609824491392,44.94767419650255,cube,whitened
873,22,transport_free,True,10,318.056010268106,318.056010268106,409.1076359964212,87.37436082572324,1.2862754445406113,0.2747137548259844,54.56283589196659,cube,whitened
874,23,transport_free,True,10,42.108817908087985,42.108817908087985,53.5836856031053,71.10612582679315,1.2725051014270647,1.6886279254382857,33.82448855638281,cube,whitened
875,23,transport_free,True,10,32.716128948301844,32.716128948301844,60.58422162606472,61.40735546172364,1.851815100796312,1.8769749794897737,36.319158674300475,cube,whitened
876,23,transport_free,True,10,45.246151197889276,45.246151197889276,74.8582969667862,62.03672589860391,1.6544677278600952,1.371093988243975,39.8157879940032,cube,whitened
877,23,interaction,True,10,60.469302254773346,60.469302254773346,79.61375050668016,57.902781272288166,1.316597803150533,0.9575566297809798,34.53351275568013,cube,whitened
878,23,interaction,True,10,69.56757584722462,69.56757584722462,75.9914109844182,56.160382429347436,1.0923394995292173,0.8072781284298257,33.68160827169587,cube,whitened
879,23,interaction,True,10,65.29178798287745,65.29178798287745,125.09185784540405,81.65919874999254,1.9158896043436422,1.2506810009768363,73.43842010760761,cube,whitened
880,23,interaction,True,10,110.85217117666491,110.85217117666491,110.99858920306963,86.41844481083298,1.0013208404025877,0.7795827893448118,80.82402804600443,cube,whitened
881,23,interaction,True,10,99.21487150045513,99.21487150045513,73.93442254723297,84.42888635777027,0.745194963508004,0.850970072136645,45.85522604447595,cube,whitened
882,23,interaction,True,10,31.751761861670204,31.751761861670204,186.26199005806956,163.58794748255337,5.866193846802548,5.152090400376552,158.46252514107508,cube,whitened
883,23,interaction,True,10,149.04136992712594,149.04136992712594,345.22846260050085,204.8636201586785,2.3163264184253065,1.3745419829329732,197.68516792768202,cube,whitened
884,23,interaction,True,10,336.1426401159498,336.1426401159498,359.72864113278905,81.23043249106632,1.070166644162441,0.24165465132018513,74.9540681495701,cube,whitened
885,23,interaction,True,10,350.4557397584217,350.4557397584217,333.410577168666,60.40851156033556,0.9513628665305771,0.1723713003016493,51.444981021296925,cube,whitened
886,23,static,True,10,326.5215076414124,326.5215076414124,318.94787583664447,69.58889813397184,0.9768051058581864,0.21312194298206757,64.87721159998071,cube,whitened
887,23,transport_free,True,10,310.4367668722333,310.4367668722333,285.1008488825747,114.63358904739135,0.9183862200185646,0.36926550357539056,119.40005949379402,cube,whitened
888,23,transport_free,True,10,275.1473393822149,275.1473393822149,244.47954202245376,69.08328910982262,0.8885404546210798,0.25107743823703516,68.67291262891548,cube,whitened
889,23,transport_free,True,10,239.90572344541067,239.90572344541067,242.61476229018456,53.28784662911609,1.0112920976034585,0.22211994721852257,47.279635317542606,cube,whitened
890,23,transport_free,True,10,238.38111527428944,238.38111527428944,248.18257977975955,49.92445893963641,1.0411167826536603,0.20943126674355736,47.80647889723399,cube,whitened
891,23,transport_free,True,10,243.06881794796993,243.06881794796993,267.7178655903913,49.818241144546846,1.101407691247742,0.20495529441053473,47.001321060873195,cube,whitened
892,23,transport_free,True,10,262.76677376583535,262.76677376583535,287.0841428595618,53.654847847021585,1.0925435462985775,0.20419190401460768,43.19741336581195,cube,whitened
893,23,transport_free,True,10,283.3371974430804,283.3371974430804,318.8526935494624,59.33360097079504,1.1253471002991646,0.20940985336990411,42.32808995502051,cube,whitened
894,23,interaction,True,10,310.49878357551097,310.49878357551097,312.29573086119433,54.37401021885026,1.005787292513648,0.17511827129469867,45.592253822415785,cube,whitened
895,23,interaction,True,10,304.35029101802184,304.35029101802184,310.5142435721866,52.674022913344885,1.020252822934872,0.1730703878650993,39.322397138163375,cube,whitened
896,23,interaction,True,10,304.2992068068677,304.2992068068677,260.6959129044004,72.24662166242243,0.8567091437404194,0.23741968446298264,61.56006979386777,cube,whitened
897,23,interaction,True,10,254.58277456710078,254.58277456710078,115.99137741047998,122.58372944398141,0.45561361175246345,0.4815083410589188,123.91903782737573,cube,whitened
898,23,interaction,True,10,102.43674231579121,102.43674231579121,100.67741538789431,54.0582750031581,0.982825235475829,0.5277234884774807,55.94153573112588,cube,whitened
899,23,interaction,True,10,86.88625932888652,86.88625932888652,231.63586694020398,208.74635175280991,2.665966618074827,2.4025243273812955,207.08814375544867,cube,whitened
900,23,interaction,True,10,223.75162640293723,223.75162640293723,307.0069991036257,93.21989106474854,1.3720883465256257,0.41662218310259763,80.62967830290299,cube,whitened
901,23,interaction,True,10,301.6031599929079,301.6031599929079,367.04830118733014,69.17827625995302,1.2169909002145773,0.22936853931364556,64.5403011085978,cube,whitened
902,23,interaction,True,10,358.67210232372025,358.67210232372025,371.7224490032265,54.10054935321946,1.0363851735190923,0.15083567693924213,41.17457313941966,cube,whitened
903,23,transport_free,True,10,364.4151697996191,364.4151697996191,354.9909831271277,78.19689521302337,0.9741388738628157,0.21458188816898452,74.81909224077044,cube,whitened
904,23,transport_free,True,10,347.6552424547505,347.6552424547505,330.8003042042741,110.26519905336309,0.951518239358435,0.317168233318716,109.202273045484,cube,whitened
905,23,transport_free,True,10,325.26537291087425,325.26537291087425,287.83629571426457,84.47101548915114,0.8849275689519351,0.25969876452940777,85.901414314611,cube,whitened
906,23,transport_free,True,10,282.36433112114275,282.36433112114275,250.11281882355684,58.593047093275096,0.8857805014906467,0.2075086710160177,54.22097708183714,cube,whitened
907,23,static,True,10,243.48307958744118,243.48307958744118,250.6298681547135,53.01582319482952,1.0293523006994239,0.217739250237264,45.80130566947718,cube,whitened
908,23,transport_free,True,10,244.87313314091742,244.87313314091742,279.8017498176017,57.84615210582233,1.1426396445729465,0.2362290683499914,50.49019617471864,cube,whitened
909,23,transport_free,True,10,275.9471121764178,275.9471121764178,327.27067526158726,61.45636957308605,1.1859905787032023,0.22271068208822536,47.63422823837999,cube,whitened
910,23,transport_free,True,10,323.3110948270334,323.3110948270334,361.38666024222823,61.175820330614826,1.1177675805884877,0.1892165821384601,44.809064981258324,cube,whitened
911,23,transport_free,True,10,352.9091366756595,352.9091366756595,358.4994709314946,59.08222342047081,1.0158407184027454,0.16741483084573755,45.29345942858574,cube,whitened
912,24,transport_free,True,10,41.687617766863156,41.687617766863156,56.97848618698221,28.02187640241577,1.3667964071641803,0.6721870402652255,47.42669314448367,cube,whitened
913,24,transport_free,True,10,42.76324896056472,42.76324896056472,51.345885962819736,34.26211207150373,1.2007012378823163,0.8012046068599572,42.93794538439589,cube,whitened
914,24,transport_free,True,10,40.47487081013122,40.47487081013122,45.39342805400818,28.7585615116965,1.1215212586335372,0.7105288030838625,41.629750265620714,cube,whitened
915,24,interaction,True,10,43.448484463346105,43.448484463346105,75.69394036331833,40.83951046995492,1.742153755148239,0.9399524741630019,46.1103802808941,cube,whitened
916,24,interaction,True,10,63.07401543377972,63.07401543377972,67.5820178846134,65.3298021839905,1.0714716261495443,1.0357641214800901,50.792022357195954,cube,whitened
917,24,interaction,True,10,56.68707199862094,56.68707199862094,55.4901938094659,72.67189744587466,0.9788862231377173,1.2819836143176102,55.213278746072426,cube,whitened
918,24,interaction,True,10,43.36691462534344,43.36691462534344,50.888401388572866,62.46335064082268,1.1734383648965865,1.4403457377693953,57.99045696126736,cube,whitened
919,24,interaction,True,10,39.58245199594209,39.58245199594209,75.06907799886577,99.60574770752304,1.8965241973024232,2.5164117603865073,73.46083682442543,cube,whitened
920,24,interaction,True,10,44.477922610798515,44.477922610798515,668.2866597841098,460.36062424932004,15.02513203307433,10.35031757840129,452.3160060353635,cube,whitened
921,24,interaction,True,10,341.24406516890787,341.24406516890787,235.20844210819394,166.79128221585887,0.6892674953680769,0.4887741626606783,147.79758900260816,cube,whitened
922,24,interaction,True,10,228.9734288493266,228.9734288493266,174.14809590137486,110.09285567772639,0.7605602832456645,0.48081061733224845,41.57608901369726,cube,whitened
923,24,interaction,True,10,162.98900488241947,162.98900488241947,167.95050377574444,104.95202530121736,1.0304406968856838,0.6439208913320866,50.22282816392038,cube,whitened
924,24,static,True,10,167.95050377574444,167.95050377574444,131.97047106937148,106.20911783423244,0.785770022134526,0.6323834430175211,93.57238610236708,cube,whitened
925,24,transport_free,True,10,126.86579475696175,126.86579475696175,234.34574294321376,185.69474449646805,1.8471940635547397,1.4637100950039812,204.8260010987947,cube,whitened
926,24,transport_free,True,10,182.38476576354748,182.38476576354748,234.21119477361685,171.5465019016898,1.284159857283583,0.9405747304799078,193.39201282608298,cube,whitened
927,24,transport_free,True,10,136.50066294466438,136.50066294466438,188.82372587997344,75.20831653633981,1.383317280711817,0.550974001985824,68.46125102336602,cube,whitened
928,24,transport_free,True,10,177.124534742467,177.124534742467,164.71582795729748,60.6625272047352,0.9299436026566767,0.3424851745859851,64.49672594908947,cube,whitened
929,24,transport_free,True,10,163.4755721916822,163.4755721916822,171.7858729380958,52.97987204457419,1.0508351225507222,0.32408433464574754,50.370191965292676,cube,whitened
930,24,transport_free,True,10,164.04691507292668,164.04691507292668,183.0549982830276,60.28427602580412,1.1158697998170275,0.36748192429589355,45.001712189220804,cube,whitened
931,24,transport_free,True,10,164.10550936632896,164.10550936632896,199.65900655697743,86.77616029726187,1.2166502351318578,0.5287827363769576,72.12818000226481,cube,whitened
932,24,interaction,True,10,156.47393336666212,156.47393336666212,162.71204534872408,108.09207440473655,1.039866780669751,0.6907992409920868,48.698803979322804,cube,whitened
933,24,interaction,True,10,138.96144180951876,138.96144180951876,325.40697098905633,186.98021518559818,2.3417069278477087,1.3455546571105754,186.36799049519928,cube,whitened
934,24,interaction,True,10,272.4462072049033,272.4462072049033,617.7420818859828,266.87805316942547,2.267391013527257,0.9795623727244985,248.6563030917044,cube,whitened
935,24,interaction,True,10,312.8986690626419,312.8986690626419,434.1551957088584,326.92210478302337,1.3875265018207577,1.0448178183767667,258.67964389156947,cube,whitened
936,24,interaction,True,10,195.10452449871792,195.10452449871792,275.9898720136461,86.32459800161416,1.4145744324625322,0.44245308110310594,75.52533476373222,cube,whitened
937,24,interaction,True,10,254.37177789643755,254.37177789643755,534.1762529355115,568.0112529952607,2.099982385439751,2.232996355541122,572.0689140505054,cube,whitened
938,24,interaction,True,10,362.35874186700073,362.35874186700073,269.3829114437531,252.5347940627939,0.7434149651138449,0.6969192815982446,173.40640499411145,cube,whitened
939,24,interaction,True,10,243.56106287885203,243.56106287885203,175.19451388443653,104.49600172216148,0.7193042755425106,0.4290341012928577,56.13913087778793,cube,whitened
940,24,interaction,True,10,175.19451388443656,175.19451388443656,203.10993053776994,155.08335174338848,1.159339559409647,0.8852066671772953,100.02540539978911,cube,whitened
941,24,interaction,True,10,199.8544967119942,199.8544967119942,165.2519079664828,111.94950031127803,0.8268610948725542,0.560155023544984,88.48777419489744,cube,whitened
942,24,transport_free,True,10,159.7866543701349,159.7866543701349,211.9027637033716,129.2485769749211,1.3261605891848345,0.8088821778289792,145.05708750893032,cube,whitened
943,24,transport_free,True,10,177.9424218919259,177.9424218919259,283.67691156219877,139.13097670718193,1.5942061962857355,0.7818876197587314,174.84989532300057,cube,whitened
944,24,transport_free,True,10,167.66289664103746,167.66289664103746,251.35107520076733,123.28929051374573,1.499145489171074,0.7353403345864015,120.98540400637498,cube,whitened
945,24,transport_free,True,10,203.59522035365154,203.59522035365154,159.78062793831418,56.82724369230134,0.7847955745757195,0.27911875138124836,56.4701900445551,cube,whitened
946,24,transport_free,True,10,159.78062793831418,159.78062793831418,184.1203813911565,68.49480599130666,1.152332318172132,0.4286802904401537,64.14231534582623,cube,whitened
947,24,transport_free,True,10,169.2599041133991,169.2599041133991,222.9180957597584,62.61360893258989,1.3170165546732786,0.3699258206517749,53.63080291429741,cube,whitened
948,24,transport_free,True,10,187.90184507921177,187.90184507921177,214.39155876873048,74.7377334723979,1.1409763362267769,0.3977488003957147,52.7162360383444,cube,whitened
949,24,static,True,10,171.67148963117825,171.67148963117825,189.35345749161633,106.16224281913168,1.102998860780123,0.6184034579487387,49.46332068476959,cube,whitened
950,25,transport_free,True,10,438.3446072298765,438.3446072298765,482.93624545916066,70.03731913827127,1.1017273567275792,0.15977684676189555,49.99178235582756,cube,whitened
951,25,transport_free,True,10,465.2520666873978,465.2520666873978,500.3260848072682,71.01728914305728,1.0753871301842848,0.15264260865878904,52.21291584244829,cube,whitened
952,25,transport_free,True,10,429.35882442265927,429.35882442265927,425.981112439801,102.51538487241518,0.9921331255101135,0.23876389406986873,53.61188384265167,cube,whitened
953,25,interaction,True,10,395.72096380437625,395.72096380437625,449.9798359769977,97.90573670366746,1.1371139695278925,0.24741104378808432,59.16968547883006,cube,whitened
954,25,interaction,True,10,398.877817279546,398.877817279546,396.5476689981434,136.0915589020384,0.9941582404925529,0.34118608006386375,130.39871592026375,cube,whitened
955,25,interaction,True,10,331.3576007357406,331.3576007357406,455.1773048329171,150.89464692311196,1.3736739517133436,0.4553830863938782,155.96826477675674,cube,whitened
956,25,interaction,True,10,421.9243430003469,421.9243430003469,447.61351143293246,183.90518474498055,1.0608857224257489,0.4358724207217154,200.79213684278852,cube,whitened
957,25,interaction,True,10,254.8420168954052,254.8420168954052,314.42687014458505,129.53636044622306,1.2338109467781966,0.5083006406254769,108.55751062420961,cube,whitened
958,25,interaction,True,10,290.9751140258239,290.9751140258239,413.8300124655883,204.802459081905,1.4222178891520636,0.7038487114871579,153.51986638660117,cube,whitened
959,25,interaction,True,10,346.4064320195739,346.4064320195739,372.9736097518693,111.77269819174538,1.0766936617700973,0.32266346077958963,90.3038524100982,cube,whitened
960,25,interaction,True,10,367.03896453015955,367.03896453015955,447.9328173221758,82.64265783218266,1.2203958179087802,0.225160448395369,40.78444255503641,cube,whitened
961,25,interaction,True,10,440.43798543988623,440.43798543988623,475.3589323088329,93.41657654265836,1.0792868644925562,0.21209927306646545,84.99144659545996,cube,whitened
962,25,transport_free,True,10,457.8590510073939,457.8590510073939,441.80434039299416,63.73603985833303,0.9649352555571945,0.1392044991097135,57.341803183074276,cube,whitened
963,25,transport_free,True,10,439.2909240345127,439.2909240345127,464.480664646198,110.85217826958103,1.0573418189029242,0.2523434293872914,107.25440046762057,cube,whitened
964,25,transport_free,True,10,462.05436709141554,462.05436709141554,469.7974085720907,96.46306735870404,1.01675785801878,0.20876995052753006,92.83225121797281,cube,whitened
965,25,static,True,10,465.94468993731755,465.94468993731755,469.1504384758135,68.06031175821366,1.0068801053166356,0.14606950830874293,54.55413612871039,cube,whitened
966,25,transport_free,True,10,465.52413298010896,465.52413298010896,477.47750519522725,65.99109541976242,1.025677234257647,0.14175655083080752,56.55606999755071,cube,whitened
967,25,transport_free,True,10,469.31521772079657,469.31521772079657,478.8237825420755,52.164821409432776,1.0202605082090812,0.11115092679663863,42.68960699185305,cube,whitened
968,25,transport_free,True,10,473.6137420973974,473.6137420973974,473.18039822910396,60.78684097740029,0.9990850268271897,0.12834686913476348,56.45201564067331,cube,whitened
969,25,transport_free,True,10,471.4390581911887,471.4390581911887,477.07251106150386,46.992698592275275,1.0119494827007536,0.09967926453225208,41.516609737682494,cube,whitened
970,25,interaction,True,10,475.11430816536756,475.11430816536756,428.15547128394485,65.40944618119497,0.9011630757601216,0.13767096687483604,62.66959055187499,cube,whitened
971,25,interaction,True,10,425.7526887521229,425.7526887521229,328.76961655878074,91.21669151619614,0.7722079630839241,0.21424806918671824,90.30288669926438,cube,whitened
972,25,interaction,True,10,310.7113946289112,310.7113946289112,361.1147223026537,223.57265990873958,1.1622191156971897,0.7195508879735707,220.8109871360642,cube,whitened
973,25,interaction,True,10,328.7155742722948,328.7155742722948,273.8900913056144,161.24735326006714,0.8332130046224546,0.4905376133060744,161.10604272893752,cube,whitened
974,25,interaction,True,10,230.70913307151548,230.70913307151548,264.49061922650526,70.29456748731937,1.1464245723836088,0.30468914061381946,58.56036285325659,cube,whitened
975,25,interaction,True,10,253.86481493274943,253.86481493274943,376.3674141360603,133.34267725320888,1.4825505229456972,0.5252507216824525,119.62932258731115,cube,whitened
976,25,interaction,True,10,345.45195600856243,345.45195600856243,371.6393342730502,155.42239276175548,1.0758061368853233,0.44991029883733863,87.12091993692977,cube,whitened
977,25,interaction,True,10,363.7513280501647,363.7513280501647,448.4265778172288,124.59746302614946,1.2327833419082022,0.34253473023462416,100.46322782428115,cube,whitened
978,25,interaction,True,10,440.9121391726885,440.9121391726885,487.93504568065464,79.80131116335319,1.106649153720735,0.18099141319422382,61.26443012299265,cube,whitened
979,25,static,True,10,481.15585450920184,481.15585450920184,463.0887319112162,67.37386121495767,0.9624505813892364,0.14002502636839304,58.08383715398485,cube,whitened
980,25,transport_free,True,10,459.11762482803334,459.11762482803334,469.16290668401416,104.84508738230818,1.0218795387342043,0.22836214885363823,101.07612884871114,cube,whitened
981,25,transport_free,True,10,466.6802044223077,466.6802044223077,447.3158536540771,69.34776106666843,0.9585061663538926,0.14859803439169306,66.18368178756093,cube,whitened
982,25,transport_free,True,10,443.1163964824549,443.1163964824549,426.3746184858211,67.72736943156104,0.9622181031224903,0.1528432934759224,48.237192572114935,cube,whitened
983,25,transport_free,True,10,417.55193630290205,417.55193630290205,442.1321302994849,72.12793582760331,1.0588673931540622,0.17274003436851507,51.486835395650566,cube,whitened
984,25,transport_free,True,10,432.9724662494534,432.9724662494534,464.2591958834252,62.36653678329043,1.0722603215511313,0.14404273168575685,50.505328248623684,cube,whitened
985,25,transport_free,True,10,458.1506919205823,458.1506919205823,481.34824254457305,56.25587455938653,1.0506330144929956,0.12278902018800869,44.875698892543326,cube,whitened
986,25,transport_free,True,10,478.97994498090895,478.97994498090895,444.4201354546745,88.26954652123133,0.9278470635600162,0.18428651856133466,84.90325069259795,cube,whitened
987,25,static,True,10,442.0131581944554,442.0131581944554,463.8364594537431,72.07466620552525,1.0493725149460074,0.16306000142606014,69.78181639824791,cube,whitened
988,26,transport_free,True,10,251.38865350096668,251.38865350096668,267.08454581375133,51.50884232441429,1.0624367571654314,0.20489724419569405,44.84483855748653,cube,whitened
989,26,transport_free,True,10,233.44179961515172,233.44179961515172,258.968688852761,48.32133859586726,1.109350121870601,0.2069952282561607,42.6433061837452,cube,whitened
990,26,transport_free,True,10,231.8097323373106,231.8097323373106,246.91525387772157,44.5065449149611,1.0651634484372323,0.1919960152932613,40.71358514003269,cube,whitened
991,26,interaction,True,10,234.3284786575909,234.3284786575909,246.76880974569224,41.8068032537919,1.0530892837241503,0.17841110689273704,42.74590320614314,cube,whitened
992,26,interaction,True,10,238.74726467945885,238.74726467945885,197.8666246605435,77.58592479896625,0.8287702266503386,0.3249709474290012,78.67572645082535,cube,whitened
993,26,interaction,True,10,190.15043112336048,190.15043112336048,77.03889713436966,110.22314155379769,0.4051471073678004,0.5796628537870114,112.23297499750907,cube,whitened
994,26,interaction,True,10,62.548129787802225,62.548129787802225,48.9139671878418,67.00152194185186,0.782021258729637,1.0711994454375855,68.31172351741552,cube,whitened
995,26,interaction,True,10,36.857730209285464,36.857730209285464,63.22293182075626,72.49572398830254,1.7153235281110362,1.9669069032915896,58.09973139559877,cube,whitened
996,26,interaction,True,10,49.54413615093327,49.54413615093327,563.8968753314841,561.9360897242183,11.381707688143068,11.34213114569832,551.2967658888856,cube,whitened
997,26,interaction,True,10,364.145242178397,364.145242178397,518.1499040795135,296.4969567927231,1.4229209778489118,0.8142271886322421,184.34663006060512,cube,whitened
998,26,interaction,True,10,326.0616115235929,326.0616115235929,408.12999886142586,184.65685845836686,1.251695950818469,0.5663250500281773,107.69180026580793,cube,whitened
999,26,interaction,True,10,340.33432683814544,340.33432683814544,404.980624496729,138.10712604962106,1.1899493896462807,0.4057984022143655,52.62777594752687,cube,whitened
1000,26,static,True,10,340.63776723867335,340.63776723867335,426.95839547401465,110.93027001185106,1.2534088599014899,0.3256546416185437,102.00911573768428,cube,whitened
1001,26,transport_free,True,10,382.34041402539503,382.34041402539503,433.35984300213295,170.8937256067273,1.1334398015621472,0.4469674649548727,169.6356497595668,cube,whitened
1002,26,transport_free,True,10,379.2530010901351,379.2530010901351,454.39070995838597,170.81453898262794,1.1981202749939301,0.45039732972879315,174.60117266744396,cube,whitened
1003,26,static,True,10,415.4717630915026,415.4717630915026,440.31178439861463,83.45370319980945,1.059787507873649,0.2008649217911586,83.46666159172439,cube,whitened
1004,26,transport_free,True,10,412.275678620989,412.275678620989,435.18987403477644,84.5121561809777,1.055579789451642,0.20498942955757266,83.68075331125247,cube,whitened
1005,26,transport_free,True,10,401.57355231737665,401.57355231737665,411.7194008077571,73.30712273299547,1.0252652308196877,0.18254967815972717,77.24349432658691,cube,whitened
1006,26,transport_free,True,10,386.99147180211764,386.99147180211764,414.5001572431581,69.15027228075866,1.0710834409681944,0.17868681177583579,51.101131094971855,cube,whitened
1007,26,transport_free,True,10,396.9247048231855,396.9247048231855,387.12497808434796,89.25937162159116,0.9753108672255537,0.2248773395481965,56.625588680232035,cube,whitened
1008,26,interaction,True,10,379.7204555910431,379.7204555910431,413.7506556510205,144.26905674951576,1.0896190857219126,0.3799349090239499,66.63512115876159,cube,whitened
1009,26,interaction,True,10,401.0434187559632,401.0434187559632,392.92339638726946,153.09407786917768,0.9797527599533186,0.3817394095234764,112.25042876988365,cube,whitened
1010,26,interaction,True,10,385.99627743935866,385.99627743935866,473.05379509456316,184.43177138651885,1.225539785597755,0.47780712448837986,174.82609382488403,cube,whitened
1011,26,interaction,True,10,350.6964735333736,350.6964735333736,735.8791318631306,395.8865199323474,2.098336274810307,1.1288580006056816,416.8006666548048,cube,whitened
1012,26,interaction,True,10,257.34632334883366,257.34632334883366,406.5264372225069,161.5020916442333,1.5796862062468993,0.6275671225553775,43.612540110832185,cube,whitened
1013,26,interaction,True,10,245.8486033749334,245.8486033749334,446.12950662473077,313.179663366981,1.8146513769059627,1.2738720459166646,318.98859729745817,cube,whitened
1014,26,interaction,True,10,316.20900552491565,316.20900552491565,450.4718188699304,178.4481415002183,1.42460148509096,0.5643360511000927,134.56434633907156,cube,whitened
1015,26,interaction,True,10,295.4821358291452,295.4821358291452,383.850249857642,234.36015349163023,1.2990641508006202,0.7931449149506041,65.53519111868418,cube,whitened
1016,26,interaction,True,10,307.97024573028,307.97024573028,334.91950217065323,130.5868879608315,1.0875060393463314,0.42402436524728215,80.35924709554945,cube,whitened
1017,26,transport_free,True,10,281.64705217223946,281.64705217223946,263.5272387541522,118.22592777553854,0.9356648213487916,0.41976625305930143,156.43306045825992,cube,whitened
1018,26,transport_free,True,10,257.4857588626426,257.4857588626426,297.6392229854632,169.14267617609005,1.15594440756718,0.6569010920185309,231.16342884490143,cube,whitened
1019,26,transport_free,True,10,264.61150379571785,264.61150379571785,253.66543009635114,104.45051700526557,0.9586334171328501,0.39473158009752357,137.6082120255085,cube,whitened
1020,26,transport_free,True,10,225.73438012901434,225.73438012901434,206.5874256567011,70.30686955776264,0.9151792719329234,0.31145840309119077,78.46795055485717,cube,whitened
1021,26,transport_free,True,10,203.61721448773153,203.61721448773153,242.736095037128,62.15644445077822,1.1921197117238507,0.30526124525941445,64.82893306565416,cube,whitened
1022,26,transport_free,True,10,234.69712248255763,234.69712248255763,248.99051776529996,59.40090438392829,1.0609014509063892,0.25309600627226647,66.41267042428319,cube,whitened
1023,26,transport_free,True,10,223.09685620910943,223.09685620910943,288.5678274679485,62.563474419757526,1.2934643381862492,0.28043189618555886,47.66893699975277,cube,whitened
1024,26,transport_free,True,10,237.1155438209898,237.1155438209898,208.3936718353322,81.45896397163233,0.8788697209688575,0.34354122323220493,61.11131757708793,cube,whitened
1025,26,transport_free,True,10,208.3936718353322,208.3936718353322,267.3334242163643,146.08841150982687,1.2828288971634652,0.7010213420744489,55.129710254086,cube,whitened
1026,27,transport_free,True,10,39.09590701560655,39.09590701560655,59.228962929121465,55.62737485428511,1.5149658225214746,1.4228439522346783,38.757632173492496,cube,whitened
1027,27,transport_free,True,10,42.424261279424684,42.424261279424684,62.38664032350739,55.97787417172978,1.4705415826241917,1.3194778761858714,38.51062111441012,cube,whitened
1028,27,transport_free,True,10,43.35532897631204,43.35532897631204,63.98759255305871,55.971144826069974,1.4758876028370003,1.290986509562661,40.80855908462362,cube,whitened
1029,27,interaction,True,10,41.95382547460325,41.95382547460325,65.22373756899552,57.1428746562314,1.5546553104788672,1.3620420548019594,40.33988676455261,cube,whitened
1030,27,interaction,True,10,47.618209054610816,47.618209054610816,74.71905429792419,58.50204505493472,1.5691277723660888,1.228564580995514,44.681431742518924,cube,whitened
1031,27,interaction,True,10,60.7749088391466,60.7749088391466,66.4339437678735,50.08535768940038,1.0931146592700733,0.8241124280739223,32.9967745616399,cube,whitened
1032,27,interaction,True,10,50.89998428180044,50.89998428180044,45.803796880809045,50.27167412243618,0.8998784091410109,0.9876559851986257,37.85518447313626,cube,whitened
1033,27,interaction,True,10,33.85371962177818,33.85371962177818,87.34668856930261,80.24660627279287,2.5801208713595027,2.37039259405841,66.840697244278,cube,whitened
1034,27,interaction,True,10,71.26132340983608,71.26132340983608,625.7493580796156,593.4535848410013,8.781051601874188,8.327849616655982,587.7051213086595,cube,whitened
1035,27,interaction,True,10,351.1426292813413,351.1426292813413,354.89952752938336,250.14899513670088,1.0106990662333737,0.712385721006484,175.10047813330738,cube,whitened
1036,27,interaction,True,10,215.9752726651346,215.9752726651346,129.61262641922661,116.46275476155242,0.6001271572426183,0.5392411516577901,110.10107778265218,cube,whitened
1037,27,interaction,True,10,118.96668109976392,118.96668109976392,141.37707769414777,79.97442692984718,1.1883754038291678,0.6722422294254109,67.91433472050001,cube,whitened
1038,27,static,True,10,136.64138798191738,136.64138798191738,191.09436613335578,112.6070108674918,1.3985101363186132,0.8241061696650344,112.40195403027597,cube,whitened
1039,27,transport_free,True,10,171.52755875549627,171.52755875549627,298.3384689262158,202.96215248427563,1.739303416260252,1.1832626427895925,229.73793451356178,cube,whitened
1040,27,transport_free,True,10,196.95439936580334,196.95439936580334,196.79358439178736,117.29459016897815,0.9991834913333553,0.5955418642420215,112.54049254560267,cube,whitened
1041,27,transport_free,True,10,177.07372554162896,177.07372554162896,228.31055065786813,71.00964499393926,1.2893530644341342,0.4010173998244891,53.482258856359124,cube,whitened
1042,27,transport_free,True,10,188.61432251294886,188.61432251294886,185.4295848874898,63.950490770973985,0.9831150806416601,0.3390542664997438,56.32670631144283,cube,whitened
1043,27,transport_free,True,10,182.73952010063317,182.73952010063317,202.9678265311407,52.23324465700958,1.1106947551321573,0.2858344195510919,41.05274853227624,cube,whitened
1044,27,transport_free,True,10,185.3745115196616,185.3745115196616,222.45800494453744,50.691727535049,1.2000463446720537,0.2734557578573709,45.028211756606375,cube,whitened
1045,27,transport_free,True,10,175.3637951549833,175.3637951549833,195.84696681474287,107.63158336794399,1.1168038798524913,0.6137617133161447,67.90634992306474,cube,whitened
1046,27,interaction,True,10,168.18048594237345,168.18048594237345,180.0279182158353,102.95971264971458,1.070444749918973,0.6121977355029966,69.70521749917374,cube,whitened
1047,27,interaction,True,10,165.39024350285564,165.39024350285564,183.29135298129808,146.96680044984754,1.108235583304727,0.8886062281376954,103.45740682436023,cube,whitened
1048,27,interaction,True,10,166.28761516418075,166.28761516418075,427.6172570735092,201.7052963980774,2.571552046442604,1.2129904936030727,193.6881781615137,cube,whitened
1049,27,interaction,True,10,280.80228760771007,280.80228760771007,826.7973246286765,241.91829793074862,2.9444109293858007,0.8615253814054262,230.12980155936054,cube,whitened
1050,27,interaction,True,10,218.1783957394024,218.1783957394024,318.3473911182541,257.1588803333381,1.459115097255074,1.1786633569370222,111.50617949176899,cube,whitened
1051,27,interaction,True,10,164.61493525322032,164.61493525322032,391.6020036802463,297.27561333368294,2.378897170404746,1.8058848237336194,288.6766132752732,cube,whitened
1052,27,interaction,True,10,325.25100141337015,325.25100141337015,700.806452078172,241.24473059774374,2.1546634723116456,0.7417186405250737,144.13312257112153,cube,whitened
1053,27,interaction,True,10,281.08354619387575,281.08354619387575,221.01646192834238,147.76209200594036,0.7863016705214668,0.5256874477598283,141.96411494378944,cube,whitened
1054,27,interaction,True,10,211.2506254902371,211.2506254902371,148.38995375029592,107.87341765374453,0.7024355710471197,0.51064188521766,64.74001746416289,cube,whitened
1055,27,transport_free,True,10,107.96165380667668,107.96165380667668,175.68335425499677,101.64730635637645,1.6272755007031208,0.9415130536847173,84.23468524147566,cube,whitened
1056,27,transport_free,True,10,139.32283758426877,139.32283758426877,265.8539494555516,185.14717059601918,1.9081864399635922,1.3289075488721207,210.38483456145974,cube,whitened
1057,27,transport_free,True,10,148.4791408828221,148.4791408828221,198.64182724228607,130.74652581045274,1.337843323050015,0.8805716751394479,129.5597269762126,cube,whitened
1058,27,transport_free,True,10,165.48525626583753,165.48525626583753,171.1054378392765,120.0621161952451,1.03396182657149,0.7255154864211942,88.79683400391036,cube,whitened
1059,27,transport_free,True,10,171.10543783927653,171.10543783927653,172.17037798132543,69.28082242709903,1.0062238825106729,0.4049013479757211,54.09352110792458,cube,whitened
1060,27,transport_free,True,10,167.16923873931052,167.16923873931052,173.17553466585,63.82649074651079,1.0359294327822233,0.38180762936920487,50.01014920515514,cube,whitened
1061,27,transport_free,True,10,151.62737872937677,151.62737872937677,199.0815849914445,48.94978827161985,1.31296594757312,0.32282948291934144,44.462684188767035,cube,whitened
1062,27,transport_free,True,10,168.4930335328706,168.4930335328706,233.80050670269432,76.13301350761414,1.387597467981269,0.4518466544954315,58.81413314549648,cube,whitened
1063,27,transport_free,True,10,162.82218194018066,162.82218194018066,209.68475671698974,106.71882363309956,1.2878144379248397,0.6554317253426014,55.92298176990744,cube,whitened
1064,28,transport_free,True,10,603.9487672804169,603.9487672804169,652.1272725026163,98.38894881644842,1.0797725036167345,0.16290942898930674,53.288512210144034,cube,whitened
1065,28,transport_free,True,10,602.8709367158013,602.8709367158013,638.2401605894336,166.00052441090594,1.058667986329395,0.275350019881884,61.03680355219721,cube,whitened
1066,28,static,True,10,621.416577678725,621.416577678725,660.0406472456104,150.63630493511022,1.0621548747720313,0.24240792786347232,38.48709271482422,cube,whitened
1067,28,interaction,True,10,624.8662490090205,624.8662490090205,651.5456773522255,136.41846264829667,1.042696222408421,0.21831626026312606,55.97994467494629,cube,whitened
1068,28,interaction,True,10,621.1836719377472,621.1836719377472,653.5252197608099,158.2293169012362,1.0520643881739118,0.2547222730559688,80.73538140490413,cube,whitened
1069,28,interaction,True,10,600.4664244599855,600.4664244599855,673.4965991545205,215.03322621000842,1.1216224117113838,0.3581103246586904,152.78626874300699,cube,whitened
1070,28,interaction,True,10,530.9961921161521,530.9961921161521,250.33900164534225,224.18597618403723,0.47145159487430405,0.4221988396764208,218.01303783282322,cube,whitened
1071,28,interaction,True,10,205.65078905959288,205.65078905959288,90.1246424697272,209.03960249377755,0.4382411702957831,1.0164784849583177,202.86629307448226,cube,whitened
1072,28,interaction,True,10,76.2532992795841,76.2532992795841,168.60409716775408,112.48754145925086,2.2111056014712767,1.475182615335938,108.79962222780503,cube,whitened
1073,28,interaction,True,10,112.32269940016037,112.32269940016037,166.84202310826822,52.6422379709592,1.485381174057058,0.46866963002212214,44.331983003284996,cube,whitened
1074,28,interaction,True,10,166.84202310826822,166.84202310826822,205.70172029497596,48.16832199518973,1.232913126218151,0.28870617304809365,42.59958297923356,cube,whitened
1075,28,interaction,True,10,205.70172029497598,205.70172029497598,191.12051335359004,47.66449719423315,0.9291148031213521,0.2317165706046713,46.13556450095787,cube,whitened
1076,28,transport_free,True,10,192.100419703044,192.100419703044,165.3850863362323,60.256849032560964,0.8609303748106888,0.3136736979841494,69.81246050035219,cube,whitened
1077,28,transport_free,True,10,165.2263387737364,165.2263387737364,148.76956491458404,82.19229592768136,0.9003986048393379,0.4974527459586017,90.1768804956592,cube,whitened
1078,28,transport_free,True,10,135.75547305422367,135.75547305422367,150.05269827580705,58.57672922453181,1.1053160134168054,0.431487054677604,67.80655652132995,cube,whitened
1079,28,static,True,10,135.250726272294,135.250726272294,145.79633023373174,41.62194338653362,1.0779707751084957,0.3077391488659225,39.20641365323243,cube,whitened
1080,28,transport_free,True,10,136.3465576673056,136.3465576673056,144.94588979704992,44.16138857750684,1.0630696680346505,0.3238907482010912,40.85707077058523,cube,whitened
1081,28,transport_free,True,10,142.94449643773214,142.94449643773214,168.26481326940308,43.54861803973349,1.177133904855866,0.3046540379307548,43.24451319121312,cube,whitened
1082,28,transport_free,True,10,156.56721744578272,156.56721744578272,176.68877836781172,50.49265444383174,1.1285170756068195,0.3224982551747572,41.5001792727925,cube,whitened
1083,28,transport_free,True,10,174.82947310608932,174.82947310608932,199.9566420100146,41.72457724613285,1.1437238725113454,0.2386587141449183,37.04020005660891,cube,whitened
1084,28,interaction,True,10,200.44802196664068,200.44802196664068,195.2569916973514,39.027398480242994,0.9741028610890797,0.19470084113246117,34.42472210382255,cube,whitened
1085,28,interaction,True,10,196.25505636002924,196.25505636002924,186.4426281312766,45.13376297278701,0.9500016539153427,0.22997503254127258,41.342013260421325,cube,whitened
1086,28,interaction,True,10,186.4426281312766,186.4426281312766,128.40475612994922,82.25355984456561,0.6887092153600078,0.4411735699555246,87.73050830758577,cube,whitened
1087,28,interaction,True,10,126.92011294241249,126.92011294241249,176.05957600740436,121.47698655444647,1.3871684473467805,0.9571137602876565,121.0086460988152,cube,whitened
1088,28,interaction,True,10,119.23375059217253,119.23375059217253,213.40292792673475,210.87817564248684,1.7897862548722363,1.7686114426088564,50.38035829759117,cube,whitened
1089,28,interaction,True,10,126.00534103784733,126.00534103784733,163.85700999885248,215.2692740639763,1.3003973375194937,1.7084138838155867,143.9550385899169,cube,whitened
1090,28,interaction,True,10,102.37753387790227,102.37753387790227,168.10152039719878,74.18963788729013,1.6419766527847839,0.7246671713715076,59.85466357439578,cube,whitened
1091,28,interaction,True,10,152.8969414405376,152.8969414405376,189.53640249769109,47.77103478720096,1.23963501631851,0.3124394401687843,42.842284258465874,cube,whitened
1092,28,interaction,True,10,189.53640249769109,189.53640249769109,206.19149242369713,42.92648650837498,1.0878727764509983,0.22648148821384276,38.881894419005,cube,whitened
1093,28,interaction,True,10,206.32563601794556,206.32563601794556,180.19245547541442,50.27010819792663,0.8733401188194658,0.24364450859395045,53.04506224775197,cube,whitened
1094,28,transport_free,True,10,180.73079225330326,180.73079225330326,158.4186408211661,89.53026812067763,0.8765448258486823,0.49537916037681323,99.56712407999889,cube,whitened
1095,28,transport_free,True,10,158.06466549524248,158.06466549524248,162.9512540667625,66.70160133676242,1.0309151229733067,0.4219893239755728,73.62888521274165,cube,whitened
1096,28,transport_free,True,10,148.2643118786017,148.2643118786017,148.09861074759482,45.15883900839795,0.9988823936866038,0.3045833379334998,48.602849559753054,cube,whitened
1097,28,transport_free,True,10,144.65314362711246,144.65314362711246,151.6725231854532,50.09197819340162,1.048525592892992,0.3462902840364739,43.772652887605595,cube,whitened
1098,28,transport_free,True,10,145.53796599021499,145.53796599021499,161.71893316370404,42.872592050358875,1.1111803855674123,0.29458012387806315,42.31000781718915,cube,whitened
1099,28,transport_free,True,10,154.4184768301434,154.4184768301434,174.85035653733092,42.125318190820124,1.1323149931705525,0.2727997261438925,38.99567491602438,cube,whitened
1100,28,transport_free,True,10,168.49654691185373,168.49654691185373,207.08092686167822,46.89444573204732,1.2289921108591577,0.2783110193740611,40.14320571752466,cube,whitened
1101,28,interaction,True,10,205.3411992358479,205.3411992358479,200.66135051293872,45.41409790876153,0.9772094020083418,0.22116408240413774,39.47382460770851,cube,whitened
1102,29,transport_free,True,10,556.7481738425474,556.7481738425474,577.315017450623,57.46806451989727,1.0369410167367554,0.10322093043119647,44.90348495799024,cube,whitened
1103,29,transport_free,True,10,558.7578343527914,558.7578343527914,592.9703678677638,100.10830932490242,1.0612296265243435,0.17916224734612943,49.407101420579195,cube,whitened
1104,29,transport_free,True,10,564.8384196866959,564.8384196866959,602.1712021187459,102.93365008741802,1.0660946230476986,0.1822355677301717,33.82197455482052,cube,whitened
1105,29,interaction,True,10,569.319475292401,569.319475292401,619.4357635043104,157.35069260148302,1.088028410034928,0.27638382214251167,59.66834508312092,cube,whitened
1106,29,interaction,True,10,566.3664153843104,566.3664153843104,597.2108035032223,190.59365561702964,1.0544601291338618,0.33652005210743563,100.40002738036802,cube,whitened
1107,29,interaction,True,10,546.3125346624986,546.3125346624986,659.2058071113561,217.11557574087465,1.206645949499586,0.39742008825590003,117.28791793737933,cube,whitened
1108,29,interaction,True,10,519.5293985964836,519.5293985964836,466.68745225614555,302.2631961619317,0.8982888235331988,0.5818019095329354,319.215563540192,cube,whitened
1109,29,interaction,True,10,316.07123422399945,316.07123422399945,77.70652119927844,212.14291586909434,0.24585129168764497,0.671187039181012,208.68616224261672,cube,whitened
1110,29,interaction,True,10,43.58184466876123,43.58184466876123,143.8994324043401,159.25405053546268,3.301820597499512,3.654137445210378,150.83198397595964,cube,whitened
1111,29,interaction,True,10,124.91143915146162,124.91143915146162,178.31073664462548,74.29086976346132,1.4274972561032975,0.5947483294414675,74.18186658387201,cube,whitened
1112,29,interaction,True,10,172.22177805305193,172.22177805305193,190.50535640080014,53.04817875250013,1.106162986786236,0.30802247748341643,37.003052158692284,cube,whitened
1113,29,interaction,True,10,183.27959330435635,183.27959330435635,187.9211346237267,52.488643673060956,1.0253249215348406,0.2863856402490902,31.995269478498418,cube,whitened
1114,29,transport_free,True,10,180.7940459637189,180.7940459637189,160.11147328312836,62.84009700410032,0.8856014722700489,0.34757835452562885,50.39588158683042,cube,whitened
1115,29,transport_free,True,10,153.36643463521628,153.36643463521628,109.65179888296964,77.02850334561495,0.7149660820099106,0.5022513793766418,65.59917061516154,cube,whitened
1116,29,transport_free,True,10,102.99375362849665,102.99375362849665,79.69149032103563,67.94292157929576,0.7737507131596214,0.659680021221181,60.74614612397532,cube,whitened
1117,29,transport_free,True,10,66.62907510687123,66.62907510687123,88.39336862916903,72.5248111971441,1.326648591285238,1.0884859362195298,56.858054655190664,cube,whitened
1118,29,transport_free,True,10,77.41075652913719,77.41075652913719,72.91960224129839,65.58148674415708,0.9419828136397512,0.847188293780237,51.59090441757459,cube,whitened
1119,29,transport_free,True,10,58.92720693163568,58.92720693163568,78.89823935659464,59.002419264356185,1.3389102159233226,1.001276360048895,45.0421316744237,cube,whitened
1120,29,transport_free,True,10,67.94609600970281,67.94609600970281,107.42508963995319,58.69279220146202,1.581034024745332,0.8638140474337274,39.38700907586557,cube,whitened
1121,29,transport_free,True,10,99.69148530424245,99.69148530424245,156.11887381698955,64.28586828980238,1.5660201404416811,0.6448481341572172,38.958766024282035,cube,whitened
1122,29,transport_free,True,10,148.2057575715165,148.2057575715165,202.81694322415387,67.07755180585883,1.3684822138322448,0.45259747600217654,54.8815230088465,cube,whitened
1123,29,interaction,True,10,195.0990068609106,195.0990068609106,197.6766054726425,50.909285734587264,1.0132117464522488,0.2609407733729847,39.883468593344844,cube,whitened
1124,29,interaction,True,10,189.43559894752514,189.43559894752514,177.91860755135642,60.772722678456006,0.939203658340062,0.3208094097207697,58.97519223796603,cube,whitened
1125,29,interaction,True,10,169.2568954113065,169.2568954113065,126.7032815955105,62.107529996444974,0.7485856412975812,0.36694239159662706,52.13752827701374,cube,whitened
1126,29,interaction,True,10,117.66879869457522,117.66879869457522,98.25044423337584,56.70425829600824,0.8349744819643969,0.4818971462706233,55.9379877214971,cube,whitened
1127,29,interaction,True,10,91.66534742497453,91.66534742497453,107.76660707324373,57.908224839764685,1.1756526331986865,0.6317351809216772,47.839116140438094,cube,whitened
1128,29,interaction,True,10,99.95773051650471,99.95773051650471,140.0699547708889,61.42803034719802,1.4012918665431382,0.6145400663839122,59.90724133212994,cube,whitened
1129,29,interaction,True,10,129.77908736487484,129.77908736487484,158.07736620846907,51.38406276621943,1.2180496058200303,0.3959348444310813,47.566663159599806,cube,whitened
1130,29,interaction,True,10,154.78393167842796,154.78393167842796,173.59282417722358,52.70113425632603,1.1215170870441005,0.3404819459284411,44.418670291475976,cube,whitened
1131,29,interaction,True,10,167.15075971974923,167.15075971974923,174.9253918972076,50.535472518911575,1.0465126942318035,0.30233468638515976,31.324791197199982,cube,whitened
1132,29,transport_free,True,10,167.886229142702,167.886229142702,151.23326331560892,61.36874649546476,0.9008080298656408,0.3655377025789399,47.819232078229014,cube,whitened
1133,29,transport_free,True,10,142.10169239526533,142.10169239526533,90.96688560052291,81.67571637393192,0.6401534286269615,0.5747694837211753,78.91600773896295,cube,whitened
1134,29,transport_free,True,10,73.51799002268865,73.51799002268865,66.12038531668733,61.74961253460876,0.8993769456466598,0.8399252008325035,49.63629096001921,cube,whitened
1135,29,static,True,10,56.177228376241544,56.177228376241544,68.40448698340776,56.455298704691,1.2176550705790492,1.0049498762485596,38.847537690085296,cube,whitened
1136,29,transport_free,True,10,57.898345824553616,57.898345824553616,79.4701342798619,64.06774166278016,1.3725803932408736,1.106555649394913,42.55374433458994,cube,whitened
1137,29,transport_free,True,10,65.73829193435238,65.73829193435238,111.38851980838064,60.30808529389887,1.6944236993503805,0.9173965967068901,39.15065367234537,cube,whitened
1138,29,transport_free,True,10,98.43023600988087,98.43023600988087,154.86345896709182,58.32106454019508,1.5733321918637473,0.5925116803980898,36.421834297252616,cube,whitened
1139,29,transport_free,True,10,145.15895006843897,145.15895006843897,179.4288690377992,61.453510975717336,1.2360854701222541,0.42335323413915216,30.79609987737101,cube,whitened
380,10,transport_free,True,10,13.122328398761141,13.122328398761141,12.026747061133065,2.365443305698162,0.9165101417724382,0.18026094408073798,1.5625918587992678,cube,targetnorm
381,10,transport_free,True,10,10.402039723785261,10.402039723785261,9.669042980671524,2.822322922545773,0.9295333643614463,0.27132399005286056,2.199107028940289,cube,targetnorm
382,10,transport_free,True,10,9.669042980671524,9.669042980671524,10.79919361735554,2.54681143237974,1.1168834018985327,0.2633985015343123,1.549347363049636,cube,targetnorm
383,10,interaction,True,10,10.086830435308187,10.086830435308187,7.989579431791786,3.440967336071009,0.7920802756656707,0.3411346466206236,2.6620619132029018,cube,targetnorm
384,10,interaction,True,10,7.767807367529308,7.767807367529308,11.946681243418315,5.068727705074921,1.5379734174868156,0.6525300468009831,3.9831172847626894,cube,targetnorm
385,10,interaction,True,10,10.477763240206462,10.477763240206462,15.627007370193844,7.832662289045867,1.49144497846908,0.7475509905577449,7.77912460331496,cube,targetnorm
386,10,interaction,True,10,10.357006837332039,10.357006837332039,16.213900903070012,9.633402766592033,1.5655006468303836,0.9301338618285198,8.483073769596283,cube,targetnorm
387,10,interaction,True,10,11.587308880365928,11.587308880365928,14.497037784209308,8.149605223829019,1.2511134322805324,0.7033216519875539,3.573463592290573,cube,targetnorm
388,10,interaction,True,10,10.302462960610798,10.302462960610798,16.209665211275393,10.510224731772361,1.5733776741784449,1.0201662235482811,7.501286792263894,cube,targetnorm
389,10,interaction,True,10,13.89515358993021,13.89515358993021,15.940995118872015,5.99273702098084,1.1472341788596294,0.43128253186951204,4.114076834723444,cube,targetnorm
390,10,interaction,True,10,15.13636894376704,15.13636894376704,15.02508073170564,3.73961637588165,0.9926476282076073,0.24706165592122248,1.977537650638778,cube,targetnorm
391,10,interaction,True,10,14.818520736783022,14.818520736783022,17.687186402355792,4.712115205385279,1.1935865068131986,0.31798823169229784,3.037458833636504,cube,targetnorm
392,10,static,True,10,17.655265028317007,17.655265028317007,16.632474787694406,4.4805215779796885,0.942068825419377,0.2537782112470954,3.5505378945624435,cube,targetnorm
393,10,transport_free,True,10,16.632474787694406,16.632474787694406,18.727413641996556,5.803332569876343,1.1259547289891036,0.3489157593174263,5.806490459931153,cube,targetnorm
394,10,transport_free,True,10,17.724416050099812,17.724416050099812,19.100935103818884,5.164456908073008,1.0776623077357361,0.2913752923354519,4.891397698325314,cube,targetnorm
395,10,transport_free,True,10,18.40406346237024,18.40406346237024,19.6801546195615,2.9940895419690365,1.0693374677717458,0.16268633001026564,2.187410833899006,cube,targetnorm
396,10,transport_free,True,10,18.474350569359622,18.474350569359622,18.672676966421374,2.5108523321464444,1.0107352297076513,0.13591018113030634,2.242925653690135,cube,targetnorm
397,10,transport_free,True,10,18.50460739078614,18.50460739078614,18.61033156423598,2.7631216674971686,1.0057133972754526,0.14932073991869663,2.3372145201640824,cube,targetnorm
398,10,transport_free,True,10,18.01303464173469,18.01303464173469,18.48995795063485,3.196628489812719,1.0264765664634412,0.17746196315008458,2.209439327701281,cube,targetnorm
399,10,transport_free,True,10,17.842466924983242,17.842466924983242,18.723583652359135,3.96080713539899,1.0493831223608514,0.22198764061336268,3.1432026706542646,cube,targetnorm
400,10,interaction,True,10,17.52170501020806,17.52170501020806,17.39223976800952,3.9000820780391736,0.9926111504489368,0.2225857629589703,1.075310925386887,cube,targetnorm
401,10,interaction,True,10,17.166001307702167,17.166001307702167,17.758868339721104,4.120867003255111,1.0345372822354921,0.2400598094680402,1.7177448775654838,cube,targetnorm
402,10,interaction,True,10,17.353744404584333,17.353744404584333,17.001255915448183,7.247147685672911,0.979688044210042,0.417612909163191,6.059805338042153,cube,targetnorm
403,10,interaction,True,10,13.682814975730453,13.682814975730453,20.205531714157566,11.757150192270458,1.4767086853104874,0.8592639901310078,11.471554186632872,cube,targetnorm
404,10,interaction,True,10,13.767597157095258,13.767597157095258,19.977935707110348,12.775138120772521,1.4510836915949807,0.9279134169166721,8.155035962111453,cube,targetnorm
405,10,interaction,True,10,13.932941161722862,13.932941161722862,18.777182140633315,17.925850072182442,1.347682583503528,1.2865804760181618,15.003530200478167,cube,targetnorm
406,10,interaction,True,10,12.701837877879708,12.701837877879708,15.720906099147678,8.440687266989258,1.2376875102874434,0.6645248780642007,5.550537571404116,cube,targetnorm
407,10,interaction,True,10,13.030054986646352,13.030054986646352,14.603283805522535,5.431589752271149,1.120738463535916,0.4168508696116501,3.993316271890972,cube,targetnorm
408,10,interaction,True,10,13.793479410632536,13.793479410632536,16.334630720029306,4.541470411685703,1.1842284483665488,0.3292476304553705,2.8751888539464856,cube,targetnorm
409,10,interaction,True,10,16.00317273388686,16.00317273388686,16.19549624794857,4.466504829311167,1.012017836541529,0.2791012072158231,1.8464671940687039,cube,targetnorm
410,10,transport_free,True,10,16.0167725548584,16.0167725548584,16.906129787577747,4.865337773666161,1.0555266193406472,0.30376517847163587,5.053135195414144,cube,targetnorm
411,10,transport_free,True,10,16.618591347358233,16.618591347358233,17.604004091538002,6.855652720850447,1.0592958045349863,0.41252911137623305,6.884187163513316,cube,targetnorm
412,10,transport_free,True,10,16.717523611494087,16.717523611494087,19.923689664463776,6.038429158528674,1.191784747997323,0.3612035669192636,5.465683770336117,cube,targetnorm
413,10,static,True,10,18.509851266813833,18.509851266813833,18.73747925698116,2.3831227038645135,1.0122976671657777,0.12874888455409664,1.607013510256857,cube,targetnorm
414,10,transport_free,True,10,18.24130777300548,18.24130777300548,18.1713793582946,4.6053098835393085,0.9961664801898489,0.25246599316494767,4.592261245332145,cube,targetnorm
415,10,transport_free,True,10,17.563275589411095,17.563275589411095,17.18560244636464,2.5067037680747677,0.978496429033195,0.14272416072466917,1.9831609116456277,cube,targetnorm
416,10,transport_free,True,10,16.815174386990954,16.815174386990954,17.20164333941536,2.7696200440229415,1.0229833448961074,0.16470956412831828,1.9486679859776619,cube,targetnorm
417,10,transport_free,True,10,16.21957472509233,16.21957472509233,15.656001185919848,4.618469871120594,0.9652534946985626,0.28474666872588444,1.6829565519542042,cube,targetnorm
418,11,transport_free,True,10,18.48656187754132,18.48656187754132,18.619389866111952,1.7986282757155307,1.0071851104305123,0.09729382281194329,1.4506504525977053,cube,targetnorm
419,11,transport_free,True,10,18.26053134634038,18.26053134634038,19.242209397584013,2.3285712031848327,1.0537595556572001,0.1275193563111462,1.852169620158122,cube,targetnorm
420,11,transport_free,True,10,18.08973463447176,18.08973463447176,17.921419943518988,1.8481804738311691,0.9906955688210023,0.10216736238403853,1.3092285527390064,cube,targetnorm
421,11,interaction,True,10,17.727746244750257,17.727746244750257,16.904417572858005,3.003225662727655,0.9535570590572918,0.16940820458872513,1.8751856548338675,cube,targetnorm
422,11,interaction,True,10,16.512187525149493,16.512187525149493,16.502101556751036,4.295488343616032,0.9993891803624992,0.2601404772731433,3.586852080061976,cube,targetnorm
423,11,interaction,True,10,14.144252277057596,14.144252277057596,15.51196828975306,5.679841811210204,1.0966976539943325,0.4015653637925476,5.054721810734369,cube,targetnorm
424,11,interaction,True,10,14.721172973616305,14.721172973616305,17.16355611624764,6.4214077458873495,1.16590954722213,0.4362021801792544,4.25352558916792,cube,targetnorm
425,11,interaction,True,10,15.6053643337813,15.6053643337813,17.798530799509834,7.39964161888439,1.1405392670635017,0.4741729485204143,4.770602444797982,cube,targetnorm
426,11,interaction,True,10,16.561255267316348,16.561255267316348,16.890523299580614,9.372134008010928,1.0198818282158888,0.5659072248289562,7.495706540526219,cube,targetnorm
427,11,interaction,True,10,15.88476200854208,15.88476200854208,17.27207166369163,4.923254312212846,1.0873358791528334,0.30993566724923866,2.907174319454457,cube,targetnorm
428,11,interaction,True,10,16.0340286448375,16.0340286448375,18.11938868218113,3.241476734693536,1.130058395399902,0.20216233901622718,2.9240704697548536,cube,targetnorm
429,11,interaction,True,10,17.8736699806541,17.8736699806541,18.293747045102492,2.669365667356434,1.0235025635419626,0.14934625458821113,1.885000772751054,cube,targetnorm
430,11,transport_free,True,10,18.11894834788138,18.11894834788138,18.75208059402634,4.072392969183416,1.0349431012213792,0.22475879344617675,3.776182908835733,cube,targetnorm
431,11,transport_free,True,10,18.63576816354268,18.63576816354268,20.29328719558904,5.557343668494919,1.0889428875429445,0.2982084569696891,5.503597235282547,cube,targetnorm
432,11,transport_free,True,10,19.033626931239134,19.033626931239134,19.670447344986407,5.5060877971067175,1.0334576492461396,0.2892821119694111,3.010658557674248,cube,targetnorm
433,11,static,True,10,19.106690630041467,19.106690630041467,19.252266040452206,2.558394266014966,1.007619080312205,0.13390043914734245,1.4653066093511102,cube,targetnorm
434,11,transport_free,True,10,19.024811470082955,19.024811470082955,19.301787527369463,2.950986710311875,1.0145586755338973,0.15511253370118194,1.6781359989831752,cube,targetnorm
435,11,transport_free,True,10,19.08131027266069,19.08131027266069,19.1600234111014,4.93922897895823,1.0041251432588194,0.25885166733204146,1.4416230482241361,cube,targetnorm
436,11,transport_free,True,10,18.967674925095523,18.967674925095523,19.689794224594294,4.766589765790117,1.0380710499494779,0.25130068838767344,1.6766291321048792,cube,targetnorm
437,11,transport_free,True,10,19.149577151590222,19.149577151590222,19.271133742518792,4.186306951457806,1.0063477428230563,0.21861093424249142,1.380174573083152,cube,targetnorm
438,11,interaction,True,10,18.52535064047694,18.52535064047694,18.864299473266666,3.0498013048313632,1.0182964867638802,0.16462853330115673,1.4367286660133947,cube,targetnorm
439,11,interaction,True,10,18.617156538171894,18.617156538171894,18.46102433477953,3.270007714866849,0.9916135311494945,0.1756448525402981,2.621577335196398,cube,targetnorm
440,11,interaction,True,10,17.36286122899741,17.36286122899741,17.317601201078816,5.826846856657058,0.9973932851664444,0.33559254893575624,4.404340216201018,cube,targetnorm
441,11,interaction,True,10,15.66643501049871,15.66643501049871,16.92316624623807,8.54218501989861,1.08021807353729,0.5452539147658129,7.619652554297252,cube,targetnorm
442,11,interaction,True,10,11.86310500394438,11.86310500394438,15.424403716684928,5.313614545246019,1.3001995440111545,0.4479109426646134,2.522791346396424,cube,targetnorm
443,11,interaction,True,10,12.557777706674212,12.557777706674212,15.606677244276304,8.968869014222875,1.2427897362748874,0.7142082957445646,7.389411538278466,cube,targetnorm
444,11,interaction,True,10,14.239780122501692,14.239780122501692,16.89029048127118,6.766857133704612,1.1861342194870799,0.47520797902009937,4.7572562834530965,cube,targetnorm
445,11,interaction,True,10,16.626019721626932,16.626019721626932,17.847561286367167,4.214825030279743,1.0734716778394813,0.2535077607779539,2.5717809520692048,cube,targetnorm
446,11,interaction,True,10,16.985089222248547,16.985089222248547,17.363649478061618,3.009449013484611,1.0222877990724475,0.17718181954220016,2.2822507476739937,cube,targetnorm
447,11,transport_free,True,10,17.29860596079871,17.29860596079871,17.519816762289004,2.5618625969539615,1.012787781974547,0.14809647683515853,2.5071895288915087,cube,targetnorm
448,11,transport_free,True,10,17.40789254725544,17.40789254725544,19.010297582144702,5.938001746695727,1.092050489772922,0.3411097426398076,5.792863369716744,cube,targetnorm
449,11,transport_free,True,10,18.465779756276962,18.465779756276962,20.193372823237652,4.562755057920193,1.093556464431102,0.24709246607196228,3.8594320668535826,cube,targetnorm
450,11,transport_free,True,10,18.52177689678694,18.52177689678694,18.810283235542734,4.062811969969339,1.0155766015519734,0.21935325064163438,2.6103925800352243,cube,targetnorm
451,11,transport_free,True,10,18.69214208343703,18.69214208343703,18.77007482807131,2.7595806889456433,1.0041692784211893,0.14763319669985214,2.180639195614119,cube,targetnorm
452,11,transport_free,True,10,18.683885134210307,18.683885134210307,18.81876156952831,3.298010594910176,1.0072188645107352,0.17651631720168834,2.9199829491467475,cube,targetnorm
453,11,transport_free,True,10,18.514604027171124,18.514604027171124,18.716227736261608,2.456043075058889,1.0108899822429143,0.1326543668692304,1.5778292226461497,cube,targetnorm
454,11,transport_free,True,10,18.642488420637804,18.642488420637804,19.01571113692506,4.099959814548394,1.0200200052624995,0.21992556583860412,1.5815727296540634,cube,targetnorm
455,11,transport_free,True,10,18.116825346937826,18.116825346937826,17.767389381664884,2.205805534854422,0.9807120751797718,0.12175452887650956,1.029584146698741,cube,targetnorm
456,12,transport_free,True,10,14.715686065421183,14.715686065421183,15.183726044730687,2.139749493833314,1.0318055153683456,0.14540603029452243,1.8064464379292196,cube,targetnorm
457,12,transport_free,True,10,14.38908274091509,14.38908274091509,14.397606873469508,2.0758145079175447,1.0005924027756252,0.1442631573738196,2.0775983358630854,cube,targetnorm
458,12,transport_free,True,10,12.833448140374438,12.833448140374438,13.981210078409099,1.5475433457621983,1.0894351950839902,0.12058671440714187,1.217959676359565,cube,targetnorm
459,12,interaction,True,10,13.456170125436849,13.456170125436849,13.607780084685613,2.02835581647746,1.0112669472692062,0.15073797355186236,0.7066298294146491,cube,targetnorm
460,12,interaction,True,10,13.607780084685613,13.607780084685613,13.036622937033577,3.8779669877472145,0.9580271621015669,0.28498160343666434,3.310273174258493,cube,targetnorm
461,12,interaction,True,10,13.036622937033577,13.036622937033577,14.54128626992787,5.394177960667104,1.1154181830802166,0.4137711113315765,4.69916539456237,cube,targetnorm
462,12,interaction,True,10,14.54128626992787,14.54128626992787,19.70472939302269,9.563956069596522,1.3550884720406808,0.657710459175491,8.010649557701452,cube,targetnorm
463,12,interaction,True,10,16.095612122819713,16.095612122819713,19.822319586131528,13.732916193730862,1.2315356157240045,0.8532086937073294,13.400666054658245,cube,targetnorm
464,12,interaction,True,10,16.90380603923121,16.90380603923121,19.39599281816341,20.507410274170716,1.1474334699030626,1.2131830089966769,19.26691495776957,cube,targetnorm
465,12,interaction,True,10,13.829656980649446,13.829656980649446,20.344785115047664,18.89011851334503,1.4710983174430308,1.3659137417346083,14.994032413373843,cube,targetnorm
466,12,interaction,True,10,15.337056822731391,15.337056822731391,17.987887625463166,5.172907369271398,1.172838298336544,0.3372816198740633,3.72078015358532,cube,targetnorm
467,12,interaction,True,10,17.26219714156207,17.26219714156207,17.442424695987917,2.48089737755345,1.010440591828946,0.14371851724368337,1.6115200610015576,cube,targetnorm
468,12,static,True,10,16.92645610569666,16.92645610569666,17.334608156327633,3.3837011649774076,1.0241132608079495,0.1999060608935506,3.227769181382064,cube,targetnorm
469,12,transport_free,True,10,16.881410388067053,16.881410388067053,15.029446275381243,5.781163961386266,0.8902956524299116,0.3424574030540003,5.731563304757352,cube,targetnorm
470,12,transport_free,True,10,14.31833979163989,14.31833979163989,14.856138641146405,5.541662021413876,1.0375601401651693,0.3870324424518483,5.564855424904246,cube,targetnorm
471,12,transport_free,True,10,13.169281124611727,13.169281124611727,16.38618667144385,6.029957115097238,1.244273435762574,0.4578805067672227,5.908811712723187,cube,targetnorm
472,12,transport_free,True,10,15.284795279853101,15.284795279853101,15.56498484013174,4.330129982746966,1.0183312602588768,0.28329656390324787,4.428280071439211,cube,targetnorm
473,12,transport_free,True,10,13.53550184270765,13.53550184270765,15.666382511824132,4.441029938390414,1.1574290110465693,0.32810234818024503,4.552689083638702,cube,targetnorm
474,12,transport_free,True,10,12.788992690952387,12.788992690952387,14.424663739436113,1.5949572446728886,1.1278967849939336,0.12471328142999456,1.1820620409288554,cube,targetnorm
475,12,transport_free,True,10,13.71663544314874,13.71663544314874,16.096433341243838,2.572738038685143,1.1734972040307285,0.18756334593482166,1.8108948453648892,cube,targetnorm
476,12,transport_free,True,10,15.991486747104858,15.991486747104858,17.148547463129937,1.8321132696983509,1.072354793167343,0.11456803852400038,1.2014936503028493,cube,targetnorm
477,12,interaction,True,10,16.2410422121348,16.2410422121348,16.183074145052963,2.8399694797757458,0.9964307667990343,0.1748637459764626,1.691287999077965,cube,targetnorm
478,12,interaction,True,10,15.682413683099355,15.682413683099355,17.208536868325005,5.812864714714334,1.097314304804389,0.3706613555908648,4.254087809836722,cube,targetnorm
479,12,interaction,True,10,15.306711946927276,15.306711946927276,15.989682044350268,8.67292392677593,1.0446189945816609,0.5666092075716472,8.283890963664383,cube,targetnorm
480,12,interaction,True,10,13.575047101570512,13.575047101570512,17.62882766091355,14.421785715718904,1.2986199995485874,1.0623746354478898,7.63027937534635,cube,targetnorm
481,12,interaction,True,10,14.405980574115137,14.405980574115137,17.528914585838045,14.351888208391417,1.2167803847614675,0.9962451451711024,6.939682244199464,cube,targetnorm
482,12,interaction,True,10,14.017141869319762,14.017141869319762,18.097077716263414,13.626120941322599,1.2910676002982944,0.9721040900033254,6.5744481667467936,cube,targetnorm
483,12,interaction,True,10,15.42744110280617,15.42744110280617,18.264871391384617,6.2557123210757,1.183920993097315,0.4054925427612113,2.913288455456116,cube,targetnorm
484,12,interaction,True,10,15.983685391934497,15.983685391934497,18.637323632095068,3.4727068372124856,1.166021676171105,0.21726571513756415,2.3470834115341797,cube,targetnorm
485,12,interaction,True,10,17.783589128855347,17.783589128855347,17.600556801974083,2.526431693576558,0.9897077960160315,0.1420653432369967,2.1542195198014373,cube,targetnorm
486,12,transport_free,True,10,16.77354894132451,16.77354894132451,16.31815669928242,4.713273402126789,0.9728505730280994,0.2809944048581653,4.6850027486,cube,targetnorm
487,12,transport_free,True,10,15.112842365381535,15.112842365381535,14.936950203644827,5.2569761883470765,0.9883614109454606,0.34784827772630317,5.191464613526456,cube,targetnorm
488,12,transport_free,True,10,13.495685141880664,13.495685141880664,15.128124372676641,4.085599517193961,1.1209600856595334,0.302733760771824,3.8134096748846904,cube,targetnorm
489,12,transport_free,True,10,13.257962198469663,13.257962198469663,15.347317878293167,2.3343835398476096,1.1575925205205875,0.17607408324916346,1.9194060854698607,cube,targetnorm
490,12,transport_free,True,10,13.523132791194264,13.523132791194264,13.826395204217189,3.620170034908746,1.0224254555290915,0.26770202517467395,3.4463700015653824,cube,targetnorm
491,12,transport_free,True,10,12.588446963426879,12.588446963426879,14.090363274874495,2.1448627416675206,1.119309102688451,0.17038342759031153,1.8046166592633486,cube,targetnorm
492,12,transport_free,True,10,14.008917027635427,14.008917027635427,15.574624688928434,2.1909221323732933,1.1117650749307981,0.1563948253852354,1.6256472379793925,cube,targetnorm
493,12,transport_free,True,10,15.348685845897727,15.348685845897727,17.061062724218466,1.8096508404767446,1.1115650483378947,0.11790265685582545,1.1439335407063562,cube,targetnorm
494,13,transport_free,True,10,11.772990012501687,11.772990012501687,12.690666789380654,2.2039228525209227,1.077947639121794,0.1872016242416401,1.4727581722282346,cube,targetnorm
495,13,transport_free,True,10,12.690666789380654,12.690666789380654,15.898695997606747,2.0185010815834046,1.252786497468401,0.15905398156639444,1.3601965511490746,cube,targetnorm
496,13,transport_free,True,10,15.611459091661247,15.611459091661247,17.159567508447147,1.7068225663750627,1.0991648767547173,0.10933139281559852,0.8333491856296287,cube,targetnorm
497,13,interaction,True,10,16.83885589299354,16.83885589299354,17.90709578058403,3.1471215861188293,1.063438982694482,0.1868964023516771,2.9604536488672206,cube,targetnorm
498,13,interaction,True,10,17.55592755213945,17.55592755213945,18.236242548342567,6.117184848237757,1.0387512989093082,0.3484398548621424,5.336216642793404,cube,targetnorm
499,13,interaction,True,10,16.67545161861137,16.67545161861137,20.21446999158437,6.47588898166304,1.2122292369595031,0.3883486414506064,5.987226285116325,cube,targetnorm
500,13,interaction,True,10,14.532518540853765,14.532518540853765,18.937197057714492,17.71970577362239,1.3030912022908012,1.21931416937875,16.709499619302733,cube,targetnorm
501,13,interaction,True,10,11.964150758997167,11.964150758997167,19.368815414251394,17.24164220118023,1.6189043254646254,1.4411087379699168,9.133873386958324,cube,targetnorm
502,13,interaction,True,10,15.074026701486282,15.074026701486282,19.035126782512954,13.909319577807281,1.2627765068663512,0.922734174036977,5.245642726289996,cube,targetnorm
503,13,interaction,True,10,16.08240005883433,16.08240005883433,19.07174098603673,8.166014424907146,1.185876543069845,0.507760930895474,3.223889148365179,cube,targetnorm
504,13,interaction,True,10,17.683187315774816,17.683187315774816,19.317120810803758,5.4213360501772305,1.0924003951239798,0.30658138453020656,3.971004656620225,cube,targetnorm
505,13,interaction,True,10,18.82345188437131,18.82345188437131,19.717950281935703,4.13170374322852,1.0475204230902557,0.21949766539148866,2.013598785901722,cube,targetnorm
506,13,static,True,10,19.312515231764344,19.312515231764344,19.762952873295525,6.091138096598501,1.023323613528616,0.3153984876387346,1.9533882719431854,cube,targetnorm
507,13,transport_free,True,10,19.39652953458273,19.39652953458273,19.287159938900494,7.913512968526654,0.9943613832831674,0.4079860242223942,6.051528828620283,cube,targetnorm
508,13,transport_free,True,10,18.40345923814803,18.40345923814803,19.43013778223219,7.14633291127016,1.055787258840772,0.38831465426112505,4.639240849753115,cube,targetnorm
509,13,transport_free,True,10,18.57701489578117,18.57701489578117,19.427625680306704,6.26250499769886,1.045788345937038,0.3371104040574932,1.5910679269400387,cube,targetnorm
510,13,transport_free,True,10,18.652913949012106,18.652913949012106,19.356117863683174,6.090776824782955,1.0376994134317716,0.3265321890956096,1.897551197282167,cube,targetnorm
511,13,transport_free,True,10,18.399625143419918,18.399625143419918,19.03902974022254,8.054950753539442,1.0347509577949898,0.4377779813856728,1.5243721556621592,cube,targetnorm
512,13,transport_free,True,10,18.256208301920353,18.256208301920353,19.547637593154477,7.295738200968939,1.0707391847133054,0.3996305300811838,2.01802575946887,cube,targetnorm
513,13,transport_free,True,10,18.659110133115973,18.659110133115973,20.04247030267882,6.767836186639224,1.074138592874677,0.36270948284011395,2.7177848915151044,cube,targetnorm
514,13,interaction,True,10,19.246649455455096,19.246649455455096,19.669875861228938,5.515993836613471,1.0219896146990866,0.28659501745380767,1.5856582224320503,cube,targetnorm
515,13,interaction,True,10,19.097062580699227,19.097062580699227,19.33512714268271,6.822662683720612,1.0124660303634385,0.35726241430533157,4.687924838914965,cube,targetnorm
516,13,interaction,True,10,18.223273930212073,18.223273930212073,18.99778274636394,9.377067292784037,1.0425010796148886,0.5145654578147973,7.499625100950949,cube,targetnorm
517,13,interaction,True,10,15.399616865945646,15.399616865945646,18.41461497904615,14.751086873411419,1.195783969130284,0.957886615090511,12.982523772528628,cube,targetnorm
518,13,interaction,True,10,14.809612222333621,14.809612222333621,18.148004297565947,12.030384518261508,1.2254206271652317,0.8123362271511133,3.654913122519728,cube,targetnorm
519,13,interaction,True,10,14.0146503474256,14.0146503474256,19.162491598461518,14.619783884230849,1.3673185647461794,1.0431786396238139,11.818910444300373,cube,targetnorm
520,13,interaction,True,10,16.072961406479855,16.072961406479855,18.956315828434334,7.247650847468199,1.1793916098617674,0.45092193430802924,5.5593242147825634,cube,targetnorm
521,13,interaction,True,10,17.736014434116974,17.736014434116974,19.35166376476522,4.874809312133271,1.0910942724279917,0.27485370685964794,3.204545608004189,cube,targetnorm
522,13,interaction,True,10,18.946278540845718,18.946278540845718,19.79540353993179,4.807806142427932,1.044817508475634,0.25375992082365545,2.8681447364326735,cube,targetnorm
523,13,static,True,10,19.19655124499826,19.19655124499826,19.674846534432504,5.721861244714102,1.0249156884135042,0.29806714610807794,3.14510418872216,cube,targetnorm
524,13,transport_free,True,10,19.176407854364697,19.176407854364697,19.403525021084086,10.136143200012924,1.0118435719788728,0.5285736138379984,3.787272322608396,cube,targetnorm
525,13,transport_free,True,10,18.548185773020634,18.548185773020634,19.264684854503397,7.802113178584261,1.0386290654110737,0.42064023263843237,4.88069941437047,cube,targetnorm
526,13,transport_free,True,10,18.53075855894601,18.53075855894601,19.46673758606417,6.018912789781757,1.0505094826064905,0.3248066057649881,2.6102412667228636,cube,targetnorm
527,13,transport_free,True,10,18.543378193012572,18.543378193012572,19.228031993193063,3.3683327284837983,1.0369217406372309,0.18164612151161527,2.144758370138873,cube,targetnorm
528,13,transport_free,True,10,18.412730484820678,18.412730484820678,18.95728417176774,6.184116661884068,1.0295748470003396,0.3358609233422609,2.2825882230133665,cube,targetnorm
529,13,transport_free,True,10,18.29021163096303,18.29021163096303,19.31979656353178,7.286478618934926,1.0562915811660591,0.398381318158169,1.7631544130493688,cube,targetnorm
530,13,transport_free,True,10,18.540451761597154,18.540451761597154,19.959503503530264,6.386876905828378,1.076538142661248,0.3444833485156774,1.5583053872407875,cube,targetnorm
531,13,interaction,True,10,19.307819529817976,19.307819529817976,19.627827784403287,5.565630477351908,1.0165740234981535,0.2882578464521404,1.2741945039666982,cube,targetnorm
532,14,transport_free,True,10,18.43075728941166,18.43075728941166,18.876024343524445,2.898330315761217,1.0241589125786268,0.15725508562940532,1.8853031366109023,cube,targetnorm
533,14,transport_free,True,10,18.551778480265405,18.551778480265405,19.131673901853816,4.895597661825498,1.0312582118315654,0.2638883203048822,1.5189122831933435,cube,targetnorm
534,14,static,True,10,18.44064553026082,18.44064553026082,18.62041704248849,4.693019620778999,1.00974865613748,0.25449323957113246,0.8431703428822122,cube,targetnorm
535,14,interaction,True,10,18.112997539158606,18.112997539158606,18.754015161144793,4.033878861878311,1.035389924864748,0.22270631093265716,0.7794812182648024,cube,targetnorm
536,14,interaction,True,10,18.269242874201137,18.269242874201137,18.049619603661363,6.448056346546184,0.987978523683107,0.35294600826900113,2.8109642225132596,cube,targetnorm
537,14,interaction,True,10,16.151288505039375,16.151288505039375,14.617947728454322,6.950257132467428,0.905063873008854,0.430322146143255,3.562390642957307,cube,targetnorm
538,14,interaction,True,10,13.28425676863926,13.28425676863926,16.26757917399476,8.360678988308166,1.22457578600847,0.6293674636013958,5.752768538712406,cube,targetnorm
539,14,interaction,True,10,10.088622393556108,10.088622393556108,19.98957394468153,15.657403789623913,1.9813977731438779,1.5519863048521616,14.609791429566863,cube,targetnorm
540,14,interaction,True,10,13.737988846439606,13.737988846439606,19.350213799822527,22.34079461677834,1.4085186715548548,1.6262056161567107,19.756603996285307,cube,targetnorm
541,14,interaction,True,10,9.918538163989059,9.918538163989059,18.518585840768694,12.357959631704547,1.8670680633163839,1.2459456653171153,11.589423254294568,cube,targetnorm
542,14,interaction,True,10,12.659732268559438,12.659732268559438,10.521316648763623,5.559926468115633,0.8310852414227914,0.4391819945453161,3.372186776629759,cube,targetnorm
543,14,interaction,True,10,10.253741706745478,10.253741706745478,8.444845636110923,2.896391353244444,0.8235867332756623,0.2824716514303298,2.9772710648050693,cube,targetnorm
544,14,transport_free,True,10,8.444845636110923,8.444845636110923,8.919814873942407,3.9948584247136094,1.0562436850000516,0.47305286524495294,4.8391371727336985,cube,targetnorm
545,14,transport_free,True,10,8.364164019064663,8.364164019064663,8.43321177031011,5.199147672512201,1.0082551885745026,0.6215980055701494,6.601443386492189,cube,targetnorm
546,14,transport_free,True,10,7.874137876547792,7.874137876547792,9.753229867634234,3.502061420651188,1.2386409814696158,0.44475490213114915,3.907363851997706,cube,targetnorm
547,14,transport_free,True,10,8.637843978483282,8.637843978483282,12.124058967080245,3.2876651070518776,1.4035978187706404,0.3806117724794976,2.7483485891364863,cube,targetnorm
548,14,transport_free,True,10,11.990589237514033,11.990589237514033,9.190989673138674,2.2178665857455924,0.7665169318271309,0.18496727240115307,2.2631096020303394,cube,targetnorm
549,14,transport_free,True,10,9.024047324140145,9.024047324140145,8.385906969226792,2.359537049046917,0.9292844627259134,0.2614721492799513,2.023514899013546,cube,targetnorm
550,14,transport_free,True,10,7.707380146554035,7.707380146554035,9.960824392030757,2.830820241733068,1.2923748670271875,0.36728696235370273,1.5666438899806836,cube,targetnorm
551,14,transport_free,True,10,8.178542425082306,8.178542425082306,11.188920655340027,2.593237323014791,1.3680824863150876,0.3170781770431048,1.152977297392387,cube,targetnorm
552,14,interaction,True,10,8.84490073587776,8.84490073587776,8.580466746396922,3.409215190267371,0.9701032270030789,0.3854441437017488,1.0620547337401693,cube,targetnorm
553,14,interaction,True,10,7.986080762982898,7.986080762982898,8.46623754364853,3.5945021053249664,1.0601242079708555,0.4500958870822108,1.4827749520817708,cube,targetnorm
554,14,interaction,True,10,8.281802556096437,8.281802556096437,13.223208827245497,6.2838450421434615,1.5966583044788443,0.7587533027478142,5.381312615814807,cube,targetnorm
555,14,interaction,True,10,11.411174880358267,11.411174880358267,17.51248862906137,7.83414104710049,1.5346788400557354,0.6865323798152613,6.6996828755037745,cube,targetnorm
556,14,interaction,True,10,12.645981440423618,12.645981440423618,18.18298945934818,7.670961558016847,1.4378472358993972,0.606592821138909,4.955372443308065,cube,targetnorm
557,14,interaction,True,10,15.26406498948762,15.26406498948762,18.077380593570574,9.484696742296052,1.1843097239182674,0.6213742373888066,7.094112293091341,cube,targetnorm
558,14,interaction,True,10,13.046015747475188,13.046015747475188,17.094591602125263,7.147056217397727,1.3103304436401282,0.547834400612379,4.7170502917654735,cube,targetnorm
559,14,interaction,True,10,12.79176961798267,12.79176961798267,9.154268172326756,6.205848234979273,0.7156373547767532,0.48514384016540535,4.1805711148286795,cube,targetnorm
560,14,interaction,True,10,9.154268172326756,9.154268172326756,10.314635179130846,3.2940986203311917,1.1267569383986222,0.3598429233577855,2.196579707496268,cube,targetnorm
561,14,interaction,True,10,9.504210171556084,9.504210171556084,10.039448699297276,2.4205523869542525,1.0563159397866684,0.2546821191095299,1.8514785461397203,cube,targetnorm
562,14,transport_free,True,10,8.98563486470477,8.98563486470477,9.248799454369383,3.7328391330285746,1.0292872561179083,0.4154229711348526,4.808910470345523,cube,targetnorm
563,14,transport_free,True,10,8.328200849050205,8.328200849050205,9.71021751341549,5.131137957747304,1.165944204446378,0.6161160196241531,5.843593872849109,cube,targetnorm
564,14,transport_free,True,10,8.478579340435815,8.478579340435815,10.791033068225882,2.5336120051287603,1.2727407074864034,0.2988250629495823,2.5740043412757765,cube,targetnorm
565,14,transport_free,True,10,9.14165916999817,9.14165916999817,10.558291055872218,1.8522317604071017,1.1549644172387505,0.2026143970107641,2.0808007308926975,cube,targetnorm
566,14,transport_free,True,10,9.27387668148811,9.27387668148811,10.550153604195152,2.312634298658206,1.1376206484667475,0.24937082711855885,2.5723224019793074,cube,targetnorm
567,14,transport_free,True,10,9.545803296031924,9.545803296031924,10.038890422175914,1.552013333990823,1.0516548592981128,0.16258593288172787,1.6365964179882444,cube,targetnorm
568,14,transport_free,True,10,8.886699937135282,8.886699937135282,11.007832631075917,2.9699032706043855,1.2386862062346626,0.33419641617400714,1.9768602482529571,cube,targetnorm
569,14,transport_free,True,10,10.064078250356694,10.064078250356694,11.60917081277604,3.447862629959458,1.1535254917522708,0.34259099981036595,2.3951817869397662,cube,targetnorm
570,15,transport_free,True,10,13.862662763223822,13.862662763223822,14.247166523309756,1.9139520672208417,1.027736645307854,0.1380652548439939,1.8707085287374803,cube,targetnorm
571,15,transport_free,True,10,12.849762168730896,12.849762168730896,13.11164267136212,1.5238981065150492,1.0203801828541617,0.11859348729608096,1.1608969426599955,cube,targetnorm
572,15,transport_free,True,10,11.468165706195064,11.468165706195064,13.874631776874661,2.3489506869561447,1.2098387948283336,0.20482357398160453,1.2578738403352887,cube,targetnorm
573,15,interaction,True,10,13.75534222601088,13.75534222601088,14.197681579933864,2.693154728487361,1.0321576407664024,0.19578972912754564,0.6704479275145404,cube,targetnorm
574,15,interaction,True,10,14.197681579933864,14.197681579933864,13.297158924703304,4.220567877411556,0.9365725558669168,0.29727162520510736,2.969596604551656,cube,targetnorm
575,15,interaction,True,10,13.297158924703304,13.297158924703304,17.758810769879993,12.718668391671809,1.3355342197864453,0.9564951779318226,12.751549348695729,cube,targetnorm
576,15,interaction,True,10,13.558969401979027,13.558969401979027,19.667366564270623,17.506973950469856,1.450506006850346,1.2911729078697227,17.345463036180433,cube,targetnorm
577,15,interaction,True,10,16.484824285042023,16.484824285042023,18.766810307912824,19.541658004134252,1.1384295023964208,1.1854332000290675,18.104377155439668,cube,targetnorm
578,15,interaction,True,10,11.613877919076096,11.613877919076096,19.24007187564263,14.14413547007416,1.6566449216794603,1.2178650032855993,11.28765285216106,cube,targetnorm
579,15,interaction,True,10,14.486516485773212,14.486516485773212,16.203977011175663,3.9754408712637725,1.118555798220305,0.274423521705024,2.8452508674607473,cube,targetnorm
580,15,interaction,True,10,15.394641973098809,15.394641973098809,17.376570930578687,2.519008748942724,1.1287414777779943,0.16362892708674467,1.9282868795328594,cube,targetnorm
581,15,interaction,True,10,17.08597747507578,17.08597747507578,16.97400180817664,2.262061431464806,0.993446341184607,0.1323928604473812,1.1847827573221699,cube,targetnorm
582,15,static,True,10,16.506151362661527,16.506151362661527,17.104700611729847,3.2652165326924276,1.0362621931616534,0.19781816251113848,2.9717477574124813,cube,targetnorm
583,15,transport_free,True,10,16.360940564429825,16.360940564429825,18.385443142888285,6.695182573487834,1.1237399873488882,0.40921746198649306,6.680899391546297,cube,targetnorm
584,15,transport_free,True,10,17.197086653550897,17.197086653550897,18.08807379077478,5.785744204380295,1.051810353414711,0.3364374629807218,5.62994701373715,cube,targetnorm
585,15,transport_free,True,10,17.46311016603738,17.46311016603738,18.48686803540535,2.694691814016706,1.0586240285741881,0.15430766847347724,2.4406336223815606,cube,targetnorm
586,15,transport_free,True,10,18.29733111822123,18.29733111822123,17.7184014708544,2.710848592769829,0.9683598857327171,0.14815540994775217,2.0992641415759183,cube,targetnorm
587,15,transport_free,True,10,17.42828390148351,17.42828390148351,17.651733045422773,2.824613876575701,1.0128210640360433,0.1620706830656613,2.1270024666121334,cube,targetnorm
588,15,transport_free,True,10,17.18841074197549,17.18841074197549,17.498820171653207,1.6459833779210755,1.0180592280657847,0.09576123136861345,0.9949795701656347,cube,targetnorm
589,15,transport_free,True,10,17.214146539616276,17.214146539616276,17.99705287256509,1.7409798224934177,1.04548040364052,0.10113657499584792,0.829698559269263,cube,targetnorm
590,15,interaction,True,10,17.70973766829828,17.70973766829828,18.43846330432229,2.411496207597737,1.041148302119036,0.13616781076969256,1.934332183744393,cube,targetnorm
591,15,interaction,True,10,17.57064328721151,17.57064328721151,16.564794434530576,3.1426551860179472,0.9427540109807463,0.17885828848994245,2.3780441334622475,cube,targetnorm
592,15,interaction,True,10,16.02032134489566,16.02032134489566,16.726881116005774,5.437183874235182,1.0441039699453492,0.33939293458477093,5.02827917240359,cube,targetnorm
593,15,interaction,True,10,15.541223751546887,15.541223751546887,19.191299949673187,7.851244963362015,1.2348641430352607,0.5051883358014548,7.658891727128858,cube,targetnorm
594,15,interaction,True,10,17.193806495984877,17.193806495984877,19.55849179536422,7.302513729794189,1.1375312267200137,0.42471768723810416,5.001947276491933,cube,targetnorm
595,15,interaction,True,10,16.350076178090035,16.350076178090035,19.48453995199406,10.422093887736793,1.1917094293483703,0.637433965090814,10.622386332334067,cube,targetnorm
596,15,interaction,True,10,16.183216102482653,16.183216102482653,15.96148957096111,5.1219925937120685,0.986298982222234,0.3165002902560455,4.3030399295894295,cube,targetnorm
597,15,interaction,True,10,15.433742021714629,15.433742021714629,15.216414457566213,4.032291173055463,0.9859186732651974,0.2612646477686486,3.38571413262036,cube,targetnorm
598,15,interaction,True,10,14.867523929958164,14.867523929958164,16.31228350117302,2.290173998116777,1.0971755336006996,0.15403869594600486,1.1821322115472646,cube,targetnorm
599,15,static,True,10,15.962819108508473,15.962819108508473,16.589977348109628,2.294193344441032,1.0392886892558262,0.14372106385758548,1.6681305660879817,cube,targetnorm
600,15,transport_free,True,10,16.074462921008053,16.074462921008053,16.815772133226176,5.100488333567466,1.0461171994275025,0.3173038103127869,5.132094888504539,cube,targetnorm
601,15,transport_free,True,10,15.723382650699676,15.723382650699676,17.062673180030014,5.330340120403399,1.0851782697834897,0.33900721230403963,5.3465175518022106,cube,targetnorm
602,15,transport_free,True,10,15.069200802805458,15.069200802805458,15.962647730572384,4.186911324348838,1.0592896026443945,0.2778456123279845,4.1881156987298045,cube,targetnorm
603,15,transport_free,True,10,14.457382803117966,14.457382803117966,14.850351521282096,2.0892497573899806,1.0271811795755579,0.14451092468405835,1.3745087720003728,cube,targetnorm
604,15,transport_free,True,10,14.637391416200355,14.637391416200355,15.289851455738233,2.348151589011966,1.0445748850314782,0.16042145230967053,2.088561881005228,cube,targetnorm
605,15,transport_free,True,10,15.139770094197814,15.139770094197814,16.268448110119497,1.6776903037134958,1.0745505386739154,0.11081345973387377,1.1760457744724029,cube,targetnorm
606,15,transport_free,True,10,15.5854885350706,15.5854885350706,15.997019796709758,1.727888922253023,1.0264047713816047,0.11086523969812768,1.2902100568918002,cube,targetnorm
607,15,transport_free,True,10,15.590087101524091,15.590087101524091,16.392309378542038,2.0252088526403043,1.0514572030158524,0.1299036265449934,1.3279563143038824,cube,targetnorm
608,16,transport_free,True,10,19.001348609306525,19.001348609306525,18.95952169554174,2.6767054704634248,0.9977987397302789,0.1408692364684274,2.0880333144185044,cube,targetnorm
609,16,transport_free,True,10,18.56281858698658,18.56281858698658,18.719528187483107,2.084733070700775,1.0084421231486036,0.1123069247771603,1.4050026610167285,cube,targetnorm
610,16,transport_free,True,10,18.366598677319843,18.366598677319843,19.204452250963357,5.564746530062351,1.045618330773359,0.30298187638487617,2.3945582200970104,cube,targetnorm
611,16,interaction,True,10,18.567709488414422,18.567709488414422,19.425431870741665,7.26330615415631,1.0461943021492464,0.39117943754389034,1.108247706641112,cube,targetnorm
612,16,interaction,True,10,18.896371770307272,18.896371770307272,19.1422554088658,6.969712974317229,1.013012214278346,0.36883868813742626,5.522336009782871,cube,targetnorm
613,16,interaction,True,10,18.743815180649413,18.743815180649413,18.722481731719522,10.179668352061341,0.9988618406271998,0.5430947890785086,7.66817058490498,cube,targetnorm
614,16,interaction,True,10,18.125681573176948,18.125681573176948,19.61349311301485,10.837609119787352,1.082083067267364,0.5979145708829645,9.867421348464333,cube,targetnorm
615,16,interaction,True,10,14.915843685130062,14.915843685130062,18.436496126838392,15.80554241348228,1.2360344152183727,1.059647898377963,9.037890251277187,cube,targetnorm
616,16,interaction,True,10,14.665491301448363,14.665491301448363,18.853895773308267,16.54823382046552,1.2855959194115958,1.1283790962278377,11.215073522151659,cube,targetnorm
617,16,interaction,True,10,13.746043684106112,13.746043684106112,18.473827327602194,7.4354729958912475,1.3439377723615553,0.5409173116835447,3.3870127572582467,cube,targetnorm
618,16,interaction,True,10,14.773200603516463,14.773200603516463,17.35947329524809,4.405934285700628,1.1750651575878566,0.29823830352996655,3.2541751318795074,cube,targetnorm
619,16,interaction,True,10,15.808671893782485,15.808671893782485,18.06756259440683,3.3968710116643637,1.1428893404709577,0.21487390177288362,1.6388602502029377,cube,targetnorm
620,16,static,True,10,16.45319082359986,16.45319082359986,16.55467797827048,4.221499858438733,1.006168235435831,0.2565763628282708,3.468751360106235,cube,targetnorm
621,16,transport_free,True,10,16.075228240447316,16.075228240447316,17.286798899044527,6.415628008776554,1.075368799775343,0.3991002748336735,6.09077758086567,cube,targetnorm
622,16,transport_free,True,10,14.172960209833871,14.172960209833871,15.643656726560923,6.369590767085027,1.1037677729248554,0.4494185175702041,6.557371399953207,cube,targetnorm
623,16,static,True,10,13.797647924087848,13.797647924087848,14.808590676776603,2.4163837405984148,1.073269209234123,0.17513012028520508,1.4083400262896426,cube,targetnorm
624,16,transport_free,True,10,13.77514070681194,13.77514070681194,14.003107613624152,3.900989974186699,1.016549152684842,0.2831905718580154,3.4645179175641077,cube,targetnorm
625,16,transport_free,True,10,12.794184682123127,12.794184682123127,14.972205268406036,3.18968947505832,1.1702351998503024,0.24930775616481157,2.1795865254524993,cube,targetnorm
626,16,transport_free,True,10,14.167556395296817,14.167556395296817,15.766148631673808,3.9727722531207954,1.1128347184068859,0.28041337138701145,1.39461120491071,cube,targetnorm
627,16,transport_free,True,10,15.484242515553781,15.484242515553781,15.401032634028573,3.1160162121393515,0.9946261574344613,0.20123788483739785,2.545224633589277,cube,targetnorm
628,16,interaction,True,10,15.09919811093852,15.09919811093852,17.051288303992635,3.7307407710818055,1.1292843619052813,0.24708204658756636,1.3271785842811537,cube,targetnorm
629,16,interaction,True,10,16.578919429912883,16.578919429912883,16.956289689290784,3.9315301035888757,1.0227620540031712,0.23714031063419763,2.5089922853449846,cube,targetnorm
630,16,interaction,True,10,16.15742985390869,16.15742985390869,14.764928449136779,9.228732481679675,0.9138166516975442,0.5711757727016916,8.132168716252224,cube,targetnorm
631,16,interaction,True,10,12.091971480700046,12.091971480700046,17.508869689138997,13.111926332404849,1.44797477541895,1.0843497566408216,13.039969314744146,cube,targetnorm
632,16,interaction,True,10,13.029625887549175,13.029625887549175,18.235887240054222,9.867532542253189,1.399571054260279,0.7573151084623533,3.8883216251175363,cube,targetnorm
633,16,interaction,True,10,13.403790039524456,13.403790039524456,19.021734526497248,18.16808328485059,1.419131042071449,1.3554437387692146,10.04424088719697,cube,targetnorm
634,16,interaction,True,10,13.587916816233967,13.587916816233967,19.61724321200959,9.7294898860171,1.4437270611321504,0.7160398475793532,5.152570125666144,cube,targetnorm
635,16,interaction,True,10,15.150297991952556,15.150297991952556,17.53646204384473,4.603004817015195,1.1574994797567442,0.303822724771499,2.950285947757646,cube,targetnorm
636,16,interaction,True,10,15.73813202660838,15.73813202660838,16.70129172530224,3.154330190915722,1.061199111626809,0.20042595814946224,2.084055903376603,cube,targetnorm
637,16,interaction,True,10,16.3567804253938,16.3567804253938,16.77925836821842,3.5653344483710243,1.0258289181511984,0.2179728745906416,1.7616084903555944,cube,targetnorm
638,16,transport_free,True,10,16.36509749752785,16.36509749752785,17.54812737067921,6.0254435175482195,1.0722898151587592,0.368188672170052,6.259100030881696,cube,targetnorm
639,16,transport_free,True,10,15.98853967757197,15.98853967757197,17.12612265840589,5.765293136960345,1.0711498988509671,0.36058910026959173,5.404782908842178,cube,targetnorm
640,16,transport_free,True,10,16.377873303430036,16.377873303430036,17.601006634231805,4.339947292961479,1.0746820608598557,0.2649884519531946,2.7060151638210517,cube,targetnorm
641,16,transport_free,True,10,17.17801011390559,17.17801011390559,16.738779040649348,3.6179544197411566,0.9744306197083512,0.21061545520993868,2.2113246200885555,cube,targetnorm
642,16,transport_free,True,10,16.386323315830673,16.386323315830673,16.165662505303914,3.933095198136289,0.9865338425055009,0.2400230437499401,3.7361225346899705,cube,targetnorm
643,16,transport_free,True,10,15.710223623168613,15.710223623168613,16.56079751506823,2.633514617616203,1.0541414248645853,0.16763062581314464,1.5188772036860925,cube,targetnorm
644,16,transport_free,True,10,16.24833029381052,16.24833029381052,17.98425268386733,2.4445630774043248,1.1068369708558963,0.15045010983901114,1.097769388974225,cube,targetnorm
645,16,interaction,True,10,16.079665384474886,16.079665384474886,16.09019702383425,3.3925470247782883,1.0006549663259494,0.21098368303446377,1.1732458979771139,cube,targetnorm
646,17,transport_free,True,10,18.12844482943668,18.12844482943668,17.935798674564396,3.033811121666287,0.9893732663400079,0.16735087594166007,1.250706701020297,cube,targetnorm
647,17,transport_free,True,10,16.899884476921798,16.899884476921798,16.763588086544488,3.454940011174939,0.991935069700421,0.20443571764605536,1.2584793922539346,cube,targetnorm
648,17,transport_free,True,10,15.669427863803342,15.669427863803342,17.221137596749323,3.605326240345232,1.0990278487787328,0.2300866548340032,1.4883080204081687,cube,targetnorm
649,17,interaction,True,10,16.892652310048426,16.892652310048426,17.190424283435796,3.12957294335018,1.0176273073003606,0.1852623783352591,1.2379628831364327,cube,targetnorm
650,17,interaction,True,10,17.190424283435796,17.190424283435796,17.42568036163898,5.754021022362689,1.0136852979498518,0.3347224552163672,5.378378977199993,cube,targetnorm
651,17,interaction,True,10,17.42568036163898,17.42568036163898,18.928340848456823,11.860880651982141,1.0862325289820998,0.6806552401875091,11.402114189865783,cube,targetnorm
652,17,interaction,True,10,13.914565981870517,13.914565981870517,17.93401744603024,14.864483983491859,1.2888664633447224,1.068267885815411,15.161375659916846,cube,targetnorm
653,17,interaction,True,10,9.332427430897058,9.332427430897058,18.91708086285005,17.872228295355196,2.027026837650072,1.9150674813913093,17.606032506468196,cube,targetnorm
654,17,interaction,True,10,11.30537502662835,11.30537502662835,18.70951880139151,17.019863105620367,1.6549224379840257,1.5054664763912986,16.031356495171458,cube,targetnorm
655,17,interaction,True,10,14.909196133220851,14.909196133220851,19.041132556412244,11.290279380314063,1.2771401211889997,0.7572694918914459,4.924251743397058,cube,targetnorm
656,17,interaction,True,10,17.331696604143346,17.331696604143346,19.85650458524887,9.564448876678409,1.1456757545883847,0.5518472366053254,2.9847754616546203,cube,targetnorm
657,17,interaction,True,10,17.581771483273204,17.581771483273204,18.587466336757096,3.9193316652266006,1.0572009967505653,0.22292018008283981,1.9505864058037246,cube,targetnorm
658,17,static,True,10,18.369101590812953,18.369101590812953,18.418390030010087,4.090024212805182,1.0026832253582716,0.22265782529346725,3.6576610177718853,cube,targetnorm
659,17,transport_free,True,10,17.50936114358104,17.50936114358104,19.06486978550351,6.140018458828288,1.0888386862985417,0.35067061604810346,5.653437511929929,cube,targetnorm
660,17,transport_free,True,10,18.415300736017095,18.415300736017095,19.668874923823196,4.731500404514547,1.0680724255213672,0.25693310537473674,4.456394755254215,cube,targetnorm
661,17,transport_free,True,10,18.454937647475155,18.454937647475155,19.75470231834254,2.6568217884733185,1.0704291011812337,0.1439626532055394,2.004018652323311,cube,targetnorm
662,17,transport_free,True,10,18.591557165000253,18.591557165000253,18.926497321182712,3.3503656913687134,1.0180157128964433,0.18020898742553865,2.747503723686355,cube,targetnorm
663,17,transport_free,True,10,18.452780801285996,18.452780801285996,18.759908778695717,2.4929614065345556,1.0166439942422292,0.1350994971099867,1.564980952420442,cube,targetnorm
664,17,transport_free,True,10,18.33663887024346,18.33663887024346,18.444310963780616,2.1436272891354995,1.0058719645568135,0.11690404682693291,1.6751860039041142,cube,targetnorm
665,17,transport_free,True,10,17.184285490880416,17.184285490880416,17.986379955215625,2.4468628334593965,1.046676043921691,0.14238955903973605,1.8080535177914523,cube,targetnorm
666,17,interaction,True,10,17.390451090067454,17.390451090067454,18.739490549067,4.1875522980874615,1.077573574832113,0.24079607115419677,2.3410576271177117,cube,targetnorm
667,17,interaction,True,10,18.214623626065055,18.214623626065055,18.889375958385614,4.0296614249017555,1.0370445388371896,0.22123220921981201,3.671269792464996,cube,targetnorm
668,17,interaction,True,10,17.745605484736913,17.745605484736913,18.257672188748693,9.166064888568075,1.0288559725083606,0.5165259025087565,4.969958207962914,cube,targetnorm
669,17,interaction,True,10,16.05924377183488,16.05924377183488,15.397561742165596,11.851628134023276,0.9587974353543497,0.737994161020768,10.611416521063633,cube,targetnorm
670,17,interaction,True,10,10.42609035909296,10.42609035909296,14.49912011277835,6.9477183288939255,1.390657438541491,0.6663781043135288,4.411169424543375,cube,targetnorm
671,17,interaction,True,10,9.46120500831991,9.46120500831991,18.603904189094123,9.794787517059369,1.9663355960191529,1.035257930511612,9.619061357674568,cube,targetnorm
672,17,interaction,True,10,14.37169728725555,14.37169728725555,19.213605140170174,12.829486432051478,1.3369057778031759,0.892691111955742,3.63370683336076,cube,targetnorm
673,17,interaction,True,10,16.92011681720073,16.92011681720073,19.697750981317593,11.432152490756174,1.1641616422702925,0.6756544658801897,1.987179727874656,cube,targetnorm
674,17,interaction,True,10,17.719738965155166,17.719738965155166,19.382329774851055,8.19409800113073,1.0938270486357207,0.4624276924871154,2.7897020358647926,cube,targetnorm
675,17,interaction,True,10,18.342246708531412,18.342246708531412,18.611392528280355,3.394780579898295,1.0146735470319324,0.1850798669237887,1.9605517473810912,cube,targetnorm
676,17,transport_free,True,10,17.98890480479043,17.98890480479043,18.55360805189199,6.152193564228698,1.0313917524846306,0.3419993396479798,5.408445024068373,cube,targetnorm
677,17,transport_free,True,10,18.076018777627276,18.076018777627276,19.34078427032036,4.46675807913725,1.0699692508761103,0.2471096171168933,4.1027471515938885,cube,targetnorm
678,17,transport_free,True,10,18.399565036715224,18.399565036715224,19.429718430288858,3.8471378143438586,1.05598792099259,0.20908851957462726,2.6635569122021465,cube,targetnorm
679,17,static,True,10,18.712487615978706,18.712487615978706,19.524018824504083,2.858203253299722,1.0433684299586339,0.15274309391441282,1.1837538016029987,cube,targetnorm
680,17,transport_free,True,10,18.733230394153026,18.733230394153026,19.20483047703916,3.680586673575492,1.0251745199820597,0.1964736778513261,2.693780658447677,cube,targetnorm
681,17,transport_free,True,10,18.44100175869209,18.44100175869209,18.617412403106847,3.1849710696629527,1.009566218078777,0.1727113912432512,2.0681173602892744,cube,targetnorm
682,17,transport_free,True,10,18.380719239992008,18.380719239992008,18.389301388100364,1.8918156066327703,1.0004669103529793,0.10292391619347714,1.2341593715946637,cube,targetnorm
683,17,transport_free,True,10,17.788673942510265,17.788673942510265,17.897873600312472,2.72186155925597,1.0061387182740613,0.1530109308907751,1.5907084678209868,cube,targetnorm
684,18,transport_free,True,10,14.66031929424178,14.66031929424178,15.957365225372435,1.9337475413498217,1.0884732388905132,0.1319035078662544,1.2781816695963348,cube,targetnorm
685,18,transport_free,True,10,13.881957625406642,13.881957625406642,13.92813535488068,1.791759829009421,1.003326456593523,0.12907112075678412,1.219981424150732,cube,targetnorm
686,18,transport_free,True,10,13.928135354880682,13.928135354880682,14.249308129864698,3.0274189250958816,1.0230592801405731,0.21735995867063546,2.62825773943957,cube,targetnorm
687,18,interaction,True,10,14.249308129864698,14.249308129864698,13.162991740719903,3.6785456033813873,0.9237635694839094,0.2581560851836472,3.0522917393864764,cube,targetnorm
688,18,interaction,True,10,13.162991740719903,13.162991740719903,14.917061971465653,5.368201043706684,1.1332577171889813,0.4078252990997538,4.582373522883805,cube,targetnorm
689,18,interaction,True,10,14.917061971465653,14.917061971465653,17.174716340439964,5.575217279075675,1.1513471200490353,0.37374767831227895,4.966026993416652,cube,targetnorm
690,18,interaction,True,10,15.73386680898453,15.73386680898453,18.57871307710704,12.070349401992743,1.1808103692919285,0.7671572124342756,5.949281578083077,cube,targetnorm
691,18,interaction,True,10,16.219312268322454,16.219312268322454,19.917590002480537,18.814893999430172,1.228016926548797,1.1600303199154187,16.083549854091093,cube,targetnorm
692,18,interaction,True,10,16.008568364344207,16.008568364344207,19.4871331472362,12.685068996868612,1.217293933081473,0.7923924680936487,11.679844917278661,cube,targetnorm
693,18,interaction,True,10,14.128438364013547,14.128438364013547,17.479036856861597,5.686663678637364,1.2371527840884622,0.40249768106868966,2.306170476457038,cube,targetnorm
694,18,interaction,True,10,15.496331288541231,15.496331288541231,19.23520986420744,4.625223054966854,1.241275080278577,0.2984721331033351,3.090942055549981,cube,targetnorm
695,18,interaction,True,10,18.25424542475334,18.25424542475334,19.11203865971727,4.129111855671089,1.0469914376083023,0.22620008439636083,1.0022732209534237,cube,targetnorm
696,18,static,True,10,18.291457566755742,18.291457566755742,18.840131767051574,4.155159218313852,1.0299961989520743,0.2271639208165536,3.13256125645082,cube,targetnorm
697,18,transport_free,True,10,18.38333115061534,18.38333115061534,18.9150932122749,5.632644444885013,1.0289263168520881,0.30639955287409776,5.240953208997495,cube,targetnorm
698,18,transport_free,True,10,17.867901693004484,17.867901693004484,19.19493479830694,4.454903366417069,1.0742691071454689,0.24932437187972786,4.256481717991934,cube,targetnorm
699,18,transport_free,True,10,17.96077908526595,17.96077908526595,18.423653148527013,2.2143057250558433,1.0257713800199668,0.12328561665080218,1.7790649445742768,cube,targetnorm
700,18,transport_free,True,10,17.863678080089933,17.863678080089933,18.783333107026042,3.361554124788697,1.051481840571294,0.18817816295823966,2.805827546833151,cube,targetnorm
701,18,transport_free,True,10,18.3615885015449,18.3615885015449,18.595933534831758,1.9753771539224263,1.0127627864695443,0.1075820402878663,1.3849348139039612,cube,targetnorm
702,18,transport_free,True,10,18.261368097021684,18.261368097021684,18.378064075727888,1.9041709819881034,1.0063903196127588,0.10427318325063838,1.0906886830495817,cube,targetnorm
703,18,transport_free,True,10,18.22465854905697,18.22465854905697,18.48127328494889,2.443502530257686,1.0140806334012333,0.13407672487691816,1.3955865617635144,cube,targetnorm
704,18,interaction,True,10,18.278748397951873,18.278748397951873,18.638895804132574,3.1663580930938613,1.0197030670995535,0.17322619821435098,1.7154496394380354,cube,targetnorm
705,18,interaction,True,10,18.244905440802594,18.244905440802594,18.859118636502394,4.215341388849476,1.0336649152659452,0.23104210665966832,3.3961743479819457,cube,targetnorm
706,18,interaction,True,10,17.07955309825697,17.07955309825697,16.18544136074217,5.53025973656351,0.9476501678720126,0.3237941710036835,4.334478212527661,cube,targetnorm
707,18,interaction,True,10,13.864630724409967,13.864630724409967,15.59262215477176,9.242725362578415,1.124633065583168,0.6666405724247485,7.6098736217060985,cube,targetnorm
708,18,interaction,True,10,12.922618508051194,12.922618508051194,17.69219455516976,7.310675502206751,1.3690874294669437,0.5657271007150735,4.418777832188726,cube,targetnorm
709,18,interaction,True,10,15.23857696330337,15.23857696330337,15.464956234103918,9.26183831965908,1.0148556700107694,0.6077889255645647,8.142642729272666,cube,targetnorm
710,18,interaction,True,10,13.985912701917144,13.985912701917144,16.67596601573757,6.927901198346038,1.1923402048299416,0.49534852290307685,4.426487873788064,cube,targetnorm
711,18,interaction,True,10,14.31755818426209,14.31755818426209,17.9344595157909,5.732557315664405,1.2526199848452175,0.40038652135289743,2.5025728646281977,cube,targetnorm
712,18,interaction,True,10,16.40716978396491,16.40716978396491,19.75654314206386,4.499654211170986,1.204140836122289,0.2742492623906774,2.850873248812602,cube,targetnorm
713,18,interaction,True,10,18.19204286670372,18.19204286670372,18.48136368244675,3.748649692701137,1.0159037012974814,0.20605985375958868,1.7993751599277594,cube,targetnorm
714,18,transport_free,True,10,18.128076031419077,18.128076031419077,18.39406621141454,5.75270829884151,1.0146728301191177,0.3173369467819462,5.3786842774234565,cube,targetnorm
715,18,transport_free,True,10,16.690837668446754,16.690837668446754,18.72627996226904,4.317943108048247,1.121949678875027,0.25870140215976795,3.890728113025236,cube,targetnorm
716,18,transport_free,True,10,17.733523687793237,17.733523687793237,18.548396639813966,3.9426761524052276,1.045950989006299,0.22232897543758573,3.7665977057573485,cube,targetnorm
717,18,transport_free,True,10,17.558515846812856,17.558515846812856,18.141149607082987,1.971735478156475,1.0331824036469397,0.1122951105525457,1.4771138149203167,cube,targetnorm
718,18,transport_free,True,10,17.567795154718425,17.567795154718425,18.64821853920691,3.373780987100921,1.0615002266916973,0.19204350673424025,2.9609437000132566,cube,targetnorm
719,18,transport_free,True,10,17.824970111851325,17.824970111851325,17.78485374606126,1.993386735460318,0.9977494287205905,0.11183114041436573,1.208149017484812,cube,targetnorm
720,18,transport_free,True,10,17.223089410261423,17.223089410261423,17.231671229024677,2.0135339098661604,1.0004982740644743,0.11690898548471262,1.5074772689491118,cube,targetnorm
721,18,transport_free,True,10,16.718575149587046,16.718575149587046,17.33604313731516,2.8683346780540226,1.036933050945036,0.17156573765347888,0.7501150087672486,cube,targetnorm
722,19,transport_free,True,10,15.49512134191677,15.49512134191677,17.01440745626624,2.215865427327916,1.0980493202231054,0.14300407066407717,1.766918172937512,cube,targetnorm
723,19,transport_free,True,10,16.511723584132014,16.511723584132014,18.382806387916123,2.5359738088685075,1.1133184427567722,0.15358625621044264,1.6924520269738994,cube,targetnorm
724,19,transport_free,True,10,17.514630535944264,17.514630535944264,17.79181038766263,2.0884535458568054,1.0158256179683336,0.1192405138989825,1.6099208878858544,cube,targetnorm
725,19,interaction,True,10,17.455205602610604,17.455205602610604,17.68328638656654,4.382109172230827,1.0130666340545322,0.2510488430783902,2.204023155102731,cube,targetnorm
726,19,interaction,True,10,17.14455794166189,17.14455794166189,17.581657462706335,6.025764805948825,1.0254949426244626,0.35146807671873537,3.6826546483596925,cube,targetnorm
727,19,interaction,True,10,15.610792758726076,15.610792758726076,20.00326660850694,10.693837530929503,1.2813741696318128,0.685028473326692,10.464876986639878,cube,targetnorm
728,19,interaction,True,10,15.019484912139756,15.019484912139756,19.807757502823257,13.759987067537061,1.318804048121071,0.916142407547899,13.305138944910892,cube,targetnorm
729,19,interaction,True,10,18.10384296529832,18.10384296529832,19.695209551885988,10.574602826883961,1.087902142635573,0.5841081833925259,2.7841302346963652,cube,targetnorm
730,19,interaction,True,10,18.502119670464797,18.502119670464797,19.169005806464188,8.645837102604183,1.0360437694640983,0.46728900561624076,4.5815762886401465,cube,targetnorm
731,19,interaction,True,10,18.39473615900048,18.39473615900048,19.283451208507312,7.797885377069801,1.0483135524111329,0.4239193924645841,2.514879232231829,cube,targetnorm
732,19,interaction,True,10,18.543429782381153,18.543429782381153,19.519704972886608,9.847026753660593,1.0526480377126917,0.5310251053457566,2.295688529955795,cube,targetnorm
733,19,interaction,True,10,18.743691754956856,18.743691754956856,19.13230413154244,4.140291098325604,1.020732968812444,0.220889841363865,0.7377998676471687,cube,targetnorm
734,19,static,True,10,18.77457390179533,18.77457390179533,19.015649495094046,4.158941478776272,1.0128405360654105,0.22151988644485676,2.6936059968942017,cube,targetnorm
735,19,transport_free,True,10,18.761004921840406,18.761004921840406,18.551354613524552,7.022265041036595,0.9888252090338833,0.37430111394841686,6.5939334748873755,cube,targetnorm
736,19,transport_free,True,10,18.210145737691654,18.210145737691654,19.615713547223898,7.275972911668308,1.0771859725769781,0.39955599567818845,6.332009054157223,cube,targetnorm
737,19,transport_free,True,10,18.931820126801473,18.931820126801473,19.489998812271892,3.6224168661238325,1.0294836250150199,0.19134012693241445,1.6443275182116965,cube,targetnorm
738,19,transport_free,True,10,19.18714972605101,19.18714972605101,19.548346511095076,3.5442943753311553,1.0188249318007696,0.184722297263306,3.073533606360347,cube,targetnorm
739,19,transport_free,True,10,18.74242979922027,18.74242979922027,18.583418211418486,3.7380653783682893,0.9915159566019343,0.19944401117745159,1.8083079696774524,cube,targetnorm
740,19,transport_free,True,10,18.319124329422642,18.319124329422642,18.888087883121607,4.204442589142973,1.0310584470888242,0.22951111164140905,1.7962753648487095,cube,targetnorm
741,19,transport_free,True,10,18.291740897800146,18.291740897800146,19.436736670595735,3.849677948381808,1.0625963258058884,0.21045989935516685,1.6719366377529234,cube,targetnorm
742,19,interaction,True,10,18.877963134774916,18.877963134774916,19.170685040170067,3.5300100159455177,1.0155060110725573,0.18699104298190516,0.8478761218289353,cube,targetnorm
743,19,interaction,True,10,18.86572073974972,18.86572073974972,19.671698318032554,5.09172192675351,1.0427218015893056,0.26989278580941506,3.9098687132561696,cube,targetnorm
744,19,interaction,True,10,18.48357251595045,18.48357251595045,19.694409799065173,11.149730104410281,1.0655088339697225,0.6032237596270197,6.681725804844697,cube,targetnorm
745,19,interaction,True,10,18.18305574709632,18.18305574709632,19.74953744964615,12.05466699983771,1.0861506297037002,0.6629615597896816,5.619150487624649,cube,targetnorm
746,19,interaction,True,10,17.959841021778672,17.959841021778672,19.74244953113799,9.836499294227423,1.0992552499322055,0.5476941183554672,1.2569929340452874,cube,targetnorm
747,19,interaction,True,10,18.173597015335567,18.173597015335567,19.600896698062762,10.061373844722024,1.0785369941637193,0.5536258912438664,7.052034749335587,cube,targetnorm
748,19,interaction,True,10,18.404986099232577,18.404986099232577,19.305975290709917,9.539883085412345,1.0489535382759625,0.5183314474662997,2.48092740749691,cube,targetnorm
749,19,interaction,True,10,18.47397118653549,18.47397118653549,19.618149954987604,11.255343755680173,1.0619346407385346,0.609254157757022,2.767711100391486,cube,targetnorm
750,19,interaction,True,10,18.737033955727306,18.737033955727306,19.480363303696535,5.250397066245071,1.0396716657356548,0.2802149517714993,2.375764465234936,cube,targetnorm
751,19,transport_free,True,10,18.90055123952325,18.90055123952325,19.143260152854793,5.909807181407971,1.0128413669133634,0.3126790910230109,4.5002486608441785,cube,targetnorm
752,19,transport_free,True,10,18.664741567473946,18.664741567473946,19.005789098681262,7.063455078636278,1.0182722878843198,0.37843840768443243,5.927731057762653,cube,targetnorm
753,19,transport_free,True,10,18.07850420997074,18.07850420997074,19.380416006308515,6.404734535917301,1.0720143536886055,0.3542734764740621,5.546172895558779,cube,targetnorm
754,19,transport_free,True,10,19.014955072658577,19.014955072658577,20.517588727292257,4.608868587542806,1.079023781486305,0.24238125043849587,3.800298499822534,cube,targetnorm
755,19,transport_free,True,10,19.092264626861237,19.092264626861237,19.538829371248106,3.3381068116619126,1.0233898258333687,0.17484079950188164,3.4773537334847613,cube,targetnorm
756,19,transport_free,True,10,18.85496778477026,18.85496778477026,19.3292644868316,4.840157890251032,1.025154999333621,0.2567046491673445,4.386876750089032,cube,targetnorm
757,19,transport_free,True,10,18.033502715083024,18.033502715083024,18.73165340713346,3.874419042984764,1.0387140924911116,0.21484561841356767,1.674735765566935,cube,targetnorm
758,19,transport_free,True,10,18.38827914048472,18.38827914048472,19.291641804832402,3.571813798506451,1.0491270910913455,0.1942440492238632,1.227447780306549,cube,targetnorm
759,19,static,True,10,18.88145330095121,18.88145330095121,19.383459631789798,4.41143177861354,1.026587271797203,0.23363835973321506,1.169102296794929,cube,targetnorm
760,20,transport_free,True,10,18.8007285565236,18.8007285565236,18.887271248135484,2.693872818519566,1.0046031562740612,0.14328555462202172,0.8777294352338686,cube,targetnorm
761,20,transport_free,True,10,18.53540953678901,18.53540953678901,18.518490248170338,1.9428012316545042,0.9990871910013592,0.10481566257267959,1.6781061836110591,cube,targetnorm
762,20,transport_free,True,10,18.095041340507848,18.095041340507848,18.213039642422647,2.77345954773493,1.0065210296950604,0.15327179946951652,0.9662699204612664,cube,targetnorm
763,20,interaction,True,10,18.04403814397365,18.04403814397365,18.232202373200067,4.252922456506502,1.010428055390099,0.2356968225500506,0.9095972002951044,cube,targetnorm
764,20,interaction,True,10,17.75123599294159,17.75123599294159,17.309728267296588,7.940111934762809,0.9751280572338422,0.44729910288613306,5.36060326996031,cube,targetnorm
765,20,interaction,True,10,15.800897505860615,15.800897505860615,18.541428897710883,13.129733878944087,1.1734415017143043,0.8309486137780603,11.41189988108055,cube,targetnorm
766,20,interaction,True,10,13.952626519736139,13.952626519736139,20.485550838322716,15.115517021431508,1.4682218297283085,1.08334563388839,14.586422490550847,cube,targetnorm
767,20,interaction,True,10,13.175790274925909,13.175790274925909,15.994967438892418,8.172667845847442,1.2139664570505135,0.6202791388840165,4.349246652722863,cube,targetnorm
768,20,interaction,True,10,13.316521394559064,13.316521394559064,16.461910507414476,6.64567717454571,1.236202009493303,0.4990550443046663,4.080202453714966,cube,targetnorm
769,20,interaction,True,10,12.890523765504685,12.890523765504685,16.02626243950686,5.963556381602067,1.2432592135932814,0.46263103734858857,2.6845103297580306,cube,targetnorm
770,20,interaction,True,10,12.569698096356348,12.569698096356348,17.46285466952147,4.8946553134437565,1.3892819489899706,0.3894011833794639,2.304373120673658,cube,targetnorm
771,20,interaction,True,10,13.68891764397149,13.68891764397149,14.13327632888394,3.1933117606497294,1.0324611993781805,0.23327715482721478,1.537897666124682,cube,targetnorm
772,20,transport_free,True,10,12.915349277377848,12.915349277377848,13.837654609496761,4.226840761631024,1.0714115671447149,0.3272726637780239,2.160531258544569,cube,targetnorm
773,20,transport_free,True,10,11.8391003473048,11.8391003473048,15.72390245166978,6.172300293336541,1.328133218775307,0.5213487606549158,5.383837121504698,cube,targetnorm
774,20,transport_free,True,10,12.125606664760223,12.125606664760223,15.145406335167952,5.90379573586842,1.2490431822420855,0.4868866275389087,5.261554031073173,cube,targetnorm
775,20,transport_free,True,10,14.797937111111102,14.797937111111102,16.09350087132037,3.1944546171076085,1.0875502950500098,0.21587161731543222,2.6907762386481586,cube,targetnorm
776,20,transport_free,True,10,15.315758614940389,15.315758614940389,15.638351542465776,3.0314291906737303,1.0210628109018838,0.19792876519460142,2.9970426410232816,cube,targetnorm
777,20,transport_free,True,10,14.754700924927754,14.754700924927754,14.717668848870545,3.2536985618903955,0.9974901506817638,0.2205194519662097,3.2988691852634,cube,targetnorm
778,20,transport_free,True,10,14.600801523003724,14.600801523003724,14.376899700558262,2.0505652407170256,0.9846651006047371,0.14044196392138728,1.6374266754714373,cube,targetnorm
779,20,transport_free,True,10,12.216813349163953,12.216813349163953,14.030824348501557,2.493620133725307,1.1484847928418047,0.20411379485436404,1.7124503475545763,cube,targetnorm
780,20,interaction,True,10,11.768147917403626,11.768147917403626,13.9503826833575,3.996188570970279,1.1854357016303831,0.3395766775722128,0.7600758718075691,cube,targetnorm
781,20,interaction,True,10,12.778938836146178,12.778938836146178,14.134538555507822,3.8590977340013666,1.1060807737436875,0.3019889040462125,2.5703896259972203,cube,targetnorm
782,20,interaction,True,10,13.74032797233869,13.74032797233869,15.595032309691906,5.183876332170762,1.1349825376138771,0.3772745703455311,3.6477785157441933,cube,targetnorm
783,20,interaction,True,10,12.234819020992617,12.234819020992617,19.519164705767356,10.704656323993433,1.5953782947076038,0.8749337694024147,9.919292156690831,cube,targetnorm
784,20,interaction,True,10,12.617224934523268,12.617224934523268,17.14240308222857,7.701229813406546,1.3586508262465467,0.6103742981021469,4.89055476709929,cube,targetnorm
785,20,interaction,True,10,15.009233900285516,15.009233900285516,15.182068183639988,9.29454015765402,1.0115151968783154,0.6192548013711221,7.6509223435063,cube,targetnorm
786,20,interaction,True,10,12.223041698280294,12.223041698280294,15.914636261292916,7.483762564306057,1.3020193053527753,0.612266794881259,5.700084220094018,cube,targetnorm
787,20,interaction,True,10,13.067152723729542,13.067152723729542,16.75100094109929,5.689064476331048,1.281916672687233,0.4353713924227643,2.371706509091864,cube,targetnorm
788,20,interaction,True,10,13.54750288048104,13.54750288048104,17.46900054316051,3.7560105092674965,1.289462766479975,0.2772474412741464,2.485055743171082,cube,targetnorm
789,20,interaction,True,10,12.96434167448922,12.96434167448922,13.853503207434748,4.056347409271398,1.0685851665491963,0.3128849509769815,1.942420173331988,cube,targetnorm
790,20,transport_free,True,10,12.178814218482565,12.178814218482565,14.480228286198951,5.502951825717812,1.1889686488709026,0.4518462739473055,4.918634849882849,cube,targetnorm
791,20,transport_free,True,10,11.218214515494129,11.218214515494129,15.169984016575754,5.931188215577418,1.352263677577533,0.5287105365462131,5.51879878937214,cube,targetnorm
792,20,transport_free,True,10,14.533586863494376,14.533586863494376,16.192119032372254,3.6076371916895287,1.1141171951876379,0.24822758659469202,3.3315885683867927,cube,targetnorm
793,20,static,True,10,14.820287407645193,14.820287407645193,16.098228972711578,2.0223334963687716,1.0862292025731664,0.13645710374857714,1.6467838427302697,cube,targetnorm
794,20,transport_free,True,10,14.69098184042023,14.69098184042023,14.598688360399432,2.213941526490976,0.993717677890877,0.1507007190220342,1.710966680031429,cube,targetnorm
795,20,transport_free,True,10,14.22068395986842,14.22068395986842,14.661289506069096,1.8868461104469936,1.0309834286061128,0.13268321803450386,1.5670410231075036,cube,targetnorm
796,20,transport_free,True,10,13.647575982171041,13.647575982171041,14.084686036522397,2.1229461185692653,1.0320284023274455,0.15555481217636347,1.5656404352292588,cube,targetnorm
797,20,transport_free,True,10,10.851175236758529,10.851175236758529,14.048880729894648,2.298008064975825,1.2946874806982973,0.2117750395543596,1.0427755473085574,cube,targetnorm
798,21,transport_free,True,10,15.315593248152146,15.315593248152146,16.25978195478929,1.6611556505044014,1.0616488497271277,0.10846172417805773,1.4586450656603616,cube,targetnorm
799,21,transport_free,True,10,14.879308302975073,14.879308302975073,15.390172543531376,2.0597973654222512,1.0343338702414115,0.13843367739146858,1.904387780696408,cube,targetnorm
800,21,transport_free,True,10,15.390172543531378,15.390172543531378,16.02658038837525,1.9087373306072828,1.04135157309275,0.12402312743462655,1.284986042647588,cube,targetnorm
801,21,interaction,True,10,16.02658038837525,16.02658038837525,15.32094994208635,3.026822534667723,0.9559712409516429,0.1888626557455266,1.7664043035548442,cube,targetnorm
802,21,interaction,True,10,15.292094399450963,15.292094399450963,15.692146289641999,3.7466356041814297,1.026160699753815,0.24500473946302256,3.641492705732088,cube,targetnorm
803,21,interaction,True,10,15.692146289642,15.692146289642,14.393026505693491,6.450287276296539,0.9172121034325288,0.4110519464475178,6.214725345324217,cube,targetnorm
804,21,interaction,True,10,14.393026505693491,14.393026505693491,18.536407511672408,13.147628827211419,1.2878742010472854,0.9134721472242529,12.34679770127005,cube,targetnorm
805,21,interaction,True,10,18.203367152288493,18.203367152288493,19.143946467643055,8.622304341499584,1.0516706226647916,0.47366535374284335,6.7613357545503385,cube,targetnorm
806,21,interaction,True,10,17.814599599860458,17.814599599860458,19.542635607613747,10.606082187733012,1.0970011140619083,0.5953589991332777,9.714324500841,cube,targetnorm
807,21,interaction,True,10,17.999217753545263,17.999217753545263,19.743080299908957,7.699417517118009,1.096885463037426,0.4277640074442387,4.2446380577662755,cube,targetnorm
808,21,interaction,True,10,18.502208616501967,18.502208616501967,19.65716717695569,6.472685986898057,1.062422740138365,0.3498331534930982,4.817141028988097,cube,targetnorm
809,21,interaction,True,10,18.80934193267936,18.80934193267936,19.29100162210166,4.411630440614565,1.0256074716035368,0.23454464576189113,2.7991823850237503,cube,targetnorm
810,21,transport_free,True,10,18.576413349170593,18.576413349170593,18.764158251563078,5.645799105769236,1.0101066281667805,0.30392299092662645,4.439565385478836,cube,targetnorm
811,21,transport_free,True,10,18.38297675339482,18.38297675339482,19.078137640342383,5.767178979747772,1.0378154689674612,0.31372389015738356,4.762068412036508,cube,targetnorm
812,21,transport_free,True,10,18.800384551449305,18.800384551449305,19.904625861024414,4.162479271550412,1.0587350384537737,0.2214039431033622,2.9652135110118034,cube,targetnorm
813,21,transport_free,True,10,19.36897607041795,19.36897607041795,19.90402080735465,4.488434474139989,1.0276238008138112,0.23173318289112516,1.196835093908587,cube,targetnorm
814,21,transport_free,True,10,19.22059641096128,19.22059641096128,19.335358216944307,4.6877908592352515,1.0059707723698719,0.24389414142018295,2.564403815998497,cube,targetnorm
815,21,transport_free,True,10,18.790070966038908,18.790070966038908,18.78190557008976,3.7372290609382874,0.999565440920159,0.1988938236419085,1.7271622454289968,cube,targetnorm
816,21,transport_free,True,10,18.4689077227948,18.4689077227948,18.783209211321015,3.497814344907565,1.017017870966906,0.18938934545601052,1.2438127668221959,cube,targetnorm
817,21,transport_free,True,10,18.707556515204892,18.707556515204892,18.65991751957595,3.624239389540084,0.997453489150749,0.1937313078057212,2.32148640268528,cube,targetnorm
818,21,interaction,True,10,18.450694241126477,18.450694241126477,18.78866978277545,4.050310715817682,1.018317768276471,0.21952077590606678,2.391815071260435,cube,targetnorm
819,21,interaction,True,10,18.516347109504615,18.516347109504615,18.839525509271212,4.076523848710666,1.0174536801376286,0.22015810270796599,2.812084636636043,cube,targetnorm
820,21,interaction,True,10,18.736652362257182,18.736652362257182,18.958528025600657,4.120299199122867,1.0118417985803279,0.219905835869738,3.093511207156695,cube,targetnorm
821,21,interaction,True,10,18.33493181931447,18.33493181931447,19.434617456680176,14.999752536652778,1.059977623489566,0.8180969901863321,13.927643011322472,cube,targetnorm
822,21,interaction,True,10,13.736889153588718,13.736889153588718,18.282066758027348,10.855357796239284,1.3308738647899199,0.7902340679078245,5.176731751037947,cube,targetnorm
823,21,interaction,True,10,16.69554350627198,16.69554350627198,19.11587600195454,15.368044606687368,1.1449687753365632,0.9204878296363389,12.45516611819035,cube,targetnorm
824,21,interaction,True,10,17.74374598930161,17.74374598930161,19.32927458163966,8.521476431726192,1.0893570384345013,0.48025239072201104,3.471268634450259,cube,targetnorm
825,21,interaction,True,10,18.317268617559733,18.317268617559733,19.860638576154585,7.204467535703771,1.0842576472954766,0.39331560213061756,4.679615672186914,cube,targetnorm
826,21,interaction,True,10,18.748027674828478,18.748027674828478,19.320516764194558,3.994064580745905,1.0305359635314981,0.21303918737587665,3.211394365658174,cube,targetnorm
827,21,transport_free,True,10,18.77817916793424,18.77817916793424,19.145741342566936,5.105743114574857,1.0195738985843925,0.27189766744229715,3.7217911899282665,cube,targetnorm
828,21,transport_free,True,10,18.887655754156043,18.887655754156043,19.096615501518276,5.963416467480339,1.0110632971122555,0.31573089562309226,4.94047652214066,cube,targetnorm
829,21,transport_free,True,10,18.79725251651027,18.79725251651027,19.827204556885995,4.949577916135278,1.0547926905525733,0.2633139024859029,4.04810644526024,cube,targetnorm
830,21,transport_free,True,10,19.394956652882946,19.394956652882946,20.812483833076538,5.74657044513443,1.0730874116175395,0.2962919973466523,4.0580520771210296,cube,targetnorm
831,21,transport_free,True,10,19.6366685706059,19.6366685706059,20.44212259399397,5.26610184662508,1.0410178549631253,0.2681769480240605,3.355484460031784,cube,targetnorm
832,21,transport_free,True,10,19.47435471343229,19.47435471343229,19.852135063067806,8.638685167565184,1.0193988635410314,0.44359288380460254,3.1777306442040474,cube,targetnorm
833,21,transport_free,True,10,19.039853142100796,19.039853142100796,19.55670972291048,3.46597879053533,1.0271460382048228,0.18203810526623132,1.3177213917901012,cube,targetnorm
834,21,transport_free,True,10,18.940969310821668,18.940969310821668,19.594780227278612,4.166567088343674,1.0345183451663902,0.21997644470936142,1.2705186881998995,cube,targetnorm
835,21,transport_free,True,10,19.035187877388125,19.035187877388125,19.682409733890324,3.529128392672285,1.0340013379784412,0.18540023956708784,0.9447694949049278,cube,targetnorm
836,22,transport_free,True,10,17.851358223409484,17.851358223409484,18.676756867320343,2.7250433716605915,1.0462373021470415,0.152651878784612,1.3646189497762031,cube,targetnorm
837,22,transport_free,True,10,17.83495750812806,17.83495750812806,17.581284306357244,2.7645161740520474,0.9857766298767346,0.15500548138632533,1.9724610699726497,cube,targetnorm
838,22,transport_free,True,10,15.08018412301873,15.08018412301873,16.714457813715182,2.7575494917215675,1.1083722637180444,0.18285913946583598,1.1479022848001503,cube,targetnorm
839,22,interaction,True,10,15.393808462575436,15.393808462575436,16.700376643520258,3.6500121714581217,1.0848762139740322,0.2371091065821578,1.9257229107544291,cube,targetnorm
840,22,interaction,True,10,15.879876179968598,15.879876179968598,15.164842852920199,5.482675749916643,0.9549723613115847,0.3452593513816356,4.260040537457678,cube,targetnorm
841,22,interaction,True,10,14.510691461429841,14.510691461429841,18.18918154381766,14.43761822737425,1.2535020534455876,0.9949641797394821,14.371027608061024,cube,targetnorm
842,22,interaction,True,10,11.571425573678983,11.571425573678983,20.147162767024376,16.876055721765802,1.7411132827792841,1.4584249463741987,16.511420011542743,cube,targetnorm
843,22,interaction,True,10,13.543189032495004,13.543189032495004,19.559567564357508,18.754687510353058,1.444236473213734,1.384805858158945,16.902209207088145,cube,targetnorm
844,22,interaction,True,10,11.52012983240077,11.52012983240077,18.553243887950526,16.614797361169238,1.6105064923633825,1.4422404610787924,15.687788598772187,cube,targetnorm
845,22,interaction,True,10,14.59281792310282,14.59281792310282,18.07060213471088,8.181432252253012,1.238321633966402,0.5606478676952767,5.046559426797373,cube,targetnorm
846,22,interaction,True,10,15.877165110442887,15.877165110442887,13.648437828826726,5.858255699590534,0.8596268750678759,0.3689736586374216,4.622660466404266,cube,targetnorm
847,22,interaction,True,10,13.366049679103643,13.366049679103643,8.290609102884115,8.670574651595448,0.6202737010506235,0.6487013635113854,7.1804545932476005,cube,targetnorm
848,22,static,True,10,7.926728120124083,7.926728120124083,8.237562147153106,4.841972768086954,1.0392134083973297,0.6108412821419135,5.050556660169207,cube,targetnorm
849,22,transport_free,True,10,7.937043340076749,7.937043340076749,12.29403467068314,6.102535304053502,1.5489438754361469,0.7688675798505206,6.794504921790764,cube,targetnorm
850,22,transport_free,True,10,9.716334375878386,9.716334375878386,11.429461077228932,4.074043296125199,1.1763140949125348,0.4192983833738115,4.193007633221036,cube,targetnorm
851,22,transport_free,True,10,10.95930604659101,10.95930604659101,13.887215831411911,3.3440186038605146,1.2671619692317702,0.3051305064065349,2.5412270375073773,cube,targetnorm
852,22,transport_free,True,10,11.615577341875506,11.615577341875506,11.336454811168096,2.8799793178374933,0.9759699821634229,0.2479411253588604,2.8853259562764375,cube,targetnorm
853,22,transport_free,True,10,10.545459665885076,10.545459665885076,11.792848903452773,2.858231893513243,1.11828685302387,0.27103909967620676,2.697756666985639,cube,targetnorm
854,22,transport_free,True,10,10.380741795008728,10.380741795008728,12.221625490030672,2.555434084382455,1.1773364304184002,0.24617066244833868,1.566585231716306,cube,targetnorm
855,22,transport_free,True,10,11.226939361306112,11.226939361306112,14.191486054003725,2.986644359868233,1.2640565337793652,0.2660248054925608,1.7039870829644985,cube,targetnorm
856,22,transport_free,True,10,13.193562810360104,13.193562810360104,15.092340143499435,4.5595766719456385,1.1439169510489111,0.3455910080911033,1.8082721091041807,cube,targetnorm
857,22,interaction,True,10,14.962063550984377,14.962063550984377,15.84109572855777,3.8080904181621955,1.0587507314467703,0.25451639108374563,1.526077451457776,cube,targetnorm
858,22,interaction,True,10,15.615275738097512,15.615275738097512,16.918717645493423,5.371355859655187,1.083472231246985,0.34398085245144744,4.733058615251641,cube,targetnorm
859,22,interaction,True,10,14.127915126637609,14.127915126637609,20.196550021878217,10.553386201975382,1.4295492180441007,0.7469882220680532,9.98190539650887,cube,targetnorm
860,22,interaction,True,10,14.538405450327303,14.538405450327303,14.999609118950826,7.750186305616876,1.0317231260470274,0.5330836543317339,5.322838106533194,cube,targetnorm
861,22,interaction,True,10,12.33500232095406,12.33500232095406,17.137782015636212,8.721936096408587,1.389361880096564,0.7070883222771849,6.321680218169689,cube,targetnorm
862,22,interaction,True,10,15.152732957431487,15.152732957431487,19.892784141314834,9.07984710065485,1.3128182353110527,0.5992217460812402,7.3788626601155,cube,targetnorm
863,22,interaction,True,10,16.256264710468425,16.256264710468425,18.1099302046372,5.293161403343199,1.1140277626615593,0.3256074810306578,0.8646625750325122,cube,targetnorm
864,22,interaction,True,10,17.26137293094205,17.26137293094205,17.431111749861344,3.8743971345301267,1.0098334483356783,0.2244547493429701,2.4526819931547585,cube,targetnorm
865,22,interaction,True,10,16.86011130341496,16.86011130341496,17.19908487397954,5.0093412480810064,1.0201050612575684,0.2971119916074564,4.093061741144214,cube,targetnorm
866,22,transport_free,True,10,16.837833876020824,16.837833876020824,14.999024221715,3.921282652994262,0.8907929803889728,0.23288522038328563,3.645196421767784,cube,targetnorm
867,22,transport_free,True,10,14.906427036467765,14.906427036467765,12.518957234576636,6.0990549919267405,0.839836213195133,0.4091560624826951,6.2754142552606735,cube,targetnorm
868,22,transport_free,True,10,12.038348540379939,12.038348540379939,11.291543148153735,4.4960432538222355,0.9379644649993965,0.37347674714195783,4.962585947068492,cube,targetnorm
869,22,transport_free,True,10,11.048986251428378,11.048986251428378,11.267355232583117,2.2636180163893878,1.019763711908548,0.20487110445057838,1.9400076109213202,cube,targetnorm
870,22,transport_free,True,10,11.082244093381718,11.082244093381718,11.254476090861683,2.201453836531304,1.015541256448486,0.1986469363047152,1.6477155565569366,cube,targetnorm
871,22,transport_free,True,10,11.045819456193916,11.045819456193916,12.73762529219259,2.3967590402202403,1.1531625464917405,0.21698336187056394,1.7191301418039726,cube,targetnorm
872,22,transport_free,True,10,12.080325426521345,12.080325426521345,15.108104215778322,2.3552119178865087,1.2506371875222617,0.19496262184426238,1.367618266293111,cube,targetnorm
873,22,transport_free,True,10,14.472105111831537,14.472105111831537,17.43365322306014,2.7968641319397882,1.204638377647452,0.19325897029681174,1.6725402668564906,cube,targetnorm
874,23,transport_free,True,10,17.996974889080093,17.996974889080093,18.44797615163305,3.046575930508758,1.0250598372966897,0.1692826682976209,1.2599244603251378,cube,targetnorm
875,23,transport_free,True,10,17.407913493519843,17.407913493519843,16.613783480737876,4.014549685371694,0.9543810915031498,0.2306163623151117,1.8870123380622417,cube,targetnorm
876,23,transport_free,True,10,14.372387188594612,14.372387188594612,16.902991565240203,5.014910343100384,1.176074046951211,0.34892674941849805,2.8139714575221313,cube,targetnorm
877,23,interaction,True,10,16.421039171600345,16.421039171600345,17.113470848650564,4.950352581389339,1.0421673482301752,0.3014640260983491,0.9981029660933046,cube,targetnorm
878,23,interaction,True,10,17.101617946564556,17.101617946564556,16.985678800930902,6.310968003307921,0.9932205744511475,0.3690275401442759,4.458919052332938,cube,targetnorm
879,23,interaction,True,10,15.265470167419043,15.265470167419043,18.624243235526894,7.685916502347322,1.2200242135533075,0.5034837720721701,6.564461350469973,cube,targetnorm
880,23,interaction,True,10,16.391594893213846,16.391594893213846,18.795002581160688,20.39007888717991,1.1466243952223256,1.2439350179171063,15.97689581797071,cube,targetnorm
881,23,interaction,True,10,15.047797301985074,15.047797301985074,19.440252080837922,18.58575624365276,1.2919001825119882,1.2351147394310638,14.20050937127943,cube,targetnorm
882,23,interaction,True,10,10.232305483885606,10.232305483885606,19.22336553412709,18.868469097610557,1.8786934737631806,1.8440095565291375,16.266263332710803,cube,targetnorm
883,23,interaction,True,10,12.733292964799288,12.733292964799288,18.369471537224946,9.897926225110044,1.4426332283413774,0.7773265134535498,8.719914357501038,cube,targetnorm
884,23,interaction,True,10,17.63173683063639,17.63173683063639,18.93349310298521,5.903649371068141,1.073830291641316,0.3348308466588574,3.8861106616204864,cube,targetnorm
885,23,interaction,True,10,18.593137732315622,18.593137732315622,19.168863432521427,7.208507270073605,1.030964418620165,0.387697190966586,1.6728761014869005,cube,targetnorm
886,23,static,True,10,18.496556285866504,18.496556285866504,19.238131866254022,8.067167426212581,1.0400926296185289,0.4361442909444081,3.1437443506751004,cube,targetnorm
887,23,transport_free,True,10,18.147981912003985,18.147981912003985,19.46135898257762,10.081523305190952,1.0723704198594612,0.555517597167238,7.042166342561982,cube,targetnorm
888,23,transport_free,True,10,18.405954609442624,18.405954609442624,18.936742148928488,5.119300590803945,1.0288378163887006,0.2781328488215244,3.8517605408816413,cube,targetnorm
889,23,transport_free,True,10,18.804448599718135,18.804448599718135,18.9269735028206,3.2268110569642046,1.0065157402756442,0.17159828111166056,1.881355106613933,cube,targetnorm
890,23,transport_free,True,10,18.869378937562768,18.869378937562768,18.958053122802966,5.435540093095387,1.0046993695729791,0.2880614200966097,3.751471741607368,cube,targetnorm
891,23,transport_free,True,10,18.657327728756187,18.657327728756187,18.602058157271827,3.686586113185272,0.997037648033637,0.19759454123235487,2.4221831980829513,cube,targetnorm
892,23,transport_free,True,10,18.439707069531238,18.439707069531238,18.428976463565547,3.251128008269008,0.9994180706924883,0.17631126112849124,1.4345797333708274,cube,targetnorm
893,23,transport_free,True,10,18.010386284008987,18.010386284008987,18.799909962197283,4.234641563741547,1.043837131849265,0.23512219543571858,1.299453113692898,cube,targetnorm
894,23,interaction,True,10,18.1789938457216,18.1789938457216,19.485002589313783,4.38813560337667,1.071841640669214,0.24138495455893513,1.3716739648195109,cube,targetnorm
895,23,interaction,True,10,18.45816689126466,18.45816689126466,19.153524339834277,4.783927285606673,1.037672075058477,0.2591767272334432,1.8052632673427211,cube,targetnorm
896,23,interaction,True,10,18.348506122719485,18.348506122719485,18.354266558087033,5.156060350909605,1.0003139457419052,0.28100709215369135,4.396940086005244,cube,targetnorm
897,23,interaction,True,10,16.357745754759414,16.357745754759414,13.834997098326664,10.430954267525445,0.8457765089239918,0.6376767571711693,9.247245114197172,cube,targetnorm
898,23,interaction,True,10,10.687384368056478,10.687384368056478,13.785864139168499,7.011594328291101,1.2899193726364955,0.6560627078453409,4.337986288638919,cube,targetnorm
899,23,interaction,True,10,11.168280988678168,11.168280988678168,18.212699400494973,13.642261139821994,1.6307522544389845,1.221518437228775,13.296597233851466,cube,targetnorm
900,23,interaction,True,10,15.118949143446937,15.118949143446937,18.23557012010819,5.817320387891469,1.206140052929016,0.3847701538445145,3.9187966126894485,cube,targetnorm
901,23,interaction,True,10,17.146654934538883,17.146654934538883,18.694470978701876,4.856021093372755,1.0902692711827537,0.28320515645247896,2.848493277923475,cube,targetnorm
902,23,interaction,True,10,18.52381427073515,18.52381427073515,19.321949177546017,4.369563165279413,1.043086963362173,0.2358889536148431,0.9707472706771282,cube,targetnorm
903,23,transport_free,True,10,18.58887478633026,18.58887478633026,19.222489298548826,8.260468018725451,1.0340856840180832,0.44437697890137867,3.574371658268641,cube,targetnorm
904,23,transport_free,True,10,18.289594993810127,18.289594993810127,19.087756028710224,10.233008192134161,1.0436401700076041,0.5594988951694878,6.485744162562259,cube,targetnorm
905,23,transport_free,True,10,18.17442712517949,18.17442712517949,19.368623758760805,6.924994055093389,1.0657075254893087,0.3810295646402664,4.746646844515131,cube,targetnorm
906,23,transport_free,True,10,18.943781827166255,18.943781827166255,19.854221924311133,5.730659849925294,1.048060102541894,0.30250875470426203,4.102541443035453,cube,targetnorm
907,23,static,True,10,19.081896436645373,19.081896436645373,19.59199604271071,3.504260867867618,1.0267321231806776,0.18364321803664882,1.9185860138031083,cube,targetnorm
908,23,transport_free,True,10,18.976619225323244,18.976619225323244,19.335643791720482,5.402206598044481,1.0189193112921895,0.2846769771738654,4.4608666452449945,cube,targetnorm
909,23,transport_free,True,10,18.986465972813793,18.986465972813793,19.110352363288953,2.6381862218801624,1.0065249841994055,0.1389508835218576,1.8148755206460303,cube,targetnorm
910,23,transport_free,True,10,18.393180466977682,18.393180466977682,18.77703441470407,5.377910891812659,1.0208693623386962,0.29238613199429686,1.6258042809177617,cube,targetnorm
911,23,transport_free,True,10,18.261396149042852,18.261396149042852,19.3283789385196,10.112884552672604,1.0584283250178914,0.5537848513955302,1.4604222102405737,cube,targetnorm
912,24,transport_free,True,10,5.124436666198296,5.124436666198296,6.362680218021259,2.3101582797126285,1.2416350581500284,0.45081214388907315,1.8913242754036386,cube,targetnorm
913,24,transport_free,True,10,5.078936493984535,5.078936493984535,7.554927934683392,1.977341749940741,1.4875019492036194,0.38932200713332293,1.7290800196048866,cube,targetnorm
914,24,transport_free,True,10,5.248723588011488,5.248723588011488,5.38747038841955,2.647631593105359,1.0264343888721765,0.5044334205658619,1.1266344183122146,cube,targetnorm
915,24,interaction,True,10,4.9903734776812385,4.9903734776812385,8.762975009461705,4.1011524823128305,1.7559757899189128,0.8218127361919249,2.8527947136121488,cube,targetnorm
916,24,interaction,True,10,8.512488243811758,8.512488243811758,9.82384753614335,4.50307560474319,1.154051230941188,0.5289963963259212,4.055949078591934,cube,targetnorm
917,24,interaction,True,10,8.299042757208056,8.299042757208056,19.903078315981134,10.644206661305684,2.3982378327542055,1.2825824583275893,10.409163262046345,cube,targetnorm
918,24,interaction,True,10,11.024206315090764,11.024206315090764,18.82670253788696,16.121252968462084,1.7077603593208839,1.462350441173629,16.18975155375143,cube,targetnorm
919,24,interaction,True,10,11.374487984582494,11.374487984582494,18.084429942841805,15.660510636317476,1.58991156062183,1.3768101612612764,14.723156664646128,cube,targetnorm
920,24,interaction,True,10,10.678375561461493,10.678375561461493,19.450299552042225,15.288270657809381,1.8214661434309176,1.4317037802065238,14.208906577973528,cube,targetnorm
921,24,interaction,True,10,8.7207293539741,8.7207293539741,7.607796206958834,3.797876770580195,0.8723807262166559,0.4354999010317267,3.457943330098324,cube,targetnorm
922,24,interaction,True,10,7.093617759044749,7.093617759044749,5.482689789207128,2.869976615189998,0.7729045989567734,0.4045857435059313,1.3199498727761279,cube,targetnorm
923,24,interaction,True,10,4.890155644909467,4.890155644909467,4.625970468782607,3.1974264633138914,0.9459761211482357,0.6538496308685664,1.3039426890959227,cube,targetnorm
924,24,static,True,10,4.418510378445759,4.418510378445759,3.857054102394261,3.0762566304301817,0.8729308685591468,0.6962203020811453,2.880630718248122,cube,targetnorm
925,24,transport_free,True,10,3.789291279341716,3.789291279341716,6.994591050695666,5.910188984926007,1.8458837115078632,1.5597082803179856,6.32556480029989,cube,targetnorm
926,24,transport_free,True,10,5.141740779498244,5.141740779498244,7.302864161910475,5.575895202289065,1.4203096723641373,1.0844372443904469,5.724770119777706,cube,targetnorm
927,24,transport_free,True,10,5.910027360293264,5.910027360293264,7.6624359455796895,2.769965607189092,1.2965144623627374,0.4686891343006646,2.407867934819854,cube,targetnorm
928,24,transport_free,True,10,7.6624359455796895,7.6624359455796895,5.996164366980512,2.5486484336828843,0.7825402273593665,0.3326159529141839,2.1313379118031404,cube,targetnorm
929,24,transport_free,True,10,5.996164366980512,5.996164366980512,5.336742640495791,2.3430783245231366,0.8900260756499598,0.3907628579072859,1.808595905226203,cube,targetnorm
930,24,transport_free,True,10,5.0606289873145816,5.0606289873145816,5.208004695113511,2.411558731075638,1.0291220139173123,0.4765333987377189,0.9296091268013642,cube,targetnorm
931,24,transport_free,True,10,4.2380918545853845,4.2380918545853845,7.5460336200971705,2.095988854566189,1.780526208258741,0.49455956276606966,1.555101767890821,cube,targetnorm
932,24,interaction,True,10,3.992338897561166,3.992338897561166,4.767250013675287,2.943456470823966,1.1940995331301905,0.7372762048387376,1.0220857422019467,cube,targetnorm
933,24,interaction,True,10,4.373454285430517,4.373454285430517,10.15883922023707,4.971785358539778,2.322841067318267,1.136809723861184,4.38749966806978,cube,targetnorm
934,24,interaction,True,10,7.337085960309956,7.337085960309956,14.067782155499557,5.8946548906819345,1.9173527789642064,0.8034054558675109,5.396094032760752,cube,targetnorm
935,24,interaction,True,10,9.788916178502872,9.788916178502872,19.342856977596426,13.384754785438162,1.9759957716334993,1.3673377666499993,13.405222293998515,cube,targetnorm
936,24,interaction,True,10,14.947236526015939,14.947236526015939,17.027891524625115,8.076954264428961,1.1391999782025097,0.5403643844379444,3.779811794106622,cube,targetnorm
937,24,interaction,True,10,12.201549278918517,12.201549278918517,17.30640888659409,12.646526026403311,1.4183779855313623,1.0364688727073055,11.552183011599944,cube,targetnorm
938,24,interaction,True,10,8.881796171178191,8.881796171178191,8.435503359901574,5.566017712408242,0.9497519642789308,0.6266770375197539,4.209198912940047,cube,targetnorm
939,24,interaction,True,10,6.7454441903579605,6.7454441903579605,5.349208075659433,2.9098621103266344,0.7930105008215281,0.43138183760915777,1.817990474908815,cube,targetnorm
940,24,interaction,True,10,4.877590048762099,4.877590048762099,6.003201096434703,3.8566777620320094,1.2307719665694898,0.7906932980172882,2.4421768641483363,cube,targetnorm
941,24,interaction,True,10,5.9062053484869725,5.9062053484869725,4.527317202548867,2.635833198489829,0.7665356917718169,0.44628201069322215,2.267359420431307,cube,targetnorm
942,24,transport_free,True,10,4.386618314271124,4.386618314271124,6.562594972693142,4.223059066753534,1.4960487789290544,0.9627140462653253,4.7862224259103305,cube,targetnorm
943,24,transport_free,True,10,5.310562604359194,5.310562604359194,8.999761715873573,3.7429304286150353,1.6946908239978355,0.7048086441053605,5.533623444730442,cube,targetnorm
944,24,transport_free,True,10,4.759062465585893,4.759062465585893,10.077375450845604,4.610688640458638,2.1175127504036593,0.9688228876590321,4.553867899464534,cube,targetnorm
945,24,transport_free,True,10,9.459715685214167,9.459715685214167,7.075317428669449,1.9977257480272823,0.747941868879674,0.21118243026582612,1.397889126489734,cube,targetnorm
946,24,transport_free,True,10,7.075317428669449,7.075317428669449,5.418579498194855,3.015126745648556,0.7658426003953646,0.42614720484923413,2.2474743995854443,cube,targetnorm
947,24,transport_free,True,10,4.894269222956889,4.894269222956889,6.625138882284603,2.344454492155706,1.3536523187586325,0.47902033691953216,1.7316804797487146,cube,targetnorm
948,24,transport_free,True,10,5.25963917915962,5.25963917915962,6.542308900460991,1.880968209035322,1.2438702879816776,0.35762305073859857,1.2571092567930946,cube,targetnorm
949,24,static,True,10,5.306067576666088,5.306067576666088,5.62638537158136,2.9636976083870334,1.0603682087133415,0.5585487869434912,1.0377263226135618,cube,targetnorm
950,25,transport_free,True,10,17.064619722503963,17.064619722503963,16.797664940644133,1.6430786971079956,0.984356241967245,0.09628569073480062,1.2850357113651893,cube,targetnorm
951,25,transport_free,True,10,16.46160290416342,16.46160290416342,16.526129062927836,2.509771856577003,1.003919798037899,0.15246217948449228,1.2204579930733925,cube,targetnorm
952,25,transport_free,True,10,16.555417005210867,16.555417005210867,16.353017004598392,2.7827191418010724,0.9877743942934951,0.16808511322458403,0.9760307357019061,cube,targetnorm
953,25,interaction,True,10,16.116732368575768,16.116732368575768,16.35103702197022,3.7338087037922474,1.0145379750706351,0.23167281173399562,1.2423046203587371,cube,targetnorm
954,25,interaction,True,10,16.137923014732294,16.137923014732294,15.977694680121939,4.930672650550999,0.9900713162118766,0.3055332861638882,3.654160031821027,cube,targetnorm
955,25,interaction,True,10,13.79314077765935,13.79314077765935,18.14823700106002,5.1729657059641365,1.3157436216742302,0.37503899868424107,4.3140289191999885,cube,targetnorm
956,25,interaction,True,10,15.255585018166814,15.255585018166814,18.587637573400507,6.658095214147822,1.2184152591503887,0.4364365710144291,6.442154929835997,cube,targetnorm
957,25,interaction,True,10,16.78195947237979,16.78195947237979,16.40668570229976,7.579286227364442,0.9776382626416382,0.45163297169431493,5.4297347970277885,cube,targetnorm
958,25,interaction,True,10,14.856040044640716,14.856040044640716,15.412282632940439,10.711760469278307,1.0374421842313482,0.7210373987341634,8.596497188685401,cube,targetnorm
959,25,interaction,True,10,14.809639845039825,14.809639845039825,17.86676763159971,5.4935679962962976,1.2064282331338263,0.3709454148634311,2.7806914381750385,cube,targetnorm
960,25,interaction,True,10,17.474755428594815,17.474755428594815,19.071688728756065,3.1561066213940876,1.091385158818767,0.18060948745695135,1.6650910381625565,cube,targetnorm
961,25,interaction,True,10,18.668782842781216,18.668782842781216,19.379641743209703,6.094210918507855,1.038077410103003,0.3264385776957251,4.352036714255851,cube,targetnorm
962,25,transport_free,True,10,18.988403756608975,18.988403756608975,19.397765688772026,5.007950764476135,1.0215585226336137,0.2637373224557173,3.0596055478797215,cube,targetnorm
963,25,transport_free,True,10,18.975017101781816,18.975017101781816,19.546803336423537,7.486277182790759,1.0301336347458696,0.394533356288136,6.519652545437705,cube,targetnorm
964,25,transport_free,True,10,18.79810227638675,18.79810227638675,19.105729275625066,5.714403087554647,1.0163647901642041,0.3039882964533499,4.525850749881144,cube,targetnorm
965,25,static,True,10,19.01886966384054,19.01886966384054,19.335384339250155,4.028716120789069,1.016642139149383,0.21182731634407434,2.252945601288186,cube,targetnorm
966,25,transport_free,True,10,19.08225951845066,19.08225951845066,19.078604075646403,4.054108266764079,0.9998084376328327,0.21245430934655074,2.2235606690657077,cube,targetnorm
967,25,transport_free,True,10,18.621142169271735,18.621142169271735,19.18812882039056,2.817959749557363,1.0304485431647934,0.15133119783637697,1.0875069540276878,cube,targetnorm
968,25,transport_free,True,10,18.743419232364374,18.743419232364374,19.44163556074635,4.01445392972797,1.0372512784207675,0.21417938103823597,1.9498334853771535,cube,targetnorm
969,25,transport_free,True,10,19.08715370692133,19.08715370692133,19.4413145731876,2.9708569320667175,1.0185549334229882,0.15564693288918366,0.748218639445766,cube,targetnorm
970,25,interaction,True,10,18.953180299991846,18.953180299991846,19.136239081291357,3.7523195889384997,1.009658473058455,0.19797836191850685,1.6205446342292047,cube,targetnorm
971,25,interaction,True,10,18.811643701220742,18.811643701220742,19.18430386750908,5.573935124631689,1.0198100799806322,0.29630239723655727,3.9842558348074424,cube,targetnorm
972,25,interaction,True,10,17.59781279345362,17.59781279345362,16.571476740280847,8.55368015195259,0.9416782036938949,0.4860649588870814,7.9169380270796745,cube,targetnorm
973,25,interaction,True,10,13.239891389524635,13.239891389524635,16.45872707232525,9.064675780621094,1.2431164718879302,0.6846488021641205,8.049700571519939,cube,targetnorm
974,25,interaction,True,10,15.978773756430488,15.978773756430488,16.139896442612084,4.82734096342884,1.010083545122901,0.30210960096272266,1.504088697854851,cube,targetnorm
975,25,interaction,True,10,15.49651207679609,15.49651207679609,14.676150106699048,8.481436728510992,0.9470615086781093,0.5473126266400802,6.301131551525278,cube,targetnorm
976,25,interaction,True,10,12.719646629080856,12.719646629080856,15.950340776625584,6.939680941068871,1.2539924450541269,0.5455875578495017,4.1716986318273825,cube,targetnorm
977,25,interaction,True,10,14.896952214185998,14.896952214185998,19.50008707768435,5.57822981341662,1.3089984311767409,0.3744544342502898,3.782412675127452,cube,targetnorm
978,25,interaction,True,10,18.664915162455323,18.664915162455323,19.33113949503675,5.32865276642761,1.0356939384284771,0.28549032878254127,3.199686275010145,cube,targetnorm
979,25,static,True,10,18.887415103425056,18.887415103425056,19.41502663529294,5.413216882941612,1.0279345547804584,0.2866044322793528,3.7212870206948763,cube,targetnorm
980,25,transport_free,True,10,19.04161904527448,19.04161904527448,19.430192481930057,6.965164509052873,1.0204065334849775,0.3657863594735346,5.939133322690116,cube,targetnorm
981,25,transport_free,True,10,18.71778785796084,18.71778785796084,19.119631333175647,4.902529452030386,1.0214685345439418,0.26191820792248677,3.4927597273075284,cube,targetnorm
982,25,transport_free,True,10,18.45127705133629,18.45127705133629,18.861140574110962,3.8664472706271495,1.0222132875482994,0.20954903337420383,2.7090636854842325,cube,targetnorm
983,25,transport_free,True,10,18.7537562931805,18.7537562931805,18.54606949376157,3.703115142928864,0.9889255892967719,0.19745991603161878,2.3804718131560865,cube,targetnorm
984,25,transport_free,True,10,18.46963844520524,18.46963844520524,19.304257222980752,3.2640455981193988,1.0451886906314714,0.17672493199057462,1.8967439653192306,cube,targetnorm
985,25,transport_free,True,10,18.742028603777253,18.742028603777253,19.181261593521107,3.2842170257392316,1.0234357229427837,0.17523274001819275,1.4127292905169722,cube,targetnorm
986,25,transport_free,True,10,19.010739140818078,19.010739140818078,19.404747175185975,4.187337464654348,1.0207255505138104,0.22026168649401376,2.5796537460694884,cube,targetnorm
987,25,static,True,10,19.03183548876077,19.03183548876077,19.838326486672994,4.211684711043258,1.0423758916153145,0.22129682202909245,2.327344375005088,cube,targetnorm
988,26,transport_free,True,10,16.623143905847837,16.623143905847837,16.497355925782923,2.6268186426562794,0.992432960890108,0.15802177118446253,1.8437722897488116,cube,targetnorm
989,26,transport_free,True,10,16.06878711552785,16.06878711552785,16.42424396584307,2.36377814632772,1.0221209508695106,0.14710370666641764,1.522116804432365,cube,targetnorm
990,26,transport_free,True,10,16.42424396584307,16.42424396584307,17.078532307499447,3.5229744995011876,1.0398367403100612,0.21449842725350377,1.1070952723098988,cube,targetnorm
991,26,interaction,True,10,16.741205196243854,16.741205196243854,16.185576960616253,4.018442661089697,0.9668107385869528,0.24003305699826774,0.8381193721947873,cube,targetnorm
992,26,interaction,True,10,15.62326257421768,15.62326257421768,14.811916041017014,4.028379105827093,0.9480680472886891,0.25784493390483837,3.7773613945091276,cube,targetnorm
993,26,interaction,True,10,14.091546027595417,14.091546027595417,16.199614403317234,12.237353150953998,1.1495980903439265,0.8684180661929954,12.049751648983642,cube,targetnorm
994,26,interaction,True,10,11.496955569557265,11.496955569557265,19.445871991888517,17.065409439543817,1.691393158322639,1.4843416012436574,16.997075224783057,cube,targetnorm
995,26,interaction,True,10,11.103795981076836,11.103795981076836,19.4739850684918,19.64497070211081,1.7538132996751288,1.769212144710683,19.089941281025165,cube,targetnorm
996,26,interaction,True,10,12.852210297100624,12.852210297100624,20.242199262836557,18.673346290717852,1.5749975136497,1.4529287849367387,19.327415433139986,cube,targetnorm
997,26,interaction,True,10,11.500423735668111,11.500423735668111,14.692383521396355,7.288902275738066,1.277551493674838,0.6337942360446966,6.092191620831579,cube,targetnorm
998,26,interaction,True,10,9.734276784259862,9.734276784259862,11.03558298460544,5.452463997731833,1.1336828846339941,0.560130363926816,2.831316638971612,cube,targetnorm
999,26,interaction,True,10,9.595265078226117,9.595265078226117,11.251973846998826,4.159635029329699,1.172658989122892,0.4335091313703127,1.1825346618491928,cube,targetnorm
1000,26,static,True,10,10.025213787766273,10.025213787766273,12.02795415532826,3.600987685148233,1.1997703400605704,0.35919310663903287,3.0216405388030716,cube,targetnorm
1001,26,transport_free,True,10,10.55836052149489,10.55836052149489,12.837527536130164,5.401231306999966,1.215863723349407,0.511559658907654,5.240346041543248,cube,targetnorm
1002,26,transport_free,True,10,11.060673181259492,11.060673181259492,13.783934974432942,5.476562237634936,1.2462112159490955,0.4951382386846108,5.213565148003608,cube,targetnorm
1003,26,static,True,10,12.354239065551944,12.354239065551944,13.592661666182103,2.85960131429345,1.1002427259225804,0.23146721535177717,2.2153683795458634,cube,targetnorm
1004,26,transport_free,True,10,12.608891034866012,12.608891034866012,13.12117364458469,2.636542346724984,1.0406286808492609,0.20910184245659963,1.9988717863421837,cube,targetnorm
1005,26,transport_free,True,10,12.537076711104719,12.537076711104719,13.048769725566828,2.343844856513159,1.040814380118523,0.18695306015293803,1.6782246288451317,cube,targetnorm
1006,26,transport_free,True,10,11.527944071636597,11.527944071636597,12.895536041059163,1.8512088595648197,1.1186327727584484,0.1605844761269741,1.2181420741462061,cube,targetnorm
1007,26,transport_free,True,10,11.861185173870842,11.861185173870842,11.583924540318016,4.208928378035539,0.9766245421946866,0.354848888735625,1.2660662272969032,cube,targetnorm
1008,26,interaction,True,10,11.583924540318016,11.583924540318016,13.572227071932584,4.815920599562894,1.1716432565400658,0.41574171022963874,1.6958290010588213,cube,targetnorm
1009,26,interaction,True,10,12.469020821254201,12.469020821254201,12.352671143814849,5.116346736930728,0.990668900220214,0.4103246606349077,3.5794211812991263,cube,targetnorm
1010,26,interaction,True,10,11.27485347411351,11.27485347411351,14.499129816504954,5.699521351571889,1.285970576007415,0.5055073544554437,5.49389003055882,cube,targetnorm
1011,26,interaction,True,10,10.446596427156123,10.446596427156123,17.565134189115792,12.022793906822898,1.6814217254009063,1.1508814369022067,11.267753373552795,cube,targetnorm
1012,26,interaction,True,10,12.098947115078587,12.098947115078587,15.77174333938781,9.8659522394937,1.3035632926878336,0.8154389093244347,2.4549351403427084,cube,targetnorm
1013,26,interaction,True,10,10.22352382990578,10.22352382990578,14.285336476145472,10.450145231959713,1.3973006483692156,1.0221666624761045,9.833569935567008,cube,targetnorm
1014,26,interaction,True,10,10.936303243353134,10.936303243353134,13.3037051981911,6.464581496380161,1.216471864592528,0.5911121292571331,4.729621092553411,cube,targetnorm
1015,26,interaction,True,10,9.593432096084053,9.593432096084053,10.029125919853985,4.435510707229922,1.045415844862005,0.46234868426706793,2.1409065619254397,cube,targetnorm
1016,26,interaction,True,10,9.358828090347659,9.358828090347659,9.99467120620591,3.98127287622444,1.0679404632417637,0.4254029284211956,2.1580234569770043,cube,targetnorm
1017,26,transport_free,True,10,9.459813912315234,9.459813912315234,8.339712461250365,4.314727412242788,0.8815937119432479,0.4561112356159217,4.212312015188766,cube,targetnorm
1018,26,transport_free,True,10,8.0699848516067,8.0699848516067,10.056640899106167,4.350954006889278,1.2461784109921759,0.5391526857727648,6.4908411225213944,cube,targetnorm
1019,26,transport_free,True,10,7.992982786546678,7.992982786546678,7.412909568260359,3.3977249876169475,0.9274271903521843,0.42508849053644904,3.6901128555349083,cube,targetnorm
1020,26,transport_free,True,10,7.087718795328771,7.087718795328771,8.438498226401638,2.968978550187482,1.1905802797880627,0.41889056774433775,2.827870607026255,cube,targetnorm
1021,26,transport_free,True,10,8.059651828996753,8.059651828996753,7.607768565503641,2.4855963798523266,0.9439326570079193,0.30839996969964995,2.1369701522208975,cube,targetnorm
1022,26,transport_free,True,10,7.133807553971368,7.133807553971368,7.539284045171596,2.4345543037584063,1.0568387201550593,0.34126997193849135,1.842101850454931,cube,targetnorm
1023,26,transport_free,True,10,7.038932051634081,7.038932051634081,8.783427720546346,1.9979853068636002,1.2478352761634177,0.2838477900066914,1.1330749307255763,cube,targetnorm
1024,26,transport_free,True,10,8.166274946980536,8.166274946980536,7.159651989777142,2.8409977993600677,0.8767341335261323,0.3478939685236193,1.6717730485957576,cube,targetnorm
1025,26,transport_free,True,10,6.893376301342886,6.893376301342886,7.516212067910203,3.3683118397913776,1.0903527878560733,0.48863019985361933,1.2921049827223465,cube,targetnorm
1026,27,transport_free,True,10,8.765863570097721,8.765863570097721,10.544628640315334,1.9757591220017563,1.2029195476285268,0.22539241070799948,1.0164730140711933,cube,targetnorm
1027,27,transport_free,True,10,9.544124858644643,9.544124858644643,13.079745780862819,2.007066919840226,1.3704499862044206,0.21029344749427853,1.0032033600496035,cube,targetnorm
1028,27,transport_free,True,10,12.91469879030506,12.91469879030506,16.4859503899011,2.357769544527983,1.2765261240375922,0.18256481105838393,1.2884740164195572,cube,targetnorm
1029,27,interaction,True,10,16.051627540627422,16.051627540627422,17.95667446488941,2.3591761297006384,1.118682477489602,0.146974263122506,1.0553580878699456,cube,targetnorm
1030,27,interaction,True,10,16.97537714828728,16.97537714828728,17.845205059425957,5.385003742794097,1.0512405647038268,0.317224394825149,4.320679286593518,cube,targetnorm
1031,27,interaction,True,10,15.21025241432362,15.21025241432362,17.1890425192907,6.993400003763369,1.130095809791009,0.4597819821305284,4.906668080352304,cube,targetnorm
1032,27,interaction,True,10,13.71176476224807,13.71176476224807,18.005017755536933,10.721322564732981,1.3131072526207033,0.7819068333385848,5.678088164797909,cube,targetnorm
1033,27,interaction,True,10,13.682893048266962,13.682893048266962,18.34382988316557,15.056873938444404,1.3406397184028964,1.1004159635926898,13.396424412411548,cube,targetnorm
1034,27,interaction,True,10,11.463722422380965,11.463722422380965,19.240022118689765,17.001335435116275,1.6783398454525469,1.4830553993460331,17.104771121431043,cube,targetnorm
1035,27,interaction,True,10,9.212495672667252,9.212495672667252,9.121951288352118,5.670015930905735,0.9901715683206482,0.6154701323473317,4.198731026924851,cube,targetnorm
1036,27,interaction,True,10,6.824804212620124,6.824804212620124,4.145900577941649,3.1487102178846635,0.6074753866602114,0.4613627174919112,2.8759933855040196,cube,targetnorm
1037,27,interaction,True,10,3.8477786525967708,3.8477786525967708,4.022880473995583,2.253346171410108,1.0455072490411164,0.5856226084859066,1.6381304658274196,cube,targetnorm
1038,27,static,True,10,4.062887611370678,4.062887611370678,5.188478912060205,3.384098427464852,1.2770421947039265,0.8329293722016528,3.497143340207208,cube,targetnorm
1039,27,transport_free,True,10,4.844588827859198,4.844588827859198,9.565289908470252,5.449485056678229,1.9744276033219337,1.124860179122019,6.990899029861531,cube,targetnorm
1040,27,transport_free,True,10,4.903216424244723,4.903216424244723,7.455358284420588,4.036071932869909,1.5205036121914584,0.8231478245408295,4.035753689652962,cube,targetnorm
1041,27,transport_free,True,10,6.0762619951561145,6.0762619951561145,7.467842735263819,2.3763691390674118,1.2290192129992168,0.39109063120744464,1.958613209523298,cube,targetnorm
1042,27,transport_free,True,10,7.3416034181771295,7.3416034181771295,5.920732313731692,2.863581790090339,0.8064631084638143,0.3900485530177748,2.383455341259471,cube,targetnorm
1043,27,transport_free,True,10,5.25041793254131,5.25041793254131,6.473137982295394,1.9985053738231406,1.2328805183632805,0.38063738915652817,1.2009892642834263,cube,targetnorm
1044,27,transport_free,True,10,5.114205543472956,5.114205543472956,6.511100386061374,1.7662564723968637,1.2731401447818647,0.3453628246621926,0.9535002617373289,cube,targetnorm
1045,27,transport_free,True,10,5.566262815170672,5.566262815170672,6.75714242513693,1.6658592013581235,1.2139459902469127,0.2992778560182026,1.431387185048243,cube,targetnorm
1046,27,interaction,True,10,4.7775100721346675,4.7775100721346675,5.2087008232082255,3.6154522723982145,1.0902542840440095,0.7567649712526452,1.5555865369184831,cube,targetnorm
1047,27,interaction,True,10,4.654626178058608,4.654626178058608,6.513465988495856,3.9007418119392665,1.3993531895643119,0.8380354646581354,2.6547921800863366,cube,targetnorm
1048,27,interaction,True,10,5.356944289799286,5.356944289799286,13.013247014214455,5.271034065377741,2.4292294842405453,0.9839628303424518,4.647767800174651,cube,targetnorm
1049,27,interaction,True,10,7.378931577666219,7.378931577666219,17.717520949658713,7.184989971322199,2.4010957092059586,0.9737168444641738,6.425432109630427,cube,targetnorm
1050,27,interaction,True,10,9.614259305650062,9.614259305650062,18.443701987618564,7.474806149256041,1.9183695177411801,0.777470828653777,4.608790624910293,cube,targetnorm
1051,27,interaction,True,10,12.703108328505795,12.703108328505795,16.147764114736788,12.202502535215014,1.2711663710291425,0.9605918661523636,8.140545374767623,cube,targetnorm
1052,27,interaction,True,10,11.907998190045685,11.907998190045685,16.34544596268146,8.020317647508417,1.3726443103044133,0.6735235863751544,3.403816894585283,cube,targetnorm
1053,27,interaction,True,10,7.128379193211715,7.128379193211715,6.784866881027121,3.4156181016446356,0.951810600576395,0.4791577452694008,3.1816895908879843,cube,targetnorm
1054,27,interaction,True,10,6.470585842444198,6.470585842444198,4.542715636370394,2.669199050743961,0.702056312516894,0.41251273311841236,2.0114389752797934,cube,targetnorm
1055,27,transport_free,True,10,3.7234780749023724,3.7234780749023724,5.386276436608748,2.9061798323806,1.446571277783064,0.7805013951792367,2.5003971456027503,cube,targetnorm
1056,27,transport_free,True,10,4.301021533190774,4.301021533190774,9.712410426894522,5.952347895595936,2.2581636366952185,1.3839381760035276,6.863295125700351,cube,targetnorm
1057,27,transport_free,True,10,4.591769296164205,4.591769296164205,8.018079091297565,4.125092257302472,1.746185092094146,0.8983666188866287,4.2009783951560475,cube,targetnorm
1058,27,transport_free,True,10,5.583673024747494,5.583673024747494,10.152617422952654,4.182518172201991,1.818268616008685,0.7490621592031947,3.8544677355126584,cube,targetnorm
1059,27,transport_free,True,10,9.480557377498519,9.480557377498519,8.698134297701884,2.2937283763434806,0.9174707721664483,0.24194024517877974,1.6629893481527933,cube,targetnorm
1060,27,transport_free,True,10,7.922270213770796,7.922270213770796,5.635317523046618,3.4268209419815765,0.7113260935294901,0.43255542281617004,2.755048042743993,cube,targetnorm
1061,27,transport_free,True,10,4.8156286719043155,4.8156286719043155,6.832639727327744,1.892588992682442,1.4188468822754583,0.3930097442363693,0.8624094691023377,cube,targetnorm
1062,27,transport_free,True,10,5.329905673650197,5.329905673650197,7.565276196446391,1.9760176798713793,1.4194015165873086,0.37074158547314395,1.400323596823547,cube,targetnorm
1063,27,transport_free,True,10,4.6120125929557965,4.6120125929557965,6.232456541773941,3.469015212360347,1.3513528890387563,0.7521695013710027,1.3829020219803352,cube,targetnorm
1064,28,transport_free,True,10,17.095403019583124,17.095403019583124,18.463021040931565,2.859614514037432,1.0799991681846757,0.1672738870655279,1.3952607842759894,cube,targetnorm
1065,28,transport_free,True,10,17.975256537917975,17.975256537917975,19.84356813364209,2.4389676492098062,1.1039379656019372,0.1356847199407094,1.5104642197581506,cube,targetnorm
1066,28,static,True,10,18.92115078374235,18.92115078374235,19.980730113660172,7.58350417684641,1.0559997297219494,0.4007950818383836,0.6963997044350361,cube,targetnorm
1067,28,interaction,True,10,19.29739370029145,19.29739370029145,20.18958723285851,7.995222854180492,1.0462338876650261,0.41431620136659897,1.3175428777480453,cube,targetnorm
1068,28,interaction,True,10,19.293804202756803,19.293804202756803,20.041953698704987,6.311194885519853,1.0387766708983852,0.32710992706239217,3.0266074504996308,cube,targetnorm
1069,28,interaction,True,10,18.54471444825402,18.54471444825402,19.246544014270874,7.847426958273244,1.0378452614072433,0.4231624585091456,4.989663290736008,cube,targetnorm
1070,28,interaction,True,10,17.6333944709079,17.6333944709079,19.205851984827113,11.318430933951257,1.0891749751594058,0.6418747651012255,9.029384007516144,cube,targetnorm
1071,28,interaction,True,10,15.734484280943018,15.734484280943018,19.016396222052755,13.684796069463673,1.208580839543922,0.8697327363972236,13.256602261532718,cube,targetnorm
1072,28,interaction,True,10,12.099066483449729,12.099066483449729,19.81960141051236,17.38908186144722,1.638109968039561,1.4372250855248778,10.831830115040832,cube,targetnorm
1073,28,interaction,True,10,13.983749434511257,13.983749434511257,16.137407053948692,7.858146720167835,1.154011456621377,0.5619484786229283,2.2321404299258174,cube,targetnorm
1074,28,interaction,True,10,14.616994818821953,14.616994818821953,15.581894809466558,4.051766466841647,1.066012200360236,0.27719558753789014,1.8964560218646864,cube,targetnorm
1075,28,interaction,True,10,15.041987085973336,15.041987085973336,16.468615335534714,3.4460806645509945,1.0948430710256167,0.22909743538900304,2.4997247385476857,cube,targetnorm
1076,28,transport_free,True,10,15.999994655166478,15.999994655166478,16.595105018582174,4.273196137602792,1.0371944101383517,0.26707484781708696,4.243428155947111,cube,targetnorm
1077,28,transport_free,True,10,16.417940358464737,16.417940358464737,17.729732604313675,5.72676404565626,1.079899927591868,0.348811356395485,5.84844478648083,cube,targetnorm
1078,28,transport_free,True,10,16.05233727308135,16.05233727308135,16.779038784388774,4.7420842948181186,1.0452707601980213,0.29541394590370734,4.441331215608631,cube,targetnorm
1079,28,static,True,10,15.864929538562606,15.864929538562606,16.854534379665132,1.6768403008282653,1.0623768822103565,0.10569478400470667,1.052891511054616,cube,targetnorm
1080,28,transport_free,True,10,15.742826508539784,15.742826508539784,16.773789705650636,2.1904469423079767,1.0654878078311796,0.13913936872262148,2.058504143928909,cube,targetnorm
1081,28,transport_free,True,10,16.021672034289548,16.021672034289548,15.76457764486312,2.146804979620529,0.9839533359017589,0.1339938163149228,1.7222313020334503,cube,targetnorm
1082,28,transport_free,True,10,15.679134231490197,15.679134231490197,17.010674977207714,2.249088712288504,1.0849243795007018,0.14344470039496202,1.5333504954242212,cube,targetnorm
1083,28,transport_free,True,10,15.969016429030656,15.969016429030656,16.184375637837398,2.9983608538895785,1.0134860659555232,0.1877611477961003,1.0164984910138033,cube,targetnorm
1084,28,interaction,True,10,15.912800177592395,15.912800177592395,16.875420401471306,3.131138639301404,1.0604934526378598,0.19676855137730667,0.9118748187242438,cube,targetnorm
1085,28,interaction,True,10,15.68690632012361,15.68690632012361,16.653138008342204,3.2018812244940533,1.0615947892146895,0.20411170686896937,2.2268658761437172,cube,targetnorm
1086,28,interaction,True,10,15.509880215747977,15.509880215747977,18.269541834239295,6.14693192961224,1.1779292670287222,0.3963236236583533,5.869607568669111,cube,targetnorm
1087,28,interaction,True,10,15.075726778289088,15.075726778289088,19.76607657716454,11.052487194821655,1.3111193156956211,0.7331313015528117,8.773773789659664,cube,targetnorm
1088,28,interaction,True,10,14.098878946714159,14.098878946714159,19.556641902481516,13.675026178114283,1.387106164709594,0.9699371297390522,3.580013394922147,cube,targetnorm
1089,28,interaction,True,10,12.982144131883988,12.982144131883988,19.37425414946886,15.441601325801066,1.4923770644238903,1.1894492287970122,11.547526725192084,cube,targetnorm
1090,28,interaction,True,10,13.81424114432156,13.81424114432156,15.921009799374811,7.987492438363122,1.1525070130920114,0.5782071092371539,3.6304249469787386,cube,targetnorm
1091,28,interaction,True,10,15.001933588976986,15.001933588976986,16.249287969494137,3.542488443756289,1.0831462406575159,0.23613545698930527,2.3608410813583007,cube,targetnorm
1092,28,interaction,True,10,15.481127735433269,15.481127735433269,16.146914066128424,2.680099899268832,1.0430063198284516,0.17312045640800497,1.1694803038227148,cube,targetnorm
1093,28,interaction,True,10,15.393455486075188,15.393455486075188,17.095585098217306,4.1848669949276625,1.1105748877295194,0.271860142039795,2.7706925267525593,cube,targetnorm
1094,28,transport_free,True,10,15.927394284243146,15.927394284243146,17.28426527933313,6.130194849456572,1.0851910218881393,0.3848837254893055,6.396476381689151,cube,targetnorm
1095,28,transport_free,True,10,16.30889503338537,16.30889503338537,17.215682688606215,5.3309231307966165,1.055600802713157,0.32687212223046813,5.090039031586611,cube,targetnorm
1096,28,transport_free,True,10,15.715327605188785,15.715327605188785,17.091751766252138,2.887259047852753,1.0875848213694823,0.18372248548604592,2.4520376382721536,cube,targetnorm
1097,28,transport_free,True,10,16.43250217796065,16.43250217796065,16.526392191505565,2.6560432943342596,1.0057136772311426,0.1616335276009613,2.427191790510361,cube,targetnorm
1098,28,transport_free,True,10,15.740823416311354,15.740823416311354,16.19453363307695,2.3702999643314575,1.0288237917906786,0.1505829715283665,1.967432617812389,cube,targetnorm
1099,28,transport_free,True,10,16.030340987965104,16.030340987965104,16.73570251058071,1.9250034899112256,1.0440016543094848,0.12008499952411718,1.223478446283719,cube,targetnorm
1100,28,transport_free,True,10,16.253247627482423,16.253247627482423,17.584829356116057,2.34281990965892,1.0819271175307805,0.1441447250023727,1.4319895362141657,cube,targetnorm
1101,28,interaction,True,10,16.085131314541183,16.085131314541183,16.98923501500141,2.652570351620799,1.0562074180670755,0.16490821863684996,1.6261934880110451,cube,targetnorm
1102,29,transport_free,True,10,18.311202760040317,18.311202760040317,19.005941044462546,2.102733058730271,1.0379406144711762,0.1148331481162432,1.054826695401012,cube,targetnorm
1103,29,transport_free,True,10,18.392359517320997,18.392359517320997,19.304873891284736,2.5301755838763365,1.0496137743014635,0.13756666628300435,1.1887516421106021,cube,targetnorm
1104,29,transport_free,True,10,18.319788937581905,18.319788937581905,18.727841649696195,3.3825207208365224,1.0222738762714234,0.18463753771188335,0.8087360192885483,cube,targetnorm
1105,29,interaction,True,10,17.73952657413716,17.73952657413716,18.499816602301898,2.9556139807305932,1.0428585297914987,0.16661177334008717,1.2161818863229663,cube,targetnorm
1106,29,interaction,True,10,17.958297339160932,17.958297339160932,18.895035325435042,3.848978932051792,1.0521618485640842,0.2143287227825591,2.707181461410155,cube,targetnorm
1107,29,interaction,True,10,17.075850652843904,17.075850652843904,18.073306887554168,4.881008819127632,1.0584132676602054,0.28584279157505527,3.0161594601989243,cube,targetnorm
1108,29,interaction,True,10,15.499250724756504,15.499250724756504,19.522790254148525,8.47001877803216,1.259595744390749,0.5464792413805684,8.757907542931541,cube,targetnorm
1109,29,interaction,True,10,15.591336397290542,15.591336397290542,19.116029087692546,19.05717795362314,1.226067387720178,1.2222927828646484,18.65486782493029,cube,targetnorm
1110,29,interaction,True,10,13.922208414558725,13.922208414558725,19.760935432650978,19.627926865516564,1.419382244844617,1.409828547387012,19.14494521575132,cube,targetnorm
1111,29,interaction,True,10,16.614791051098386,16.614791051098386,19.39197631053345,10.618432845791972,1.167151380411219,0.6390951780937383,5.323987441286214,cube,targetnorm
1112,29,interaction,True,10,17.500200405801433,17.500200405801433,19.698653299605358,7.274000685473306,1.1256244410249796,0.415652422075231,2.316277429827796,cube,targetnorm
1113,29,interaction,True,10,18.167261312532183,18.167261312532183,19.46579888989259,6.522180290020382,1.0714767930631706,0.3590073472175597,1.0189837798351191,cube,targetnorm
1114,29,transport_free,True,10,18.047784160224815,18.047784160224815,18.169820665654072,5.344037537456619,1.0067618553250548,0.29610491182813714,3.7465789592511713,cube,targetnorm
1115,29,transport_free,True,10,16.878479793165674,16.878479793165674,16.849912941778065,5.739161135971486,0.9983074985580647,0.3400283204590114,5.161779426380315,cube,targetnorm
1116,29,transport_free,True,10,16.325224411193208,16.325224411193208,17.539683041337696,4.847521793819089,1.074391542777924,0.2969344660582699,4.798742442710799,cube,targetnorm
1117,29,transport_free,True,10,16.885563607288425,16.885563607288425,18.677258917094353,4.1408575978003395,1.106108114095319,0.2452306416359709,3.668034058042605,cube,targetnorm
1118,29,transport_free,True,10,17.750732714320527,17.750732714320527,17.8916523560362,4.29687783093751,1.0079388070331308,0.24206763180378318,4.483080986319613,cube,targetnorm
1119,29,transport_free,True,10,16.89481578153702,16.89481578153702,16.83025963270659,3.680128814494215,0.9961789373932696,0.21782592139986107,3.790414937665106,cube,targetnorm
1120,29,transport_free,True,10,16.12342348823978,16.12342348823978,16.974170605902806,2.7269361800757412,1.0527646698781776,0.16912885666401642,1.9612504347147537,cube,targetnorm
1121,29,transport_free,True,10,16.92794112361554,16.92794112361554,18.1439869984719,2.898124711302125,1.0718366082429185,0.1712036147892232,1.7991270685099572,cube,targetnorm
1122,29,transport_free,True,10,17.07462867641917,17.07462867641917,19.98507581287418,5.675530770471282,1.1704544907892764,0.33239556057283076,4.361716112167103,cube,targetnorm
1123,29,interaction,True,10,17.98999399601355,17.98999399601355,19.08969002640395,4.866794403794364,1.0611282044137471,0.2705278503635304,2.632253736009461,cube,targetnorm
1124,29,interaction,True,10,17.87129465196685,17.87129465196685,16.81650624798136,9.863681419845879,0.9409786238475227,0.5519287556909213,4.237504102284455,cube,targetnorm
1125,29,interaction,True,10,15.408935719951574,15.408935719951574,15.984003139818835,8.316389040822138,1.0373203854126447,0.5397120990033096,4.156255754048352,cube,targetnorm
1126,29,interaction,True,10,12.003221039726288,12.003221039726288,16.597261456355458,8.472811034782405,1.3827339679428188,0.7058781144444884,4.536408278971645,cube,targetnorm
1127,29,interaction,True,10,13.060100981761188,13.060100981761188,16.26499119760328,10.886010967050547,1.2453955157251704,0.8335319138996842,3.9977004667945484,cube,targetnorm
1128,29,interaction,True,10,11.698608384791239,11.698608384791239,16.579962107177344,8.503621583410204,1.4172593493027856,0.7268917211097797,4.489945838003058,cube,targetnorm
1129,29,interaction,True,10,13.62374586706046,13.62374586706046,18.352919933344324,9.480394873775875,1.347127296151206,0.6958728507038293,3.018834086227177,cube,targetnorm
1130,29,interaction,True,10,17.23802926376024,17.23802926376024,19.728099020833852,8.07518708398406,1.1444521133461887,0.4684518723355833,3.325390407462864,cube,targetnorm
1131,29,interaction,True,10,17.81376411161938,17.81376411161938,18.78257624876326,4.2231281826448095,1.0543855936944821,0.23707107359135796,0.9916798811874272,cube,targetnorm
1132,29,transport_free,True,10,17.470225213273054,17.470225213273054,17.14263263537885,5.266409268223935,0.9812485200451042,0.3014505654009981,4.072999592772672,cube,targetnorm
1133,29,transport_free,True,10,16.3580949548969,16.3580949548969,16.64294611769931,7.6508292486915455,1.0174134679855944,0.467709062075179,7.2134438960191885,cube,targetnorm
1134,29,transport_free,True,10,14.678028681952025,14.678028681952025,15.820722236616739,3.6072114458707594,1.0778506146448508,0.2457558520992778,3.5563989385180745,cube,targetnorm
1135,29,static,True,10,14.628904284394324,14.628904284394324,15.570083631839564,2.0807734441472947,1.0643369680427304,0.14223713572088933,1.338762717694848,cube,targetnorm
1136,29,transport_free,True,10,14.54729472235578,14.54729472235578,15.592439362912803,2.3356096859364914,1.071844604822014,0.16055285401946295,1.9414685044394708,cube,targetnorm
1137,29,transport_free,True,10,14.891194711138368,14.891194711138368,15.515514395913549,2.2499195493508815,1.0419254261921778,0.1510906003846675,1.3041030050329359,cube,targetnorm
1138,29,transport_free,True,10,15.339543782411386,15.339543782411386,17.519640883622152,2.4036804075929803,1.142122681882528,0.15669829831243653,1.458396542847213,cube,targetnorm
1139,29,transport_free,True,10,16.539845992688512,16.539845992688512,18.68814007630317,3.8597257321747067,1.1298859786581035,0.23335923042336124,1.365015171008363,cube,targetnorm
