row_id,episode_ordinal,episode_id,split,model_step,raw_step,transition_block,normalized_position,interaction_contact,support_contact,free,sensor_grasp_onset,sensor_release,mse_model,mse_persistence,excess,mse_model_whitened,mse_persistence_whitened,excess_whitened,phase_decile,interaction_contact_relabel,block_disp,effector_disp,transport_free,static,regime,mse_model_whitened_recomputed,mse_persistence_whitened_recomputed,excess_whitened_recomputed,mse_model_targetnorm,mse_persistence_targetnorm,excess_targetnorm,persistence_mag_whitened,persistence_mag_targetnorm
0,0,0,calibration,3,15,2,0.075,False,True,True,False,False,0.0121737224981188,0.0530798397958278,-0.0409061163663864,8.876036859211435,3.0632226869975754,5.81281417221386,0,False,4.2674197509029455e-16,0.0565430805672886,True,False,transport_free,8.876036793386104,3.063222728374854,5.812814065011251,0.013849083669072115,0.05662234595525223,-0.042773262286180114,1.750206481640053,0.23795450396084591
1,0,0,calibration,4,20,3,0.1,False,True,True,False,False,0.0109737887978553,0.1158261820673942,-0.1048523932695388,7.927741618462843,2.0322371481594064,5.895504470303436,1,False,0.0,0.0581215985767283,True,False,transport_free,7.927741647758258,2.032237112478009,5.895504535280249,0.012235657686278661,0.1263531133395281,-0.11411745565324943,1.4255655412775692,0.3554618310585935
2,0,0,calibration,5,25,4,0.125,False,True,True,False,False,0.0075479485094547,0.0783553346991539,-0.0708073824644088,6.737886759887307,0.7950053233090953,5.942881436578212,1,False,0.0,0.0344652308763354,True,False,transport_free,6.73788673745365,0.7950052706841791,5.942881466769471,0.008652669859336264,0.08683836389008807,-0.07818569403075182,0.8916306806543722,0.29468349782451014
3,0,0,calibration,6,30,5,0.15,True,True,False,True,False,0.0065157054923474,0.0606521852314472,-0.0541364811360836,7.250613463603007,1.5646046282525825,5.686008835350425,1,True,0.0055287580348936,0.0103654905353295,False,False,interaction,7.25061345772972,1.5646046445218114,5.686008813207909,0.007400887503454145,0.06808420821510748,-0.06068332071165333,1.2508415745096624,0.2609295081341079
4,0,0,calibration,7,35,6,0.175,True,False,False,False,False,0.0664326101541519,0.2866609990596771,-0.2202283889055252,10.840392471094304,2.531496397140684,8.30889607395362,1,True,0.0792750536769554,0.0796133561661754,False,False,interaction,10.840393181361655,2.5314964688982666,8.308896712463389,0.0719729471142615,0.3123253754298263,-0.2403524283155648,1.5910677134862194,0.5588607835855244
5,0,0,calibration,8,40,7,0.2,True,False,False,False,False,0.2407007217407226,0.499184250831604,-0.2584835290908813,14.570008694962487,2.741216955779825,11.828791739182662,2,True,0.0986089509392748,0.0987912106524275,False,False,interaction,14.57000909185759,2.7412171811956463,11.828791910661945,0.26095694530490116,0.5454618757028757,-0.2845049303979746,1.655662157928255,0.7385539084609029
6,0,0,calibration,9,45,8,0.225,True,False,False,False,False,0.3549585342407226,0.6277828216552734,-0.2728242874145508,10.265122080801488,2.5704428010283085,7.69467927977318,2,True,0.0837173921811868,0.0843370766147947,False,False,interaction,10.265122429770976,2.5704429010990864,7.694679528671889,0.3805565030169724,0.6886249720280704,-0.30806846901109797,1.6032600852946743,0.8298343039595738
7,0,0,calibration,10,50,9,0.25,True,False,False,False,False,0.748487651348114,1.241601586341858,-0.4931139349937439,14.7110529224128,2.9638393942048595,11.74721352820794,2,True,0.0797076197305112,0.0814145137339605,False,False,interaction,14.71105547049136,2.9638398810137088,11.747215589477651,0.801373150976764,1.332354652174636,-0.5309815011978719,1.7215806344791722,1.1542766792128463
8,0,0,calibration,11,55,10,0.275,True,False,False,False,False,0.4086732864379883,0.9185064435005188,-0.5098331570625305,11.90237153841491,2.739168524257021,9.163203014157888,2,True,0.0752344795955191,0.0765307243286828,False,False,interaction,11.902371608824104,2.739167430387178,9.163204178436926,0.44973724209353,0.9833092858897968,-0.5335720437962668,1.6550430297690686,0.9916195267791961
9,0,0,calibration,12,60,11,0.3,True,False,False,False,False,0.0206423755735158,0.2101259231567382,-0.1894835531711578,8.16105403846237,1.9578572401844192,6.20319679827795,3,True,0.0577918610503577,0.057627728514025,False,False,interaction,8.161054538306628,1.95785721471366,6.203197323592968,0.02138968807036236,0.2196598483328697,-0.19827016026250732,1.399234510263973,0.4686788328193089
10,0,0,calibration,13,65,12,0.325,True,False,False,False,False,0.0412361808121204,0.1660471707582473,-0.1248109936714172,10.02445560545618,2.008024296560515,8.016431308895664,3,True,0.0633038014641069,0.0630293681300091,False,False,interaction,10.024455857365966,2.0080241550273423,8.016431702338624,0.044686270398327566,0.1707094375868182,-0.12602316718849063,1.41704768975054,0.41316998630928914
11,0,0,calibration,14,70,13,0.35,True,True,False,False,True,0.0206910129636526,0.0768868401646614,-0.0561958253383636,7.382024378552071,0.9821193130745112,6.39990506547756,3,True,0.0269617574026857,0.0308110829992353,False,False,interaction,7.382024400752228,0.9821193198431718,6.399905080909057,0.02127293959697168,0.07776379311809554,-0.05649085352112386,0.9910193337383342,0.278861602086224
12,0,0,calibration,15,75,14,0.375,False,True,True,False,False,0.0745980367064476,0.102425992488861,-0.0278279557824134,7.724039870284653,0.8394365217247423,6.884603348559911,3,False,0.0005574120824431,0.0327685994798733,True,False,transport_free,7.7240399222654474,0.839436624322807,6.884603297942641,0.0762892554426583,0.10652668792376795,-0.030237432481109647,0.9162077408114423,0.326384264209793
13,0,0,calibration,16,80,15,0.4,False,True,True,False,False,0.1290191262960434,0.2491134852170944,-0.120094358921051,6.600310232437562,0.7994096579988845,5.8009005744386775,4,False,1.0958742637420334e-09,0.0809405530911927,True,False,transport_free,6.600310462880519,0.7994098307031775,5.800900632177342,0.1300717343712893,0.25336993236601796,-0.12329819799472866,0.8940972154655094,0.5033586518239435
14,0,0,calibration,17,85,16,0.425,False,True,True,False,False,0.0542476028203964,0.1604375541210174,-0.106189951300621,6.545702138772856,0.7814430691708507,5.764259069602005,4,False,1.6274960797427188e-15,0.0692496824678843,True,False,transport_free,6.545702397013327,0.7814429859391755,5.764259411074151,0.05538822201195115,0.16476345389363162,-0.10937523188168047,0.8839926390752219,0.405910647672159
15,0,0,calibration,18,90,17,0.45,False,True,True,False,False,0.041692029684782,0.1182668805122375,-0.0765748471021652,8.640872209050654,1.2965891450443656,7.344283064006288,4,False,0.0,0.081864340031336,True,False,transport_free,8.640872077233993,1.2965891545980155,7.344282922635978,0.04285722327027756,0.12370526856527901,-0.08084804529500145,1.1386786880406674,0.35171759774750966
16,0,0,calibration,19,95,18,0.475,False,True,True,False,False,0.016534311696887,0.0707166194915771,-0.0541823059320449,7.916064356864562,0.7526834059556146,7.163380950908948,4,False,0.0,0.0698849008705409,True,False,transport_free,7.9160646113722555,0.752683401869214,7.163381209503042,0.017481408603639684,0.07379543884115207,-0.056314030237512386,0.867573283284596,0.271653159085537
17,0,0,calibration,20,100,19,0.5,False,True,True,False,False,0.0426918230950832,0.1626026481389999,-0.1199108213186264,6.973227358961822,1.0283897796889288,5.9448375792728925,5,False,0.0,0.0602279312710432,True,False,transport_free,6.973227251268649,1.0283896543560775,5.9448375969125715,0.04487270810789599,0.16880040394011978,-0.1239276958322238,1.0140954858178186,0.4108532632706229
18,0,0,calibration,21,105,20,0.525,False,True,True,False,False,0.0071436516009271,0.1007022932171821,-0.0935586392879486,6.691729311594448,0.7024004504089625,5.989328861185485,5,False,0.0,0.0607301720407339,True,False,transport_free,6.691729331405313,0.7024005180342773,5.989328813371035,0.007298720056881004,0.10176102683351101,-0.09446230677663,0.8380933826455601,0.3190000420587919
19,0,0,calibration,22,110,21,0.55,False,True,True,False,False,0.0132570220157504,0.2074359208345413,-0.194178894162178,6.883254856846729,0.9455890867335204,5.937665770113208,5,False,0.0,0.0643583229007132,True,False,transport_free,6.883254866019726,0.9455890174913834,5.937665848528343,0.013585664736081374,0.21169195621232573,-0.19810629147624437,0.9724140154745732,0.46009994154783995
20,0,0,calibration,23,115,22,0.575,True,True,False,True,False,0.0025048304814845,0.0395915694534778,-0.0370867401361465,7.781833706063412,0.7389512845663028,7.042882421497109,5,True,0.0015845097103761,0.0104914380618183,False,False,interaction,7.781833721533694,0.7389512475274862,7.042882474006207,0.0027869015179460993,0.040493412125812256,-0.03770651060786616,0.8596227355808397,0.2012297496043074
21,0,0,calibration,24,120,23,0.6,True,True,False,False,False,0.0480596981942653,0.1053197607398033,-0.0572600625455379,10.295063540168275,1.9134115419895512,8.381651998178723,6,True,0.0318064663789891,0.0314554612375208,False,False,interaction,10.295063273454774,1.9134115947393147,8.38165167871546,0.05016040683824077,0.10715570081206666,-0.056995293973825883,1.3832612171022922,0.3273464537948543
22,0,0,calibration,25,125,24,0.625,True,False,False,False,False,0.0993555411696434,0.3316942751407623,-0.2323387265205383,12.257332235475356,1.684651129939137,10.572681105536216,6,True,0.0910349506930125,0.0912114058622464,False,False,interaction,12.257333349773669,1.6846510624833133,10.572682287290355,0.10583238104212966,0.3462809992514977,-0.24044861820936803,1.2979410859061797,0.5884564548473384
23,0,0,calibration,26,130,25,0.65,True,False,False,False,False,0.2204044908285141,0.5025525689125061,-0.2821480631828308,10.191980976716907,2.0264383875544936,8.165542589162413,6,True,0.0921827599570972,0.0926426071548685,False,False,interaction,10.191980699691298,2.0264378670529326,8.165542832638366,0.24516792080692743,0.5399979210058042,-0.29483000019887684,1.423530072409056,0.7348455082572147
24,0,0,calibration,27,135,26,0.675,True,False,False,False,False,0.1047757789492607,0.467231273651123,-0.3624554872512817,5.360427537218733,3.202227606175219,2.158199931043514,6,True,0.0819044448694838,0.0827950648180187,False,False,interaction,5.360427095743982,3.202227566751945,2.158199528992037,0.1121565282110381,0.4857165767172062,-0.3735600485061681,1.7894768975183628,0.6969336960695803
25,0,0,calibration,28,140,27,0.7,True,False,False,False,False,0.0478831529617309,0.2242481261491775,-0.1763649731874466,6.12789121778692,2.0223535597104383,4.105537658076482,7,True,0.0499836781042414,0.0498856146840882,False,False,interaction,6.127891084735449,2.0223538865740998,4.105537198161349,0.0508263564343564,0.23627541448756548,-0.18544905805320908,1.422094893660089,0.48608169528132356
26,0,0,calibration,29,145,28,0.725,True,False,False,False,False,0.0694304034113884,0.415702611207962,-0.346272200345993,6.596706698275068,1.4580320471131702,5.138674651161898,7,True,0.0786264349936567,0.0784302818124707,False,False,interaction,6.596706428459677,1.458031807310989,5.138674621148688,0.07511330791925784,0.4388696298911941,-0.36375632197193625,1.2074898787613042,0.6624723616055195
27,0,0,calibration,30,150,29,0.75,True,False,False,False,False,0.0386859662830829,0.3201283514499664,-0.2814423739910126,8.997121894550135,1.507782004001015,7.48933989054912,7,True,0.0790145675473297,0.0784394055161068,False,False,interaction,8.997122536345673,1.5077819167353497,7.489340619610323,0.040195679087101,0.3345439608971185,-0.29434828181001754,1.2279177157836554,0.5783977531916238
28,0,0,calibration,31,155,30,0.775,True,False,False,False,False,0.0498680658638477,0.2538496255874634,-0.2039815634489059,9.222621931785566,0.9331834868818636,8.289438444903702,7,True,0.0736187263078162,0.0733414181573743,False,False,interaction,9.222621908608764,0.9331837615264202,8.289438147082343,0.05074931541889547,0.2565102597979157,-0.20576094437902023,0.9660143692132226,0.5064684193490406
29,0,0,calibration,32,160,31,0.8,True,True,False,False,True,0.0234205070883035,0.0288589894771575,-0.005438482388854,7.626694359752441,0.58037857257526,7.046315787177181,8,True,0.0172691011035695,0.0193581771238542,False,False,interaction,7.626694284844607,0.5803785543983074,7.0463157304463,0.023972259267609514,0.029281404794947466,-0.005309145527337952,0.7618258031848931,0.17111810189149326
30,0,0,calibration,33,165,32,0.825,False,True,True,False,False,0.1472966969013214,0.2817766368389129,-0.1344799399375915,7.839260232936806,0.9511205703368834,6.888139662599923,8,False,8.524171677559587e-07,0.0723487037937343,True,False,transport_free,7.839259487903452,0.9511206147504693,6.8881388731529825,0.14943420463370508,0.28879307912323166,-0.13935887448952658,0.9752541282919387,0.537394714454126
31,0,0,calibration,34,170,33,0.85,False,True,True,False,False,0.1413396447896957,0.3785892426967621,-0.2372495979070663,7.036147763790997,1.132377594128348,5.903770169662649,8,False,1.3611718713385973e-12,0.100192546260166,True,False,transport_free,7.0361474289029,1.1323777275206597,5.90376970138224,0.14507994349573367,0.3854485005771608,-0.24036855708142713,1.064132382516696,0.6208449891697289
32,0,0,calibration,35,175,34,0.875,False,True,True,False,False,0.037217304110527,0.1963289231061935,-0.1591116189956665,10.753686594314596,1.8028436550320448,8.950842939282552,8,False,0.0,0.1342311896094449,True,False,transport_free,10.753686486302028,1.8028434434222333,8.950843042879795,0.03801242472227088,0.20341869834964163,-0.16540627362737076,1.342700057131984,0.4510196208033988
33,0,0,calibration,36,180,35,0.9,False,True,True,False,False,0.0077815274707973,0.0028565053362399,0.0049250219017267,9.544147852832474,0.1911550881551529,9.35299276467732,9,False,0.0,0.0223193885959083,True,False,transport_free,9.544147838792474,0.19115508759142083,9.352992751201054,0.008107554984873214,0.002953224776115579,0.005154330208757635,0.43721286302145873,0.054343580817936346
34,0,0,calibration,37,185,36,0.925,False,True,True,False,False,0.0540885142982006,0.1926326900720596,-0.1385441720485687,7.90404976139578,1.2836154622383469,6.620434299157433,9,False,0.0,0.1167126282993213,True,False,transport_free,7.904049748455392,1.2836154273206108,6.620434321134781,0.05707473670493507,0.20104071716136937,-0.1439659804564343,1.1329675314503107,0.448375642917152
35,0,0,calibration,38,190,37,0.95,False,True,True,False,False,0.0215744692832231,0.1254132837057113,-0.1038388162851333,6.549045623163232,0.8457077962424769,5.703337826920754,9,False,0.0,0.0686176821510048,True,False,transport_free,6.54904594939939,0.8457076079565681,5.703338341442822,0.022449304644677443,0.12930632662047803,-0.10685702197580059,0.9196236229874525,0.35959188898038014
36,0,0,calibration,39,195,38,0.975,False,True,True,False,False,0.0105294985696673,0.1695632934570312,-0.159033790230751,7.06125893156985,0.953424346483198,6.1078345850866524,9,False,0.0,0.074403731157733,True,False,transport_free,7.061259068751975,0.953424283033019,6.107834785718956,0.010792226607923614,0.173206151789952,-0.16241392518202838,0.9764344745209578,0.4161804317720284
37,0,0,calibration,40,200,39,1.0,False,True,True,False,False,0.0074665024876594,0.1435539424419403,-0.1360874474048614,7.139404417695762,1.0618881816579089,6.077516236037853,9,False,0.0,0.0516081057492067,True,False,transport_free,7.1394043781644,1.061888223471365,6.077516154693035,0.008067812216405719,0.15046928682059446,-0.14240147460418875,1.0304796084694567,0.387903708181031
38,1,1,calibration,3,15,2,0.075,False,True,True,False,False,0.0140275200828909,0.061606079339981,-0.0475785583257675,9.358761810917974,8.364885701374297,0.9938761095436774,0,False,4.2674197509029455e-16,0.0968046177534512,True,False,transport_free,9.358761625217674,8.364885636016929,0.9938759892007454,0.01538310766249039,0.06757249730537467,-0.052189389642884276,2.892211201834494,0.25994710482206695
39,1,1,calibration,4,20,3,0.1,False,True,True,False,False,0.019359840080142,0.0738220512866973,-0.0544622093439102,8.72647046897537,1.7989035704895473,6.927566898485822,1,False,0.0,0.0447670975878447,True,False,transport_free,8.726470290225311,1.7989034200305714,6.92756687019474,0.02072944723648723,0.08316176782783914,-0.06243232059135191,1.3412320530134119,0.2883778213175194
40,1,1,calibration,5,25,4,0.125,False,True,True,False,False,0.0036235991865396,0.0645805522799491,-0.0609569549560546,10.099462597045086,1.5479154184551045,8.551547178589981,1,False,0.0,0.027786785801592,True,False,transport_free,10.09946263687683,1.547915309728978,8.551547327147851,0.003961086600445735,0.0702410043615591,-0.06627991776111336,1.2441524463380595,0.2650301951883202
41,1,1,calibration,6,30,5,0.15,True,True,False,True,False,0.0111501142382621,0.0390308052301406,-0.0278806909918785,11.120033296993428,1.808216584749471,9.311816712243957,1,True,0.0103891570207095,0.009499603173235,False,False,interaction,11.120033252026104,1.8082166564259607,9.311816595600144,0.012022689973936811,0.04377984701178369,-0.03175715703784688,1.3446994669538472,0.2092363424737292
42,1,1,calibration,7,35,6,0.175,True,False,False,False,False,0.0439077317714691,0.1242628693580627,-0.0803551375865936,15.00783160923612,2.443215276428487,12.564616332807631,1,True,0.0487875803284613,0.0485796065967024,False,False,interaction,15.007831713387494,2.4432149467959685,12.564616766591525,0.04802650828001672,0.1349785077727493,-0.08695199949273258,1.5630786758176853,0.3673942130365547
43,1,1,calibration,8,40,7,0.2,True,False,False,False,False,0.0606138408184051,0.2925767600536346,-0.2319629192352295,10.945237045178729,3.0769698743836607,7.868267170795066,2,True,0.07073162749706,0.0706996104046368,False,False,interaction,10.9452373181054,3.0769701370905564,7.8682671810148435,0.06653299171943232,0.3173013690192276,-0.2507683772997953,1.754129452774383,0.5632950994099164
44,1,1,calibration,9,45,8,0.225,True,False,False,False,False,0.6556033492088318,1.3999418020248413,-0.7443384528160095,24.440457074266533,3.799063823621757,20.641393250644775,2,True,0.1136614838878581,0.1153804192140838,False,False,interaction,24.440460443079974,3.7990638116725925,20.641396631407382,0.7007059319348982,1.465886035253143,-0.7651801033182449,1.949118726930864,1.2107378061550498
45,1,1,calibration,10,50,9,0.25,True,False,False,False,False,0.4756039679050445,0.9425014853477478,-0.4668975174427032,8.351119621036842,3.7356695526501182,4.615450068386723,2,True,0.0543463050135705,0.0546719139073289,False,False,interaction,8.351120745914924,3.7356698264901347,4.61545091942479,0.5087649678464028,1.0167475136086697,-0.5079825457622669,1.932788096634014,1.0083389874485016
46,1,1,calibration,11,55,10,0.275,True,False,False,False,False,0.55387282371521,1.2052093744277954,-0.6513365507125854,17.52661939984678,2.9538505517407394,14.57276884810604,2,True,0.1171597418435522,0.1174421263158167,False,False,interaction,17.526621491818698,2.9538503089426142,14.572771182876084,0.5920899672947254,1.3033387132243153,-0.7112487459295899,1.718676906501805,1.14163860885322
47,1,1,calibration,12,60,11,0.3,True,False,False,False,False,0.0641295835375785,0.2360237091779709,-0.1718941330909729,9.88336665305711,2.072740979481868,7.810625673575242,3,True,0.0698045737594373,0.0698068650317675,False,False,interaction,9.883367238776996,2.072740581338351,7.810626657438645,0.07221068605447466,0.263237743100146,-0.19102705704567136,1.4397015598165999,0.5130669966974547
48,1,1,calibration,13,65,12,0.325,True,False,False,False,False,0.0098068006336689,0.0659062266349792,-0.0560994260013103,6.738539364051209,0.4063643721536034,6.332174991897606,3,True,0.0373679750959645,0.0372317647066374,False,False,interaction,6.738539354795509,0.4063643458800934,6.332175008915415,0.010491974258278539,0.07186685094946797,-0.061374876691189434,0.6374671331763649,0.2680799338806767
49,1,1,calibration,14,70,13,0.35,True,True,False,False,False,0.0145800383761525,0.0524601340293884,-0.0378800965845584,6.702354402280556,0.74248924259154,5.959865159689016,3,True,0.0248412310053134,0.0252858717856312,False,False,interaction,6.702354529063563,0.7424891618473587,5.959865367216205,0.015858927928569497,0.057417946826662396,-0.041559018898092895,0.8616781080237322,0.23962042239062678
50,1,1,calibration,15,75,14,0.375,False,True,True,False,True,0.06264279037714,0.0595693588256835,0.0030734315514564,6.940811118006778,0.4972987364795203,6.443512381527258,3,False,0.0016429726513357,0.0125748327158708,True,False,transport_free,6.9408115556135215,0.497298672154107,6.443512883459414,0.06558642770210722,0.0625200161450394,0.0030664115570678274,0.7051940670156741,0.25004002908542344
51,1,1,calibration,16,80,15,0.4,False,True,True,False,False,0.1249394193291664,0.2379403561353683,-0.1130009368062019,7.785147699609415,0.6869684729167537,7.098179226692661,4,False,5.268569407218552e-09,0.0792287538060759,True,False,transport_free,7.78514645644768,0.686968247034859,7.09817820941282,0.13629939882685868,0.26464776990463074,-0.12834837107777206,0.8288354764576978,0.5144392771791737
52,1,1,calibration,17,85,16,0.425,False,True,True,False,False,0.1422508507966995,0.3181076645851135,-0.175856813788414,7.980728534944667,1.2947689965826603,6.685959538362007,4,False,8.387720054909976e-15,0.143514193475869,True,False,transport_free,7.980728334794332,1.294769248411096,6.685959086383236,0.1531184766225383,0.3400758152671683,-0.18695733864463,1.1378792767297838,0.5831601969160518
53,1,1,calibration,18,90,17,0.45,False,True,True,False,False,0.017448166385293,0.0141873238608241,0.0032608425244688,6.908682529997123,0.8688478380897294,6.0398346919073935,4,False,0.0,0.0533687040534703,True,False,transport_free,6.908682850360582,0.8688477717993277,6.039835078561254,0.017821984564106084,0.015154651856524712,0.0026673327075813717,0.9321200415178978,0.12310423167594489
54,1,1,calibration,19,95,18,0.475,False,True,True,False,False,0.093187391757965,0.1423014551401138,-0.0491140633821487,8.991942309256729,1.9823878079602213,7.009554501296507,4,False,0.0,0.1125716700428426,True,False,transport_free,8.991941855996535,1.982387659484056,7.009554196512479,0.09862717041919196,0.152392287625408,-0.05376511720621603,1.4079728901807933,0.3903745478708979
55,1,1,calibration,20,100,19,0.5,False,True,True,False,False,0.0675861537456512,0.112101137638092,-0.0445149838924407,7.819774024245656,1.2692548492861546,6.5505191749595015,5,False,0.0,0.0736326144916069,True,False,transport_free,7.81977420520314,1.2692552005274402,6.550519004675699,0.07027887467660243,0.11790496013848545,-0.047626085461883017,1.1266122671653456,0.3433729170136827
56,1,1,calibration,21,105,20,0.525,False,True,True,False,False,0.0216371659189462,0.1336363106966018,-0.1119991466403007,7.985000613691686,1.0451054595522429,6.939895154139443,5,False,0.0,0.0701350352022541,True,False,transport_free,7.985000736706546,1.0451053619208006,6.9398953747857455,0.023237952652262917,0.14874988692282576,-0.12551193427056284,1.0223039479141223,0.38568106891941917
57,1,1,calibration,22,110,21,0.55,False,True,True,False,False,0.0055349790491163,0.1972424536943435,-0.1917074769735336,7.306211472680371,0.6099778953622251,6.696233577318146,5,False,0.0,0.0613738282965021,True,False,transport_free,7.3062114827166935,0.6099780468907273,6.696233435825966,0.006157801385797086,0.21587581248892165,-0.20971801110312457,0.781010913426136,0.4646243778461497
58,1,1,calibration,23,115,22,0.575,True,True,False,True,False,0.0018125943606719,0.0313541330397129,-0.0295415390282869,6.430083725881303,0.3909721344646323,6.039111591416671,5,True,0.0010461750624719,0.0074191418835022,False,False,interaction,6.4300837195564915,0.3909721688202903,6.039111550736202,0.001973187846980302,0.03269034360098715,-0.03071715575400685,0.62527767337423,0.18080471122453406
59,1,1,calibration,24,120,23,0.6,True,True,False,False,False,0.0140751032158732,0.0602569542825222,-0.0461818501353263,7.736005075293998,0.7332219651259777,7.0027831101680205,6,True,0.0285584546633463,0.0283029137736933,False,False,interaction,7.736005162666841,0.7332220234713523,7.002783139195489,0.015261904462642346,0.06517666184686759,-0.04991475738422524,0.8562838451537856,0.25529720297501807
60,1,1,calibration,25,125,24,0.625,True,False,False,False,False,0.0861963629722595,0.3395958840847015,-0.253399521112442,9.21555800065032,1.1298187294165418,8.085739271233777,6,True,0.0898680797571908,0.089835868329332,False,False,interaction,9.215557954346549,1.1298186033053916,8.085739351041157,0.09445703061609904,0.371913002416997,-0.2774559718008979,1.0629292560210164,0.6098467040306088
61,1,1,calibration,26,130,25,0.65,True,False,False,False,False,0.930764138698578,1.4066747426986694,-0.4759106040000915,9.144028133899832,1.8411224663889043,7.302905667510927,6,True,0.0993394225519028,0.0990199954814586,False,False,interaction,9.144026685815335,1.8411216410162385,7.302905044799097,0.9240987586976447,1.3996048267908563,-0.4755060680932116,1.3568793760007698,1.1830489536747228
62,1,1,calibration,27,135,26,0.675,True,False,False,False,False,0.0021211272105574,0.0116652259603142,-0.0095440987497568,3.570345282342887,0.527678994857431,3.042666287485456,6,True,0.0150983104056551,0.0157215419119759,False,False,interaction,3.570345283282053,0.5276789784031464,3.0426663048789067,0.0022835171318171792,0.012827471810566857,-0.010543954678749677,0.7264151556810653,0.11325842931352552
63,1,1,calibration,28,140,27,0.7,True,False,False,False,False,0.7592085003852844,1.0710656642913818,-0.3118571639060974,8.757835156136155,2.0692959224656096,6.688539233670545,7,True,0.0686669306170706,0.0680675226694325,False,False,interaction,8.757835058152727,2.069295618929991,6.688539439222736,0.7389908089858602,1.0594614792633472,-0.320470670277487,1.4385046468225229,1.0293014520845423
64,1,1,calibration,29,145,28,0.725,True,False,False,False,False,0.1093488931655883,0.2235283404588699,-0.1141794472932815,8.163591916079536,1.9285378265007005,6.235054089578836,7,True,0.056282901032234,0.0558915786967259,False,False,interaction,8.163590712052837,1.928537596899553,6.235053115153284,0.11371368173136154,0.23737647430229444,-0.1236627925709329,1.3887179688113613,0.4872129660654511
65,1,1,calibration,30,150,29,0.75,True,False,False,False,False,0.017930457368493,0.1173746585845947,-0.0994442030787468,7.493188037564369,0.5405119176836224,6.952676119880747,7,True,0.0519858464608366,0.051678173284316,False,False,interaction,7.493187958485408,0.5405120069538256,6.952675951531583,0.019776098814455738,0.12883169438856493,-0.10905559557410918,0.7351952169008077,0.35893132266293637
66,1,1,calibration,31,155,30,0.775,True,False,False,False,False,0.0051953955553472,0.0366224087774753,-0.031427014619112,6.94538010697075,0.4256462501853317,6.519733856785418,7,True,0.0243075499756298,0.0247052469996409,False,False,interaction,6.9453800700844495,0.425646254218131,6.519733815866318,0.005474253020592848,0.03963353988725765,-0.034159286866664806,0.6524157065998113,0.19908174172248355
67,1,1,calibration,32,160,31,0.8,False,True,True,False,True,0.0250286553055048,0.0214003529399633,0.0036283023655414,6.8588816548472735,0.2705700022199515,6.588311652627322,8,False,0.004911843025765,0.0045748178672727,True,False,transport_free,6.858881593383291,0.2705700436640856,6.588311549719205,0.02600558726533367,0.02217008857801388,0.0038354986873197876,0.5201634778260442,0.14889623426404672
68,1,1,calibration,33,165,32,0.825,False,True,True,False,False,0.1057405397295951,0.1769559234380722,-0.071215383708477,7.75411032340167,0.9380765352953004,6.8160337881063695,8,False,8.902230686500611e-08,0.0499740278232983,True,False,transport_free,7.7541112060605615,0.9380766570273845,6.816034549033177,0.11269151399915234,0.19332976070953323,-0.08063824671038089,0.9685435751825441,0.43969280265832555
69,1,1,calibration,34,170,33,0.85,False,True,True,False,False,0.0764974728226661,0.1611560434103012,-0.084658570587635,8.522842890957746,0.6922185006308391,7.830624390326906,8,False,1.4219189485010117e-13,0.0798063199195084,True,False,transport_free,8.522842760606286,0.6922185371641968,7.830624223442089,0.08467717302039623,0.18324091866235195,-0.09856374564195572,0.8319967170393143,0.42806648860002106
70,1,1,calibration,35,175,34,0.875,False,True,True,False,False,0.0495557785034179,0.168688952922821,-0.119133174419403,6.985437146912379,1.447277122703021,5.5381600242093585,8,False,0.0,0.1733578961152882,True,False,transport_free,6.985436727421399,1.4472773274200488,5.53815940000135,0.054016698170852584,0.1830249781489349,-0.1290082799780823,1.2030283984262586,0.42781418647461295
71,1,1,calibration,36,180,35,0.9,False,True,True,False,False,0.0084762359037995,0.0023576812818646,0.0061185546219348,6.784181311630749,0.1334782907417513,6.650703020888998,9,False,0.0,0.0246055202203785,True,False,transport_free,6.784181347922748,0.13347829227948374,6.650703055643264,0.009073506857785374,0.002546811860301708,0.006526694997483666,0.365346810961152,0.05046594753199139
72,1,1,calibration,37,185,36,0.925,False,True,True,False,False,0.033273596316576,0.1049408838152885,-0.0716672837734222,7.710694933747629,1.229494328806285,6.4812006049413435,9,False,0.0,0.1401076279073879,True,False,transport_free,7.710694745589822,1.2294942117891452,6.481200533800677,0.03455223135333869,0.11038906864232734,-0.07583683728898866,1.1088256002587356,0.33224850434927067
73,1,1,calibration,38,190,37,0.95,False,True,True,False,False,0.0155922966077923,0.0960437357425689,-0.0804514363408088,7.397395273220845,0.7714974691908552,6.625897804029989,9,False,0.0,0.0834554932879501,True,False,transport_free,7.39739538963454,0.7714975397552303,6.62589784987931,0.017473529873265656,0.10998760121283363,-0.09251407133956797,0.8783493267232749,0.3316437866338425
74,1,1,calibration,39,195,38,0.975,False,True,True,False,False,0.0194209534674882,0.181972861289978,-0.1625519096851349,8.351157650292352,0.8362284773852834,7.514929172907069,9,False,0.0,0.0693666007404803,True,False,transport_free,8.351157626178544,0.8362285774930299,7.514929048685515,0.021484618240350504,0.20264225007443834,-0.18115763183408784,0.9144553447233112,0.4501580278906934
75,1,1,calibration,40,200,39,1.0,False,True,True,False,False,0.0101358732208609,0.1220882013440132,-0.1119523271918296,8.22336305708324,0.9130444095857044,7.310318647497536,9,False,0.0,0.0336508349389408,True,False,transport_free,8.223363062621127,0.9130442930771149,7.310318769544012,0.011089237922531409,0.13049619783586164,-0.11940695991333022,0.9555335122731776,0.36124257478301425
76,2,2,calibration,3,15,2,0.075,False,True,True,False,False,0.0116053521633148,0.1027027368545532,-0.0910973846912384,5.9584024454924664,9.435177761364814,-3.476775315872348,0,False,4.2674197509029455e-16,0.0913281958895561,True,False,transport_free,5.958402468918263,9.43517753105886,-3.4767750621405975,0.012536029780150075,0.10681404672969759,-0.09427801694954752,3.071673408918803,0.32682418320818546
77,2,2,calibration,4,20,3,0.1,False,True,True,False,False,0.0058053233660757,0.1857266277074813,-0.1799212992191314,5.9257601692696475,3.587314441701693,2.3384457275679544,1,False,0.0,0.0593065596338771,True,False,transport_free,5.925760144137933,3.587314395238026,2.338445748899907,0.006437294667059394,0.19310779844081105,-0.18667050377375166,1.8940206955675079,0.43944032409510514
78,2,2,calibration,5,25,4,0.125,False,True,True,False,False,0.0337787494063377,0.1011550650000572,-0.0673763155937194,8.25686686247999,3.7233208748618054,4.533545987618185,1,False,0.0027109705379358,0.0204186306313165,True,False,transport_free,8.256866972352698,3.7233208561140807,4.533546116238618,0.037473609888342786,0.1109594128509344,-0.0734858029625916,1.9295908519979257,0.33310570822328217
79,2,2,calibration,6,30,5,0.15,True,True,False,True,False,0.066459946334362,0.14215087890625,-0.0756909325718879,16.21700348252756,3.827878774385492,12.389124708142068,1,True,0.0230606049416273,0.02406920914918,False,False,interaction,16.217003743138974,3.8278786910535456,12.38912505208543,0.07150520508363443,0.15153625540625928,-0.08003105032262485,1.9564965348943364,0.3892765795758323
80,2,2,calibration,7,35,6,0.175,True,False,False,False,False,0.1188101544976234,0.330112487077713,-0.2113023400306701,46.41563702959015,3.7932185003140546,42.622418529276096,1,True,0.0825814169504222,0.0824556622288655,False,False,interaction,46.415636689559456,3.793218573427467,42.62241811613199,0.12461807180156748,0.35609608083729455,-0.23147800903572707,1.9476186930268118,0.5967378660997595
81,2,2,calibration,8,40,7,0.2,True,False,False,False,False,0.6986019015312195,1.5424460172653198,-0.8438441157341003,126.23733038133967,3.919843975748685,122.317486405591,2,True,0.1070387793109538,0.1078473659838639,False,False,interaction,126.23733210222785,3.919843918006857,122.31748818422099,0.777682305598062,1.7844586939816898,-1.0067763883836278,1.9798595702743307,1.3358363275422966
82,2,2,calibration,9,45,8,0.225,True,False,False,False,False,1.0294030904769895,1.7466087341308594,-0.7172056436538696,29.152382951104187,3.9335800547404687,25.21880289636372,2,True,0.128133862800058,0.1299030915926265,False,False,interaction,29.152380397336135,3.933580191235008,25.218800206101125,1.1368790607314958,1.9882541143978765,-0.8513750536663807,1.9833255383912667,1.4100546494366366
83,2,2,calibration,10,50,9,0.25,True,False,False,False,False,1.4883203506469729,1.8342313766479492,-0.3459110260009765,105.48837977663553,3.419358655251854,102.06902112138366,2,True,0.1323383054263878,0.1325511355237509,False,False,interaction,105.48838140545706,3.419358104644294,102.06902330081277,1.6205538102700467,2.0194049588109917,-0.39885114854094494,1.8491506441186165,1.42105769017693
84,2,2,calibration,11,55,10,0.275,True,False,False,False,False,1.5387760400772097,1.7623945474624634,-0.2236185073852539,78.94908865588029,3.4853263506386476,75.46376230524164,2,True,0.1670911963788789,0.1676342564075252,False,False,interaction,78.94909055729845,3.4853268532405512,75.4637637040579,1.6656430847907722,1.885043591257946,-0.2194005064671738,1.8669030112034612,1.37296889668264
85,2,2,calibration,12,60,11,0.3,True,False,False,False,False,1.344758152961731,1.8345478773117063,-0.4897897243499756,54.78770464650765,3.047907733728858,51.73979691277879,3,True,0.1211102854367157,0.1218631294736959,False,False,interaction,54.787709232328986,3.047907617490219,51.73980161483877,1.395112438979164,1.8973113626111637,-0.5021989236319997,1.745825769511442,1.3774292586594652
86,2,2,calibration,13,65,12,0.325,True,False,False,False,False,0.0608386248350143,0.2839873135089874,-0.223148688673973,5.51931696859526,1.528886116346004,3.990430852249256,3,True,0.0640782523296793,0.0642236772733562,False,False,interaction,5.519316817113018,1.5288858930129248,3.9904309241000933,0.06457570519327387,0.291957984346998,-0.2273822791537241,1.2364812546144501,0.5403313653185404
87,2,2,calibration,14,70,13,0.35,True,True,False,False,True,0.0063567510806024,0.0520943403244018,-0.0457375906407833,5.416174813989279,0.791732967645213,4.624441846344066,3,True,0.0292538560778865,0.0290331772726381,False,False,interaction,5.416174826532406,0.791733017562087,4.624441808970319,0.006672954018746009,0.05511866162462783,-0.04844570760588182,0.8897938062057338,0.23477363911782734
88,2,2,calibration,15,75,14,0.375,False,True,True,False,False,0.0897377207875251,0.1158927381038665,-0.0261550173163414,6.240523150711666,0.6227560879381119,5.617767062773554,3,False,0.0001563009270084,0.024141790621998,True,False,transport_free,6.24052303025163,0.6227560888580693,5.617766941393561,0.09222104850752866,0.11869831096742169,-0.026477262459893028,0.7891489649350554,0.3445262123081808
89,2,2,calibration,16,80,15,0.4,False,True,True,False,False,0.1763498336076736,0.276713103055954,-0.1003632694482803,6.552601800986214,0.7688979598717546,5.78370384111446,4,False,2.4284804845624135e-10,0.0797291260351521,True,False,transport_free,6.552602185433934,0.7688979054463189,5.7837042799876155,0.18428382385823486,0.28691860026583577,-0.10263477640760091,0.8768682372205752,0.5356478323169391
90,2,2,calibration,17,85,16,0.425,False,True,True,False,False,0.0604300461709499,0.1205758675932884,-0.0601458214223384,8.385222395345945,0.8117579266432537,7.573464468702691,4,False,3.332294980281256e-16,0.11366460297302,True,False,transport_free,8.385223167418326,0.8117581282403794,7.573465039177947,0.0639831333405768,0.12513001453710915,-0.061146881196532346,0.9009762084763279,0.3537372111286981
91,2,2,calibration,18,90,17,0.45,False,True,True,False,False,0.0632828697562217,0.1242451071739196,-0.0609622374176979,11.804119143846478,1.5771694475869904,10.226949696259489,4,False,0.0,0.2024411601169337,True,False,transport_free,11.804119510735282,1.5771694053283882,10.226950105406893,0.06881368257054372,0.1314103968849058,-0.06259671431436208,1.2558540541513525,0.3625057197961238
92,2,2,calibration,19,95,18,0.475,False,True,True,False,False,0.0178296919912099,0.0726158842444419,-0.0547861903905868,9.78652625868917,1.1503108762742005,8.636215382414969,4,False,0.0,0.1687319854771167,True,False,transport_free,9.786526401409382,1.150310965990051,8.63621543541933,0.018973150689379537,0.0769966905754457,-0.058023539886066164,1.0725255083167258,0.27748277527703535
93,2,2,calibration,20,100,19,0.5,False,True,True,False,False,0.0244907438755035,0.0827206149697303,-0.0582298710942268,7.874629756618721,0.7794062834237966,7.095223473194925,5,False,0.0,0.1172855042370855,True,False,transport_free,7.874629814066368,0.7794062632960795,7.095223550770288,0.025952878427426468,0.08625234315999446,-0.06029946473256799,0.8828398854243501,0.2936874923451703
94,2,2,calibration,21,105,20,0.525,False,True,True,False,False,0.0067103169858455,0.0767360627651214,-0.0700257420539856,7.3471063470645825,0.7574868353481925,6.58961951171639,5,False,0.0,0.058227209834581,True,False,transport_free,7.34710636158924,0.7574868641177052,6.589619497471534,0.007297304275131704,0.08135911047650106,-0.07406180620136936,0.8703372128765409,0.2852351844995653
95,2,2,calibration,22,110,21,0.55,False,True,True,False,False,0.007007127162069,0.2133954018354416,-0.2063882797956466,6.874861715258979,0.5353826953607471,6.339479019898232,5,False,0.0,0.0679930421139993,True,False,transport_free,6.874861737429299,0.5353829763177951,6.339478761111504,0.0076567284003714745,0.22211964026409572,-0.21446291186372424,0.7316986923029144,0.4712957036342425
96,2,2,calibration,23,115,22,0.575,False,True,True,False,False,0.0184971187263727,0.1445616334676742,-0.1260645091533661,7.237563870370063,1.8513672250951432,5.38619664527492,5,False,0.0,0.0276825369348332,True,False,transport_free,7.237563966869183,1.8513670692112818,5.386196897657901,0.019533322531047705,0.14987559870785785,-0.13034227617681016,1.3606495027049699,0.3871376999309908
97,2,2,calibration,24,120,23,0.6,True,True,False,True,False,0.0477279834449291,0.0668523386120796,-0.0191243551671504,7.415669424177473,1.6104900925939667,5.805179331583506,6,True,0.0074886694598202,0.0069679638803637,False,False,interaction,7.415669293558196,1.6104901531702598,5.805179140387936,0.0512894300750647,0.0716309704313386,-0.020341540356273904,1.2690508867536636,0.26763962791660467
98,2,2,calibration,25,125,24,0.625,True,False,False,False,False,0.0977511033415794,0.3003678023815155,-0.2026166915893554,8.099009737204812,1.4535340933893506,6.645475643815461,6,True,0.0846270321405072,0.084300020733667,False,False,interaction,8.099008360785161,1.4535340814800592,6.645474279305102,0.10915650468874265,0.3172459297031811,-0.20808942501443844,1.2056260122774638,0.5632458874267802
99,2,2,calibration,26,130,25,0.65,True,False,False,False,False,0.0796766281127929,0.4496813714504242,-0.3700047433376312,7.714009863195656,1.4074793469316604,6.3065305162639955,6,True,0.0905365672899247,0.0906986877694505,False,False,interaction,7.714010877651281,1.4074792667488574,6.306531610902423,0.08560685625396725,0.4602336400876603,-0.3746267838336931,1.1863723137147366,0.6784052182049165
100,2,2,calibration,27,135,26,0.675,True,False,False,False,False,0.0398873724043369,0.1865573674440384,-0.1466699987649917,5.835161889976912,1.6786399477159133,4.156521942260999,6,True,0.0520907531296453,0.0529691772324376,False,False,interaction,5.835161705721437,1.6786402474455375,4.1565214582759,0.04265251350489294,0.19579082013039942,-0.15313830662550648,1.2956234975661476,0.4424825647756072
101,2,2,calibration,28,140,27,0.7,True,False,False,False,False,0.0512641668319702,0.4058613777160644,-0.3545972108840942,4.634612482324505,2.285150925413497,2.349461556911008,7,True,0.0828507212657188,0.0822186370143465,False,False,interaction,4.634612432617207,2.2851513290925856,2.349461103524621,0.05260681381392979,0.4215189056715438,-0.36891209185761403,1.5116717001692483,0.649244873427233
102,2,2,calibration,29,145,28,0.725,True,False,False,False,False,0.0349142961204052,0.246396467089653,-0.2114821672439575,5.181070585546321,1.3693344420428757,3.811736143503446,7,True,0.0586621746521255,0.0588100152058446,False,False,interaction,5.1810703515375645,1.369334772652655,3.8117355788849094,0.03522333665819518,0.24793397364811834,-0.21271063698992315,1.1701857855283728,0.49792968745408056
103,2,2,calibration,30,150,29,0.75,True,False,False,False,False,0.0134612461552023,0.0909590497612953,-0.0774978026747703,5.052751245522685,0.9386860972789932,4.114065148243691,7,True,0.0490605372859266,0.0490462989601368,False,False,interaction,5.052751273131075,0.9386861029871275,4.114065170143947,0.014561181840263471,0.09729331723300182,-0.08273213539273834,0.9688581438926586,0.31191876704200056
104,2,2,calibration,31,155,30,0.775,True,False,False,False,False,0.0039581502787768,0.0431163571774959,-0.0391582064330577,5.938875723625897,0.4484281851125825,5.4904475385133145,7,True,0.0313883980171574,0.0318033967308709,False,False,interaction,5.938875750300205,0.4484281855189738,5.490447564781231,0.0040841905653455765,0.044972664785977584,-0.04088847422063201,0.6696478070739676,0.2120675948512115
105,2,2,calibration,32,160,31,0.8,True,True,False,False,True,0.0031311947386711,0.0211919490247964,-0.0180607549846172,5.433152066384491,0.3359472371176954,5.097204829266796,8,True,0.0147014709029959,0.0153454526120798,False,False,interaction,5.4331520463300516,0.33594726458583435,5.097204781744217,0.0032895752404917635,0.023009643000255764,-0.019720067759764,0.5796095794462289,0.15168929757980873
106,2,2,calibration,33,165,32,0.825,False,True,False,False,False,0.090656541287899,0.1097159385681152,-0.0190593972802162,6.458936763058702,0.5596891108571931,5.899247652201509,8,False,5.9063474412307494e-05,0.0188214906722314,False,True,static,6.458936826036964,0.5596891542325848,5.899247671804379,0.09341258534999726,0.11263353187948404,-0.019220946529486777,0.7481237559605929,0.3356091951652756
107,2,2,calibration,34,170,33,0.85,False,True,True,False,False,0.2604494094848633,0.3803853988647461,-0.1199359893798828,8.280402276545118,0.7801429697875504,7.500259306757568,8,False,9.277050795690503e-11,0.0909246961522436,True,False,transport_free,8.280401545392026,0.7801426815012994,7.500258863890727,0.27202985121253714,0.3942456662028601,-0.12221581499032297,0.883256860432626,0.6278898519667762
108,2,2,calibration,35,175,34,0.875,False,True,True,False,False,0.0919147208333015,0.1026371344923973,-0.0107224136590957,9.825106381692509,0.8875701084692506,8.937536273223257,8,False,1.249000902703301e-16,0.1509444649110995,True,False,transport_free,9.825105827740195,0.8875699644958437,8.937535863244351,0.09726245787164044,0.1059704559379902,-0.008707998066349767,0.9421093166378537,0.32553103682750467
109,2,2,calibration,36,180,35,0.9,False,True,True,False,False,0.0073778182268142,0.0047908821143209,0.0025869361124932,8.176806624573336,0.2750886190779306,7.901718005495406,9,False,0.0,0.0392866455669641,True,False,transport_free,8.17680652072722,0.2750886061640056,7.901717914563215,0.007619676232590769,0.004999806362997365,0.0026198698695934046,0.52448889994356,0.07070930888502139
110,2,2,calibration,37,185,36,0.925,False,True,True,False,False,0.0190682765096426,0.0714362040162086,-0.0523679256439209,6.0217615421450965,1.0827035430808165,4.93905799906428,9,False,0.0,0.1477111473827424,True,False,transport_free,6.021761331140119,1.0827035609328624,4.939057770207256,0.020158825872414687,0.07399378746596837,-0.05383496159355368,1.0405304228771317,0.2720179910703856
111,2,2,calibration,38,190,37,0.95,False,True,True,False,False,0.0081148436293005,0.0897700190544128,-0.0816551744937896,6.416342657699759,0.7605080838635484,5.65583457383621,9,False,0.0,0.0778103233959509,True,False,transport_free,6.416342610632808,0.7605080358787027,5.655834574754105,0.008679675331894359,0.0932960321052353,-0.08461635677334094,0.8720711185899364,0.3054439917648329
112,2,2,calibration,39,195,38,0.975,False,True,True,False,False,0.0163078289479017,0.0666706040501594,-0.0503627732396125,5.906601271100576,0.5324682744967149,5.374132996603861,9,False,0.0,0.0368397737264124,True,False,transport_free,5.906601206315614,0.5324682289492036,5.37413297736641,0.017144059826342813,0.06966274310040386,-0.05251868327406105,0.729704206476298,0.2639370059321047
113,2,2,calibration,40,200,39,1.0,False,True,True,False,False,0.0126900011673569,0.092191070318222,-0.0795010700821876,5.594190431586366,0.7403536266195893,4.853836804966777,9,False,0.0,0.0371644903273516,True,False,transport_free,5.59419048717704,0.7403537704037214,4.853836716773319,0.01316328715017819,0.0945039720650937,-0.08134068491491551,0.8604381270049122,0.3074149834752589
114,3,3,calibration,3,15,2,0.075,False,True,True,False,False,0.0161208156496286,0.1018863096833229,-0.0857654958963394,8.338922117867837,4.195727642329474,4.143194475538363,0,False,4.2674197509029455e-16,0.06829789265422,True,False,transport_free,8.338922208773765,4.195728086206121,4.143194122567643,0.017045939435920324,0.10728318018324956,-0.09023724074732924,2.048347647789828,0.3275411122031089
115,3,3,calibration,4,20,3,0.1,False,True,True,False,False,0.003530193818733,0.1805502921342849,-0.1770201027393341,6.556531026094171,2.5045644695023426,4.051966556591829,1,False,0.0,0.0564045007288901,True,False,transport_free,6.556530974473529,2.504564690641742,4.051966283831787,0.003914447288095506,0.18659960388509075,-0.18268515659699525,1.5825816537043964,0.4319717628330476
116,3,3,calibration,5,25,4,0.125,False,True,True,False,False,0.0134531306102871,0.1309707164764404,-0.1175175830721855,8.211318080000511,1.24067769078664,6.970640389213871,1,False,0.0,0.0275725431119702,True,False,transport_free,8.21131793678416,1.240677565773413,6.970640371010748,0.013398049286274133,0.13436876249701835,-0.12097071321074421,1.1138570670303318,0.3665634494831943
117,3,3,calibration,6,30,5,0.15,True,True,False,True,False,0.015493550337851,0.0672636404633522,-0.0517700910568237,8.63626327016138,1.942602241410829,6.693661028750552,1,True,0.0113257427912595,0.0096135797383694,False,False,interaction,8.636263228249298,1.9426021772327264,6.693661051016572,0.015628250592698352,0.06756306401974797,-0.05193481342704962,1.3937726418726717,0.2599289595634699
118,3,3,calibration,7,35,6,0.175,True,False,False,False,False,0.1231561377644538,0.3368411064147949,-0.2136849761009216,16.63235706870353,3.575565236716393,13.056791831987136,1,True,0.0701862115101653,0.0701653788923984,False,False,interaction,16.632356830496676,3.575565167097022,13.056791663399654,0.1326297770013198,0.3803910096345276,-0.2477612326332078,1.8909164886628447,0.6167584694469365
119,3,3,calibration,8,40,7,0.2,True,False,False,False,False,0.3717250823974609,1.0571657419204712,-0.6854406595230103,22.607872043420752,3.897349686599157,18.710522356821595,2,True,0.0935395010305838,0.093955181167074,False,False,interaction,22.60787305300271,3.897349387958313,18.710523665044395,0.422088741627394,1.1908971743512788,-0.7688084327238849,1.9741705569576082,1.091282353175052
120,3,3,calibration,9,45,8,0.225,True,False,False,False,False,1.1054528951644895,1.6992902755737305,-0.5938373804092407,78.96892672084925,3.586277429184843,75.3826492916644,2,True,0.1380163320921912,0.1388452479251692,False,False,interaction,78.9689269123627,3.586277180016621,75.38264973234608,1.2242561228533637,1.8773861352138983,-0.6531300123605346,1.8937468627080603,1.370177410123922
121,3,3,calibration,10,50,9,0.25,True,False,False,False,False,1.0056580305099487,1.591503620147705,-0.5858455896377563,9.58884753327792,3.297450054083279,6.291397479194641,2,True,0.1148759802769601,0.1137041962156708,False,False,interaction,9.58884447858062,3.2974502972636572,6.291394181316964,1.0939632380773607,1.7371075501325806,-0.6431443120552198,1.815888294269132,1.3179937595195892
122,3,3,calibration,11,55,10,0.275,True,False,False,False,False,1.2723432779312134,1.706578254699707,-0.4342349767684936,14.212599354543832,2.6738744234560143,11.53872493108782,2,True,0.13082131769509,0.1298954844379077,False,False,interaction,14.212597066896228,2.673874925421765,11.538722141474462,1.3128012449820037,1.804908275460064,-0.49210703047806037,1.6351987418726095,1.343468747481706
123,3,3,calibration,12,60,11,0.3,True,False,False,False,False,0.0967152118682861,0.465578556060791,-0.3688633441925049,11.63469089878505,2.514259458468288,9.120431440316764,3,True,0.0898091020278507,0.0898276508650206,False,False,interaction,11.63469200354458,2.5142595292381196,9.120432474306462,0.1048735495989977,0.49484721631709894,-0.38997366671810124,1.5856416774410667,0.703453776958443
124,3,3,calibration,13,65,12,0.325,True,False,False,False,False,0.0767036005854606,0.3268574774265289,-0.2501538693904876,10.330296675668995,1.7484320882129,8.581864587456096,3,True,0.0773142734435423,0.0773791570186712,False,False,interaction,10.330296067658534,1.7484320803392335,8.5818639873193,0.07904910365916905,0.3373960102622968,-0.25834690660312776,1.3222829048048808,0.5808579949198399
125,3,3,calibration,14,70,13,0.35,True,True,False,False,True,0.0347620733082294,0.0556478798389434,-0.020885806530714,7.330548459595176,0.8542821551817029,6.476266304413473,3,True,0.0153706148770304,0.015659655680683,False,False,interaction,7.330548451120518,0.8542821252148355,6.476266325905683,0.0380089735090824,0.0611485716498012,-0.023139598140718795,0.924273836703623,0.24728237229895947
126,3,3,calibration,15,75,14,0.375,False,True,False,False,False,0.0498617030680179,0.042295578867197,0.0075661242008209,7.129195680825263,0.5177868876661161,6.611408793159147,3,False,9.203368933222314e-06,0.0162355850993347,False,True,static,7.129195257886757,0.5177869030366735,6.611408354850083,0.05448271090169474,0.04566409955440224,0.008818611347292504,0.7195741122613247,0.21369159916665476
127,3,3,calibration,16,80,15,0.4,False,True,True,False,False,0.1727529317140579,0.3292224109172821,-0.1564694792032241,9.362188063517523,0.7194693076693545,8.642718755848168,4,False,1.494234536763291e-11,0.0905227877096711,True,False,transport_free,9.362187722671928,0.7194690095793926,8.642718713092535,0.18857620383627452,0.3558727330766906,-0.16729652924041608,0.8482151906087232,0.5965506961496991
128,3,3,calibration,17,85,16,0.425,False,True,True,False,False,0.0587133578956127,0.1794063001871109,-0.1206929385662078,15.419360561938085,1.2176376482416675,14.201722913696416,4,False,1.0408340855860844e-17,0.1527724142209935,True,False,transport_free,15.419360268136444,1.2176376782668872,14.201722589869556,0.06361379352653855,0.1879764983613966,-0.12436270483485805,1.1034662107499655,0.4335625656827358
129,3,3,calibration,18,90,17,0.45,False,True,True,False,False,0.0144292218610644,0.0318605117499828,-0.0174312889575958,11.46758788945884,1.2629784669531592,10.20460942250568,4,False,0.0,0.0949647821640674,True,False,transport_free,11.467587866199686,1.2629784295404054,10.20460943665928,0.01525013211915991,0.0342229636716584,-0.018972831552498487,1.123823130897565,0.1849944963280216
130,3,3,calibration,19,95,18,0.475,False,True,True,False,False,0.0177628844976425,0.0375921763479709,-0.0198292918503284,7.949776034975284,1.7898776974164077,6.159898337558876,4,False,0.0,0.1187986643996286,True,False,transport_free,7.949775992129902,1.7898776978070963,6.159898294322805,0.019762926506945496,0.03971053461372473,-0.019947608106779233,1.3378631087697637,0.19927502255356724
131,3,3,calibration,20,100,19,0.5,False,True,True,False,False,0.0138147072866559,0.0547637939453125,-0.0409490875899791,8.330684530216379,0.7440387252677514,7.586645804948628,5,False,0.0,0.101235357700287,True,False,transport_free,8.33068461654763,0.7440387356766047,7.586645880871026,0.015227322270993902,0.057935500881954954,-0.04270817861096105,0.8625767998715272,0.24069794532142344
132,3,3,calibration,21,105,20,0.525,False,True,True,False,False,0.0257123261690139,0.2100319117307663,-0.1843195855617523,8.205908943363026,0.8698434192472694,7.336065524115757,5,False,0.0,0.0907720649350616,True,False,transport_free,8.205909051987264,0.8698433019835914,7.336065750003673,0.026830106487347932,0.22539318187273896,-0.19856307538539103,0.9326539025724341,0.47475591820717616
133,3,3,calibration,22,110,21,0.55,False,True,True,False,False,0.0150674795731902,0.2236844301223755,-0.2086169570684433,7.003565077457473,0.7205093037351965,6.2830557737222765,5,False,0.0,0.0672986130862523,True,False,transport_free,7.003565027181344,0.7205096266031784,6.283055400578166,0.015752573306562156,0.24375387148684824,-0.22800129818028608,0.8488283846592186,0.4937143622448594
134,3,3,calibration,23,115,22,0.575,True,True,False,True,False,0.0165479816496372,0.0624527037143707,-0.0459047220647335,7.179987241698659,1.0195671047932615,6.1604201369053975,5,True,0.0020950834603222,0.0101839621661127,False,False,interaction,7.179987341848363,1.0195670522173284,6.160420289631034,0.018330471354072477,0.06685231692437177,-0.04852184557029929,1.0097361299950243,0.2585581499863653
135,3,3,calibration,24,120,23,0.6,True,True,False,False,False,0.0626523122191429,0.2166509181261062,-0.1539986133575439,8.36177320597736,1.767201795432136,6.594571410545225,6,True,0.0548288117070315,0.0532454542848582,False,False,interaction,8.361772913485252,1.7672020297637099,6.594570883721542,0.06772884975629377,0.23675231539381913,-0.16902346563752535,1.329361512066492,0.4865720043259981
136,3,3,calibration,25,125,24,0.625,True,False,False,False,False,0.1225516200065612,0.3618685901165008,-0.2393169701099395,10.795504206773344,2.044387928399061,8.751116278374282,6,True,0.0918317725599802,0.091923993796109,False,False,interaction,10.795503875710594,2.0443877408304885,8.751116134880105,0.1270101656153136,0.3738486095540416,-0.24683844393872797,1.429820877183743,0.611431606603749
137,3,3,calibration,26,130,25,0.65,True,False,False,False,False,0.4805006682872772,1.2216867208480835,-0.7411860227584839,11.073281178787186,2.765590447179518,8.307690731607668,6,True,0.1045921174729347,0.1046176373415894,False,False,interaction,11.073283613128803,2.765589924624664,8.30769368850414,0.5062046529517773,1.2734496377068447,-0.7672449847550674,1.663006291216201,1.1284722582796818
138,3,3,calibration,27,135,26,0.675,True,False,False,False,False,0.3019181489944458,0.7896077632904053,-0.4876896142959595,7.431146047694358,3.335227502248891,4.095918545445467,6,True,0.089126615113097,0.090150981284786,False,False,interaction,7.431145341450446,3.3352269269093235,4.0959184145411225,0.3324274010127019,0.8682102473315277,-0.5357828463188259,1.826260366680864,0.9317780032451548
139,3,3,calibration,28,140,27,0.7,True,False,False,False,False,0.6892774701118469,1.2826886177062988,-0.5934111475944519,9.980465484173903,3.4097009794503337,6.57076450472357,7,True,0.1068534092032753,0.1059041426679273,False,False,interaction,9.980464926417362,3.4097004133115814,6.570764513105781,0.7201999024362385,1.3623342036691826,-0.642134301232944,1.84653741183643,1.1671907314870105
140,3,3,calibration,29,145,28,0.725,True,False,False,False,False,0.3134610652923584,0.7394604682922363,-0.4259994029998779,11.3678289697068,2.244372763928989,9.123456205777812,7,True,0.1040342759016239,0.104163585149751,False,False,interaction,11.367828667082648,2.2443733180641963,9.123455349018451,0.3255435910952388,0.7586523220544666,-0.43310873095922786,1.498123265310367,0.8710064994329644
141,3,3,calibration,30,150,29,0.75,True,False,False,False,False,0.0675902366638183,0.286471277475357,-0.2188810408115387,12.270890612574656,1.4867814649541982,10.784109147620455,7,True,0.0863916368293843,0.0861340298142105,False,False,interaction,12.270890701093094,1.4867814762708829,10.784109224822211,0.07051830875449024,0.2922332596628648,-0.22171495090837456,1.219336490174424,0.5405860335440278
142,3,3,calibration,31,155,30,0.775,True,False,False,False,False,0.048406932502985,0.1355750560760498,-0.0871681272983551,8.634063491784632,1.040396706306549,7.593666785478083,7,True,0.049001099453771,0.0494105630636173,False,False,interaction,8.634063382243971,1.0403967219209282,7.593666660323043,0.051970680087299014,0.14190936022054604,-0.08993868013324702,1.0199983930972285,0.37670858793044
143,3,3,calibration,32,160,31,0.8,False,True,True,False,True,0.022255877032876,0.0236692875623703,-0.0014134105294942,6.428813280239347,0.4606015431432028,5.968211737096144,8,False,0.0027862765625666,0.0036785286992828,True,False,transport_free,6.428813070838932,0.46060154542896764,5.968211525409965,0.0240498727089265,0.025317708111761067,-0.0012678354028345662,0.6786763186003824,0.1591153924413382
144,3,3,calibration,33,165,32,0.825,False,True,True,False,False,0.1004593744874,0.1101740822196006,-0.0097147077322006,7.569113427243768,0.5421746570700899,7.026938770173678,8,False,5.01305761760297e-08,0.0453646684800654,True,False,transport_free,7.569114055633107,0.5421747733422828,7.026939282290824,0.10967485812353257,0.11890575019232368,-0.009230892068791102,0.7363251817928562,0.344827130882017
145,3,3,calibration,34,170,33,0.85,False,True,True,False,False,0.1375282704830169,0.2997890412807464,-0.1622607707977295,8.848195886186474,0.8511745536704546,7.997021332516019,8,False,7.798585320940983e-14,0.0920233539074092,True,False,transport_free,8.848197778566716,0.8511742921373585,7.997023486429358,0.1510314562931413,0.3272770321711114,-0.17624557587797013,0.9225910752534725,0.5720813160479123
146,3,3,calibration,35,175,34,0.875,False,True,True,False,False,0.1062032356858253,0.3434046506881714,-0.2372014224529266,10.470251688005003,1.3781638738859272,9.092087814119076,8,False,0.0,0.1239722029636752,True,False,transport_free,10.47025132263891,1.378163696367371,9.092087626271539,0.11609536079424869,0.3771466824592833,-0.2610513216650346,1.1739521695398714,0.6141226933270609
147,3,3,calibration,36,180,35,0.9,False,True,False,False,False,0.0084751723334193,0.0008753605070523,0.0075998120009899,9.409918693950864,0.0789103531702443,9.33100834078062,9,False,0.0,0.0090676006835662,False,True,static,9.409918816589771,0.07891034977146368,9.331008466818307,0.009117962170697241,0.0009253907634637293,0.008192571407233512,0.28090986058069173,0.030420236084944003
148,3,3,calibration,37,185,36,0.925,False,True,True,False,False,0.0328781642019748,0.1931629925966262,-0.1602848321199417,9.82823748453309,1.1596689247635923,8.668568559769499,9,False,0.0,0.1011531608124752,True,False,transport_free,9.828237467771913,1.1596689257919588,8.668568541979955,0.036273993410722294,0.21059387499583013,-0.17431988158510783,1.0768792531161322,0.45890508277402
149,3,3,calibration,38,190,37,0.95,False,True,True,False,False,0.0352240018546581,0.2034429460763931,-0.1682189404964447,6.73625045690444,0.889144645060313,5.847105811844127,9,False,0.0,0.0708922351184107,True,False,transport_free,6.736250416930731,0.889144979539704,5.847105437391027,0.03928939953488894,0.22856729024347425,-0.1892778907085853,0.9429448443783465,0.47808711574719753
150,3,3,calibration,39,195,38,0.975,False,True,True,False,False,0.0247533712536096,0.1474276334047317,-0.1226742640137672,6.585559339091056,0.823755614951696,5.76180372413936,9,False,0.0,0.0543856233956756,True,False,transport_free,6.585559550760308,0.8237554522765521,5.761804098483756,0.02739400822579775,0.15705764766522748,-0.12966363943942974,0.9076097466844173,0.39630499323781865
151,3,3,calibration,40,200,39,1.0,False,True,True,False,False,0.0076131466776132,0.0362632609903812,-0.0286501143127679,5.943566996964743,0.4495898909509806,5.493977106013762,9,False,0.0,0.0245831348952947,True,False,transport_free,5.943566924708221,0.4495898405607224,5.493977084147499,0.008074355279936218,0.04009157724316694,-0.03201722196323072,0.6705146087601093,0.20022881222033692
152,4,4,calibration,3,15,2,0.075,False,True,True,False,False,0.0078065600246191,0.0856484100222587,-0.0778418481349945,4.597632722811672,4.280382720736667,0.3172500020750046,0,False,4.2674197509029455e-16,0.056334625587725,True,False,transport_free,4.597632658945546,4.280382547737211,0.31725011120833546,0.008691651308307494,0.09295512368920529,-0.08426347238089779,2.0689085402059733,0.3048854271512584
153,4,4,calibration,4,20,3,0.1,False,True,True,False,False,0.0286967251449823,0.1208807006478309,-0.0921839773654937,6.831091275403029,2.6813684923734074,4.149722783029622,1,False,0.0,0.0513485116256292,True,False,transport_free,6.831091278201924,2.6813683853128922,4.149722892889033,0.030426411782714633,0.1309735125369311,-0.10054710075421647,1.6374884382226618,0.36190262853001093
154,4,4,calibration,5,25,4,0.125,False,True,False,False,False,0.019999599084258,0.0492835789918899,-0.0292839799076318,7.13996737005838,2.1331800156450176,5.006787354413362,1,False,0.0,0.0135138243711034,False,True,static,7.1399672862204815,2.1331799916800014,5.00678729454048,0.02170459941570771,0.053284260069195975,-0.031579660653488266,1.4605409928105413,0.23083383649109152
155,4,4,calibration,6,30,5,0.15,True,True,False,True,False,0.00330226495862,0.0362932384014129,-0.0329909734427928,6.09648371309257,1.4531358454522236,4.643347867640347,1,True,0.0035932266741405,0.004009171331992,False,False,interaction,6.096483698027197,1.453135859365205,4.643347838661992,0.003607852757371319,0.04060560135593554,-0.03699774859856422,1.2054608493705654,0.2015083158480948
156,4,4,calibration,7,35,6,0.175,True,False,False,False,False,0.1371703594923019,0.1919032931327819,-0.05473293364048,15.51619433464598,3.2579238318001646,12.258270502845814,1,True,0.04619557247235,0.045599706063756,False,False,interaction,15.516194370631842,3.257923868700697,12.258270501931145,0.14092765033801943,0.20303559549030212,-0.062107945152282684,1.8049719855722683,0.4505947131184543
157,4,4,calibration,8,40,7,0.2,True,False,False,False,False,0.1316611021757125,0.5252332091331482,-0.3935720920562744,15.16548639051499,3.7355505671453826,11.429935823369608,2,True,0.070145297388141,0.0702070726774373,False,False,interaction,15.16548728960361,3.7355506678463484,11.42993662175726,0.14249850116132334,0.5818385991265894,-0.4393400979652661,1.932757270804161,0.7627834549376313
158,4,4,calibration,9,45,8,0.225,True,False,False,False,False,0.6776272654533386,1.494207739830017,-0.8165804743766785,85.45567743743868,3.8781617128100545,81.57751572462863,2,True,0.1084034185820821,0.1091380779786903,False,False,interaction,85.45567545785902,3.8781618001571636,81.57751365770186,0.7304756547587631,1.5677264905893862,-0.8372508358306231,1.9693049027911254,1.252088850916494
159,4,4,calibration,10,50,9,0.25,True,False,False,False,False,1.3384733200073242,1.7530940771102903,-0.4146207571029663,361.1719504096405,3.3534375729424535,357.81851283669806,2,True,0.1215519729880564,0.1228241332940638,False,False,interaction,361.17196064753597,3.353437933355703,357.8185227141803,1.423284404421773,1.866308541062739,-0.44302413664096596,1.831239452762992,1.3661290352901292
160,4,4,calibration,11,55,10,0.275,True,False,False,False,False,1.5074081420898438,1.8735796213150024,-0.3661714792251587,63.56164170509272,2.296532156650784,61.265109548441934,2,True,0.1265987737990417,0.1277292304868155,False,False,interaction,63.561642428790115,2.296531638124683,61.26511079066543,1.5483336100075957,1.9782992204860343,-0.4299656104784386,1.5154311723482143,1.4065202524265459
161,4,4,calibration,12,60,11,0.3,True,False,False,False,False,0.0899045243859291,0.3104546070098877,-0.2205500900745391,6.536718878748903,1.4956180177415728,5.04110086100733,3,True,0.0660453296654385,0.0660465882607145,False,False,interaction,6.53671872125329,1.4956186091440948,5.041100112109195,0.09304104618154087,0.32348818328424334,-0.23044713710270248,1.222954867991495,0.5687602159823095
162,4,4,calibration,13,65,12,0.325,True,False,False,False,False,0.091090016067028,0.2349209040403366,-0.1438308954238891,9.111936108580108,1.0116196151066272,8.100316493473482,3,True,0.0667347233774531,0.0664812436102118,False,False,interaction,9.11193632404705,1.011619508427693,8.100316815619358,0.09464867549534282,0.23601745036999952,-0.1413687748746567,1.0057929749345504,0.4858162722367372
163,4,4,calibration,14,70,13,0.35,True,False,False,False,False,0.030883664265275,0.1205711141228675,-0.0896874517202377,6.82496488184799,0.8909631708548326,5.934001710993157,3,True,0.0336645949354726,0.0342170717810959,False,False,interaction,6.824964730352343,0.8909632548701847,5.934001475482158,0.031997320254183094,0.12338058576868845,-0.09138326551450535,0.9439084992043374,0.3512557270261774
164,4,4,calibration,15,75,14,0.375,False,True,True,False,True,0.1034479066729545,0.1071433797478675,-0.003695473074913,6.10038911968087,0.7757107514427961,5.324678368238074,3,False,0.0048668113975288,0.0215904881358574,True,False,transport_free,6.100389128016943,0.7757106720116859,5.324678456005257,0.10787096164361247,0.11520115760227456,-0.007330195958662092,0.8807443851718192,0.33941296027446355
165,4,4,calibration,16,80,15,0.4,False,True,True,False,False,0.1589532643556594,0.3066543340682983,-0.1477010697126388,5.483779675468824,0.9890386408672756,4.494741034601549,4,False,1.3525096956899608e-08,0.0881577290623486,True,False,transport_free,5.483779506145983,0.9890390897370237,4.494740416408959,0.16626483090458635,0.32814521115617334,-0.161880380251587,0.9945044443022986,0.572839603341261
166,4,4,calibration,17,85,16,0.425,False,True,True,False,False,0.1187047660350799,0.2600500285625458,-0.1413452625274658,8.599742913912278,1.4360771746942778,7.1636657392180005,4,False,2.1427804338310172e-14,0.106293981420863,True,False,transport_free,8.59974250544755,1.43607717080787,7.1636653346396795,0.1264815145026348,0.2780555194909593,-0.1515740049883245,1.1983643731386,0.5273096997884253
167,4,4,calibration,18,90,17,0.45,False,True,False,False,False,0.0117082148790359,0.002651804825291,0.0090564098209142,9.404103276456508,0.133613849169826,9.270489427286682,4,False,0.0,0.0111367720187351,False,True,static,9.40410322510118,0.13361385454092203,9.270489370560258,0.012562440275769644,0.00279006468857013,0.009772375587199515,0.365532289327389,0.05282106292541006
168,4,4,calibration,19,95,18,0.475,False,True,True,False,False,0.0712748914957046,0.1882402300834655,-0.1169653385877609,9.263782583418116,1.3088334605055991,7.954949122912516,4,False,0.0,0.0794684005522758,True,False,transport_free,9.26378187770333,1.308833518021365,7.954948359681965,0.07518083786028004,0.19848427009778435,-0.12330343223750431,1.1440426207188983,0.44551573496093755
169,4,4,calibration,20,100,19,0.5,False,True,True,False,False,0.0109404390677809,0.0604121573269367,-0.0494717173278331,6.536265207568071,0.5380451928834654,5.998220014684606,5,False,0.0,0.0496849651855113,True,False,transport_free,6.536264975594885,0.5380451071519473,5.998219868442938,0.011504806584388343,0.0652315786485983,-0.053726772064209956,0.7335155807151933,0.2554047349768565
170,4,4,calibration,21,105,20,0.525,False,True,True,False,False,0.0056862458586692,0.0930911526083946,-0.0874049067497253,6.1156643946442815,0.5194294214052397,5.596234973239042,5,False,0.0,0.0484462610628054,True,False,transport_free,6.115664369553983,0.5194293396356796,5.5962350299183035,0.005999712651164262,0.10138186435935807,-0.09538215170819381,0.7207144647054613,0.31840518896424735
171,4,4,calibration,22,110,21,0.55,False,True,True,False,False,0.0119043374434113,0.0880121812224388,-0.07610784471035,7.204521897871373,0.566040621348416,6.638481276522957,5,False,0.0,0.0389428688276238,True,False,transport_free,7.204521903681795,0.5660406085164339,6.638481295165361,0.012630456609410251,0.09338604106236846,-0.0807555844529582,0.7523567029783372,0.30559129742577495
172,4,4,calibration,23,115,22,0.575,True,True,False,True,False,0.0040152329020202,0.0434797294437885,-0.039464496076107,7.459082550158399,0.5452950948101042,6.913787455348295,5,True,0.0033936825144257,0.008505088848404,False,False,interaction,7.459082559237639,0.5452951541306931,6.9137874051069454,0.004269018273778053,0.04578527324810349,-0.041516254974325435,0.7384410295553011,0.21397493602780557
173,4,4,calibration,24,120,23,0.6,True,True,False,False,False,0.0262888520956039,0.1771740317344665,-0.1508851796388626,6.9816374445972995,1.447325105103091,5.534312339494209,6,True,0.0543401423884763,0.0534994204588237,False,False,interaction,6.981637553047617,1.4473249316483139,5.534312621399303,0.026662119856193694,0.18109954999856223,-0.15443743014236855,1.2030481834275442,0.4255579279000242
174,4,4,calibration,25,125,24,0.625,True,False,False,False,False,0.4799973964691162,0.7209479212760925,-0.2409505248069763,7.5975988731688675,3.0067051358969477,4.590893737271919,6,True,0.0953277816769452,0.0958764744209134,False,False,interaction,7.597598486282538,3.006705465798722,4.590893020483817,0.49841756411352267,0.7259968106702952,-0.22757924655677253,1.7339854283697778,0.8520544646149654
175,4,4,calibration,26,130,25,0.65,True,False,False,False,False,0.751271665096283,1.1691950559616089,-0.4179233908653259,6.518376781524753,2.895229987956618,3.6231467935681354,6,True,0.1044224738167137,0.1052731422597115,False,False,interaction,6.518376899608097,2.8952297935882547,3.6231471060198426,0.7762048750432103,1.2157697655082071,-0.4395648904649968,1.7015374793369245,1.1026195016905003
176,4,4,calibration,27,135,26,0.675,True,False,False,False,False,0.1576973497867584,0.3886206150054931,-0.2309232652187347,4.407335978334696,2.329061122879176,2.0782748554555197,6,True,0.0265772868186886,0.026993892299811,False,False,interaction,4.4073369507137485,2.3290605489979224,2.078276401715826,0.16889329504741624,0.4153302082933638,-0.24643691324594758,1.526125993815033,0.6444611767153735
177,4,4,calibration,28,140,27,0.7,True,False,False,False,False,0.4784508645534515,0.8672241568565369,-0.3887732923030853,8.245289110201737,2.1845434397955876,6.060745670406149,7,True,0.0847911392104714,0.0857817986932919,False,False,interaction,8.245289204441793,2.1845428088038426,6.060746395637951,0.5134973855225696,0.9176980606046916,-0.404200675082122,1.4780198945900027,0.9579655842485635
178,4,4,calibration,29,145,28,0.725,True,False,False,False,False,0.0590386055409908,0.2585440576076507,-0.1995054483413696,6.741869884972803,1.1295592501881024,5.6123106347847,7,True,0.0672090599394585,0.0672282757438115,False,False,interaction,6.741869920479999,1.1295595948410193,5.61231032563898,0.06144227519760662,0.27093586818516285,-0.20949359298755624,1.0628074119242015,0.5205150028434943
179,4,4,calibration,30,150,29,0.75,True,False,False,False,False,0.0486003644764423,0.2030498534440994,-0.1544494926929474,8.45231866984773,0.7999278486648956,7.652390821182833,7,True,0.0662165957583344,0.0655344722603273,False,False,interaction,8.45231871864761,0.7999279501012078,7.652390768546403,0.049979956674272,0.205425489756061,-0.15544553308178902,0.8943869129751439,0.45323888817715213
180,4,4,calibration,31,155,30,0.775,True,False,False,False,False,0.0147798890247941,0.1044528260827064,-0.0896729379892349,6.51294011304497,0.8521074322350847,5.660832680809886,7,True,0.0396045680053901,0.0404741158104029,False,False,interaction,6.5129400683080805,0.8521071023504372,5.660832965957644,0.015037150912713659,0.1050451809508991,-0.09000803003818544,0.9230964751045457,0.3241067431432106
181,4,4,calibration,32,160,31,0.8,False,True,True,False,True,0.0539362877607345,0.0739727839827537,-0.0200364962220191,6.001690632374422,0.6428448362164959,5.358845796157926,8,False,0.0034940268071027,0.016809855690227,True,False,transport_free,6.001691139997366,0.6428448719798773,5.358846268017489,0.0576428418616692,0.07896781858945534,-0.02132497672778614,0.8017760734643291,0.28101213245953516
182,4,4,calibration,33,165,32,0.825,False,True,True,False,False,0.2141215354204177,0.3351689279079437,-0.1210473924875259,5.106210727919618,0.8658523432471673,4.240358384672451,8,False,9.817858441260932e-09,0.0904679023271344,True,False,transport_free,5.106210566095718,0.8658524055690199,4.240358160526698,0.2278749893191986,0.3660602983799806,-0.138185309060782,0.9305119051194455,0.6050291715115732
183,4,4,calibration,34,170,33,0.85,False,True,True,False,False,0.0549466013908386,0.1918926239013672,-0.1369460225105285,8.539980764152189,1.5176994719144818,7.0222812922377065,8,False,1.556304805069647e-14,0.1302582824387785,True,False,transport_free,8.5399807941072,1.5176993057223556,7.022281488384844,0.05847804369244406,0.20379337055106428,-0.14531532685862023,1.2319493925167362,0.4514347910286316
184,4,4,calibration,35,175,34,0.875,False,True,True,False,False,0.0183245241641998,0.0381594896316528,-0.019834965467453,8.883783206513241,1.8543493887182896,7.029433817794952,8,False,0.0,0.0867554144823962,True,False,transport_free,8.883783399916474,1.8543494390855126,7.0294339608309615,0.018423064654595814,0.03983436405330391,-0.021411299398708093,1.3617449978191631,0.19958548056735967
185,4,4,calibration,36,180,35,0.9,False,True,True,False,False,0.0497147254645824,0.1181060448288917,-0.0683913230895996,9.057401524151988,2.5547213769509844,6.502680147201003,9,False,0.0,0.1455986879348144,True,False,transport_free,9.057401368144491,2.554721251318842,6.502680116825649,0.052389684958379035,0.12616837968848166,-0.07377869473010262,1.5983495397812213,0.35520188581774403
186,4,4,calibration,37,185,36,0.925,False,True,True,False,False,0.0469320714473724,0.133509561419487,-0.0865774899721145,7.098752567087952,1.1491106608260202,5.949641906261932,9,False,0.0,0.0895825953531063,True,False,transport_free,7.098752549235929,1.1491109254564948,5.949641623779434,0.05035199928919296,0.14130506653565683,-0.09095306724646388,1.0719659161822706,0.3759056617499354
187,4,4,calibration,38,190,37,0.95,False,True,True,False,False,0.0150107406079769,0.0959253832697868,-0.0809146463871002,5.268683472146303,0.3027125668402324,4.9659709053060705,9,False,0.0,0.050416362934588,True,False,transport_free,5.268683705765805,0.3027126564851968,4.965971049280609,0.01636538016495685,0.10303570713777176,-0.0866703269728149,0.5501932901128446,0.32099175556043763
188,4,4,calibration,39,195,38,0.975,False,True,True,False,False,0.0105322813615202,0.1006772518157959,-0.090144969522953,5.798838170344884,0.5232010287385312,5.275637141606353,9,False,0.0,0.0355313575022237,True,False,transport_free,5.7988381498872,0.5232009889555168,5.275637160931684,0.011162820549130136,0.1097854359765249,-0.09862261542739477,0.723326336417745,0.33133885370799016
189,4,4,calibration,40,200,39,1.0,True,True,False,True,False,0.0029172366484999,0.0252076778560876,-0.0222904421389102,5.8476064141760284,0.2273404804400454,5.620265933735983,9,True,0.0036919616563829,0.003376112001562,False,False,interaction,5.847606356004938,0.22734045294495045,5.6202659030599875,0.0030891128870367715,0.027725406512000856,-0.024636293624964084,0.4768023206161548,0.16650947874520794
190,5,5,calibration,3,15,2,0.075,False,True,True,False,False,0.0063619599677622,0.0532136522233486,-0.0468516908586025,5.174139468591153,0.5722572572650702,4.601882211326083,0,False,4.2674197509029455e-16,0.0633216737767403,True,False,transport_free,5.174139467580752,0.5722572966546734,4.601882170926078,0.0069442223186482995,0.055781183713183836,-0.048836961394535534,0.7564768976344707,0.23618040501528453
191,5,5,calibration,4,20,3,0.1,False,True,True,False,False,0.0122466506436467,0.1683852225542068,-0.1561385691165924,6.548430116637341,0.8965368154498172,5.651893301187524,1,False,0.0,0.0688825592789619,True,False,transport_free,6.548429909807292,0.8965369034130787,5.651893006394213,0.013528010948818244,0.17747089756220236,-0.1639428866133841,0.9468563267006662,0.42127294900361495
192,5,5,calibration,5,25,4,0.125,False,True,True,False,False,0.0172976199537515,0.1816933155059814,-0.1643956899642944,7.763729534113082,0.8725278600489189,6.891201674064163,1,False,0.0,0.0471430093631426,True,False,transport_free,7.763729471899766,0.8725282808754616,6.8912011910243045,0.01931601836143271,0.19419903875525005,-0.17488302039381734,0.9340922228963592,0.44068020009441095
193,5,5,calibration,6,30,5,0.15,True,True,False,True,False,0.0085076540708541,0.0787415206432342,-0.07023386657238,8.13306262535484,0.8252194708163096,7.307843154538531,1,True,0.016964065057765,0.0112782685891825,False,False,interaction,8.133062572284295,0.8252193109558063,7.307843261328489,0.009018187930615625,0.08325652369858716,-0.07423833576797154,0.9084158249148934,0.28854206573494123
194,5,5,calibration,7,35,6,0.175,True,False,False,False,False,0.101466454565525,0.3524295389652252,-0.2509630918502807,10.085015456345149,1.9084161930572427,8.176599263287907,1,True,0.0831957162032038,0.0833057508452278,False,False,interaction,10.08501596468591,1.9084158984194586,8.176600066266452,0.10963793404670104,0.3719088512823833,-0.2622709172356823,1.381454269391303,0.6098433005964592
195,5,5,calibration,8,40,7,0.2,True,False,False,False,False,0.5570844411849976,0.8484475016593933,-0.2913630604743957,8.123612405211631,3.043425677790322,5.080186727421308,2,True,0.1000010975651291,0.1001150595262693,False,False,interaction,8.12361365074167,3.0434255320201764,5.080188118721493,0.5857441764122199,0.8859160037696542,-0.3001718273574343,1.7445416395203,0.9412311107106768
196,5,5,calibration,9,45,8,0.225,True,False,False,False,False,1.3959145545959473,1.9310325384140017,-0.5351179838180542,11.523795630389989,3.0054835330658425,8.518312097324147,2,True,0.1353045342020325,0.136113661783439,False,False,interaction,11.52379867241527,3.0054844812545753,8.518314191160695,1.4618889984237071,2.0326857370296216,-0.5707967386059145,1.733633317992757,1.4257228822704717
197,5,5,calibration,10,50,9,0.25,True,False,False,False,False,0.1227545216679573,0.1772109717130661,-0.0544564500451087,8.460743590566883,2.474446467997514,5.986297122569369,2,True,0.0366675364944984,0.0378370353633695,False,False,interaction,8.4607431294828,2.4744466241584164,5.986296505324384,0.13598086832329428,0.1958191317957517,-0.05983826347245741,1.573037388035776,0.44251455546202284
198,5,5,calibration,11,55,10,0.275,True,False,False,False,False,0.1817683726549148,0.5907200574874878,-0.4089516997337341,10.226198203016496,2.7124229790309013,7.513775223985595,2,True,0.1094801676341642,0.1099555098093853,False,False,interaction,10.226197045985748,2.7124230753417162,7.513773970644031,0.19127608976507082,0.6234259818901174,-0.4321498921250466,1.6469435556028373,0.7895732910187105
199,5,5,calibration,12,60,11,0.3,True,False,False,False,False,0.0491507910192012,0.265053242444992,-0.2159024477005005,8.093790792191518,1.2500176216748644,6.843773170516654,3,True,0.0745013848612754,0.0748783885793631,False,False,interaction,8.093790741451778,1.2500168802558005,6.843773861195978,0.051879840460106096,0.2663715994866775,-0.2144917590265714,1.1180415378042985,0.5161120028508129
200,5,5,calibration,13,65,12,0.325,True,False,False,False,False,0.0228739697486162,0.2704334259033203,-0.2475594580173492,8.674033853414686,1.188250351071276,7.48578350234341,3,True,0.0713958988339826,0.0710540511919964,False,False,interaction,8.674034056785475,1.1882501745258254,7.48578388225965,0.023744187135149124,0.2738530139715854,-0.25010882683643626,1.0900688852204825,0.5233096731110418
201,5,5,calibration,14,70,13,0.35,True,True,False,False,True,0.0401524417102336,0.1012053117156028,-0.0610528700053691,7.679162411725538,1.2359907018432186,6.44317170988232,3,True,0.0171415119141312,0.0243955971344256,False,False,interaction,7.679162875777108,1.2359905776169715,6.443172298160137,0.04215735361469732,0.1030173949061833,-0.06086004129148597,1.1117511311516493,0.32096322983510633
202,5,5,calibration,15,75,14,0.375,False,True,False,False,False,0.066018521785736,0.0534378290176391,0.0125806927680969,6.707736320964924,0.3778181408282537,6.32991818013667,3,False,2.3772939020671064e-06,0.0147545235101759,False,True,static,6.707736518640146,0.37781816807417923,6.329918350565967,0.06948045819796067,0.05649666841347598,0.012983789784484688,0.6146691533452604,0.2376902783318577
203,5,5,calibration,16,80,15,0.4,False,True,True,False,False,0.1797815561294555,0.3163044452667236,-0.136522889137268,7.347138697397227,0.6475202433020306,6.699618454095196,4,False,3.522695039456568e-12,0.0892586987225504,True,False,transport_free,7.3471397464639425,0.6475202503616336,6.699619496102309,0.19120205595399573,0.34013497064385984,-0.1489329146898641,0.8046864298356433,0.5832109143730593
204,5,5,calibration,17,85,16,0.425,False,True,True,False,False,0.0688959956169128,0.193210482597351,-0.1243144869804382,8.153922908319393,0.8338017525050091,7.320121155814384,4,False,0.0,0.0927430488548452,True,False,transport_free,8.153922902421218,0.833801895681011,7.320121006740207,0.0734334712666801,0.20487087175728003,-0.13143740049059993,0.9131275352769793,0.45262663615531956
205,5,5,calibration,18,90,17,0.45,False,True,True,False,False,0.0206414368003606,0.0504794679582119,-0.0298380311578512,8.553681270023509,0.7300042908046759,7.823676979218833,4,False,0.0,0.0635990127847021,True,False,transport_free,8.55368112660718,0.7300043346965722,7.823676791910609,0.022192981246301802,0.053612864662770675,-0.03141988341646887,0.8544029112172853,0.2315445198288456
206,5,5,calibration,19,95,18,0.475,False,True,True,False,False,0.0159271731972694,0.0874754562973976,-0.0715482831001281,11.772131044104205,1.0674997040198342,10.70463134008437,4,False,0.0,0.0747202631126817,True,False,transport_free,11.772131287407127,1.067499733832068,10.704631553575059,0.01641981142236262,0.09243592546942325,-0.07601611404706063,1.033198787180893,0.3040327703873766
207,5,5,calibration,20,100,19,0.5,False,True,True,False,False,0.012555718421936,0.0979011952877044,-0.0853454768657684,8.023960578348767,0.4481805218812415,7.575780056467526,5,False,0.0,0.0656627243923633,True,False,transport_free,8.023960505157616,0.4481805494076783,7.575779955749938,0.012981237605925497,0.10385764551765637,-0.09087640791173088,0.6694628812769818,0.32226952309775797
208,5,5,calibration,21,105,20,0.525,False,True,True,False,False,0.0061892811208963,0.1202336177229881,-0.1140443384647369,7.063525001605115,0.4266225263949936,6.636902475210122,5,False,0.0,0.0589521824818835,True,False,transport_free,7.063525010942968,0.4266225826259735,6.636902428316994,0.006484974388524971,0.12697144115054967,-0.12048646676202471,0.6531635190562725,0.3563305223392317
209,5,5,calibration,22,110,21,0.55,False,True,True,False,False,0.0041959290392696,0.1257819682359695,-0.1215860396623611,7.16162033362988,0.509453846946791,6.65216648668309,5,False,0.0,0.0539428532487902,True,False,transport_free,7.161620360540141,0.5094538369950633,6.652166523545078,0.004411774395013757,0.13664748075574693,-0.13223570636073317,0.7137603498339364,0.3696586002729369
210,5,5,calibration,23,115,22,0.575,False,True,False,False,False,0.0029487926512956,0.0462679862976074,-0.0433191955089569,7.685409872680432,0.5370578341087296,7.148352038571702,5,False,0.0,0.0101926187743025,False,True,static,7.685409850018,0.5370578851034687,7.148351964914531,0.00312881885770672,0.04800643659668429,-0.04487761773897757,0.7328423330454299,0.21910371196464082
211,5,5,calibration,24,120,23,0.6,True,True,False,True,False,0.013010230846703,0.0479333736002445,-0.034923143684864,7.140724031567778,0.920275738700813,6.2204482928669655,6,True,0.0172990585344027,0.017102718993175,False,False,interaction,7.140724260432134,0.9202756555070248,6.220448604925109,0.01358097350509982,0.05030840438173024,-0.03672743087663042,0.9593099892667776,0.22429535078046142
212,5,5,calibration,25,125,24,0.625,True,False,False,False,False,0.140272781252861,0.3898706436157226,-0.2495978623628616,11.16150802031214,1.4076596222242737,9.753848398087868,6,True,0.0891749793400139,0.0889592522689797,False,False,interaction,11.161507399344325,1.4076592276123578,9.753848171731967,0.14680842222372445,0.39153940655100733,-0.24473098432728288,1.1864481563104043,0.6257310976378011
213,5,5,calibration,26,130,25,0.65,True,False,False,False,False,0.1991027593612671,0.7528374791145325,-0.5537347197532654,6.7770197075503065,2.676726529498134,4.100293178052173,6,True,0.0960207648985394,0.0963768882709238,False,False,interaction,6.777021458865775,2.6767266695985588,4.100294789267217,0.21278040923904176,0.780394441470945,-0.5676140322319033,1.636070496524694,0.8833993669178992
214,5,5,calibration,27,135,26,0.675,True,False,False,False,False,0.1974923610687255,0.9117500185966492,-0.7142576575279236,6.955022102869468,3.1613706001856645,3.793651502683803,6,True,0.095315515406113,0.0961072708476052,False,False,interaction,6.955020839952632,3.161370969964993,3.793649869987639,0.21592283828157263,0.9896359327905427,-0.7737130945089701,1.7780244570772903,0.9948044696273448
215,5,5,calibration,28,140,27,0.7,True,False,False,False,False,0.4496703445911407,1.2725212574005127,-0.8228509426116943,9.962908580682027,2.871763601177539,7.091144979504488,7,True,0.104136276467735,0.1046710763902129,False,False,interaction,9.962908968752883,2.871764364229859,7.0911446045230235,0.49014994685689034,1.396587176101668,-0.9064372292447775,1.6946280902398199,1.181772895315199
216,5,5,calibration,29,145,28,0.725,True,False,False,False,False,0.0789819881319999,0.6174458861351013,-0.5384638905525208,7.852738986205999,1.8425703704792236,6.0101686157267755,7,True,0.1109823874248598,0.1111576187343714,False,False,interaction,7.852739486046267,1.8425703198555041,6.010169166190763,0.08022066762102151,0.6231519347785051,-0.5429312671574835,1.357413098454374,0.7893997306678696
217,5,5,calibration,30,150,29,0.75,True,False,False,False,False,0.0695909038186073,0.2079817056655883,-0.1383908092975616,9.860032576796678,1.2312717138839495,8.628760862912728,7,True,0.0626261301304388,0.0626015332323644,False,False,interaction,9.860032875270965,1.2312715955888305,8.628761279682134,0.07531052846662722,0.2152023560135509,-0.13989182754692367,1.1096267821158745,0.46389907955669724
218,5,5,calibration,31,155,30,0.775,True,False,False,False,False,0.0337280593812465,0.1093396916985511,-0.0756116360425949,6.924263394074294,1.2682075713402552,5.6560558227340385,7,True,0.0349166187442409,0.0350118112103102,False,False,interaction,6.924263470519204,1.2682075328237747,5.656055937695429,0.035619915728488175,0.11068992959003643,-0.07507001386154825,1.1261472074394958,0.33270096120996767
219,5,5,calibration,32,160,31,0.8,True,True,False,False,True,0.0726326331496238,0.0768160820007324,-0.0041834488511085,7.792593981005621,1.1635333031577642,6.629060677847857,8,True,0.0058835544350495,0.0064170597067873,False,False,interaction,7.7925942320482084,1.1635333435203734,6.629060888527835,0.07631013995972273,0.0808359260281516,-0.004525786068428864,1.0786720277824828,0.2843165947111628
220,5,5,calibration,33,165,32,0.825,False,True,True,False,False,0.0703537687659263,0.0658746138215065,0.0044791549444198,6.923793772800024,0.6304206947735581,6.293373078026466,8,False,4.882330604059743e-07,0.0302992758844049,True,False,transport_free,6.923794284008726,0.6304207598424028,6.293373524166324,0.07423832907184293,0.07049266602577636,0.0037456630460665635,0.7939904028654268,0.2655045499153948
221,5,5,calibration,34,170,33,0.85,False,True,True,False,False,0.1472243666648864,0.2630583047866821,-0.1158339381217956,5.927607247506322,0.6480529518604056,5.279554295645917,8,False,7.793786636400161e-13,0.0780892580283924,True,False,transport_free,5.927606371975266,0.6480531567830654,5.2795532151922,0.15247722553746626,0.27597155659282147,-0.1234943310553552,0.8050174884951664,0.5253299502149306
222,5,5,calibration,35,175,34,0.875,False,True,True,False,False,0.0852993801236152,0.1634403765201568,-0.0781409963965416,8.582556351333599,2.025740614450285,6.556815736883314,8,False,0.0,0.0684830663552308,True,False,transport_free,8.582555923380477,2.0257411540593306,6.5568147693211465,0.08819730720804536,0.16580733060678923,-0.07761002339874387,1.4232853382436463,0.4071944628881749
223,5,5,calibration,36,180,35,0.9,False,True,True,False,False,0.0140542760491371,0.0329839438199996,-0.0189296677708625,8.751162384687317,1.1473590173379506,7.603803367349367,9,False,0.0,0.0281637897899773,True,False,transport_free,8.751162162864759,1.147359079197126,7.603803083667633,0.015403771547902276,0.03428576564110795,-0.01888199409320567,1.0711484860639657,0.18516415862987076
224,5,5,calibration,37,185,36,0.925,False,True,True,False,False,0.0223600510507822,0.0918522402644157,-0.0694921910762786,7.382882594794573,0.9839357042391708,6.398946890555402,9,False,0.0,0.0495394543147236,True,False,transport_free,7.382882497247465,0.9839356950957304,6.398946802151735,0.024060841780042752,0.0929823140991038,-0.06892147231906105,0.9919353280812869,0.30493001508395956
225,5,5,calibration,38,190,37,0.95,False,True,True,False,False,0.0157969538122415,0.0880283713340759,-0.0722314193844795,7.761612830785228,0.4745307659298216,7.287082064855406,9,False,0.0,0.0442172356295818,True,False,transport_free,7.761612863000633,0.4745306969251912,7.287082166075442,0.016938665636412387,0.09071821432508242,-0.07377954868867004,0.6888618852318592,0.30119464524636297
226,5,5,calibration,39,195,38,0.975,False,True,True,False,False,0.0108824037015438,0.0899372696876525,-0.0790548622608184,7.765881934838347,0.9214838989715528,6.844398035866795,9,False,0.0,0.0441170401682771,True,False,transport_free,7.7658819460412545,0.9214838756118483,6.844398070429406,0.011391240347673892,0.10051850060237148,-0.0891272602546976,0.9599395166425061,0.31704652750404233
227,5,5,calibration,40,200,39,1.0,False,True,False,False,False,0.0063495584763586,0.0334783792495727,-0.0271288212388753,6.845239582371055,0.6418481597035722,6.203391422667482,9,False,0.0,0.0134357075014459,False,True,static,6.845239580499407,0.6418481366717256,6.203391443827681,0.006687740053339363,0.03537828914195961,-0.02869054908862025,0.8011542527327216,0.18809117241901496
228,6,6,calibration,3,15,2,0.075,False,True,True,False,False,0.0077707744203507,0.1105637326836586,-0.1027929559350013,7.6816496964930145,5.187791868184449,2.493857828308566,0,False,4.2674197509029455e-16,0.0936959462436249,True,False,transport_free,7.68164980401986,5.1877920899342085,2.4938577140856513,0.008270804930717813,0.1209448652163811,-0.11267406028566329,2.2776725159544355,0.34777128290930104
229,6,6,calibration,4,20,3,0.1,False,True,True,False,False,0.0133736031129956,0.226508542895317,-0.2131349444389343,8.080363811928656,2.5287095250834906,5.5516542868451655,1,False,0.0,0.0710974279545168,True,False,transport_free,8.080364035356693,2.5287095841528378,5.551654451203856,0.013953057836867502,0.24524580628446666,-0.23129274844759914,1.5901916815757897,0.49522298642577833
230,6,6,calibration,5,25,4,0.125,False,True,False,False,False,0.0033073949161916,0.079736441373825,-0.076429046690464,6.530027937302343,1.4194658545240106,5.1105620827783325,1,False,0.0,0.0185198079653673,False,True,static,6.530027930026651,1.4194659166969619,5.110562013329689,0.003545436008857142,0.08482678585177927,-0.08128134984292214,1.1914134113299892,0.2912503834362785
231,6,6,calibration,6,30,5,0.15,True,True,False,True,False,0.0082465261220932,0.0665801689028739,-0.0583336427807807,5.634098541971578,1.602658462557032,4.031440079414546,1,True,0.0217467393062117,0.020610287054788,False,False,interaction,5.634098574594735,1.602658446248161,4.031440128346574,0.008816421898171967,0.06977733428800491,-0.06096091238983294,1.2659614710757041,0.26415399729704053
232,6,6,calibration,7,35,6,0.175,True,False,False,False,False,0.0806710347533226,0.1835075616836547,-0.1028365269303321,8.234064790671509,2.5332855308570568,5.7007792598144515,1,True,0.0646905113549726,0.064646867311867,False,False,interaction,8.23406471190305,2.5332854974047234,5.700779214498327,0.08579363352203719,0.19719490725569014,-0.11140127373365295,1.591629824238263,0.4440663320447635
233,6,6,calibration,8,40,7,0.2,True,False,False,False,False,0.2061154842376709,0.8550951480865479,-0.648979663848877,5.112443660111035,2.9623776480629327,2.1500660120481023,2,True,0.08927768844966,0.089658331003052,False,False,interaction,5.112442955629915,2.9623769537621594,2.150066001867756,0.2126609350838393,0.8709448104897137,-0.6582838754058744,1.721155702939789,0.9332442394623788
234,6,6,calibration,9,45,8,0.225,True,False,False,False,False,0.5415213108062744,1.470781922340393,-0.9292606115341188,5.886828064558688,3.2506633713743143,2.6361646931843734,2,True,0.1108869852705519,0.1123396274121857,False,False,interaction,5.886826482579974,3.2506643749976187,2.6361621075823556,0.5559695265047846,1.5685645884628576,-1.012595061958073,1.8029598927867527,1.252423486071248
235,6,6,calibration,10,50,9,0.25,True,False,False,False,False,0.1198204383254051,0.2701932489871979,-0.1503728032112121,5.996891949479686,2.0307134234158917,3.966178526063794,2,True,0.0291155522312406,0.0278332105173345,False,False,interaction,5.996892056112351,2.030713075591297,3.966178980521054,0.12327397079951029,0.27484839516327414,-0.15157442436376384,1.4250309033811503,0.5242598546172252
236,6,6,calibration,11,55,10,0.275,True,False,False,False,False,0.2771787345409393,0.6222695112228394,-0.3450907766819,6.058746457256255,1.8496285883730004,4.209117868883255,2,True,0.0876221925256279,0.0879408260725784,False,False,interaction,6.058745399317645,1.8496272146566206,4.209118184661024,0.2971096632450783,0.6598032421172056,-0.36269357887212733,1.3600100053516595,0.8122827353312427
237,6,6,calibration,12,60,11,0.3,True,False,False,False,False,0.0479469485580921,0.2037818878889084,-0.1558349430561065,5.065879588773478,1.354976435740198,3.710903153033279,3,True,0.0638360039326962,0.0633499588070968,False,False,interaction,5.065879702566233,1.3549764664337507,3.7109032361324825,0.05130817436897961,0.21157552019453493,-0.16026734582555532,1.1640345641061312,0.45997339074617666
238,6,6,calibration,13,65,12,0.325,True,False,False,False,False,0.0324393101036548,0.1726284623146057,-0.1401891559362411,6.135358201866329,0.7173009549399761,5.418057246926353,3,True,0.0591152661902717,0.058958312668483,False,False,interaction,6.135358611751561,0.7173009918345503,5.41805761991701,0.033149849731988694,0.17366912986830574,-0.14051928013631704,0.8469362383524218,0.4167362833595195
239,6,6,calibration,14,70,13,0.35,True,True,False,False,True,0.0339201427996158,0.098980963230133,-0.0650608241558075,5.806467114464293,1.1048390733234386,4.701628041140854,3,True,0.0303274219807476,0.0280282393891202,False,False,interaction,5.806467381043245,1.1048391088219651,4.70162827222128,0.035860727258386536,0.10195807801687413,-0.0660973507584876,1.0511132711663216,0.31930875029800565
240,6,6,calibration,15,75,14,0.375,False,True,True,False,False,0.1096807494759559,0.1097556874155998,-7.493793964385986e-05,7.31436051326477,1.007469706853992,6.306890806410778,3,False,9.67043019421067e-05,0.0296708927386115,True,False,transport_free,7.314360434742251,1.0074695175935113,6.306890917148739,0.11664537945276122,0.11821385039160782,-0.0015684709388466,1.0037278105111522,0.3438224111247081
241,6,6,calibration,16,80,15,0.4,False,True,True,False,False,0.1308557838201522,0.3173895180225372,-0.1865337342023849,8.011302373425293,0.638592348744128,7.372710024681165,4,False,1.5145321929920116e-10,0.0890780237579905,True,False,transport_free,8.011302416086265,0.6385920830307135,7.372710333055551,0.13908288028870988,0.3420482684813712,-0.20296538819266133,0.799119567418239,0.5848489279133298
242,6,6,calibration,17,85,16,0.425,False,True,True,False,False,0.0730878785252571,0.1441806703805923,-0.0710927918553352,7.160626136836378,0.8093059658663355,6.351320170970043,4,False,2.255140518769849e-16,0.102177922197121,True,False,transport_free,7.160626044634905,0.8093059064372801,6.351320138197625,0.07682579497985965,0.1529713607091923,-0.07614556572933263,0.8996143098224261,0.3911155337099158
243,6,6,calibration,18,90,17,0.45,False,True,True,False,False,0.0548694543540477,0.0896697416901588,-0.034800287336111,8.2413338593209,1.7154625249893511,6.525871334331549,4,False,0.0,0.1176230541801792,True,False,transport_free,8.241334237653353,1.7154624381662356,6.525871799487118,0.056588934533771194,0.09523819777975961,-0.03864926324598842,1.3097566331827588,0.3086068660606235
244,6,6,calibration,19,95,18,0.475,False,True,True,False,False,0.0656356215476989,0.0861827135086059,-0.0205470919609069,6.631333254412827,1.6073396781251528,5.023993576287674,4,False,0.0,0.1103276617702686,True,False,transport_free,6.631333541348421,1.607339712429183,5.023993828919238,0.07006798050844579,0.09163287749187525,-0.021564896983429463,1.267809020487385,0.30270922928096405
245,6,6,calibration,20,100,19,0.5,False,True,True,False,False,0.1087860092520713,0.1588173657655716,-0.0500313565135002,6.875255494995763,0.9061800902001176,5.969075404795645,5,False,0.0,0.0919292406510923,True,False,transport_free,6.875255402862135,0.9061799133859241,5.969075489476211,0.11516920174455553,0.16793612820059592,-0.05276692645604039,0.9519348262281006,0.40980010761418295
246,6,6,calibration,21,105,20,0.525,False,True,True,False,False,0.0169997606426477,0.0809923410415649,-0.0639925822615623,6.7884434119124135,0.651382181445156,6.137061230467258,5,False,0.0,0.0592169036378917,True,False,transport_free,6.788443581112106,0.6513821021883834,6.137061478923723,0.01803561677303431,0.08644992765339828,-0.06841431088036397,0.8070824630658155,0.2940236855312821
247,6,6,calibration,22,110,21,0.55,False,True,True,False,False,0.0049318075180053,0.1759027987718582,-0.1709709912538528,6.294345717918172,0.7495781331567923,5.544767584761379,5,False,0.0,0.0624293824278488,True,False,transport_free,6.2943457153574585,0.749578327869339,5.544767387488119,0.005145634302999166,0.18957167626176274,-0.18442604195876358,0.8657819170376215,0.43539829611720204
248,6,6,calibration,23,115,22,0.575,False,True,True,False,False,0.0108406506478786,0.10546875,-0.094628095626831,5.044422280789344,0.9641068985925364,4.080315382196807,5,False,0.0,0.0271025004407758,True,False,transport_free,5.044422286781231,0.9641067700663313,4.080315516714899,0.01170166244753037,0.11341666272217533,-0.10171500027464496,0.9818893878978076,0.33677390445546007
249,6,6,calibration,24,120,23,0.6,True,True,False,True,False,0.0139627577736973,0.0458531491458416,-0.0318903923034668,6.4154859431757885,0.7191598490748831,5.696326094100906,6,True,0.0162894960540753,0.0133895195767414,False,False,interaction,6.415485965784055,0.7191598552788028,5.696326110505252,0.014824892297396787,0.049031553047592956,-0.03420666075019617,0.8480329328975396,0.22143069581156302
250,6,6,calibration,25,125,24,0.625,True,False,False,False,False,0.1319670528173446,0.3831857442855835,-0.2512186765670776,9.60842685393606,1.0711764637253725,8.537250390210687,6,True,0.0901402689861335,0.0902398749424038,False,False,interaction,9.608427499627256,1.0711769198784094,8.537250579748846,0.13719405389395853,0.3825593462056412,-0.24536529231168266,1.0349767726274872,0.618513820545379
251,6,6,calibration,26,130,25,0.65,True,False,False,False,False,0.2237275391817093,0.902139127254486,-0.678411602973938,8.009465423917796,1.8270481781962908,6.1824172457215045,6,True,0.091574249765781,0.0924919386889546,False,False,interaction,8.009465139737161,1.827048497118259,6.182416642618902,0.2347352571419068,0.9448925310866851,-0.7101572739447783,1.35168357877066,0.9720558271450694
252,6,6,calibration,27,135,26,0.675,True,False,False,False,False,0.1368450671434402,0.3956451416015625,-0.2588000893592834,6.309133625064896,2.4243555526292866,3.88477807243561,6,True,0.0482371269716972,0.0491261687817677,False,False,interaction,6.309133215521055,2.4243557179169692,3.884777497604086,0.13997795405066807,0.399488780330334,-0.25951082627966593,1.5570342699879696,0.6320512481835109
253,6,6,calibration,28,140,27,0.7,True,False,False,False,False,0.1237882599234581,0.4246598780155182,-0.3008716106414795,5.93162501576693,2.086648384888616,3.8449766308783144,7,True,0.0496720471248467,0.0499604227578304,False,False,interaction,5.931625263523856,2.086648862055334,3.8449764014685224,0.12612704843963715,0.4278740666115417,-0.3017470181719045,1.4445237492181753,0.6541208348703943
254,6,6,calibration,29,145,28,0.725,True,False,False,False,False,0.1692561656236648,0.5653339624404907,-0.396077811717987,6.06193642531542,1.2591685477558985,4.802767877559522,7,True,0.0739188327880043,0.0742739750148783,False,False,interaction,6.061935513294142,1.2591685923005815,4.802766920993561,0.17139172800095837,0.5875823233774303,-0.41619059537647196,1.1221268164965053,0.7665391858068512
255,6,6,calibration,30,150,29,0.75,True,False,False,False,False,0.0328387767076492,0.2167568653821945,-0.1839180886745453,6.786209583961543,1.181278532832905,5.604931051128638,7,True,0.0637901482013206,0.0638688728930572,False,False,interaction,6.7862095143061305,1.181278429861726,5.604931084444404,0.033801847424288205,0.2222037799391162,-0.18840193251482798,1.0868663348644698,0.4713849593900045
256,6,6,calibration,31,155,30,0.775,True,False,False,False,False,0.0430951155722141,0.183128535747528,-0.1400334239006042,6.706281568303915,0.796311736347345,5.90996983195657,7,True,0.0561950953492854,0.0563232153798123,False,False,interaction,6.706281526816016,0.7963116868382775,5.909969839977739,0.04490317527426633,0.18561458929675437,-0.14071141402248805,0.892362979307343,0.43083011651549424
257,6,6,calibration,32,160,31,0.8,False,True,True,False,True,0.0175143983215093,0.0263181254267692,-0.0088037271052598,5.538625489781239,0.3388668845507714,5.199758605230468,8,False,0.0052094966013168,0.0067638793136036,True,False,transport_free,5.538625382254213,0.33886684262748873,5.199758539626724,0.018782350244231694,0.027803240887557076,-0.009020890643325383,0.5821227040989629,0.16674303849803468
258,6,6,calibration,33,165,32,0.825,False,True,True,False,False,0.0936586260795593,0.1023069620132446,-0.0086483359336853,5.915174404001589,0.6797289650890036,5.235445438912586,8,False,3.9993835023766214e-08,0.0338917269405869,True,False,transport_free,5.9151741575816885,0.6797288013102136,5.235445356271475,0.1001234302873224,0.11100269941425428,-0.010879269126931879,0.8244566703655284,0.3331706761019857
259,6,6,calibration,34,170,33,0.85,False,True,True,False,False,0.1420502811670303,0.1834985017776489,-0.0414482206106185,8.878444189457994,0.6036925863318577,8.274751603126136,8,False,6.381976373839084e-14,0.0687427991855517,True,False,transport_free,8.878443586172375,0.6036925876621821,8.274750998510193,0.15039968553987848,0.19597519396360266,-0.04557550842372418,0.7769765682838718,0.4426908559746888
260,6,6,calibration,35,175,34,0.875,False,True,True,False,False,0.1457055211067199,0.4840537011623382,-0.3383481800556183,11.810775088487643,1.097023486398034,10.713751602089612,8,False,0.0,0.1087777382909089,True,False,transport_free,11.810775902665696,1.0970237889858516,10.713752113679845,0.15351877465490546,0.514188243034261,-0.36066946837935554,1.0473890342111911,0.7170692037971377
261,6,6,calibration,36,180,35,0.9,False,True,True,False,False,0.0394382290542125,0.1157111153006553,-0.0762728899717331,10.57978578360653,1.2884911078827443,9.291294675723783,9,False,0.0,0.0985645450672905,True,False,transport_free,10.579785608387581,1.2884912688656918,9.29129433952189,0.041868056798259716,0.12151125501416234,-0.07964319821590263,1.1351172929991384,0.3485846454079157
262,6,6,calibration,37,185,36,0.925,False,True,True,False,False,0.0400219745934009,0.1267315000295639,-0.0867095291614532,12.13308455078328,1.5801442941454151,10.552940256637866,9,False,0.0,0.1016617852216952,True,False,transport_free,12.133084381260337,1.5801444571988628,10.552939924061475,0.04278322343823957,0.13286345777947584,-0.09008023434123627,1.2570379696726997,0.364504400219635
263,6,6,calibration,38,190,37,0.95,False,True,True,False,False,0.0881651416420936,0.2458845525979995,-0.1577194035053253,9.249531163820954,0.9937803367790048,8.255750827041949,9,False,0.0,0.0759262790867499,True,False,transport_free,9.249529979543745,0.9937799312424805,8.255750048301264,0.09442901405412418,0.2620148967820642,-0.16758588272794,0.9968851143649806,0.5118739071119607
264,6,6,calibration,39,195,38,0.975,False,True,True,False,False,0.0120226414874196,0.1118358150124549,-0.0998131707310676,6.953436403225439,0.689843420507623,6.263592982717816,9,False,0.0,0.0683586185247006,True,False,transport_free,6.953436339884374,0.6898435609803218,6.263592778904052,0.012507130030459898,0.11945651336839669,-0.10694938333793678,0.8305682157296425,0.345624815903599
265,6,6,calibration,40,200,39,1.0,False,True,True,False,False,0.010515690781176,0.1995244622230529,-0.1890087723731994,5.919728088952077,0.5842098509321639,5.335518238019913,9,False,0.0,0.0687262756692527,True,False,transport_free,5.919728238541407,0.5842098111533041,5.335518427388103,0.010997580021635395,0.21351801320062794,-0.20252043317899254,0.7643361898754396,0.4620800939238001
266,7,7,calibration,3,15,2,0.075,False,True,True,False,False,0.0065232128836214,0.0589694790542125,-0.0524462647736072,7.0686064537319195,5.7855641311566615,1.283042322575258,0,False,4.2674197509029455e-16,0.0747363278837366,True,False,transport_free,7.068606524108972,5.785563883537358,1.2830426405716144,0.007176070715610136,0.06235311565026386,-0.055177044934653724,2.4053199129299534,0.2497060584973137
267,7,7,calibration,4,20,3,0.1,False,True,True,False,False,0.0107887675985693,0.1356698125600814,-0.1248810440301895,6.093114124942801,2.2933365136074197,3.799777611335381,1,False,0.0,0.0673268102660257,True,False,transport_free,6.093114059325231,2.293336513214037,3.799777546111194,0.01160198360420193,0.14665192936284563,-0.1350499457586437,1.5143766087780268,0.38295160185439314
268,7,7,calibration,5,25,4,0.125,False,True,True,False,False,0.0057309679687023,0.0852774158120155,-0.0795464515686035,5.729767823466331,1.285680614432516,4.444087209033816,1,False,0.0,0.0450608813014049,True,False,transport_free,5.729767762093844,1.2856806387621338,4.44408712333171,0.006033410584596594,0.09348299223073869,-0.0874495816461421,1.1338785820193156,0.3057498850870409
269,7,7,calibration,6,30,5,0.15,True,True,False,True,False,0.0445333383977413,0.0740993544459343,-0.0295660160481929,9.60813019138682,2.6620323658095733,6.946097825577247,1,True,0.0095846967045862,0.0047305784314336,False,False,interaction,9.608130197339614,2.6620322757534205,6.946097921586194,0.04695317460549292,0.07895653358799758,-0.03200335898250466,1.6315735581803905,0.28099205253529425
270,7,7,calibration,7,35,6,0.175,True,False,False,False,False,0.0860726833343505,0.2599550485610962,-0.1738823652267456,15.936470463137717,3.6987270607705263,12.237743402367188,1,True,0.0756464468902948,0.075276405468244,False,False,interaction,15.9364713037113,3.69872716698594,12.237744136725361,0.09208806852075035,0.27659189642182774,-0.1845038279010774,1.923207520520326,0.5259200475564967
271,7,7,calibration,8,40,7,0.2,True,False,False,False,False,0.3295914828777313,1.0568755865097046,-0.7272840738296509,32.97334991133451,3.9022744938959057,29.071075417438603,2,True,0.0991363397253849,0.0992020355995503,False,False,interaction,32.973349531136044,3.902274691998354,29.07107483913769,0.34731478161088775,1.117487111838071,-0.7701723302271832,1.9754175993947087,1.057112629684307
272,7,7,calibration,9,45,8,0.225,True,False,False,False,False,1.4371331930160522,2.068700075149536,-0.6315668821334839,120.72301840979064,3.8470758518137713,116.87594255797688,2,True,0.1457406850636617,0.1466102731175863,False,False,interaction,120.72302389286513,3.8470759330246715,116.87594795984046,1.5708859304071296,2.3383341972421343,-0.7674482668350047,1.9613964242408193,1.5291612724765606
273,7,7,calibration,10,50,9,0.25,True,False,False,False,False,0.0851013287901878,0.2134270220994949,-0.1283257007598877,7.602624276852137,3.584202565422874,4.018421711429262,2,True,0.0247891391938304,0.025661203967075,False,False,interaction,7.60262441453438,3.5842024150825984,4.018421999451782,0.09222651143306228,0.23208992526473657,-0.13986341383167428,1.893198989827165,0.4817571226922717
274,7,7,calibration,11,55,10,0.275,True,False,False,False,False,0.1154452338814735,0.542769193649292,-0.427323967218399,6.626371197215001,3.118279529432753,3.508091667782248,2,True,0.1045929296186267,0.1044502959331812,False,False,interaction,6.626371347487442,3.1182784732087874,3.508092874278655,0.12236744314064783,0.5693212789788125,-0.4469538358381646,1.7658647947135668,0.7545338156628982
275,7,7,calibration,12,60,11,0.3,True,False,False,False,False,0.1007460355758667,0.390744686126709,-0.2899986505508423,7.020048271368097,1.5240183880549028,5.496029883313194,3,True,0.0830295565847746,0.0830736070921074,False,False,interaction,7.020047575345082,1.5240187960600402,5.496028779285042,0.1078775241763612,0.406852084074502,-0.2989745598981408,1.2345115617360738,0.6378495779370729
276,7,7,calibration,13,65,12,0.325,True,False,False,False,False,0.0600150227546691,0.3409303724765777,-0.2809153497219085,7.75440589419897,1.675305425078513,6.079100469120457,3,True,0.0800264625627282,0.0795112198139968,False,False,interaction,7.754405903487001,1.6753055441363902,6.079100359350611,0.0651855733047757,0.3480278944364261,-0.2828423211316504,1.2943359471699727,0.5899388904254628
277,7,7,calibration,14,70,13,0.35,True,False,False,False,False,0.0221016928553581,0.0386403501033782,-0.0165386572480201,7.263947733145993,1.340840690174107,5.9231070429718855,3,True,0.0213292369895215,0.0220347660122117,False,False,interaction,7.263947582054876,1.3408407090118135,5.9231068730430625,0.02530034855109901,0.04330895721048721,-0.018008608659388203,1.1579467643254648,0.20810804215716222
278,7,7,calibration,15,75,14,0.375,False,True,True,False,True,0.0623921863734722,0.0627383291721344,-0.0003461427986621,6.841948158781368,0.8936549979844021,5.948293160796966,3,False,0.0052123037036887,0.0105529338799829,True,False,transport_free,6.841948614927472,0.8936549887305305,5.948293626196941,0.06526651790488741,0.06749247152503689,-0.002225953620149476,0.9453332686045332,0.25979313217449934
279,7,7,calibration,16,80,15,0.4,False,True,True,False,False,0.2487352341413498,0.5038970708847046,-0.2551618218421936,7.680800813941886,0.9581972728556064,6.722603541086279,4,False,2.2100346827564273e-08,0.0907622553274652,True,False,transport_free,7.680800134207838,0.9581970700850012,6.722603064122837,0.2578845186468064,0.5286925544373746,-0.2708080357905682,0.9788754109103983,0.7271124771569902
280,7,7,calibration,17,85,16,0.425,False,True,True,False,False,0.1586893200874328,0.3891182839870453,-0.2304289638996124,9.182015829796583,1.8740740457074816,7.307941784089103,4,False,3.5223497428882774e-14,0.1444040829052791,True,False,transport_free,9.182016412584362,1.8740737713250317,7.307942641259331,0.1634120133150864,0.39256268181458215,-0.22915066849949575,1.3689681410920531,0.6265482278440999
281,7,7,calibration,18,90,17,0.45,False,True,False,False,False,0.0102716563269495,0.0021264976821839,0.0081451591104269,9.967283211856111,0.1600916589935731,9.80719155286254,4,False,0.0,0.0137322102286025,False,True,static,9.967283258745335,0.16009165935328604,9.807191599392048,0.010881337121817691,0.0021904472466983092,0.008690889875119382,0.40011455778724925,0.04680221412175186
282,7,7,calibration,19,95,18,0.475,False,True,True,False,False,0.0410117395222187,0.1144638136029243,-0.0734520703554153,8.810127373771648,1.1325563995680985,7.677570974203549,4,False,0.0,0.0877853121283477,True,False,transport_free,8.8101271304842,1.1325563232698663,7.677570807214335,0.04346137644662812,0.11653709796060119,-0.07307572151397307,1.0642162953412555,0.3413753036770545
283,7,7,calibration,20,100,19,0.5,False,True,True,False,False,0.0320438332855701,0.1505957245826721,-0.1185518950223922,7.209311987558169,0.5828847320171165,6.626427255541053,5,False,0.0,0.0668534585737641,True,False,transport_free,7.209311781532435,0.5828846299219667,6.626427151610468,0.03423477627858091,0.15315066323196166,-0.11891588695338076,0.7634688139812698,0.39134468596361655
284,7,7,calibration,21,105,20,0.525,False,True,True,False,False,0.0112083777785301,0.1413635164499282,-0.1301551461219787,5.476772120143011,0.4751383367985642,5.001633783344446,5,False,0.0,0.0528372133660507,True,False,transport_free,5.476772127948192,0.4751383072405854,5.001633820707607,0.012084657359357251,0.14867970271181077,-0.13659504535245354,0.6893027689198596,0.3855900708159
285,7,7,calibration,22,110,21,0.55,False,True,True,False,False,0.0110266162082552,0.1011101976037025,-0.0900835841894149,6.261459782270443,0.7213920584633837,5.540067723807059,5,False,0.0,0.0314215807660745,True,False,transport_free,6.261459889530923,0.7213920727310691,5.540067816799854,0.011586069721268912,0.10580424436108671,-0.0942181746398178,0.8493480280374289,0.32527564366408795
286,7,7,calibration,23,115,22,0.575,True,True,False,True,False,0.0081241764128208,0.0347442217171192,-0.0266200453042984,6.225876237135523,0.8909403442269092,5.334935892908614,5,True,0.0027144851105692,0.0012943922456958,False,False,interaction,6.225876188535939,0.8909404370562428,5.334935751479696,0.008817548370475523,0.036304342551932704,-0.02748679418145718,0.9438964122488457,0.19053698473507105
287,7,7,calibration,24,120,23,0.6,True,False,False,False,False,0.0760856196284294,0.1775784641504287,-0.1014928445219993,6.9326181679851855,0.9972683172659648,5.935349850719221,6,True,0.0485332872368979,0.0482296786680819,False,False,interaction,6.932618044197068,0.9972680942414058,5.935349949955662,0.08547294044848376,0.18508206821911188,-0.09960912777062812,0.9986331129305727,0.43021165514094556
288,7,7,calibration,25,125,24,0.625,True,False,False,False,False,0.2046366333961486,0.7264809012413025,-0.5218442678451538,8.706116235261602,2.818853562486931,5.887262672774671,6,True,0.0865681393074645,0.0867497306110393,False,False,interaction,8.706117096212582,2.818853152913647,5.887263943298935,0.20928045973378842,0.7509997734818139,-0.5417193137480255,1.6789440588994164,0.866602431038486
289,7,7,calibration,26,130,25,0.65,True,False,False,False,False,0.356703370809555,1.1924359798431396,-0.8357325792312622,28.82738042833452,3.566162198356082,25.26121822997844,6,True,0.1112954915972741,0.1127806569661092,False,False,interaction,28.827381859755462,3.566162568556385,25.261219291199076,0.3933593019565116,1.3035081911374338,-0.9101488891809222,1.8884285976854895,1.1417128321681569
290,7,7,calibration,27,135,26,0.675,True,False,False,False,False,0.0274835284799337,0.0672232136130333,-0.0397396832704544,17.57218647470312,3.423291654296946,14.148894820406174,6,True,0.0652306219805565,0.0662830558755437,False,False,interaction,17.572186372846215,3.4232915258172234,14.148894847028991,0.030462460513484363,0.0745339877513357,-0.044071527237851335,1.8502139135292501,0.27300913492287343
291,7,7,calibration,28,140,27,0.7,True,False,False,False,False,0.7725682854652405,1.2431491613388062,-0.4705808758735657,14.75318042231135,2.736108682811827,12.017071739499524,7,True,0.1284913968485302,0.1301831196494225,False,False,interaction,14.753182880310106,2.7361089364250737,12.017073943885032,0.8469408437643171,1.3594852100614945,-0.5125443662971774,1.654118779418538,1.1659696437135465
292,7,7,calibration,29,145,28,0.725,True,False,False,False,False,0.1140715703368187,0.5153231620788574,-0.4012515842914581,4.9527929861063305,1.992828908985513,2.9599640771208175,7,True,0.0942212280267654,0.0945575833125826,False,False,interaction,4.9527932279413855,1.9928287772679454,2.95996445067344,0.11947085284913485,0.5330431332737686,-0.4135722804246338,1.411675875428898,0.730098029906785
293,7,7,calibration,30,150,29,0.75,True,False,False,False,False,0.035333327949047,0.2020421773195266,-0.1667088568210601,6.23117189382063,1.2938161711375027,4.937355722683127,7,True,0.0592373224625001,0.0591309759407403,False,False,interaction,6.231172016023351,1.293816026115492,4.937355989907859,0.03786434487496643,0.20786746066236494,-0.17000311578739852,1.1374603404582913,0.4559248410235671
294,7,7,calibration,31,155,30,0.775,True,False,False,False,False,0.0385285802185535,0.103192888200283,-0.0646643042564392,6.697581226500591,1.2401096681119004,5.457471558388691,7,True,0.0314667046454677,0.0318282810258679,False,False,interaction,6.6975813170648335,1.2401097252997249,5.457471591765109,0.04594864609370674,0.11534884893125968,-0.06940020283755294,1.1136021395901343,0.33963045936909086
295,7,7,calibration,32,160,31,0.8,False,True,True,False,True,0.052982073277235,0.0765370205044746,-0.0235549472272396,7.249289975412684,1.1731305945391368,6.0761593808735475,8,False,0.0041844240118538,0.007127619408009,True,False,transport_free,7.249288943403774,1.1731306583364074,6.0761582850673665,0.05608741101213249,0.08307363351166225,-0.026986222499529755,1.0831115631994737,0.28822497031253597
296,7,7,calibration,33,165,32,0.825,False,True,True,False,False,0.1971994191408157,0.3225613832473755,-0.1253619641065597,6.534807483336408,1.028815343049848,5.50599214028656,8,False,2.6422017398121733e-08,0.0680009756203474,True,False,transport_free,6.5348076980846095,1.0288154073646296,5.50599229071998,0.20589113750144397,0.3454056776799732,-0.13951454017852924,1.0143053817093892,0.587712240539512
297,7,7,calibration,34,170,33,0.85,False,True,True,False,False,0.1157633438706398,0.1749707460403442,-0.0592074021697044,7.232759108538847,0.8581658614751554,6.374593247063691,8,False,4.219837139958179e-14,0.0940553854544736,True,False,transport_free,7.232759638487788,0.8581661496092313,6.374593488878556,0.11864852164516859,0.1793469333526623,-0.06069841170749371,0.9263725760239404,0.4234937229200243
298,7,7,calibration,35,175,34,0.875,False,True,True,False,False,0.0597814321517944,0.0853057503700256,-0.0255243182182312,5.959103269152034,1.635447728684429,4.323655540467605,8,False,0.0,0.1209235500309913,True,False,transport_free,5.959103412971179,1.6354474890570392,4.323655923914139,0.06176432225564057,0.08632554906627797,-0.024561226810637403,1.278846155351393,0.2938120982299367
299,7,7,calibration,36,180,35,0.9,False,True,True,False,False,0.0486415028572082,0.0636676102876663,-0.015026107430458,6.7162593794679,1.4947628675796498,5.22149651188825,9,False,0.0,0.0995059317883736,True,False,transport_free,6.716259367343365,1.4947627476151404,5.221496619728224,0.05035731223736655,0.06469693008500876,-0.014339617847642212,1.2226049024992254,0.2543559122273527
300,7,7,calibration,37,185,36,0.925,False,True,True,False,False,0.0263287778943777,0.0520429350435733,-0.0257141571491956,5.824631618531886,0.6822819947567341,5.142349623775152,9,False,0.0,0.0715108174364076,True,False,transport_free,5.824631656796282,0.6822819908637742,5.1423496659325085,0.02731675960002251,0.05279532478437818,-0.025478565184355668,0.8260036264228954,0.22977233250410758
301,7,7,calibration,38,190,37,0.95,False,True,True,False,False,0.010438566096127,0.1573246270418167,-0.1468860656023025,5.617680005833695,0.7831926862434854,4.83448731959021,9,False,0.0,0.0662215738764514,True,False,transport_free,5.617680025196418,0.7831925968466992,4.8344874283497195,0.011312727042261073,0.16363455789708278,-0.1523218308548217,0.884981692944379,0.40451768551830064
302,7,7,calibration,39,195,38,0.975,False,True,True,False,False,0.0315291881561279,0.22944937646389,-0.1979201883077621,6.913205510904464,1.4405158827963918,5.472689628108072,9,False,0.0,0.053456622701985,True,False,transport_free,6.9132056469077705,1.4405158959330508,5.47268975097472,0.032803162087953086,0.23924578238170602,-0.20644262029375293,1.2002149373895705,0.4891275727064525
303,7,7,calibration,40,200,39,1.0,True,True,False,True,False,0.0385207869112491,0.1096138879656791,-0.0710930973291397,7.745674589587206,2.032383408167737,5.713291181419469,9,True,0.0033284809832088,0.0107663733958136,False,False,interaction,7.745674298232465,2.0323833564092264,5.713290941823239,0.04097734957490414,0.118481677898032,-0.07750432832312787,1.4256168336580577,0.34421167600479796
304,8,8,calibration,3,15,2,0.075,False,True,True,False,False,0.0132823241874575,0.0728430524468422,-0.059560727328062,10.53351825047102,3.135604611986763,7.397913638484256,0,False,4.2674197509029455e-16,0.0554021246750364,True,False,transport_free,10.533518321989652,3.1356046006070124,7.39791372138264,0.013757514261618553,0.07570117369322313,-0.06194365943160458,1.7707638466512163,0.27513846276597376
305,8,8,calibration,4,20,3,0.1,False,True,True,False,False,0.0159309860318899,0.1316107958555221,-0.115679807960987,8.559312917458525,1.7580654845188073,6.801247432939718,1,False,0.0,0.05340292370868,True,False,transport_free,8.559313097949081,1.7580656077241983,6.801247490224883,0.01676078308123526,0.13890665164596516,-0.1221458685647299,1.3259206641893015,0.3727018267274326
306,8,8,calibration,5,25,4,0.125,False,True,True,False,False,0.0210085809230804,0.1396578699350357,-0.1186492890119552,7.912402945307124,1.584476545889814,6.3279263994173105,1,False,0.0,0.0240869045974066,True,False,transport_free,7.9124025689184725,1.5844766996441628,6.32792586927431,0.021285695158332885,0.14860913178039592,-0.12732343662206302,1.2587599849233224,0.38549854964759067
307,8,8,calibration,6,30,5,0.15,True,True,False,True,False,0.0077233766205608,0.0440004281699657,-0.0362770520150661,6.468967693282636,1.1489210859971737,5.320046607285462,1,True,0.0098346122763941,0.0070448252162196,False,False,interaction,6.46896776748711,1.1489209822335713,5.320046785253539,0.00802338852106966,0.043895422591180205,-0.035872034070110546,1.0718773167828357,0.20951234472264446
308,8,8,calibration,7,35,6,0.175,True,False,False,False,False,0.0613882727921009,0.1772599667310714,-0.1158716976642608,10.834764159917029,1.9354195433809671,8.899344616536059,1,True,0.0583009543758717,0.057797157397994,False,False,interaction,10.834763345255027,1.9354199972834465,8.89934334797158,0.06552501894153732,0.17554775078429652,-0.1100227318427592,1.391193731039443,0.4189841891817596
309,8,8,calibration,8,40,7,0.2,True,False,False,False,False,0.1702781170606613,0.3622869551181793,-0.192008838057518,9.159153965494268,2.319355786897367,6.839798178596901,2,True,0.0777424541003105,0.0779227625370165,False,False,interaction,9.159152829326334,2.319355789141679,6.8397970401846555,0.175934037793823,0.36581979016891614,-0.18988575237509314,1.5229431339159316,0.6048303813210082
310,8,8,calibration,9,45,8,0.225,True,False,False,False,False,0.3305361270904541,0.7747181057929993,-0.4441819787025451,6.817294024996738,3.004908564495086,3.812385460501652,2,True,0.0964263633392334,0.0972432818728303,False,False,interaction,6.81729395473092,3.0049085221892944,3.812385432541626,0.35155677055628737,0.8229035455814863,-0.4713467750251989,1.7334671967445172,0.9071403119592284
311,8,8,calibration,10,50,9,0.25,True,False,False,False,False,0.8221115469932556,1.5296863317489624,-0.7075747847557068,7.619023242835671,3.1623225885198765,4.456700654315794,2,True,0.0929594772365712,0.0928344741618959,False,False,interaction,7.619025013608777,3.162322061225337,4.45670295238344,0.8297026506972559,1.5347887295988023,-0.7050860789015464,1.7782918942697052,1.2388659046074366
312,8,8,calibration,11,55,10,0.275,True,False,False,False,False,1.3872522115707395,1.9036985635757449,-0.5164463520050049,10.53345778661299,3.041982363034282,7.4914754235787075,2,True,0.1354205437695688,0.1358808819837484,False,False,interaction,10.533454085101015,3.0419823103988484,7.491471774702166,1.4911049944563832,2.1050387169005313,-0.6139337224441481,1.7441279512693009,1.4508751555183965
313,8,8,calibration,12,60,11,0.3,True,False,False,False,False,0.2309350222349167,0.5965343117713928,-0.3655992746353149,7.110267515823886,2.6650961503082296,4.445171365515657,3,True,0.0913304943536808,0.0911383525515514,False,False,interaction,7.110267339442134,2.6650966069728996,4.445170732469235,0.23978703157008022,0.6244312663111132,-0.38464423474103304,1.6325123604349523,0.7902096344079292
314,8,8,calibration,13,65,12,0.325,True,False,False,False,False,0.1573220640420913,0.3206743896007538,-0.1633523255586624,7.873460107160594,1.8409427659856297,6.032517341174964,3,True,0.0718312818704159,0.0720880865114105,False,False,interaction,7.873460167463134,1.84094297097848,6.032517196484654,0.16315709620863353,0.33250131652939424,-0.1693442203207607,1.3568135358178293,0.5766292713081727
315,8,8,calibration,14,70,13,0.35,True,True,False,False,True,0.0169399064034223,0.0245333388447761,-0.0075934324413537,5.674316387725104,0.9815458665418364,4.6927705211832675,3,True,0.0138707924631224,0.0162622638695169,False,False,interaction,5.674316414280605,0.9815458540447102,4.6927705602358945,0.01811259061977249,0.02597863564106286,-0.007866045021290367,0.9907299602034402,0.16117889328650592
316,8,8,calibration,15,75,14,0.375,False,True,False,False,False,0.0712924897670745,0.0551877357065677,0.0161047540605068,5.280628045749318,1.0874878941131607,4.1931401516361575,3,False,9.024173502046108e-06,0.018624586233799,False,True,static,5.28062832634538,1.0874879539049882,4.193140372440392,0.07568334001808075,0.05800175268292182,0.017681587335158927,1.042826905054232,0.24083553035821317
317,8,8,calibration,16,80,15,0.4,False,True,True,False,False,0.2813676297664642,0.3485980033874511,-0.0672303736209869,5.243787474109081,1.356770183275297,3.887017290833784,4,False,1.4202823653822284e-11,0.0827013519214461,True,False,transport_free,5.2437872884298296,1.3567699687799288,3.8870173196499005,0.2962392433321284,0.36035819426651,-0.06411895093438158,1.1648046912594097,0.6002984210095093
318,8,8,calibration,17,85,16,0.425,False,True,True,False,False,0.1527639478445053,0.2777353823184967,-0.1249714344739914,6.579359655848421,1.606853860393523,4.972505795454898,4,False,1.0408340855860844e-17,0.1312499848276846,True,False,transport_free,6.579359943300953,1.606854167470268,4.972505775830685,0.16685110723125648,0.30082420388943704,-0.13397309665818055,1.2676175162367662,0.5484744332140169
319,8,8,calibration,18,90,17,0.45,False,True,True,False,False,0.022304942831397,0.0256664175540208,-0.0033614747226238,6.721243785577859,0.719863881089014,6.001379904488845,4,False,0.0,0.0623012755723179,True,False,transport_free,6.721243745277835,0.7198638796654513,6.001379865612384,0.02433824577475231,0.02809870855863113,-0.003760462783878822,0.8484479239561208,0.16762669405148792
320,8,8,calibration,19,95,18,0.475,False,True,True,False,False,0.0804146081209182,0.1144270226359367,-0.0340124145150184,8.065670276815325,1.7398876303781587,6.325782646437166,4,False,0.0,0.1079028611923304,True,False,transport_free,8.065669828610696,1.7398875993952998,6.325782229215396,0.08469112820218705,0.1255395468015573,-0.040848418599370245,1.319047989799954,0.35431560338426715
321,8,8,calibration,20,100,19,0.5,False,True,True,False,False,0.0260714143514633,0.1151685789227485,-0.0890971645712852,5.6369619494031395,1.0747214390507194,4.56224051035242,5,False,0.0,0.0733366707336197,True,False,transport_free,5.636962158532962,1.0747216845373035,4.562240473995659,0.02713600223933658,0.12273040435549117,-0.09559440211615458,1.0366878433440336,0.35032899445448584
322,8,8,calibration,21,105,20,0.525,False,True,True,False,False,0.0121871642768383,0.1717785596847534,-0.1595913916826248,5.473934210664349,1.0852972087788004,4.388637001885549,5,False,0.0,0.0623103421981391,True,False,transport_free,5.473934258196017,1.0852973404618804,4.388636917734137,0.012766786708568486,0.1772673385370475,-0.164500551828479,1.0417760510118672,0.42103127976083615
323,8,8,calibration,22,110,21,0.55,False,True,True,False,False,0.0099267540499567,0.1282085329294204,-0.1182817816734314,6.04928571555308,0.8844035403374991,5.164882175215581,5,False,0.0,0.0359961201187872,True,False,transport_free,6.049285728773904,0.8844034932157289,5.164882235558175,0.010927630430061201,0.13490090900345866,-0.12397327857339746,0.9404272928917625,0.36728859089748306
324,8,8,calibration,23,115,22,0.575,True,True,False,True,False,0.0056831869296729,0.0368478745222091,-0.0311646871268749,5.011365623778029,0.4599385657362655,4.551427058041764,5,True,0.0040411133217224,0.0055911280221844,False,False,interaction,5.011365536934171,0.4599385473517816,4.55142698958239,0.006191456907565405,0.039864249588045304,-0.0336727926804799,0.6781876933060504,0.19966033554025023
325,8,8,calibration,24,120,23,0.6,True,True,False,False,False,0.0156177133321762,0.0651260465383529,-0.0495083332061767,4.695893720840647,0.5733914077115156,4.1225023131291305,6,True,0.025618358465894,0.0249584159639968,False,False,interaction,4.695893597294838,0.5733914227755257,4.122502174519313,0.016081593778668513,0.06943540778849329,-0.05335381400982478,0.7572261371449917,0.26350599194039837
326,8,8,calibration,25,125,24,0.625,True,False,False,False,False,0.1011080741882324,0.3075931072235107,-0.2064850330352783,5.192327220588184,1.4570144613231522,3.735312759265032,6,True,0.0843534131889124,0.0842948250117941,False,False,interaction,5.192327499479252,1.457014824272967,3.735312675206285,0.10414131414308218,0.3235038960507028,-0.2193625819076206,1.207068690784815,0.5687740289875257
327,8,8,calibration,26,130,25,0.65,True,False,False,False,False,0.4739502370357513,1.198012351989746,-0.7240620851516724,11.114105211016104,2.6211659539701753,8.49293925704593,6,True,0.1051550789665792,0.1052615151084312,False,False,interaction,11.11410236120347,2.6211665150038725,8.492935846199597,0.5083441008139383,1.25770878237781,-0.7493646815638716,1.6190017032121593,1.1214761621977571
328,8,8,calibration,27,135,26,0.675,True,False,False,False,False,0.1050882115960121,0.3603098690509796,-0.2552216649055481,7.314468809979889,3.3344362658423883,3.980032544137501,6,True,0.0753626886688398,0.0766353005036213,False,False,interaction,7.314468829562737,3.3344360456881272,3.98003278387461,0.11398718214856025,0.39120307996809484,-0.2772158978195346,1.8260438235946386,0.6254622930026197
329,8,8,calibration,28,140,27,0.7,True,False,False,False,False,0.5695013403892517,1.243179440498352,-0.6736781001091003,8.62504936753575,2.619561066332596,6.005488301203155,7,True,0.1114246026138998,0.1108947972793109,False,False,interaction,8.625050855309548,2.61956131912655,6.005489536182997,0.6106671114692467,1.3631369274071528,-0.7524698159379061,1.6185058909767829,1.1675345508408532
330,8,8,calibration,29,145,28,0.725,True,False,False,False,False,0.095146544277668,0.3148775994777679,-0.2197310626506805,5.6944383575913,1.1569373245067662,4.537501033084533,7,True,0.0808697168306877,0.0813210683476318,False,False,interaction,5.694437860145055,1.1569374710588778,4.537500389086178,0.09799801828475058,0.32581491271871715,-0.22781689443396658,1.075610278427497,0.5708019908153065
331,8,8,calibration,30,150,29,0.75,True,False,False,False,False,0.0469333976507186,0.1399962604045868,-0.0930628627538681,6.354877268480169,0.7989698394478091,5.555907429032359,7,True,0.0567313302239192,0.0562143905157606,False,False,interaction,6.354876720464496,0.7989699102696529,5.555906810194843,0.04862292900894568,0.1456850005531747,-0.09706207154422902,0.8938511678515909,0.3816870453043628
332,8,8,calibration,31,155,30,0.775,True,False,False,False,False,0.0969084128737449,0.1637396365404129,-0.0668312236666679,6.101669168879089,1.3842305411673552,4.717438627711734,7,True,0.0390968694209054,0.0391118648676898,False,False,interaction,6.1016694427893485,1.384230620337804,4.717438822451545,0.10293244351715691,0.1705607802352411,-0.06762833671808419,1.1765333060894638,0.4129900485910539
333,8,8,calibration,32,160,31,0.8,False,True,True,False,True,0.0376439876854419,0.034594926983118,0.0030490607023239,6.428706471348598,0.5968384365686685,5.83186803477993,8,False,0.0048519996450585,0.005414761046834,True,False,transport_free,6.42870652490592,0.5968383545654405,5.8318681703404796,0.041352031494558565,0.03770705702632127,0.0036449744682372984,0.7725531402857932,0.19418305030646024
334,8,8,calibration,33,165,32,0.825,False,True,True,False,False,0.1279892176389694,0.211052119731903,-0.0830629020929336,5.055692912365666,0.7412721268234549,4.314420785542211,8,False,2.2104814168798647e-08,0.0551634951007284,True,False,transport_free,5.055692684413512,0.7412722784667225,4.314420405946789,0.13605024168439453,0.22031109504539823,-0.0842608533610037,0.8609717059617712,0.46937308726150695
335,8,8,calibration,34,170,33,0.85,False,True,True,False,False,0.1852384209632873,0.1809103935956955,0.0043280273675918,4.208285324945904,0.5881902281968179,3.620095096749086,8,False,3.528947728679649e-14,0.0657863126597183,True,False,transport_free,4.2082853866257945,0.5881902247101684,3.6200951619156263,0.19345380692984093,0.18538140154686836,0.008072405382972575,0.7669356066255943,0.43055940536338116
336,8,8,calibration,35,175,34,0.875,False,True,True,False,False,0.1052546873688697,0.2786789834499359,-0.1734243035316467,7.640010315054739,1.574988881834803,6.065021433219936,8,False,0.0,0.103155501671264,True,False,transport_free,7.640010632561754,1.5749892724670713,6.065021360094683,0.10670310182129876,0.28227662597649844,-0.17557352415519967,1.2549857658424144,0.5312971164767398
337,8,8,calibration,36,180,35,0.9,False,True,False,False,False,0.0173883140087127,0.0021914895623922,0.0151968244463205,7.673585829106045,0.1569455486273187,7.516640280478726,9,False,0.0,0.0068614924964526,False,True,static,7.673585961487145,0.15694555154922218,7.5166404099379225,0.018061794634798903,0.00230810480939606,0.015753689825402845,0.396163541418468,0.04804273940353589
338,8,8,calibration,37,185,36,0.925,False,True,True,False,False,0.060231726616621,0.1346546709537506,-0.0744229406118393,7.827921756842817,1.606366891547313,6.221554865295504,9,False,0.0,0.0717315682840528,True,False,transport_free,7.827922287569418,1.6063669038134218,6.221555383755996,0.06440541190734528,0.1375437595493778,-0.07313834764203253,1.2674253050233066,0.370868925025241
339,8,8,calibration,38,190,37,0.95,False,True,True,False,False,0.0169031899422407,0.1284624189138412,-0.1115592271089553,5.120448568700702,1.1630616877182407,3.9573868809824617,9,False,0.0,0.0663684413559814,True,False,transport_free,5.120448638573166,1.163061864213421,3.957386774359745,0.0180744724690588,0.12974828579120698,-0.11167381332214818,1.078453459456374,0.36020589360976174
340,8,8,calibration,39,195,38,0.975,False,True,True,False,False,0.0104394434019923,0.1584212332963943,-0.1479817926883697,5.832552578794666,1.0141108574470226,4.818441721347644,9,False,0.0,0.0580859323908146,True,False,transport_free,5.832552589532265,1.0141107202298218,4.818441869302443,0.010991117298840546,0.16294858310030458,-0.15195746580146402,1.0070306451294428,0.40366890281554335
341,8,8,calibration,40,200,39,1.0,False,True,True,False,False,0.005560252815485,0.1721978634595871,-0.1666376143693924,6.085653693791035,1.18606360516544,4.899590088625595,9,False,0.0,0.0324848913789102,True,False,transport_free,6.085653704300756,1.186063296170188,4.899590408130568,0.006154889946994889,0.18011988057713824,-0.17396499063014334,1.0890653314517857,0.4244053258114679
342,9,9,calibration,3,15,2,0.075,False,True,True,False,False,0.0191462449729442,0.0734690725803375,-0.0543228276073932,7.761612874717044,3.360071118722271,4.4015417559947725,0,False,4.2674197509029455e-16,0.0594583095570559,True,False,transport_free,7.761612844287882,3.3600711977110307,4.401541646576851,0.02105958546022851,0.07878960082066612,-0.057730015360437606,1.83304969864732,0.2806948535699686
343,9,9,calibration,4,20,3,0.1,False,True,True,False,False,0.0197535064071416,0.1442676186561584,-0.1245141103863716,8.42220574619307,1.8308764973075409,6.591329248885529,1,False,0.0,0.0616723168639109,True,False,transport_free,8.422205716777231,1.8308761399997087,6.591329576777523,0.022137754729673314,0.1541346881001703,-0.131996933370497,1.3530987177585043,0.3925999084311792
344,9,9,calibration,5,25,4,0.125,False,True,True,False,False,0.0086096255108714,0.117313377559185,-0.1087037548422813,8.999363663506273,1.299723189094731,7.699640474411542,1,False,0.0,0.0434314099490184,True,False,transport_free,8.999363565930853,1.2997231465280772,7.699640419402776,0.00966693284267766,0.1269991019526174,-0.11733216910993974,1.1400540103556835,0.35636933363102025
345,9,9,calibration,6,30,5,0.15,True,True,False,True,False,0.0306195002049207,0.1234121918678283,-0.0927926898002624,9.864819994662827,2.423273983391065,7.441546011271763,1,True,0.0165163816857452,0.0166836943984601,False,False,interaction,9.86482001872173,2.423274109357216,7.441545909364514,0.03282029598949996,0.1322430018568966,-0.09942270586739665,1.5566869015178408,0.3636523090218136
346,9,9,calibration,7,35,6,0.175,True,False,False,False,False,0.1309459209442138,0.3272008001804352,-0.1962548792362213,14.81214606150455,3.2297158841745053,11.582430177330044,1,True,0.0884931421570042,0.0884169568634868,False,False,interaction,14.812145027399964,3.2297165898784166,11.582428437521548,0.1441868147922055,0.3495159280563945,-0.20532911326418898,1.7971412270265286,0.5911987212912376
347,9,9,calibration,8,40,7,0.2,True,False,False,False,False,0.3325532972812652,0.9406893849372864,-0.6081360578536987,13.908070461269212,3.391069524541631,10.51700093672758,2,True,0.1025467022800743,0.1027823250476376,False,False,interaction,13.908070014743494,3.3910690852007614,10.517000929542732,0.36010123501812297,1.0075975262635593,-0.6474962912454363,1.841485564754924,1.003791575110869
348,9,9,calibration,9,45,8,0.225,True,False,False,False,False,0.4201551377773285,1.238724708557129,-0.818569540977478,6.656709389799192,3.579464859037927,3.077244530761265,2,True,0.1138787699083303,0.1141089644364214,False,False,interaction,6.656710367561055,3.579465387475397,3.077244980085658,0.4582501496767562,1.3599366901669212,-0.9016865404901651,1.8919475118182842,1.1661632347861604
349,9,9,calibration,10,50,9,0.25,True,False,False,False,False,0.1950612515211105,0.3125240802764892,-0.1174628287553787,7.620108234226873,2.873237027716596,4.746871206510276,2,True,0.0496349021250571,0.0502398428619102,False,False,interaction,7.620107665961544,2.8732365773185435,4.746871088643,0.21464762118311229,0.3451233630125799,-0.1304757418294676,1.6950624110393526,0.587472010407798
350,9,9,calibration,11,55,10,0.275,True,False,False,False,False,0.1997931450605392,0.9257020950317384,-0.7259089350700378,5.518291590596257,2.1699069211116218,3.348384669484635,2,True,0.1089905583753664,0.1102230384830725,False,False,interaction,5.51829284932379,2.1699065084081,3.3483863409156895,0.21510153844108595,1.0032611504766866,-0.7881596120356007,1.4730602528098096,1.001629248013798
351,9,9,calibration,12,60,11,0.3,True,False,False,False,False,0.095847487449646,0.4296951293945312,-0.3338476419448852,10.390211764601853,1.487573977454848,8.902637787147004,3,True,0.0989381779289304,0.0986422012130542,False,False,interaction,10.390210845362256,1.487573754025874,8.902637091336382,0.10228993430167455,0.44795181280007523,-0.3456618784984007,1.2196613275929815,0.6692920235592795
352,9,9,calibration,13,65,12,0.325,True,False,False,False,False,0.0931949689984321,0.2682766318321228,-0.1750816702842712,9.733623338974692,0.8670837243874215,8.866539614587271,3,True,0.073165819783027,0.0731664272906815,False,False,interaction,9.733622731117896,0.867083542542033,8.866539188575862,0.10249425359855963,0.2881872352943424,-0.1856929816957828,0.9311732075946091,0.5368307324421194
353,9,9,calibration,14,70,13,0.35,True,True,False,True,True,0.0111934579908847,0.0315868258476257,-0.0203933678567409,8.874192059910607,0.5363770925051198,8.337814967405487,3,True,0.0133183066466184,0.0167676213786776,False,False,interaction,8.874192130853126,0.5363770290598474,8.337815101793279,0.01178317496565337,0.0324910697331175,-0.02070789476746413,0.7323776546699438,0.18025279396757626
354,9,9,calibration,15,75,14,0.375,True,True,False,False,True,0.0490711219608783,0.0680325925350189,-0.0189614705741405,10.147935159425083,1.2740112147369829,8.8739239446881,3,True,0.0043218740240728,0.0133838683080733,False,False,interaction,10.147934737632609,1.2740111302458599,8.873923607386748,0.05358535888018445,0.07371354517123506,-0.020128186291050607,1.1287210152406395,0.27150238520358355
355,9,9,calibration,16,80,15,0.4,False,True,True,False,False,0.2429820895195007,0.4329023361206054,-0.1899202466011047,8.723894703627366,0.9836034823223676,7.740291221304998,4,False,1.097172457853816e-07,0.0881820482211995,True,False,transport_free,8.723893200682992,0.9836035608263622,7.7402896398566305,0.25811097085033713,0.4614331647034138,-0.20332219385307665,0.9917678966504019,0.6792887196939265
356,9,9,calibration,17,85,16,0.425,False,True,True,False,False,0.1207617297768592,0.2886195480823517,-0.167857825756073,7.26887548435078,1.110058254707962,6.1588172296428185,4,False,1.7378935330408565e-13,0.1023736396203213,True,False,transport_free,7.268875915508829,1.1100583627960032,6.158817552712826,0.12807322884561037,0.30486608753056454,-0.17679285868495417,1.0535930726784433,0.5521467988955152
357,9,9,calibration,18,90,17,0.45,False,True,True,False,False,0.0128654204308986,0.0191510692238807,-0.0062856487929821,6.909711839138583,0.2832926528036215,6.626419186334962,4,False,0.0,0.0407670198024251,True,False,transport_free,6.90971183061157,0.283292670438955,6.626419160172615,0.013498235433279474,0.020071139224262634,-0.006572903790983161,0.5322524499135303,0.1416726481162212
358,9,9,calibration,19,95,18,0.475,False,True,True,False,False,0.0287993475794792,0.1222516596317291,-0.0934523120522499,6.472138604220279,0.980174258718062,5.491964345502217,4,False,0.0,0.0752255737638579,True,False,transport_free,6.472138970671196,0.9801742873973257,5.491964683273871,0.030083949795030332,0.12874545272608603,-0.0986615029310557,0.9900375181766223,0.35881116583251144
359,9,9,calibration,20,100,19,0.5,False,True,True,False,False,0.0170515980571508,0.0905936583876609,-0.0735420584678649,5.973033728035028,0.5058184328282497,5.4672152952067785,5,False,0.0,0.0548602787488057,True,False,transport_free,5.9730339299868165,0.5058184328712755,5.467215497115541,0.01803780127968393,0.09595186643894928,-0.07791406515926534,0.7112091344121471,0.3097609827575921
360,9,9,calibration,21,105,20,0.525,False,True,True,False,False,0.0124651379883289,0.2106403559446334,-0.1981752216815948,7.176148267685164,0.6561611918720174,6.519987075813146,5,False,0.0,0.0698279400155316,True,False,transport_free,7.176148299862947,0.6561612213656559,6.519987078497292,0.01346137794309292,0.22171060716845545,-0.20824922922536254,0.8100377900849169,0.47086155838893395
361,9,9,calibration,22,110,21,0.55,False,True,True,False,False,0.0179244019091129,0.1318118274211883,-0.1138874292373657,9.649638985800989,0.7530961755321054,8.896542810268883,5,False,0.0,0.0380184393863163,True,False,transport_free,9.649638874440038,0.7530961542062987,8.89654272023374,0.019812254194418035,0.1414959737734136,-0.12168371957899557,0.8678111281876366,0.37615950575974233
362,9,9,calibration,23,115,22,0.575,True,True,False,True,False,0.0027251269202679,0.0127843739464879,-0.0100592467933893,9.710268968691146,0.4930140457786272,9.217254922912518,5,True,0.0020940960566654,0.0016762178511952,False,False,interaction,9.710268992933228,0.4930140396240934,9.217254953309135,0.0030689050491462654,0.013378404611804583,-0.010309499562658317,0.7021495849347869,0.11566505354602392
363,9,9,calibration,24,120,23,0.6,True,True,False,False,False,0.0418375134468078,0.1518342494964599,-0.1099967360496521,10.18850739127156,1.2230827514468583,8.9654246398247,6,True,0.0502651324697999,0.0499710865944817,False,False,interaction,10.188507767013215,1.2230828659991373,8.965424901014078,0.04577128444986318,0.16293852119445582,-0.11716723674459265,1.1059307690805682,0.4036564395552929
364,9,9,calibration,25,125,24,0.625,True,False,False,False,False,0.1052491664886474,0.2805629074573517,-0.1753137409687042,8.76820477031984,1.2488685211011097,7.519336249218731,6,True,0.073252674048621,0.0736120132651127,False,False,interaction,8.768205055823573,1.248868678849526,7.5193363769740476,0.11403435506022853,0.2938822371298215,-0.17984788206959296,1.1175279320220708,0.5421090638698282
365,9,9,calibration,26,130,25,0.65,True,False,False,False,False,0.2109444141387939,0.5783801674842834,-0.3674357533454895,8.280406285549342,1.8125280744916532,6.4678782110576885,6,True,0.0931526229949869,0.0934913479090057,False,False,interaction,8.280406499869558,1.8125279472352533,6.467878552634305,0.22419776907577715,0.611626380854663,-0.3874286117788859,1.3463015810862191,0.7820654581648924
366,9,9,calibration,27,135,26,0.675,True,False,False,False,False,0.1942450553178787,0.4602969884872436,-0.2660519480705261,5.331501241221663,2.5138624852023006,2.8176387560193628,6,True,0.0645842808298193,0.0656166014889114,False,False,interaction,5.331502102161319,2.5138625631978724,2.8176395389634465,0.21069163567040738,0.5016195657575215,-0.29092793008711415,1.58551649729603,0.708251061247014
367,9,9,calibration,28,140,27,0.7,True,False,False,False,False,0.2148123979568481,0.7091794610023499,-0.4943670630455017,5.104883504832867,2.332263277995666,2.7726202268372018,7,True,0.0726978390635421,0.0723767102443244,False,False,interaction,5.104884033763081,2.3322638503606066,2.772620183402475,0.22734839204766297,0.7694739050881231,-0.5421255130404601,1.527175121052136,0.8771966171207701
368,9,9,calibration,29,145,28,0.725,True,False,False,False,False,0.1364569514989853,0.3713438212871551,-0.2348868697881698,9.49306239253666,1.5563968074626475,7.936665585074012,7,True,0.0736384500370695,0.0735139987795557,False,False,interaction,9.493062696770625,1.5563969416118308,7.936665755158795,0.14383672346718254,0.3922632027627855,-0.24842647929560294,1.2475563881491814,0.6263091910253158
369,9,9,calibration,30,150,29,0.75,True,False,False,False,False,0.0530181527137756,0.2304714322090149,-0.1774532794952392,10.7236546608804,0.9162285898535356,9.807426071026866,7,True,0.0686527831391407,0.06843779448049,False,False,interaction,10.723655168696789,0.9162285598485639,9.807426608848225,0.057204085069879396,0.24098212978154088,-0.18377804471166148,0.9571982865888153,0.4908993071715837
370,9,9,calibration,31,155,30,0.775,True,False,False,False,False,0.0324631705880165,0.167494997382164,-0.1350318193435669,9.020313006765209,0.7793161800613868,8.240996826703821,7,True,0.0594636830527672,0.0595294894633054,False,False,interaction,9.020312895697264,0.7793160769477078,8.240996818749556,0.03585650259993598,0.1781772453192588,-0.14232074271932282,0.8827888065373891,0.4221104657779274
371,9,9,calibration,32,160,31,0.8,True,True,False,False,True,0.0183404479175806,0.0204462148249149,-0.0021057669073343,9.45159553330446,0.3645942006222154,9.087001332682243,8,True,0.0082717417849193,0.0093161472621064,False,False,interaction,9.451595366604844,0.3645941723333044,9.08700119427154,0.019217672817359564,0.021492852242921228,-0.0022751794255616645,0.6038163399025439,0.14660440731069863
372,9,9,calibration,33,165,32,0.825,False,True,True,False,False,0.1704202741384506,0.3010776340961456,-0.130657359957695,9.25174795341396,0.8820788587209133,8.369669094693046,8,False,6.393301658235933e-07,0.0659416947811757,True,False,transport_free,9.251748252575744,0.8820788537529313,8.369669398822813,0.17873404245644328,0.31790458260324395,-0.13917054014680066,0.9391905311239734,0.5638302781894956
373,9,9,calibration,34,170,33,0.85,False,True,True,False,False,0.0959197953343391,0.2097895592451095,-0.1138697639107704,6.656197086540645,0.6590553097858365,5.997141776754808,8,False,1.0210235516014064e-12,0.0922161859711229,True,False,transport_free,6.6561964325050225,0.6590553455804044,5.997141086924618,0.09971388713518396,0.21997493988366743,-0.12026105274848346,0.8118222376730045,0.469014861047779
374,9,9,calibration,35,175,34,0.875,False,True,True,False,False,0.0564393140375614,0.2543804943561554,-0.1979411840438842,8.299712883055694,1.7996659608410823,6.5000469222146116,8,False,0.0,0.1058012676823036,True,False,transport_free,8.299712762067577,1.799665912886028,6.500046849181548,0.058395461194218796,0.26328305707005206,-0.20488759587583327,1.3415162738058857,0.5131111546926768
375,9,9,calibration,36,180,35,0.9,False,True,True,False,False,0.0142016960307955,0.0210014637559652,-0.0067997677251696,6.657866531207485,0.6679710434420235,5.9898954877654615,9,False,0.0,0.0334193261253022,True,False,transport_free,6.657866673013161,0.6679709742126043,5.989895698800557,0.014990753184083619,0.021667246011463737,-0.006676492827380118,0.8172949126310552,0.14719798236206819
376,9,9,calibration,37,185,36,0.925,False,True,True,False,False,0.0690759718418121,0.1615292280912399,-0.0924532562494278,5.747415974307675,0.8930753874398202,4.854340586867854,9,False,0.0,0.0617275285322729,True,False,transport_free,5.747416480424081,0.893075263194769,4.8543412172293126,0.07316883567200888,0.16840545605406465,-0.09523662038205577,0.9450265939087477,0.4103723383149316
377,9,9,calibration,38,190,37,0.95,False,True,True,False,False,0.0094505026936531,0.1002934798598289,-0.0908429771661758,5.785079787421782,0.997278752355228,4.787801035066553,9,False,0.0,0.0777009189170129,True,False,transport_free,5.785079680133864,0.997278651412642,4.787801028721223,0.010068845479492286,0.10555820161052924,-0.09548935613103696,0.9986383987273081,0.3248972169941276
378,9,9,calibration,39,195,38,0.975,False,True,True,False,False,0.0236194226890802,0.3035496473312378,-0.2799302339553833,8.0565697278335,1.0547332886292065,7.001836439204293,9,False,0.0,0.0828888611721136,True,False,transport_free,8.056569692193195,1.0547333705263267,7.001836321666868,0.0251456905289395,0.32024929126404084,-0.29510360073510133,1.0270021278100288,0.5659057264810463
379,9,9,calibration,40,200,39,1.0,False,True,True,False,False,0.006701345089823,0.0934838354587555,-0.0867824926972389,9.55982084717414,0.5314230677059685,9.02839777946817,9,False,0.0,0.0337609272550381,True,False,transport_free,9.559820832083988,0.5314229500597607,9.028397882024226,0.007388344210112463,0.09853094723177425,-0.09114260302166179,0.7289876199633027,0.3138963956973292
380,10,10,heldout,3,15,2,0.075,False,True,True,False,False,0.0118996752426028,0.0799709260463714,-0.0680712535977363,16.46945242258229,88.2380595974999,-71.7686071749176,0,False,4.2674197509029455e-16,0.0740595208206174,True,False,transport_free,16.469452661860974,88.2380584435528,-71.76860578169183,0.0127171527231918,0.08831870958423353,-0.07560155686104172,9.393511507607409,0.29718463887663094
381,10,10,heldout,4,20,3,0.1,False,True,True,False,False,0.0230618994683027,0.169574037194252,-0.1465121358633041,16.18907474860671,172.26578500766536,-156.07671025905864,1,False,0.0,0.0660099366254663,True,False,transport_free,16.18907484878933,172.2657827353802,-156.0767078865909,0.025187873702590142,0.19179887842652987,-0.16661100472393972,13.12500600896549,0.43794848832543065
382,10,10,heldout,5,25,4,0.125,False,True,True,False,False,0.0113963233307003,0.1162875667214393,-0.1048912405967712,13.594206941676124,126.16295731990772,-112.5687503782316,1,False,0.0,0.0455158278504656,True,False,transport_free,13.594206978615981,126.1629567021494,-112.56874972353341,0.012502485680523775,0.13176274938727792,-0.11926026370675415,11.232228483348681,0.3629913902384985
383,10,10,heldout,6,30,5,0.15,True,True,False,True,False,0.0335355438292026,0.0791175812482833,-0.0455820374190807,68.53564728698315,129.61835581016723,-61.08270852318408,1,True,0.006055703651542,0.0071307482697298,False,False,interaction,68.53564719461545,129.6183575151509,-61.082710320535455,0.036909237598112564,0.08320358087460784,-0.04629434327649528,11.385005819724068,0.2884503091948557
384,10,10,heldout,7,35,6,0.175,True,False,False,False,False,0.0787122249603271,0.3122825920581817,-0.2335703670978546,62.23726209640208,248.31461120226757,-186.0773491058655,1,True,0.0815510111251445,0.0812203589880434,False,False,interaction,62.23726330148262,248.31461011191172,-186.0773468104291,0.0826313721290666,0.33511928461056356,-0.25248791248149693,15.75800146312697,0.5788948821768626
385,10,10,heldout,8,40,7,0.2,True,False,False,False,False,0.28729248046875,0.6071630120277405,-0.3198705315589905,394.72686018848367,794.8473084117144,-400.1204482232307,2,True,0.0931268263559196,0.0930771250090986,False,False,interaction,394.7268672526193,794.8473284599967,-400.1204612073774,0.3151811446827297,0.6521455132764621,-0.3369643685937324,28.19303687898834,0.8075552694871492
386,10,10,heldout,9,45,8,0.225,True,False,False,False,False,0.3411298990249634,0.7290332317352295,-0.3879033327102661,396.3268936184184,1267.3107190475323,-870.983825429114,2,True,0.0949500862320323,0.0947562051380856,False,False,interaction,396.3268995418876,1267.3107022009233,-870.9838026590357,0.37480489957201596,0.8171918849343068,-0.4423869853622909,35.59930760844828,0.903986661922789
387,10,10,heldout,10,50,9,0.25,True,False,False,False,False,0.0604022927582263,0.2198027819395065,-0.1594004929065704,103.27422983101349,343.137792850679,-239.8635630196655,2,True,0.0461072476867226,0.0457666495512633,False,False,interaction,103.27423272910676,343.13780064130697,-239.8635679122002,0.0665085522423769,0.2479581354580759,-0.181449583215699,18.5239790714983,0.4979539491339294
388,10,10,heldout,11,55,10,0.275,True,False,False,False,False,0.2619972229003906,0.5368489623069763,-0.2748517394065857,501.42947702739303,1195.7318261614273,-694.3023491340343,2,True,0.0861448280067725,0.085611784144514,False,False,interaction,501.42947440595054,1195.731851051094,-694.3023766451436,0.29306928900847967,0.6072364558859531,-0.3141671668774734,34.579355850725356,0.7792537814383406
389,10,10,heldout,12,60,11,0.3,True,False,False,False,False,0.0791833028197288,0.2583878934383392,-0.1792045831680297,112.21975895503726,257.24783990843844,-145.02808095340117,3,True,0.0686290150021204,0.0683778924530824,False,False,interaction,112.21975892064944,257.2478425166924,-145.02808359604296,0.08815431356698546,0.2824113930104892,-0.19425707944350373,16.03894767485362,0.5314239296554957
390,10,10,heldout,13,65,12,0.325,True,False,False,False,False,0.0190708115696907,0.1480638831853866,-0.1289930641651153,30.76901961301102,127.049302922712,-96.28028330970096,3,True,0.0545586431087858,0.0546027488240348,False,False,interaction,30.769020338805216,127.04930778335232,-96.2802874445471,0.020367995732824943,0.15834020001621085,-0.1379722042833859,11.271615136410235,0.3979198411944431
391,10,10,heldout,14,70,13,0.35,True,True,False,False,True,0.0421135462820529,0.0940324887633323,-0.0519189424812793,67.851698856216,147.10556590895604,-79.25386705274003,3,True,0.0121948239839872,0.0136326006035727,False,False,interaction,67.85169959813267,147.10556380904882,-79.25386421091615,0.04805289686519724,0.1080705422066028,-0.06001764534140556,12.128708249811636,0.3287408435327177
392,10,10,heldout,15,75,14,0.375,False,True,False,False,False,0.0602666623890399,0.0518920235335826,0.0083746388554573,101.73162307541132,90.92966442261668,10.80195865279464,3,False,0.0002297844889882,0.0081017047687573,False,True,static,101.73162327119003,90.92966441682968,10.80195885436035,0.06565791321111998,0.056916302040534966,0.008741611170585015,9.535704715270375,0.23857137724491378
393,10,10,heldout,16,80,15,0.4,False,True,True,False,False,0.1587294489145279,0.3301530182361603,-0.1714235693216323,163.13728572962933,250.9398228955264,-87.80253716589709,4,False,3.6316020661755427e-10,0.0803043865309746,True,False,transport_free,163.13728330149846,250.93981826212107,-87.80253496062261,0.1756006839251504,0.36660297978372053,-0.19100229585857012,15.841080085086404,0.6054774808229622
394,10,10,heldout,17,85,16,0.425,False,True,True,False,False,0.1138649210333824,0.3696314394474029,-0.2557665109634399,170.6050780154855,316.8680694722597,-146.26299145677422,4,False,5.585809592645319e-16,0.1079697535591624,True,False,transport_free,170.60508210601816,316.8680706616069,-146.26298855558875,0.12461339359992678,0.3987797206799968,-0.27416632708007,17.80078848426684,0.6314900796370413
395,10,10,heldout,18,90,17,0.45,False,True,True,False,False,0.0236321929842233,0.106527529656887,-0.0828953385353088,26.90927539128568,108.92375027105602,-82.01447487977035,4,False,0.0,0.0944507954136774,True,False,transport_free,26.909275371770764,108.92374907203123,-82.01447370026047,0.024920657084251185,0.11212339560012259,-0.0872027385158714,10.436654112886526,0.3348483173022116
396,10,10,heldout,19,95,18,0.475,False,True,True,False,False,0.0247206334024667,0.1045964360237121,-0.0798758044838905,29.881436804515193,106.21803084722524,-76.33659404271005,4,False,0.0,0.0906207664935259,True,False,transport_free,29.881436851077183,106.21802962998346,-76.33659277890628,0.026201643201377717,0.10856006319809948,-0.08235841999672176,10.306213156634374,0.32948454166788993
397,10,10,heldout,20,100,19,0.5,False,True,True,False,False,0.0272433403879404,0.1319278627634048,-0.1046845242381095,23.662463077571942,93.35385284930516,-69.69138977173321,5,False,0.0,0.066874855258026,True,False,transport_free,23.662462783267475,93.35385376794908,-69.6913909846816,0.028450894274882798,0.13699272329437043,-0.10854182901948763,9.661979805813562,0.3701252805394012
398,10,10,heldout,21,105,20,0.525,False,True,True,False,False,0.0228285733610391,0.2078970223665237,-0.1850684434175491,22.268847790580057,155.32371014499327,-133.05486235441322,5,False,0.0,0.085241545596948,True,False,transport_free,22.2688483754672,155.32370895924922,-133.05486058378202,0.02542511549976656,0.2325385280455056,-0.20711341254573903,12.462893282029226,0.4822224881167464
399,10,10,heldout,22,110,21,0.55,False,True,True,False,False,0.0468403995037078,0.2453443557024002,-0.1985039561986923,104.09748214333474,247.71979384600715,-143.6223117026724,5,False,0.0,0.0675943716394379,True,False,transport_free,104.09748136268722,247.7198042185748,-143.6223228558876,0.05145689068679887,0.27574978511597964,-0.22429289442918077,15.73911700885964,0.5251188295195476
400,10,10,heldout,23,115,22,0.575,True,True,False,True,False,0.0056914631277322,0.0541531145572662,-0.0484616532921791,9.396487636651836,64.36336014406687,-54.96687250741504,5,True,0.0013467805252821,0.0100423703112413,False,False,interaction,9.396487661870625,64.36335972835765,-54.96687206648703,0.006022362424180795,0.05719210793071306,-0.05116974550653226,8.022677840244967,0.23914871509316762
401,10,10,heldout,24,120,23,0.6,True,True,False,False,False,0.0146349510177969,0.0831445083022117,-0.0685095563530922,14.594421521953985,87.5239816726317,-72.92956015067772,6,True,0.0348661580445353,0.0346324972519963,False,False,interaction,14.594421434216324,87.5239811276076,-72.92955969339127,0.015367955519148284,0.08802180175876462,-0.07265384623961633,9.355425224307423,0.29668468406502657
402,10,10,heldout,25,125,24,0.625,True,False,False,False,False,0.1760804653167724,0.3881447315216064,-0.2120642662048339,221.13908472045952,328.6583208972969,-107.51923617683738,6,True,0.0906518329585733,0.0909537298473649,False,False,interaction,221.13908547123148,328.65833247704313,-107.51924700581165,0.1912564621017486,0.4203709827620159,-0.2291145206602673,18.128936330547447,0.64836022607962
403,10,10,heldout,26,130,25,0.65,True,False,False,False,False,0.6296467781066895,1.6262651681900024,-0.996618390083313,585.1795334682378,2222.728450526853,-1637.5489170586152,6,True,0.1086026452476594,0.1087500456369223,False,False,interaction,585.179546315817,2222.72851120773,-1637.5489648919133,0.6853987325531969,1.7471464206065939,-1.061747688053397,47.14582177889924,1.3217966638657377
404,10,10,heldout,27,135,26,0.675,True,False,False,False,False,0.324211835861206,0.9720751643180848,-0.6478633284568787,42.30438855808702,160.81189989392843,-118.5075113358414,6,True,0.0803602306932917,0.0811086031039863,False,False,interaction,42.304391651233395,160.8119101258297,-118.50751847459631,0.3463781827930424,1.0523481383435171,-0.7059699555504748,12.681163595105525,1.025840210921524
405,10,10,heldout,28,140,27,0.7,True,False,False,False,False,1.0952681303024292,1.7776836156845093,-0.6824154853820801,652.3875138255252,751.7396675867541,-99.35215376122892,7,True,0.118633564169509,0.1184746788912769,False,False,interaction,652.3875277075628,751.7396640492789,-99.35213634171612,1.172426645973902,1.9454403158875548,-0.773013669913653,27.417871253058266,1.3947904200587107
406,10,10,heldout,29,145,28,0.725,True,False,False,False,False,0.1465641111135482,0.5581876039505005,-0.411623477935791,197.8553505503212,821.0440336020307,-623.1886830517095,7,True,0.0774736266323585,0.0776460709361678,False,False,interaction,197.85535136070015,821.0440018346575,-623.1886504739573,0.1604607676677006,0.6088734340860971,-0.4484126664183965,28.653865390809973,0.7803034243716331
407,10,10,heldout,30,150,29,0.75,True,False,False,False,False,0.0765672177076339,0.2561006546020508,-0.1795334368944168,121.53922463933044,282.98807941697766,-161.44885477764723,7,True,0.0687578720306089,0.0682019646650266,False,False,interaction,121.5392264457674,282.98807815087184,-161.44885170510446,0.08305507795630769,0.27917436991009015,-0.19611929195378247,16.822249497343446,0.52836953915805
408,10,10,heldout,31,155,30,0.775,True,False,False,False,False,0.0378616191446781,0.1974378675222396,-0.1595762521028518,52.522987534305024,229.4896593650126,-176.96667183070755,7,True,0.0579430708437033,0.0579418327420586,False,False,interaction,52.52298775707382,229.48965498304787,-176.96666722597405,0.0430557860882572,0.2147395390487931,-0.1716837529605359,15.148915967258114,0.463399977394036
409,10,10,heldout,32,160,31,0.8,True,True,False,False,True,0.0166933704167604,0.0275451261550188,-0.0108517557382583,33.979152563430176,40.47857862523923,-6.499426061809054,8,True,0.0138177296873628,0.0119674421233682,False,False,interaction,33.97915295596897,40.478579391321695,-6.499426435352724,0.017757505794703487,0.028785358062236338,-0.011027852267532851,6.362277846127258,0.169662482777532
410,10,10,heldout,33,165,32,0.825,False,True,True,False,False,0.1220673322677612,0.174686387181282,-0.0526190549135208,135.3870396132647,160.77843896449616,-25.391399351231456,8,False,3.3039259245388686e-05,0.0480538101444072,True,False,transport_free,135.38704012773647,160.77843337926674,-25.391393251530275,0.13299049592953208,0.19019489889050611,-0.05720440296097404,12.679843586545804,0.43611340141126836
411,10,10,heldout,34,170,33,0.85,False,True,True,False,False,0.2208327800035476,0.4393753111362457,-0.218542531132698,287.2378293847095,377.2422394390974,-90.00441005438785,8,False,5.2436724483763176e-11,0.09849970652602,True,False,transport_free,287.23782279213333,377.24223317146357,-90.00441037933024,0.2468335062123034,0.48895530086382566,-0.24212179465152225,19.42272465879758,0.6992533881675695
412,10,10,heldout,35,175,34,0.875,False,True,True,False,False,0.1424895524978637,0.3529950678348541,-0.2105055153369903,140.65435780779003,393.385548485828,-252.73119067803796,8,False,6.591949208711867e-17,0.1472699687667022,True,False,transport_free,140.6543576868084,393.3855510518021,-252.73119336499371,0.15559218365111008,0.38092655424337174,-0.22533437059226166,19.833949456721978,0.6171924774682301
413,10,10,heldout,36,180,35,0.9,False,True,False,False,False,0.0128011954948306,0.0065261251293122,0.0062750703655183,24.43186427681796,10.025373139744277,14.406491137073685,9,False,0.0,0.018762973628592,False,True,static,24.43186425651943,10.025373167517158,14.406491089002271,0.01345048138777665,0.0071700289941943884,0.006280452393582261,3.1662869685985755,0.08467602372687554
414,10,10,heldout,37,185,36,0.925,False,True,True,False,False,0.1005296409130096,0.2909887135028839,-0.1904590725898742,38.48222756037668,213.75799943784196,-175.27577187746527,9,False,0.0,0.1237608571229733,True,False,transport_free,38.482226645253625,213.7579979215599,-175.27577127630627,0.10983782990455022,0.3107051834139369,-0.20086735350938667,14.62046503780095,0.5574093499520231
415,10,10,heldout,38,190,37,0.95,False,True,True,False,False,0.0190040301531553,0.1246961429715156,-0.1056921109557151,16.926396074121673,107.21396498606316,-90.28756891194148,9,False,0.0,0.0675754474878421,True,False,transport_free,16.92639604111605,107.21396854869943,-90.28757250758338,0.020483995832222726,0.13426109179719448,-0.11377709596497175,10.35441782760863,0.3664165550260993
416,10,10,heldout,39,195,38,0.975,False,True,True,False,False,0.0179101806133985,0.2282415032386779,-0.2103313207626342,20.50536810218537,175.12619864663452,-154.62083054444915,9,False,0.0,0.0759003852864731,True,False,transport_free,20.505368324650384,175.12619906989062,-154.62083074524023,0.019777640252299045,0.2545113091939594,-0.23473366894166037,13.233525572193171,0.5044911388656489
417,10,10,heldout,40,200,39,1.0,False,True,True,False,False,0.0136322453618049,0.0981039926409721,-0.0844717472791671,37.02925349177952,93.98654004679264,-56.95728655501312,9,False,0.0,0.0424316775326694,True,False,transport_free,37.02925359605164,93.98653903251854,-56.9572854364669,0.0147517851611065,0.10979506663408617,-0.09504328147297966,9.694665493585559,0.3313533863326074
418,11,11,heldout,3,15,2,0.075,False,True,True,False,False,0.0103485286235809,0.0575703419744968,-0.0472218133509159,9.503333725341982,8.45535042478422,1.047983300557762,0,False,4.2674197509029455e-16,0.0856062568368737,True,False,transport_free,9.503333667103218,8.455349929353593,1.0479837377496253,0.010960347551848876,0.062181092622957325,-0.05122074507110845,2.9078084409660816,0.24936136954820673
419,11,11,heldout,4,20,3,0.1,False,True,True,False,False,0.0163969602435827,0.191897764801979,-0.1755008101463318,9.9197964197888,14.803014977724825,-4.883218557936022,1,False,0.0,0.0756283043641992,True,False,transport_free,9.919796272292237,14.803014663812492,-4.883218391520256,0.017867355781665456,0.21249209486158346,-0.194624739079918,3.8474686046558575,0.46096864845842117
420,11,11,heldout,5,25,4,0.125,False,True,True,False,False,0.0082079721614718,0.0828291848301887,-0.0746212154626846,9.46484639804531,9.178255033556791,0.2865913644885189,1,False,0.0,0.036777404828901,True,False,transport_free,9.464846314909414,9.178255101626688,0.2865912132827262,0.008927496862097236,0.0894264464903229,-0.08049894962822567,3.029563516684654,0.29904254963185906
421,11,11,heldout,6,30,5,0.15,True,True,False,True,False,0.0170813128352165,0.1070110201835632,-0.0899297073483467,11.675309734500308,10.670518351830587,1.0047913826697208,1,True,0.0214750581263582,0.0170245477971973,False,False,interaction,11.675309570708931,10.670518690205546,1.0047908805033856,0.018314173132918152,0.11307387534680653,-0.09475970221388838,3.2665759887389036,0.33626459127717645
422,11,11,heldout,7,35,6,0.175,True,False,False,False,False,0.0605090744793415,0.2618758976459503,-0.2013668268918991,17.080649782105493,23.520468139639252,-6.43981835753376,1,True,0.077120238465271,0.0771355012595551,False,False,interaction,17.080650311904066,23.52046465652278,-6.439814344618714,0.06700785364033895,0.28458802278382717,-0.2175801691434882,4.849790166236348,0.5334679210447684
423,11,11,heldout,8,40,7,0.2,True,False,False,False,False,0.1226098909974098,0.3722270429134369,-0.2496171593666076,27.386703776580784,55.34012338612637,-27.953419609545588,2,True,0.0856569869498674,0.0858340026196937,False,False,interaction,27.386703626927737,55.340124515319644,-27.953420888391907,0.13307402386584413,0.4062437472075662,-0.27316972334172207,7.439094334347404,0.63737253408628
424,11,11,heldout,9,45,8,0.225,True,False,False,False,False,0.0866119042038917,0.3728546798229217,-0.2862427830696106,18.733939604093145,36.494349930477256,-17.76041032638411,2,True,0.0909706364507957,0.0917064645204566,False,False,interaction,18.73393984546602,36.49434448023624,-17.760404634770218,0.09423166702868586,0.40187360260976623,-0.3076419355810804,6.041054914519171,0.6339350145005135
425,11,11,heldout,10,50,9,0.25,True,False,False,False,False,0.1100748553872108,0.2509011030197143,-0.1408262550830841,13.988295925430752,13.030908077165094,0.9573878482656591,2,True,0.0308457982106173,0.0303892720239733,False,False,interaction,13.988295920109941,13.030907265138316,0.9573886549716253,0.11853462300301072,0.27187416940205145,-0.15333954639904074,3.6098347974856573,0.5214155438822777
426,11,11,heldout,11,55,10,0.275,True,False,False,False,False,0.2648336589336395,0.6603406667709351,-0.3955070078372955,15.680212631865368,30.35323885432261,-14.67302622245724,2,True,0.107711209102766,0.1083698577048961,False,False,interaction,15.680212047329077,30.353239098336914,-14.673027051007837,0.2926334198631926,0.738395717194865,-0.4457622973316724,5.50937737846455,0.8592995503285598
427,11,11,heldout,12,60,11,0.3,True,False,False,False,False,0.0425103902816772,0.2918461859226227,-0.2493357956409454,12.33753745751801,12.154844608717404,0.1826928488006061,3,True,0.0825867268625433,0.0823557224882264,False,False,interaction,12.337536760982557,12.154844637489708,0.18269212349284913,0.044019075291722144,0.3078283087965386,-0.26380923350481644,3.4863798756718563,0.554822772420652
428,11,11,heldout,13,65,12,0.325,True,False,False,False,False,0.0423254631459713,0.2294957637786865,-0.1871702969074249,13.063295753538236,13.124782512479236,-0.061486758941001,3,True,0.0727247411670108,0.072502112083043,False,False,interaction,13.06329545846818,13.124781697399579,-0.06148623893139771,0.044532229521246074,0.2490966880653979,-0.2045644585441518,3.6228140578008663,0.4990958706154539
429,11,11,heldout,14,70,13,0.35,True,True,False,False,True,0.0183846484869718,0.0475290119647979,-0.0291443634778261,9.277184248165783,2.2138331041782773,7.063351143987505,3,True,0.0229777332565971,0.0260126158922098,False,False,interaction,9.277184099398328,2.21383337184577,7.063350727552558,0.018506395371649106,0.049429827064162137,-0.03092343169251303,1.4878956185988887,0.2223281967366311
430,11,11,heldout,15,75,14,0.375,False,True,True,False,False,0.0698463916778564,0.0899557471275329,-0.0201093554496765,10.11569688246206,3.8925392212529246,6.223157661209136,3,False,4.265250096763339e-06,0.0239835690643582,True,False,transport_free,10.115697027288602,3.8925391837178593,6.223157843570743,0.07426852814162675,0.09582528911636683,-0.021556760974740075,1.972951895946239,0.3095566008282925
431,11,11,heldout,16,80,15,0.4,False,True,True,False,False,0.1466212272644043,0.2864954471588135,-0.1398742198944091,12.63900989023456,9.015002732776452,3.624007157458107,4,False,6.749173828995859e-12,0.0904670570781784,True,False,transport_free,12.639010293049333,9.015002690871684,3.624007602177649,0.15775824236140104,0.31020534592539556,-0.15244710356399452,3.0024994073058004,0.5569608118399315
432,11,11,heldout,17,85,16,0.425,False,True,True,False,False,0.0443653874099254,0.1194907203316688,-0.0751253366470336,11.221968909353668,4.862602750189143,6.359366159164526,4,False,0.0,0.0726433215218104,True,False,transport_free,11.221968817154197,4.8626022229168315,6.359366594237366,0.04720867161211373,0.12741468996228866,-0.08020601835017493,2.2051308856657084,0.35695194349140147
433,11,11,heldout,18,90,17,0.45,False,True,False,False,False,0.0104123996570706,0.0030605171341449,0.0073518827557563,10.083284241046172,0.1451823318553803,9.938101909190792,4,False,0.0,0.009461028958424,False,True,static,10.083284274955473,0.14518234070274905,9.938101934252723,0.011182934696880883,0.003125703586453745,0.008057231110427138,0.3810280051423373,0.05590799215187168
434,11,11,heldout,19,95,18,0.475,False,True,True,False,False,0.0138142285868525,0.0269562769681215,-0.0131420483812689,9.547741778512895,0.9703952826045564,8.57734649590834,4,False,0.0,0.0339144182429417,True,False,transport_free,9.547741598112758,0.9703953398012302,8.577346258311527,0.014667397997459553,0.02903487653065637,-0.014367478533196818,0.9850864631093202,0.17039623390983843
435,11,11,heldout,20,100,19,0.5,False,True,True,False,False,0.0100564761087298,0.0650582388043403,-0.0550017617642879,9.522772270122225,2.842534375542962,6.68023789457926,5,False,0.0,0.050010040919141,True,False,transport_free,9.522772345941695,2.842534416391383,6.680237929550312,0.01082435943861214,0.06965477826204629,-0.05883041882343415,1.6859817366719554,0.26392191697933365
436,11,11,heldout,21,105,20,0.525,False,True,True,False,False,0.014408946968615,0.127304270863533,-0.1128953248262405,8.476313371017289,4.331564674002012,4.144748697015277,5,False,0.0,0.0584559521002098,True,False,transport_free,8.476313276840045,4.3315649549165505,4.144748321923495,0.014641069040544052,0.13662249438049368,-0.12198142533994963,2.081241205366776,0.36962480217173427
437,11,11,heldout,22,110,21,0.55,False,True,True,False,False,0.0099295042455196,0.1111253499984741,-0.1011958420276641,8.111978027140744,4.059790472535453,4.052187554605291,5,False,0.0,0.0468018988518397,True,False,transport_free,8.111978102775792,4.05979036408051,4.052187738695282,0.009921259687177001,0.11953374090144224,-0.10961248121426524,2.0148921470094896,0.34573651947898454
438,11,11,heldout,23,115,22,0.575,True,True,False,True,False,0.0104725109413266,0.0358628816902637,-0.0253903716802597,8.424443343074918,1.6878044899070537,6.7366388531678645,5,True,0.001395159645511,0.0049929496885979,False,False,interaction,8.424443169376609,1.6878044887529413,6.736638680623668,0.010750985712559974,0.037254975912188536,-0.026503990199628562,1.2991552981660588,0.19301548101690844
439,11,11,heldout,24,120,23,0.6,True,True,False,False,False,0.033459547907114,0.1396916955709457,-0.106232151389122,9.202437968824093,5.4661673976983876,3.736270571125705,6,True,0.0559490283152019,0.0552720458854458,False,False,interaction,9.202437834530674,5.466167847353314,3.7362699871773595,0.035795144408731334,0.15129018412563744,-0.11549503971690611,2.3379837140906936,0.38896038889022805
440,11,11,heldout,25,125,24,0.625,True,False,False,False,False,0.0920532867312431,0.3682467043399811,-0.2761934101581573,9.423440442043702,16.21811343117862,-6.7946729891349165,6,True,0.0909016204401244,0.0908069939212553,False,False,interaction,9.42344063794127,16.218113588053864,-6.794672950112593,0.10103235841224896,0.4028743966256377,-0.30184203821338873,4.027171909424014,0.6347238743151526
441,11,11,heldout,26,130,25,0.65,True,False,False,False,False,0.2788353264331817,0.8794133067131042,-0.6005779504776001,11.966065147696398,16.195845236983587,-4.229780089287189,6,True,0.098515123503805,0.0991407250387698,False,False,interaction,11.966063536506013,16.19584514720639,-4.229781610700378,0.30239117243352054,0.9528813445886883,-0.6504901721551678,4.0244061856634685,0.9761564139976177
442,11,11,heldout,27,135,26,0.675,True,False,False,False,False,0.0292936712503433,0.0944772735238075,-0.0651836022734642,8.305497363650026,4.7192512894483185,3.586246074201708,6,True,0.0360192872120194,0.0372335712496163,False,False,interaction,8.305497296814583,4.719251079037691,3.5862462177768917,0.03314831337909554,0.10469357099925398,-0.07154525762015845,2.172383731995269,0.32356385922913883
443,11,11,heldout,28,140,27,0.7,True,False,False,False,False,0.2665578126907348,0.6615486741065979,-0.394990861415863,14.018797600498814,26.368584716695953,-12.349787116197138,7,True,0.0815447495442326,0.0816375828314997,False,False,interaction,14.018797725604195,26.36858120343037,-12.349783477826175,0.2843927233729568,0.7226539503784126,-0.43826122700545583,5.135034683761188,0.8500905542225561
444,11,11,heldout,29,145,28,0.725,True,False,False,False,False,0.1078056991100311,0.4485062658786773,-0.3407005667686462,14.769420079464602,15.014907669308116,-0.2454875898435133,7,True,0.0781216185540886,0.0781326111624467,False,False,interaction,14.76942060571002,15.014907659599379,-0.24548705388935943,0.11787233009385305,0.48446481167481054,-0.3665924815809575,3.8749074388428144,0.6960350649750418
445,11,11,heldout,30,150,29,0.75,True,False,False,False,False,0.0338189676403999,0.1920669227838516,-0.1582479476928711,12.120489964605817,8.069828320467623,4.050661644138193,7,True,0.0695317747693002,0.0692314452887151,False,False,interaction,12.120489307897438,8.069828997767159,4.050660310130279,0.034448214603295446,0.20505042717836774,-0.1706022125750723,2.840744444290468,0.45282494098533016
446,11,11,heldout,31,155,30,0.775,True,False,False,False,False,0.0267446022480726,0.125476136803627,-0.0987315326929092,10.396973509889042,4.792280300698329,5.604693209190713,7,True,0.051598600569327,0.0518604479038359,False,False,interaction,10.396973726888143,4.792280122113678,5.604693604774465,0.027128481746005424,0.13325141131727525,-0.10612292957126983,2.189127708041191,0.3650361780937271
447,11,11,heldout,32,160,31,0.8,False,True,True,False,True,0.0317529588937759,0.0569927282631397,-0.0252397693693637,9.448812599895575,3.048517624247887,6.4002949756476895,8,False,0.0045035670676954,0.0084290775047872,True,False,transport_free,9.448812144991457,3.0485178825002954,6.400294262491162,0.032739579850798416,0.05779406221342859,-0.025054482362630172,1.7460005390893485,0.24040395631817
448,11,11,heldout,33,165,32,0.825,False,True,True,False,False,0.1651971936225891,0.2423131614923477,-0.0771159678697586,12.544565642754014,6.972268574645067,5.572297068108947,8,False,1.2523026831165225e-08,0.0690438713636205,True,False,transport_free,12.544566057239763,6.972267178001242,5.572298879238521,0.17477742687163014,0.2598778961661115,-0.08510046929448137,2.6405050990295855,0.5097822046385216
449,11,11,heldout,34,170,33,0.85,False,True,True,False,False,0.0714918300509452,0.2039761543273925,-0.1324843168258667,12.95571576883792,9.07839925170921,3.87731651712871,8,False,1.9921512737006712e-14,0.0985863020764007,True,False,transport_free,12.9557149363656,9.07840047106045,3.877314465305151,0.07757924927163003,0.22220943084240388,-0.14463018157077384,3.0130384118129743,0.471390953288673
450,11,11,heldout,35,175,34,0.875,False,True,True,False,False,0.0332565642893314,0.0934526920318603,-0.0601961277425289,13.021388888009392,4.483933111661031,8.537455776348361,8,False,0.0,0.1244542057210104,True,False,transport_free,13.021388903575385,4.483933163593936,8.53745573998145,0.03549036137799919,0.09993214402290655,-0.06444178264490735,2.1175299675787205,0.31612045808980244
451,11,11,heldout,36,180,35,0.9,False,True,True,False,False,0.0230456292629241,0.0201065838336944,0.0029390454292297,10.636851293221456,1.2568356526899276,9.380015640531528,9,False,0.0,0.0587348412811702,True,False,transport_free,10.636851381307983,1.2568356605494122,9.380015720758571,0.02476660067629087,0.021839691080798432,0.0029269095954924385,1.1210868211469673,0.1477825804376092
452,11,11,heldout,37,185,36,0.925,False,True,True,False,False,0.0423516146838665,0.0814342647790908,-0.0390826500952243,9.920273859071784,4.440725893633572,5.479547965438212,9,False,0.0,0.0979396966095422,True,False,transport_free,9.920274502820336,4.440725835112141,5.479548667708195,0.044407814739827724,0.08612805544301731,-0.04172024070318959,2.107302976582186,0.29347581747567775
453,11,11,heldout,38,190,37,0.95,False,True,True,False,False,0.0120402844622731,0.0804756954312324,-0.0684354081749916,9.707816845475245,3.732648609668235,5.975168235807008,9,False,0.0,0.0615276054835326,True,False,transport_free,9.70781682405192,3.732648291447628,5.975168532604291,0.012966380494351936,0.08700538416896698,-0.07403900367461505,1.9320062865963008,0.2949667509550305
454,11,11,heldout,39,195,38,0.975,False,True,True,False,False,0.0126089202240109,0.1285382956266403,-0.1159293726086616,9.022012736507625,3.7877197977192063,5.234292938788418,9,False,0.0,0.0565320564021485,True,False,transport_free,9.02201271008857,3.787719662494645,5.234293047593924,0.013027980707258344,0.13828064136193827,-0.12525266065467994,1.9462064799230951,0.37186105114940216
455,11,11,heldout,40,200,39,1.0,False,True,True,False,False,0.0052948854863643,0.082379050552845,-0.0770841687917709,8.611718221396229,3.187590868544357,5.4241273528518725,9,False,0.0,0.03596650299702,True,False,transport_free,8.611718185044902,3.1875909344886977,5.424127250556204,0.005521059970925938,0.08805053702728986,-0.08252947705636393,1.7853825737047782,0.29673310740005043
456,12,12,heldout,3,15,2,0.075,False,True,True,False,False,0.0147264553233981,0.0529015362262725,-0.0381750799715518,15.929365745981151,18.8212213244626,-2.891855578481449,0,False,4.2674197509029455e-16,0.1065520123164322,True,False,transport_free,15.929365821815898,18.82122090036926,-2.8918550785533608,0.016996087147238027,0.05671765039679436,-0.039721563249556335,4.3383431054227675,0.23815467746150687
457,12,12,heldout,4,20,3,0.1,False,True,True,False,False,0.0205599553883075,0.0970050916075706,-0.0764451324939727,31.78549605083869,41.66812362566665,-9.88262757482796,1,False,0.0,0.0571257687126314,True,False,transport_free,31.78549618917604,41.66812450279954,-9.882628313623503,0.022481327403107317,0.11100841155072554,-0.08852708414761822,6.4550851661925845,0.3331792483794955
458,12,12,heldout,5,25,4,0.125,False,True,True,False,False,0.0070373490452766,0.0778912752866745,-0.0708539262413978,13.981851112017964,39.2696370338673,-25.287785921849338,1,False,0.0,0.0361249410352245,True,False,transport_free,13.981851187374255,39.26963608456574,-25.287784897191486,0.007726175915267579,0.0913951526612168,-0.08366897674594923,6.266548977273356,0.3023163122645167
459,12,12,heldout,6,30,5,0.15,True,True,False,True,False,0.0023185301106423,0.043305616825819,-0.0409870855510234,6.258053294827185,34.41933724242134,-28.161283947594157,1,True,0.0053218031240612,0.0026146814853423,False,False,interaction,6.258053294941658,34.419337042317025,-28.161283747375368,0.0026006547665361514,0.050331786113982736,-0.04773113134744658,5.866799557025707,0.2243474673669902
460,12,12,heldout,7,35,6,0.175,True,False,False,False,False,0.0535911656916141,0.2314105778932571,-0.1778194159269333,85.83244415996505,200.8054876738377,-114.9730435138726,1,True,0.0777079888662328,0.0775024889516648,False,False,interaction,85.83244330744294,200.80548991239178,-114.97304660494883,0.05707243972837411,0.24714644385327691,-0.1900740041249028,14.170585376489983,0.497138254264623
461,12,12,heldout,8,40,7,0.2,True,False,False,False,False,0.1049762591719627,0.4429143369197845,-0.3379380702972412,82.95293332551465,381.97507740502493,-299.02214407951027,2,True,0.0939680790312348,0.0944497835863375,False,False,interaction,82.95293270347405,381.97508535612786,-299.0221526526538,0.11501122511924905,0.49410330882786885,-0.3790920837086198,19.544182903261213,0.7029248244498617
462,12,12,heldout,9,45,8,0.225,True,False,False,False,False,0.3023721873760223,0.8823533058166504,-0.5799810886383057,63.04238541538562,464.2129090731366,-401.17052365775095,2,True,0.1112052280555203,0.1120879979842074,False,False,interaction,63.04238479242036,464.21291546407025,-401.1705306716499,0.3342213875081928,0.9763657089266241,-0.6421443214184313,21.545600837852497,0.9881121945035514
463,12,12,heldout,10,50,9,0.25,True,False,False,False,False,0.8626286387443542,1.4314312934875488,-0.5688026547431946,64.97239302966814,73.52102782239972,-8.548634792731576,2,True,0.1130318723557044,0.1122234285221398,False,False,interaction,64.97239040431924,73.5210254415999,-8.548635037280661,0.9353013002674068,1.569795144875893,-0.6344938446084861,8.57444024071542,1.2529146598535323
464,12,12,heldout,11,55,10,0.275,True,False,False,False,False,1.798722267150879,2.123244524002075,-0.3245222568511963,277.0184654304547,41.49660279635083,235.52186263410383,2,True,0.1705111020039074,0.17151037989985,False,False,interaction,277.0184557259527,41.496598207405235,235.52185751854748,1.9334063021310588,2.3160754121686704,-0.3826691100376116,6.441785327640563,1.521865766803587
465,12,12,heldout,12,60,11,0.3,True,False,False,False,False,1.0865001678466797,1.6644033193588257,-0.577903151512146,35.442158860123406,15.400751010781946,20.04140784934146,3,True,0.1224421494118398,0.1227127622952914,False,False,interaction,35.4421581259584,15.400748840190104,20.041409285768296,1.1709427584473004,1.8069264843433048,-0.6359837258960044,3.924378783984811,1.344219656285127
466,12,12,heldout,13,65,12,0.325,True,False,False,False,False,0.0673199221491813,0.2864968478679657,-0.2191769182682037,11.106311539455632,9.030121070423872,2.0761904690317596,3,True,0.0777044911465799,0.0776237064233608,False,False,interaction,11.106311069670056,9.03012213402908,2.0761889356409764,0.0721052335439926,0.30396533912190804,-0.23186010557791542,3.005016162024604,0.5513305171327886
467,12,12,heldout,14,70,13,0.35,True,True,False,False,True,0.0130482194945216,0.0373202748596668,-0.0242720544338226,8.189986941301319,1.266328460223476,6.923658481077843,3,True,0.0217681152985098,0.0214030860222574,False,False,interaction,8.189986913540784,1.2663285291382191,6.9236583844025645,0.013526025563087263,0.03875440652264248,-0.02522838095955522,1.1253126361763734,0.19686138911082204
468,12,12,heldout,15,75,14,0.375,False,True,False,False,False,0.0510301887989044,0.0622265227138996,-0.0111963339149951,8.922758603993051,2.566865623790686,6.3558929802023645,3,False,0.000323790259685,0.0171383951925776,False,True,static,8.922758381494408,2.5668655420504622,6.355892839443945,0.054262988626030156,0.06591793952390734,-0.011654950897877187,1.6021440453499998,0.2567448919139529
469,12,12,heldout,16,80,15,0.4,False,True,True,False,False,0.1619432121515274,0.1984941214323043,-0.0365509092807769,11.912851011862402,7.359538820860283,4.553312191002119,4,False,5.094969170713888e-10,0.0540663739066748,True,False,transport_free,11.912851707591637,7.359538694787734,4.553313012803903,0.17109800936997385,0.21121313874427136,-0.04011512937429751,2.7128469722392623,0.45957930626201104
470,12,12,heldout,17,85,16,0.425,False,True,True,False,False,0.1539399474859237,0.2406538724899292,-0.0867139250040054,16.460342297046264,17.73455417648309,-1.274211879436827,4,False,8.051808290870775e-16,0.0652328597682933,True,False,transport_free,16.460341387481442,17.734554595596265,-1.2742132081148227,0.16128966532751807,0.2544289182170388,-0.09313925288952071,4.211241455390116,0.5044094747494725
471,12,12,heldout,18,90,17,0.45,False,True,True,False,False,0.1768399029970169,0.2881441414356231,-0.1113042384386062,24.122854484662295,20.042689432782648,4.08016505187965,4,False,0.0,0.1029953158435544,True,False,transport_free,24.122854579161338,20.042689069841675,4.080165509319663,0.18184404044687716,0.298924193253208,-0.11708015280633086,4.476906193996215,0.5467396027847333
472,12,12,heldout,19,95,18,0.475,False,True,True,False,False,0.0998693108558654,0.1425995975732803,-0.0427302867174148,14.93823408911733,13.132271526075934,1.805962563041396,4,False,0.0,0.061129512686102,True,False,transport_free,14.938233860989973,13.13227176950565,1.8059620914843233,0.10213366916732358,0.14686648470160088,-0.0447328155342773,3.623847647115652,0.38323163322147724
473,12,12,heldout,20,100,19,0.5,False,True,True,False,False,0.1012327075004577,0.1727723479270935,-0.0715396404266357,12.396976739694663,11.16174919319272,1.235227546501946,5,False,0.0,0.0550124492392295,True,False,transport_free,12.396976097426494,11.161749737750318,1.235226359676176,0.1079530099218056,0.18075435749366395,-0.07280134757185834,3.3409204925813962,0.42515215804893186
474,12,12,heldout,21,105,20,0.525,False,True,True,False,False,0.0067422823049128,0.087514542043209,-0.0807722583413124,7.826675107155395,2.6365002411218987,5.190174866033496,5,False,0.0,0.0619960113247804,True,False,transport_free,7.826675237800092,2.6365000372813534,5.190175200518739,0.007277451429922266,0.09533397311734619,-0.08805652168742392,1.62373028464747,0.3087620007665227
475,12,12,heldout,22,110,21,0.55,False,True,True,False,False,0.0162539202719926,0.2369148135185241,-0.2206608951091766,9.243851712935376,7.436516339987937,1.8073353729474393,5,False,0.0,0.0691606005540649,True,False,transport_free,9.24385186563063,7.436515671254384,1.807336194376246,0.017079896712906693,0.2519434404596675,-0.2348635437467608,2.726997556151157,0.5019396781085029
476,12,12,heldout,23,115,22,0.575,False,True,True,False,False,0.0076735094189643,0.0948189720511436,-0.0871454626321792,8.13240921098222,2.5699056708566492,5.5625035401255705,5,False,0.0011334448238863,0.0242833334481678,True,False,transport_free,8.132409190633748,2.5699060871733823,5.562503103460365,0.007518682252170876,0.09817974205660827,-0.0906610598044374,1.603092663314689,0.31333646780515073
477,12,12,heldout,24,120,23,0.6,True,True,False,True,False,0.0141511857509613,0.0643063634634018,-0.0501551777124404,8.74494820908753,2.2391971950218843,6.5057510140656465,6,True,0.0291173255053893,0.0284066627717064,False,False,interaction,8.744948176733102,2.2391970567369213,6.50575111999618,0.014898203655427772,0.0677688146103191,-0.052870610954891324,1.496394686149654,0.260324441054464
478,12,12,heldout,25,125,24,0.625,True,False,False,False,False,0.0925354436039924,0.271215558052063,-0.1786801218986511,8.625044820521998,6.047324295195882,2.577720525326116,6,True,0.0817447892594805,0.0816410713078244,False,False,interaction,8.625044885469876,6.047323977802918,2.577720907666958,0.0942565790517514,0.28181816316202624,-0.18756158411027485,2.4591307362161365,0.5308654849978723
479,12,12,heldout,26,130,25,0.65,True,False,False,False,False,0.3308866322040558,0.5337591171264648,-0.202872484922409,11.912815614862549,9.947048600979892,1.9657670138826544,6,True,0.0858954726958702,0.0862575144615809,False,False,interaction,11.912814832462272,9.947047712192367,1.9657671202699056,0.3574106730477798,0.5767971378963255,-0.21938646484854568,3.153894055321511,0.7594716175712727
480,12,12,heldout,27,135,26,0.675,True,False,False,False,False,0.2884010970592499,0.4903291165828705,-0.2019280195236206,8.475887690107838,5.183017493199578,3.29287019690826,6,True,0.0654390413306255,0.0662852052402945,False,False,interaction,8.47588741865446,5.1830182510048015,3.292869167649659,0.303235224009977,0.5236905502506011,-0.22045532624062408,2.2766243104660027,0.7236646669905897
481,12,12,heldout,28,140,27,0.7,True,False,False,False,False,0.2356618195772171,0.5024113655090332,-0.2667495608329773,7.180382772817263,4.972590082771497,2.2077926900457667,7,True,0.0627036610026374,0.0625908653061682,False,False,interaction,7.180383079826055,4.972589847247909,2.2077932325781457,0.25082911019729925,0.537167525476487,-0.2863384152791878,2.2299304579398678,0.7329171341130504
482,12,12,heldout,29,145,28,0.725,True,False,False,False,False,0.2128210067749023,0.3876958787441253,-0.174874871969223,12.06373433915222,8.774660943053528,3.289073396098692,7,True,0.070464065622217,0.0707417306971779,False,False,interaction,12.063736241665154,8.774659316355438,3.2890769253097165,0.22512171050660568,0.4230929974925015,-0.19797128698589583,2.9622051442051474,0.6504559919721714
483,12,12,heldout,30,150,29,0.75,True,False,False,False,False,0.0439817011356353,0.1634382158517837,-0.1194565147161483,7.993978151750919,3.651322191238053,4.342655960512866,7,True,0.0592130287896307,0.058822384121305,False,False,interaction,7.993977742307227,3.6513215491213846,4.342656193185842,0.044204425155308515,0.16825109144535574,-0.12404666629004724,1.9108431513657484,0.41018421647517805
484,12,12,heldout,31,155,30,0.775,True,False,False,False,False,0.0261759962886571,0.1706943958997726,-0.1445184051990509,9.411442664276384,6.2704812650092725,3.1409613992671117,7,True,0.0563108676225496,0.0561001836175249,False,False,interaction,9.411442486358837,6.270481244844757,3.1409612415140797,0.02869166939556837,0.18247560395843046,-0.1537839345628621,2.504092898605153,0.4271716329046563
485,12,12,heldout,32,160,31,0.8,True,True,False,False,True,0.0235626250505447,0.0400650016963481,-0.0165023766458034,8.063989964634123,1.664244815762176,6.399745148871947,8,True,0.0095629229665039,0.0114763452216078,False,False,interaction,8.063990112096727,1.6642447974202739,6.399745314676453,0.02417011327949223,0.04086389417930042,-0.016693780899808188,1.2900561218103164,0.20214819855566465
486,12,12,heldout,33,165,32,0.825,False,True,True,False,False,0.1098530068993568,0.1459732353687286,-0.0361202284693717,9.116260159577912,4.090942418954589,5.025317740623323,8,False,1.0764560166139394e-05,0.0390816338835932,True,False,transport_free,9.116259047138952,4.090942583968661,5.025316463170291,0.11431901497390229,0.1535865071524629,-0.0392674921785606,2.0226078670787033,0.3919011446174442
487,12,12,heldout,34,170,33,0.85,False,True,True,False,False,0.1320888102054596,0.3159621059894562,-0.1838732957839965,8.268650908811486,5.911463427633959,2.357187481177527,8,False,1.705029155662065e-11,0.0863126071093816,True,False,transport_free,8.268651321565471,5.911463374791251,2.3571879467742205,0.14037137856711404,0.33547383745608744,-0.1951024588889734,2.431350113577074,0.5792010337146226
488,12,12,heldout,35,175,34,0.875,False,True,True,False,False,0.071265697479248,0.1904378682374954,-0.1191721707582473,8.866358311431457,3.7568943010434306,5.109464010388026,8,False,1.0408340855860844e-17,0.0739073333358983,True,False,transport_free,8.866358520321329,3.756893846732792,5.109464673588537,0.07574006926642889,0.2006329596723649,-0.12489289040593603,1.9382708393650234,0.44792070690286795
489,12,12,heldout,36,180,35,0.9,False,True,True,False,False,0.0180097855627536,0.0071593723259866,0.0108504127711057,8.479310064968478,0.2837142559294524,8.195595809039027,9,False,0.0,0.0212197282148136,True,False,transport_free,8.47931016507812,0.28371425805310685,8.195595907025012,0.019188123536138257,0.007489219509895948,0.01169890402624231,0.5326483437063396,0.08654027680736842
490,12,12,heldout,37,185,36,0.925,False,True,True,False,False,0.0612909793853759,0.1766617149114608,-0.1153707355260849,7.540016506554603,3.9419294404722303,3.5980870660823725,9,False,0.0,0.073885704650022,True,False,transport_free,7.540016089393627,3.9419292357326476,3.5980868536609796,0.061861802979471386,0.18326369473345028,-0.12140189175397889,1.9854292321139648,0.42809309120032557
491,12,12,heldout,38,190,37,0.95,False,True,True,False,False,0.0167129542678594,0.0814099833369255,-0.0646970272064209,6.049841820422931,1.1663037974656558,4.883538022957275,9,False,0.0,0.0472885783034367,True,False,transport_free,6.049842064606419,1.1663038123686138,4.8835382522378055,0.016961673437284903,0.08707449161369525,-0.07011281817641035,1.079955467771062,0.29508387216805876
492,12,12,heldout,39,195,38,0.975,False,True,True,False,False,0.0129274809733033,0.1152262017130851,-0.1022987216711044,7.956307596183177,3.2830791024939407,4.673228493689237,9,False,3.469446951953614e-18,0.0534881073099252,True,False,transport_free,7.956307677944138,3.2830788557675668,4.673228822176571,0.013764213210204374,0.1230449348049613,-0.10928072159475692,1.811926835103329,0.35077761445816535
493,12,12,heldout,40,200,39,1.0,False,True,True,False,False,0.0061859809793531,0.1125338748097419,-0.1063478961586952,7.886564637991217,3.2635357242352363,4.623028913755981,9,False,0.0,0.0422119101549947,True,False,transport_free,7.886564602650949,3.263535579099644,4.623029023551305,0.0068155413808894325,0.1193264842263327,-0.11251094284544327,1.8065258312849124,0.3454366573285654
494,13,13,heldout,3,15,2,0.075,False,True,True,False,False,0.0104510905221104,0.1099467054009437,-0.0994956120848655,12.557171053925236,13.97961465973129,-1.4224436058060537,0,False,4.2674197509029455e-16,0.0767991730979095,True,False,transport_free,12.557171118654212,13.97961439129172,-1.4224432726375085,0.011296961639767622,0.11775427483294197,-0.10645731319317435,3.7389322528352555,0.3431534275407168
495,13,13,heldout,4,20,3,0.1,False,True,True,False,False,0.0089257694780826,0.1977153271436691,-0.1887895613908767,8.691008802018867,30.752227572242635,-22.061218770223768,1,False,0.0,0.0743265469718171,True,False,transport_free,8.691008837558686,30.752228672036665,-22.06121983447798,0.009636118048309508,0.21838472342408422,-0.20874860537577472,5.545469202153833,0.46731651310871114
496,13,13,heldout,5,25,4,0.125,False,True,True,False,False,0.0033302437514066,0.0608845390379428,-0.0575542971491813,6.570629038108675,9.968588326191409,-3.397959288082734,1,False,0.0,0.0264443561851342,True,False,transport_free,6.570629019638556,9.968588129844623,-3.3979591102060667,0.0036170357524439897,0.06708119652805379,-0.0634641607756098,3.157307100971431,0.25900037939750936
497,13,13,heldout,6,30,5,0.15,True,True,False,True,False,0.0438849739730358,0.1082387566566467,-0.0643537789583206,39.61303863176773,86.07022779345941,-46.45718916169168,1,True,0.010596128252485,0.0100760058227913,False,False,interaction,39.61303750821879,86.07022810202766,-46.45719059380887,0.045647321453750916,0.11127525706518974,-0.06562793561143883,9.277404168302018,0.3335794613959165
498,13,13,heldout,7,35,6,0.175,True,False,False,False,False,0.1432618349790573,0.3101634085178375,-0.1669015735387802,96.93238188321205,103.00146813317026,-6.069086249958232,1,True,0.0757161031561582,0.0749857010928625,False,False,interaction,96.93238352288233,103.00146874200921,-6.069085219126876,0.1483083756718916,0.31856924783956514,-0.17026087216767355,10.148963924559453,0.5644193900279872
499,13,13,heldout,8,40,7,0.2,True,False,False,False,False,0.1724234372377395,0.7374599575996399,-0.5650365352630615,30.400154203824247,235.44812861449049,-205.0479744106662,2,True,0.0935616973582616,0.0941825077763482,False,False,interaction,30.400153900604405,235.44811907934528,-205.04796517874087,0.1867024922914493,0.7855084650456177,-0.5988059727541684,15.34431878837719,0.8862891543089183
500,13,13,heldout,9,45,8,0.225,True,False,False,False,False,1.3642228841781616,2.0947189331054688,-0.7304960489273071,16.330819941436165,23.44326133907209,-7.112441397635926,2,True,0.1393197666297369,0.1414155817112362,False,False,interaction,16.330813313309942,23.443263829276408,-7.112450515966465,1.45420509498948,2.170954431474129,-0.7167493364846489,4.841824431893045,1.4734159058032898
501,13,13,heldout,10,50,9,0.25,True,False,False,False,False,0.3934573829174042,0.7252877354621887,-0.3318303525447845,11.287900724424077,11.475416831543038,-0.1875161071189612,2,True,0.0467068553442688,0.0468492571432087,False,False,interaction,11.287900384422263,11.475416781209498,-0.18751639678723464,0.4345189780746548,0.798860745642218,-0.3643417675675632,3.3875384545728036,0.893790101557529
502,13,13,heldout,11,55,10,0.275,True,False,False,False,False,0.1304299086332321,0.4173785746097564,-0.2869486808776855,14.41896049829357,13.72260717414016,0.6963533241534101,2,True,0.0886376755046083,0.0886889562324547,False,False,interaction,14.418960998762868,13.722608799742849,0.6963521990200192,0.14331649708868183,0.4589558644425537,-0.3156393673538719,3.704403973616113,0.6774628140662435
503,13,13,heldout,12,60,11,0.3,True,False,False,False,False,0.0492734014987945,0.2353582829236984,-0.1860848814249038,11.762460158115056,12.902250844631638,-1.139790686516582,3,True,0.0754359254031171,0.0756819840857607,False,False,interaction,11.762459941245785,12.902249943875782,-1.1397900026299972,0.05413261063174921,0.25810545272022084,-0.20397284208847163,3.5919702036453174,0.5080407982831899
504,13,13,heldout,13,65,12,0.325,True,False,False,False,False,0.0761966630816459,0.1992775648832321,-0.1230809018015861,17.08142266123278,22.499772628051947,-5.418349966819168,3,True,0.0662213483035092,0.0656681028142653,False,False,interaction,17.08142264457443,22.499772292350382,-5.418349647775951,0.08212957334651692,0.21070726283038885,-0.12857768948387194,4.743392487698059,0.4590286078561867
505,13,13,heldout,14,70,13,0.35,True,True,False,False,True,0.0197625551372766,0.0302547421306371,-0.0104921869933605,11.873331356699282,3.846993135184174,8.026338221515108,3,True,0.0260949956666348,0.0238035912827488,False,False,interaction,11.873331299507276,3.8469931612319415,8.026338138275335,0.021117604565449255,0.03201055404018271,-0.010892949474733453,1.9613753239071663,0.17891493520716126
506,13,13,heldout,15,75,14,0.375,False,True,False,False,False,0.0188480522483587,0.0105983195826411,0.0082497326657176,14.822426116140674,2.5740235617716034,12.24840255436907,3,False,0.000292653805122,0.0044619121708028,False,True,static,14.822425791025301,2.5740236109954995,12.248402180029801,0.01987357174876602,0.011266160401299038,0.008607411347466983,1.604376393180696,0.10614217070184234
507,13,13,heldout,16,80,15,0.4,False,True,True,False,False,0.1784583926200866,0.2762215435504913,-0.0977631509304046,38.15932901336201,42.419945656183806,-4.260616642821795,4,False,4.5670119795572125e-10,0.0810071335411453,True,False,transport_free,38.15932883619042,42.41994680821185,-4.260617972021429,0.19073437938590512,0.2972543629158022,-0.10651998352989708,6.513059711703237,0.545210384086549
508,13,13,heldout,17,85,16,0.425,False,True,True,False,False,0.1071051582694053,0.2896556556224823,-0.1825504899024963,12.277389172130189,26.564611640982505,-14.287222468852317,4,False,7.147060721024445e-16,0.1052318032036767,True,False,transport_free,12.277389616256366,26.564611605688253,-14.287221989431886,0.11209664380393596,0.31031967442726904,-0.19822303062333307,5.154086883793118,0.5570634384226532
509,13,13,heldout,18,90,17,0.45,False,True,True,False,False,0.0129230469465255,0.0075594261288642,0.0053636208176612,9.777191286609431,0.4661497562761945,9.311041530333236,4,False,0.0,0.0229333874658115,True,False,transport_free,9.777191093829728,0.4661497567782667,9.311041337051462,0.013184881014579977,0.008074829120713167,0.00511005189386681,0.6827516069393514,0.08986005297524127
510,13,13,heldout,19,95,18,0.475,False,True,True,False,False,0.0174953024834394,0.0348823927342891,-0.0173870902508497,14.012295783757734,5.157793546182047,8.854502237575687,4,False,0.0,0.0396543132964941,True,False,transport_free,14.01229583018582,5.157793597834282,8.854502232351539,0.018753648657949342,0.03845030647762001,-0.019696657819670668,2.271077629195947,0.1960874969946325
511,13,13,heldout,20,100,19,0.5,False,True,True,False,False,0.0116853984072804,0.0638036802411079,-0.05211828276515,10.526288348355305,5.111258416773846,5.415029931581457,5,False,0.0,0.0538063732670415,True,False,transport_free,10.526288427615667,5.111258207080426,5.4150302205352405,0.012102658662760715,0.06802176315884047,-0.05591910449607975,2.2608091929838805,0.2608098218220327
512,13,13,heldout,21,105,20,0.525,False,True,True,False,False,0.0199416540563106,0.1919995546340942,-0.1720578968524933,8.439548138192864,21.14820447536572,-12.708656337172856,5,False,0.0,0.0789214291689641,True,False,transport_free,8.439548143690013,21.148204383730572,-12.70865624004056,0.021210562279027876,0.20530792877443993,-0.18409736649541206,4.598717689066222,0.45310917975079684
513,13,13,heldout,22,110,21,0.55,False,True,True,False,False,0.0363881289958953,0.1655269712209701,-0.1291388422250747,11.262893942459762,33.298088354214805,-22.035194411755043,5,False,0.0,0.0496837195974118,True,False,transport_free,11.262894051639185,33.298089969880294,-22.035195918241108,0.03847059746104537,0.17787788076921682,-0.13940728330817145,5.770449719898814,0.42175571219512464
514,13,13,heldout,23,115,22,0.575,True,True,False,True,False,0.0125033892691135,0.0412067435681819,-0.0287033542990684,8.81404104674312,8.579949425255867,0.2340916214872521,5,True,0.0143672695080336,0.0092222141668764,False,False,interaction,8.814040694271627,8.579949529035616,0.23409116523601092,0.013095374914715713,0.04341413729564053,-0.03031876238092482,2.9291550879111226,0.2083605943926071
515,13,13,heldout,24,120,23,0.6,True,False,False,False,False,0.105076789855957,0.2692557573318481,-0.1641789674758911,19.90940052653792,31.721490816207265,-11.812090289669342,6,True,0.0853070192675178,0.0856176284946911,False,False,interaction,19.90940046656623,31.721491314181673,-11.812090847615444,0.11446166352372149,0.28482788688481225,-0.17036622336109075,5.632183529873798,0.5336926895553398
516,13,13,heldout,25,125,24,0.625,True,False,False,False,False,0.2691756188869476,0.5365855097770691,-0.2674098908901214,27.19131965746243,53.44958359761696,-26.258263940154528,6,True,0.0969004400544475,0.0970834259541997,False,False,interaction,27.19132100496331,53.44958548082284,-26.25826447585953,0.29293946276707744,0.5872553190665669,-0.2943158562994895,7.310922341320747,0.7663258569737595
517,13,13,heldout,26,130,25,0.65,True,False,False,False,False,0.7802947163581848,1.1466150283813477,-0.3663203120231628,11.70871988373657,10.713709332857292,0.995010550879277,6,True,0.1007245762933792,0.1015784457489924,False,False,interaction,11.70872101782392,10.713703868551727,0.9950171492721935,0.877843351690102,1.2848589752284683,-0.4070156235383663,3.2731794739292446,1.1335161998085728
518,13,13,heldout,27,135,26,0.675,True,False,False,False,False,0.0609419532120227,0.2022256851196289,-0.1412837356328964,5.14061781411551,2.6708907513403566,2.4697270627751533,6,True,0.0449654898984946,0.0439339467520266,False,False,interaction,5.140617452746963,2.6708903347269586,2.4697271180200047,0.06957494698182556,0.22710455229604717,-0.1575296053142216,1.6342858791309918,0.4765548785775329
519,13,13,heldout,28,140,27,0.7,True,False,False,False,False,0.683002769947052,0.9840838313102722,-0.3010810613632202,29.713170092996663,22.6687082093561,7.044461883640565,7,True,0.0999624609060218,0.0999890359004307,False,False,interaction,29.713170217482656,22.668706999650027,7.044463217832629,0.727534614863429,1.0787920802075541,-0.35125746534412516,4.761166558696516,1.0386491612703272
520,13,13,heldout,29,145,28,0.725,True,False,False,False,False,0.1476770490407943,0.2664995491504669,-0.1188225001096725,26.408767141082905,21.09147416388132,5.317292977201586,7,True,0.0653507117604281,0.0652027728013272,False,False,interaction,26.408766420944342,21.091474508954803,5.317291911989539,0.16096919820643332,0.29084095102998675,-0.12987175282355343,4.592545536949504,0.5392967189126843
521,13,13,heldout,30,150,29,0.75,True,False,False,False,False,0.0503144823014736,0.1453350633382797,-0.0950205773115158,15.331052807814118,22.115423391901743,-6.784370584087625,7,True,0.0534129267593494,0.053190180412438,False,False,interaction,15.331052871991496,22.115423914467,-6.784371042475506,0.05348496109700624,0.1525742688191676,-0.09908930772216137,4.702703893981313,0.3906075636993831
522,13,13,heldout,31,155,30,0.775,True,True,False,False,True,0.0399341993033885,0.0760572552680969,-0.0361230559647083,15.985390282123126,9.335015671390993,6.650374610732133,7,True,0.0205503713098359,0.0259683727816368,False,False,interaction,15.985389960072707,9.335015967360825,6.650373992711883,0.0428450738418227,0.08142839605030257,-0.03858332220847987,3.055325836528868,0.2853566120669058
523,13,13,heldout,32,160,31,0.8,False,True,False,False,False,0.0484752766788005,0.0505238771438598,-0.0020486004650592,21.968009895647825,10.732040368103895,11.23596952754393,8,False,2.873342144166486e-05,0.0154016153416789,False,True,static,21.968009147422702,10.732040276463392,11.23596887095931,0.05151916839139369,0.05402930193809639,-0.0025101335467026947,3.275979285109018,0.23244203995425697
524,13,13,heldout,33,165,32,0.825,False,True,True,False,False,0.0699311792850494,0.114109493792057,-0.0441783145070076,19.69192899750998,15.785389821804475,3.906539175705502,8,False,4.5655201429066936e-11,0.0555998621297507,True,False,transport_free,19.69192957838607,15.78539026523577,3.906539313150299,0.07470537360439812,0.12282887626656087,-0.048123502662162754,3.9730832190171617,0.35046950832641754
525,13,13,heldout,34,170,33,0.85,False,True,True,False,False,0.1154915317893028,0.2457837462425232,-0.1302922070026397,14.339993976941296,29.75553009243912,-15.415536115497824,8,False,5.898059818321144e-17,0.0911134028017873,True,False,transport_free,14.339993396386049,29.755529112117696,-15.415535715731647,0.1240688901419859,0.26773205286526447,-0.14366316272327856,5.454862886646895,0.5174283069810391
526,13,13,heldout,35,175,34,0.875,False,True,True,False,False,0.0343733020126819,0.0797106698155403,-0.0453373678028583,12.094835505095425,10.235843596058208,1.858991909037215,8,False,0.0,0.0846630992914632,True,False,transport_free,12.094835402769396,10.235843423395506,1.85899197937389,0.03548624718532934,0.08482831558269373,-0.04934206839736439,3.199350468985151,0.2912530095684742
527,13,13,heldout,36,180,35,0.9,False,True,True,False,False,0.0217316206544637,0.0581731013953685,-0.0364414826035499,15.774643864451209,14.211105677856809,1.5635381865943998,9,False,0.0,0.0794600643656246,True,False,transport_free,15.774643933764123,14.211105801023699,1.5635381327404243,0.023958273188593535,0.06314201816754021,-0.03918374497894668,3.7697620350658343,0.2512807556649339
528,13,13,heldout,37,185,36,0.925,False,True,True,False,False,0.0251412335783243,0.0684304237365722,-0.0432891920208931,15.890314965679725,9.291279442745036,6.599035522934688,9,False,0.0,0.0529452112605008,True,False,transport_free,15.890314863643235,9.29127926020211,6.599035603441125,0.0271365050706095,0.07480772493769941,-0.047671219867089915,3.04815997943056,0.27351000884373394
529,13,13,heldout,38,190,37,0.95,False,True,True,False,False,0.0153619451448321,0.1342703700065612,-0.1189084276556968,8.54888894417297,12.637351004302468,-4.088462060129498,9,False,0.0,0.0698609042059307,True,False,transport_free,8.548888611268232,12.637351749695446,-4.088463138427214,0.016191216022161864,0.14375547090854093,-0.12756425488637907,3.554905308119394,0.37915098695445976
530,13,13,heldout,39,195,38,0.975,False,True,True,False,False,0.0118444832041859,0.1289272159337997,-0.117082729935646,6.895348963622447,17.842049174301266,-10.94670021067882,9,False,0.0,0.0561853800403829,True,False,transport_free,6.895349104621804,17.842048826904136,-10.946699722282332,0.012647477502319001,0.1390035597183716,-0.1263560822160526,4.223984946339669,0.37283181156973666
531,13,13,heldout,40,200,39,1.0,True,True,False,True,False,0.007888875901699,0.054756224155426,-0.0468673482537269,8.168685978756079,10.434737171519856,-2.2660511927637774,9,True,0.0008605036034482,0.0126549174824856,False,False,interaction,8.168686027183357,10.434736716638131,-2.266050689454774,0.008456102252600893,0.05895239856554296,-0.05049629631294207,3.2302843089483826,0.24280115025580698
532,14,14,heldout,3,15,2,0.075,False,True,True,False,False,0.0166770238429307,0.1222197338938713,-0.1055427119135856,9.20557054009544,4.092220711155932,5.1133498289395085,0,False,4.2674197509029455e-16,0.0611705860396327,True,False,transport_free,9.205570714510026,4.09222125298796,5.113349461522066,0.018512332893139857,0.13304487628119757,-0.11453254338805771,2.0229239365304768,0.364753171721916
533,14,14,heldout,4,20,3,0.1,False,True,True,False,False,0.0105235101655125,0.1253561228513717,-0.1148326098918914,9.098774989307786,4.412202498125024,4.686572491182763,1,False,0.0,0.0517923322998484,True,False,transport_free,9.09877498833434,4.41220212036392,4.686572867970419,0.012016117306535096,0.13927188306236393,-0.12725576575582884,2.100524248934994,0.3731914831053409
534,14,14,heldout,5,25,4,0.125,False,True,False,False,False,0.003426338545978,0.06077641248703,-0.0573500730097293,8.671804661159028,3.065778248789974,5.606026412369054,1,False,0.0,0.0167073672333188,False,True,static,8.671804678026405,3.0657780296569292,5.606026648369475,0.0037027928640646275,0.06765043375513748,-0.06394764089107285,1.7509363294126172,0.26009696990764325
535,14,14,heldout,6,30,5,0.15,True,True,False,True,False,0.0029797821771353,0.0170023795217275,-0.0140225971117615,7.15430463640849,0.8637887654654702,6.29051587094302,1,True,0.0065358086695594,0.0068961790725259,False,False,interaction,7.154304648769522,0.8637887298328112,6.290515918936711,0.0031645363000067546,0.01788121595185802,-0.014716679651851264,0.9294023508862086,0.13372066389252643
536,14,14,heldout,7,35,6,0.175,True,False,False,False,False,0.0393225438892841,0.1698116064071655,-0.1304890662431717,9.968077375596256,7.047441345801235,2.9206360297950207,1,True,0.0604678446211196,0.0602931483187328,False,False,interaction,9.968076912083749,7.047441369584585,2.9206355424991637,0.041153749256471,0.176008035167722,-0.134854285911251,2.654701747764631,0.41953311569853696
537,14,14,heldout,8,40,7,0.2,True,False,False,False,False,0.0624885857105255,0.2890655994415283,-0.2265770137310028,9.06268075329998,13.152865381162853,-4.0901846278628735,2,True,0.0780347443712115,0.0780271686116673,False,False,interaction,9.062680315866247,13.152863428331045,-4.090183112464798,0.06609701586367234,0.3082052661640526,-0.24210825030038025,3.6266876662225886,0.5551623781958325
538,14,14,heldout,9,45,8,0.225,True,False,False,False,False,0.1545834094285965,0.7318139672279358,-0.5772305727005005,11.257179809715817,28.25073823609088,-16.993558426375067,2,True,0.1002582437576601,0.1012428124490351,False,False,interaction,11.25717865773042,28.250738742650068,-16.99356008491965,0.17236638580522823,0.8243648323506566,-0.6519984465454284,5.3151424009757315,0.9079453906214054
539,14,14,heldout,10,50,9,0.25,True,False,False,False,False,1.00358247756958,1.6317138671875,-0.6281313896179199,11.07630267005958,5.188197103677973,5.888105566381609,2,True,0.1167272544049599,0.1171508077128651,False,False,interaction,11.076299694516159,5.1881987140452175,5.888100980470941,1.1116979524874473,1.795663490666053,-0.6839655381786056,2.2777617772816403,1.3400236903376197
540,14,14,heldout,11,55,10,0.275,True,False,False,False,False,1.8917049169540403,1.9590096473693848,-0.0673047304153442,448.0990243982507,503.26988529739265,-55.17086089914193,2,True,0.1704554678594271,0.1719516458154849,False,False,interaction,448.099052682215,503.2698924391428,-55.17083975692776,2.032934396158485,2.1015746890620832,-0.06864029290359808,22.43367763963686,1.449680892149056
541,14,14,heldout,12,60,11,0.3,True,False,False,False,False,0.627623975276947,1.1960591077804563,-0.5684351325035095,470.888550209647,1061.8336067188743,-590.9450565092275,3,True,0.0998480936271799,0.1000294239003349,False,False,interaction,470.88853605576634,1061.8336174287313,-590.945081372965,0.6995558820591029,1.2973681926564133,-0.5978123105973104,32.585788580740704,1.1390207165176642
542,14,14,heldout,13,65,12,0.325,True,False,False,False,False,0.0530001707375049,0.2954457700252533,-0.2424456030130386,54.11387394773728,220.6507996618197,-166.53692571408237,3,True,0.0839852572872446,0.0836682472896053,False,False,interaction,54.11387359149958,220.65079737889528,-166.5369237873957,0.05922731071356163,0.32614817916718847,-0.26692086845362684,14.854319148951099,0.5710938444486935
543,14,14,heldout,14,70,13,0.35,True,True,False,False,True,0.0421549975872039,0.1135056316852569,-0.0713506340980529,48.690488354370494,68.39139865215998,-19.700910297789484,3,True,0.038150120159666,0.0390479093341114,False,False,interaction,48.690486788371295,68.39139906404817,-19.700912275676878,0.04616741105268828,0.1235934511658159,-0.07742604011312762,8.26990925367674,0.35155860274755885
544,14,14,heldout,15,75,14,0.375,False,True,True,False,False,0.1093844845890998,0.114711046218872,-0.0053265616297721,121.14307781089369,97.890781743266,23.252296067627668,3,False,5.633793570564053e-05,0.0283442565892143,True,False,transport_free,121.143079869895,97.89078434006035,23.252295529834655,0.12196483640852747,0.1278730614161904,-0.005908225007662929,9.893977175032312,0.3575934303314176
545,14,14,heldout,16,80,15,0.4,False,True,True,False,False,0.2021674066781997,0.2766279280185699,-0.0744605213403701,234.81779718069296,243.33323828816583,-8.515441107472867,4,False,8.878071126156685e-11,0.0823632861600986,True,False,transport_free,234.81779800153026,243.33325055098052,-8.51545254945026,0.2269742429839936,0.30717973427877204,-0.08020549129477844,15.599142622303974,0.5542379762148856
546,14,14,heldout,17,85,16,0.425,False,True,True,False,False,0.0732961222529411,0.190531238913536,-0.1172351166605949,67.67548284047113,121.52134963227536,-53.84586679180421,4,False,1.249000902703301e-16,0.1008514395242587,True,False,transport_free,67.67548074126222,121.52134838678687,-53.84586764552465,0.07951818900560727,0.2062702544123761,-0.1267520654067688,11.023672182480158,0.4541698519412931
547,14,14,heldout,18,90,17,0.45,False,True,True,False,False,0.036958921700716,0.1324201673269271,-0.0954612493515014,16.023247500724484,33.679060040911025,-17.655812540186542,4,False,0.0,0.1086442208816926,True,False,transport_free,16.02324739877524,33.6790600577429,-17.655812658967662,0.03934072871355109,0.14144957644600456,-0.10210884773245346,5.803366269480404,0.37609782829206095
548,14,14,heldout,19,95,18,0.475,False,True,True,False,False,0.0244806353002786,0.0956923589110374,-0.0712117254734039,17.06261496991584,28.088698723560896,-11.026083753645056,4,False,0.0,0.1018516316371744,True,False,transport_free,17.062615007431976,28.088698542356415,-11.026083534924439,0.026675339013733118,0.10218120863856724,-0.07550586962483412,5.299877219554847,0.3196579556941564
549,14,14,heldout,20,100,19,0.5,False,True,True,False,False,0.0194922033697366,0.1247700676321983,-0.1052778661251068,13.52840912088628,68.20866209830122,-54.68025297741494,5,False,0.0,0.0846289128066284,True,False,transport_free,13.528408985436682,68.20866300323719,-54.68025401780051,0.02132610702614679,0.13440638165885913,-0.11308027463271234,8.258853613137672,0.3666147591939789
550,14,14,heldout,21,105,20,0.525,False,True,True,False,False,0.0120842112228274,0.1784892529249191,-0.1664050370454788,11.607075749113193,163.21722413776212,-151.61014838864892,5,False,0.0,0.0780806427893061,True,False,transport_free,11.607075725268913,163.21722649686413,-151.61015077159522,0.012783193079650862,0.19613984897524814,-0.18335665589559727,12.775649748520195,0.44287678757781845
551,14,14,heldout,22,110,21,0.55,False,True,True,False,False,0.0066121728159487,0.1643082499504089,-0.1576960831880569,10.029181869665896,129.54037377687436,-119.51119190720848,5,False,0.0,0.0583172771907478,True,False,transport_free,10.029181939616342,129.54037464521215,-119.51119270559582,0.006923732535180115,0.18248544366099573,-0.17556171112581562,11.381580498560476,0.42718315001998347
552,14,14,heldout,23,115,22,0.575,True,True,False,True,False,0.0053484137170016,0.0507807992398738,-0.0454323850572109,12.535763165017094,52.975070578607784,-40.43930741359069,5,True,0.0032136206868473,0.0100045823638639,False,False,interaction,12.535763143425086,52.975069765425,-40.43930662199991,0.005874792994371066,0.056849686138254744,-0.050974893143883676,7.278397472344101,0.23843172217273176
553,14,14,heldout,24,120,23,0.6,True,True,False,False,False,0.010484148748219,0.0685763582587242,-0.0580922104418277,8.91093616481775,49.10382950315648,-40.19289333833873,6,True,0.0320357607517688,0.0319232756356648,False,False,interaction,8.9109363228928,49.103830726865624,-40.19289440397282,0.01145115400079011,0.07364521397320929,-0.06219405997241918,7.00741255577732,0.27137651698923637
554,14,14,heldout,25,125,24,0.625,True,False,False,False,False,0.1347886770963668,0.2847540080547333,-0.1499653309583664,205.19674747268868,215.65586630677896,-10.459118834090276,6,True,0.0769522605920729,0.0769725255726823,False,False,interaction,205.19674994169955,215.6558644572286,-10.459114515529052,0.15082565362101788,0.3143507140069248,-0.16352506038590695,14.68522606081461,0.5606698797036673
555,14,14,heldout,26,130,25,0.65,True,False,False,False,False,0.2083827704191208,0.7878932952880859,-0.579510509967804,268.642089381556,682.2643341561042,-413.62224477454816,6,True,0.0939038251006931,0.0944893670900753,False,False,interaction,268.6420849206143,682.2643429275175,-413.6222580069032,0.23377995209239513,0.8673505975530627,-0.6335706454606675,26.12019033099716,0.9313165936205918
556,14,14,heldout,27,135,26,0.675,True,False,False,False,False,0.117770217359066,0.5936456322669983,-0.4758754074573517,117.09762670889144,552.8668654496613,-435.7692387407699,6,True,0.0926096476115374,0.093108211002644,False,False,interaction,117.097626718798,552.8668581694661,-435.76923145066814,0.12789435481222647,0.6544110266078135,-0.526516671795587,23.51312097892294,0.8089567520008801
557,14,14,heldout,28,140,27,0.7,True,False,False,False,False,0.2350429743528366,0.6938729882240295,-0.4588299989700317,57.45724481200974,170.87387620724,-113.41663139523024,7,True,0.0798268519950105,0.0801370787892417,False,False,interaction,57.457245952961934,170.87388189746972,-113.41663594450779,0.262116817389725,0.7756540319248643,-0.5135372145351393,13.071873694978455,0.8807122299167103
558,14,14,heldout,29,145,28,0.725,True,False,False,False,False,0.1057694852352142,0.7157905101776123,-0.6100209951400757,97.10652981496236,792.7872433425915,-695.6807135276292,7,True,0.1040189126823958,0.1043191904069174,False,False,interaction,97.10653180571956,792.787263062206,-695.6807312564864,0.11588835269681981,0.7798943174355966,-0.6640059647387767,28.156478172211205,0.8831162536357241
559,14,14,heldout,30,150,29,0.75,True,False,False,False,False,0.0826522186398506,0.2271244972944259,-0.1444722712039947,89.94070570524502,201.63765063658164,-111.69694493133662,7,True,0.0664426704623603,0.0664217789673849,False,False,interaction,89.94070831383745,201.6376503645863,-111.69694205074886,0.09102695246363475,0.25340672731567104,-0.1623797748520363,14.199917266117655,0.5033951999330855
560,14,14,heldout,31,155,30,0.775,True,False,False,False,False,0.0227126386016607,0.1774323731660843,-0.154719740152359,32.34194543849379,161.25027714801456,-128.90833170952078,7,True,0.054289959474222,0.0543225216491541,False,False,interaction,32.341945833908106,161.25027506624997,-128.90832923234186,0.025130012666592077,0.195505903925186,-0.17037589125859393,12.698435929918691,0.44216049566326704
561,14,14,heldout,32,160,31,0.8,True,True,False,False,True,0.0165560264140367,0.0084830531850457,0.008072973228991,26.505086685157575,6.669903111312479,19.835183573845097,8,True,0.006668378591594,0.004057051653206,False,False,interaction,26.505086719668217,6.669903050826025,19.83518366884219,0.017854025084799236,0.009251592078537933,0.008602433006261304,2.5826155445257477,0.09618519677444098
562,14,14,heldout,33,165,32,0.825,False,True,True,False,False,0.1080979332327842,0.1106742843985557,-0.0025763511657714,126.11579973912662,87.09569547456503,39.02010426456158,8,False,2.196417857945278e-06,0.0386667240901158,True,False,transport_free,126.11579739133863,87.0956937322823,39.02010365905633,0.12044593640076214,0.12282883243628569,-0.0023828960355235518,9.332507365777019,0.35046944579561523
563,14,14,heldout,34,170,33,0.85,False,True,True,False,False,0.1583528667688369,0.2848159968852997,-0.1264631301164627,201.62625565895144,257.32107646448503,-55.694820805533595,8,False,3.503756334532451e-12,0.0892353453785948,True,False,transport_free,201.62625005715685,257.32108542784425,-55.6948353706874,0.17785202889229068,0.3157490939674688,-0.13789706507517813,16.04123079529262,0.5619155576841317
564,14,14,heldout,35,175,34,0.875,False,True,True,False,False,0.0310958996415138,0.0555551350116729,-0.0244592353701591,27.06839490310809,20.557880545018303,6.510514358089786,8,False,0.0,0.085252477795558,True,False,transport_free,27.068395236988135,20.557880483429646,6.510514753558489,0.034507803956677824,0.0610068608863907,-0.026499056929712876,4.534079893807523,0.24699566977255027
565,14,14,heldout,36,180,35,0.9,False,True,True,False,False,0.0207454171031713,0.0025125881657004,0.0182328298687934,23.307762689440555,0.8531192253791614,22.454643464061395,9,False,0.0,0.0297005163384138,True,False,transport_free,23.30776261964507,0.8531192144510252,22.454643405194048,0.0225506858558381,0.002726637919436331,0.01982404793640177,0.923644528187671,0.05221721861068752
566,14,14,heldout,37,185,36,0.925,False,True,True,False,False,0.0319626927375793,0.0386874005198478,-0.0067247077822685,37.068297316817386,15.831654398661462,21.236642918155923,9,False,0.0,0.0700016440537275,True,False,transport_free,37.06829707612258,15.831654346727708,21.236642729394873,0.03446272158081391,0.04169903775680115,-0.007236316175987238,3.978901148147276,0.20420342249042045
567,14,14,heldout,38,190,37,0.95,False,True,True,False,False,0.0132226618006825,0.0249088089913129,-0.0116861471906304,21.71030495547603,11.409740008809122,10.300564946666908,9,False,0.0,0.0520641199309972,True,False,transport_free,21.710305034762758,11.409740164660791,10.300564870101967,0.013950249183663803,0.026986113559923686,-0.013035864376259884,3.377830689164392,0.16427450672555277
568,14,14,heldout,39,195,38,0.975,False,True,True,False,False,0.0189219880849123,0.2494052201509475,-0.2304832339286804,16.102899400353802,210.8234170296444,-194.72051762929055,9,False,0.0,0.0884055594360044,True,False,transport_free,16.10289947114367,210.82342538978583,-194.72052591864215,0.020354044035718992,0.27230085271004406,-0.25194680867432506,14.519759825485608,0.5218245420733334
569,14,14,heldout,40,200,39,1.0,False,True,True,False,False,0.0270965844392776,0.1462270617485046,-0.1191304773092269,38.1792074569422,150.4435779264476,-112.2643704695054,9,False,0.0,0.0548291145179903,True,False,transport_free,38.17920728762649,150.44358324713502,-112.26437595950853,0.02987966553745772,0.16447666732468896,-0.13459700178723125,12.265544555670369,0.4055572306403733
570,15,15,heldout,3,15,2,0.075,False,True,True,False,False,0.0164345856755971,0.0530389137566089,-0.0366043299436569,12.459856789261996,16.946423806802162,-4.486567017540166,0,False,4.2674197509029455e-16,0.1218961690069256,True,False,transport_free,12.459856701334289,16.946422802730478,-4.486566101396189,0.01822682499578418,0.055998699550627036,-0.037771874554842856,4.116603308885916,0.2366404436072309
571,15,15,heldout,4,20,3,0.1,False,True,True,False,False,0.0062198550440371,0.1227637901902198,-0.1165439337491989,9.876563968512064,46.87442036116331,-36.99785639265125,1,False,0.0,0.0773522528430968,True,False,transport_free,9.876563973969903,46.87441997882007,-36.99785600485017,0.007019175584404912,0.1332554701214642,-0.12623629453705928,6.846489609925664,0.3650417375060887
572,15,15,heldout,5,25,4,0.125,False,True,True,False,False,0.0072579751722514,0.1641654670238495,-0.1569074988365173,8.434795346881698,79.25467369528457,-70.81987834840287,1,False,0.0,0.0360566902168443,True,False,transport_free,8.434795296655729,79.25467022279965,-70.81987492614391,0.008240867680245567,0.18603676779845943,-0.17779590011821386,8.902509209363371,0.4313197975962377
573,15,15,heldout,6,30,5,0.15,True,True,False,True,False,0.0021586292423307,0.0104994727298617,-0.0083408430218696,7.697290108495973,7.240218021458342,0.4570720870376306,1,True,0.0085799345021678,0.0079729819063109,False,False,interaction,7.697290104080963,7.240217999725613,0.4570721043553503,0.002341148033973742,0.012057439713464046,-0.009716291679490304,2.69076531858979,0.10980637373788485
574,15,15,heldout,7,35,6,0.175,True,False,False,False,False,0.0430447496473789,0.1768814176321029,-0.1338366717100143,56.405068809573095,152.1732892689137,-95.7682204593406,1,True,0.0878437396018021,0.0878419352991543,False,False,interaction,56.40506867192902,152.17329038130052,-95.76822170937149,0.045929708205011695,0.18828326936049455,-0.14235356115548287,12.33585385700157,0.43391620085045746
575,15,15,heldout,8,40,7,0.2,True,False,False,False,False,0.755264937877655,1.5007476806640625,-0.7454827427864075,212.31469295702428,731.2612022967978,-518.9465093397736,2,True,0.115553143680962,0.1157791041900113,False,False,interaction,212.314694408728,731.261190577986,-518.946496169258,0.8468854616521186,1.6689717483832138,-0.8220862867310952,27.041841479048465,1.2918868945783195
576,15,15,heldout,9,45,8,0.225,True,False,False,False,False,1.4722312688827517,1.9447039365768433,-0.4724726676940918,21.2611771356722,86.05235729094306,-64.79118015527087,2,True,0.1501035477340274,0.1512651409215149,False,False,interaction,21.261175501763464,86.05236367832883,-64.79118817656537,1.567005671031942,2.0897989906534558,-0.5227933196215138,9.276441326194481,1.4456137072722628
577,15,15,heldout,10,50,9,0.25,True,False,False,False,False,1.573330283164978,1.8931961059570312,-0.3198658227920532,160.42976320203357,16.331415786357493,144.09834741567607,2,True,0.1409387262611939,0.1417076250867155,False,False,interaction,160.42976210815448,16.331420549798363,144.0983415583561,1.7071274581393456,2.0800848627497275,-0.37295740461038185,4.04121523180817,1.4422499307504673
578,15,15,heldout,11,55,10,0.275,True,False,False,False,False,0.6038277745246887,1.447269320487976,-0.8434415459632874,287.2196034993663,381.92068692921833,-94.70108342985202,2,True,0.1200043565183024,0.1205623888472576,False,False,interaction,287.2195879714552,381.92068181809856,-94.70109384664335,0.663599510294759,1.5955812610460065,-0.9319817507512475,19.542791044733058,1.2631631965213388
579,15,15,heldout,12,60,11,0.3,True,False,False,False,False,0.0406958311796188,0.2575008571147918,-0.216805025935173,19.651371475082303,113.69726527118128,-94.04589379609897,3,True,0.0694527146948052,0.0695120605114889,False,False,interaction,19.65137173476315,113.6972663778701,-94.04589464310695,0.04216381520068124,0.27992444608212524,-0.237760630881444,10.662892026925439,0.5290788656543798
580,15,15,heldout,13,65,12,0.325,True,False,False,False,False,0.0181830059736967,0.1734281033277511,-0.1552450954914093,8.831782077473001,64.76535093685882,-55.93356885938582,3,True,0.046088014665938,0.0459349643296057,False,False,interaction,8.831782002943655,64.7653528573805,-55.93357085443685,0.01936609518205158,0.18236119739811993,-0.16299510221606836,8.04769239331254,0.4270377002070425
581,15,15,heldout,14,70,13,0.35,True,True,False,False,True,0.0069738910533487,0.0161644574254751,-0.0091905668377876,7.090093900637719,13.390745737942334,-6.300651837304615,3,True,0.0069307697721894,0.0131925448945197,False,False,interaction,7.090093908034244,13.390745847148006,-6.300651939113762,0.007310990550901393,0.016369472273970464,-0.00905848172306907,3.6593368042786123,0.12794323848476896
582,15,15,heldout,15,75,14,0.375,False,True,False,False,False,0.0428574979305267,0.0296537578105926,0.013203740119934,14.423264051025932,8.032979263543181,6.39028478748275,3,False,1.3482746088218778e-05,0.0121941172168818,False,True,static,14.42326355563767,8.03297925748322,6.39028429815445,0.045996274418145376,0.03200417849705763,0.013992095921087744,2.8342510928785436,0.17889711707307537
583,15,15,heldout,16,80,15,0.4,False,True,True,False,False,0.2108158618211746,0.2316733002662658,-0.0208574384450912,98.84277858075374,83.00768802827174,15.835090552482,4,False,2.1230814378291293e-11,0.0731609697678103,True,False,transport_free,98.84278116860658,83.00768813231768,15.835093036288896,0.23247092297276004,0.2578612783286218,-0.025390355355861788,9.110855510451128,0.507800431595545
584,15,15,heldout,17,85,16,0.425,False,True,True,False,False,0.1526803821325302,0.1876310110092163,-0.034950628876686,48.40588719210331,66.09398799382012,-17.688100801716814,4,False,2.0888836804026048e-17,0.1010538110158191,True,False,transport_free,48.405886031704085,66.09398561287132,-17.688099581167236,0.1650849130500546,0.19770114993837637,-0.03261623688832177,8.129820761423423,0.4446359746336056
585,15,15,heldout,18,90,17,0.45,False,True,True,False,False,0.0290823187679052,0.0787521079182624,-0.0496697872877121,12.272256377034315,13.958920416490256,-1.6866640394559411,4,False,0.0,0.0869443328330971,True,False,transport_free,12.272256041829303,13.958920261615715,-1.6866642197864117,0.031024440186995694,0.08319256753088161,-0.052168127343885914,3.7361638429832964,0.28843121802412724
586,15,15,heldout,19,95,18,0.475,False,True,True,False,False,0.0207722205668687,0.0895105898380279,-0.0687383711338043,12.89675574164877,12.88269210971788,0.0140636319308899,4,False,0.0,0.1028151570874004,True,False,transport_free,12.89675581620618,12.882692213971708,0.014063602234472228,0.02295265608971502,0.09534020744724493,-0.07238755135752992,3.589246747434858,0.3087720962898768
587,15,15,heldout,20,100,19,0.5,False,True,True,False,False,0.0221001747995615,0.0813796147704124,-0.059279441833496,13.596406151540478,23.150732298632192,-9.554326147091714,5,False,0.0,0.0703498619935478,True,False,transport_free,13.596406112310115,23.150732628249983,-9.554326515939868,0.023563226427555418,0.08571728897348456,-0.062154062545929145,4.8115208228012465,0.2927751508811575
588,15,15,heldout,21,105,20,0.525,False,True,True,False,False,0.0049561932682991,0.0641690194606781,-0.059212826192379,9.114004648289937,25.89292205811915,-16.778917409829212,5,False,0.0,0.0521751121884684,True,False,transport_free,9.114004608392534,25.89292158801368,-16.778916979621147,0.005156168450919145,0.06981966831288679,-0.06466349986196765,5.088508778415704,0.264234116481742
589,15,15,heldout,22,110,21,0.55,False,True,True,False,False,0.0033603375777602,0.13043974339962,-0.1270794123411178,5.807123418978025,37.10431789680267,-31.297194477824643,5,False,0.0,0.0562833493998645,True,False,transport_free,5.8071234257274895,37.10431712472148,-31.297193698993993,0.003585415099130146,0.14667610968650438,-0.14309069458737422,6.091331309715593,0.38298317154478784
590,15,15,heldout,23,115,22,0.575,True,True,False,True,False,0.0183212310075759,0.1239299774169921,-0.1056087464094162,14.269731512052743,51.26394212887826,-36.99421061682552,5,True,0.0049883341051738,0.0168349195392213,False,False,interaction,14.269731509646677,51.263943221528045,-36.99421171188137,0.01948771349865887,0.13604256339012608,-0.11655484989146721,7.159884302244558,0.368839481875417
591,15,15,heldout,24,120,23,0.6,True,True,False,False,False,0.0275140926241874,0.110238641500473,-0.0827245488762855,10.616204752278286,24.08802348981486,-13.471818737536571,6,True,0.0374157820161189,0.0370679048090323,False,False,interaction,10.616205046568245,24.08802317869611,-13.471818132127863,0.02945361393893976,0.11945719859544879,-0.09000358465650903,4.907955091348749,0.3456258071895801
592,15,15,heldout,25,125,24,0.625,True,False,False,False,False,0.1253086626529693,0.2438838928937912,-0.1185752302408218,70.35960511306035,83.69584926158232,-13.33624414852197,6,True,0.0723286627527775,0.0724062435913298,False,False,interaction,70.3596045926012,83.695850156427,-13.336245563825798,0.1316853702685306,0.2616551618926192,-0.12996979162408862,9.148543608489113,0.5115223962766627
593,15,15,heldout,26,130,25,0.65,True,False,False,False,False,0.2722978293895721,0.6114943623542786,-0.3391965329647064,231.11118562962304,603.118897078681,-372.007711449058,6,True,0.0661753134676686,0.0666416218964338,False,False,interaction,231.1111767872429,603.1188843899828,-372.00770760273986,0.3055136572497353,0.690226696462922,-0.3847130392131867,24.558478869628363,0.8307988303211085
594,15,15,heldout,27,135,26,0.675,True,False,False,False,False,0.1209971830248832,0.2083026766777038,-0.0873054936528205,102.3110732448166,224.850860159058,-122.53978691424138,6,True,0.0313948544234642,0.0328200887182311,False,False,interaction,102.31107337498379,224.8508584182698,-122.53978504328602,0.1303097730907642,0.2258105624840693,-0.09550078939330511,14.995027789846533,0.4751952887856416
595,15,15,heldout,28,140,27,0.7,True,False,False,False,False,0.5193327069282532,0.8988099098205566,-0.3794772028923034,534.5714950875212,1128.036848570571,-593.4653534830499,7,True,0.0696804462087464,0.069552678621163,False,False,interaction,534.5714825402001,1128.0368288016762,-593.465346261476,0.5876827600248272,1.0047108944541248,-0.41702813442929754,33.58625952382427,1.002352679676233
596,15,15,heldout,29,145,28,0.725,True,False,False,False,False,0.0903167426586151,0.2664704024791717,-0.1761536598205566,66.3318743450385,172.8884468960316,-106.55657255099312,7,True,0.0522678675042155,0.0523961088590094,False,False,interaction,66.33187501063536,172.8884470459137,-106.55657203527834,0.09643829565949068,0.2897141972311998,-0.1932759015717091,13.148705147120522,0.5382510540920471
597,15,15,heldout,30,150,29,0.75,True,False,False,False,False,0.057727962732315,0.1339339762926101,-0.0762060135602951,59.25281002498039,48.8022237144499,10.45058631053049,7,True,0.047150897661531,0.0468602703443644,False,False,interaction,59.252811278600355,48.80222174500856,10.450589533591796,0.05970343873119734,0.140564603368641,-0.08086116463744364,6.985858697755671,0.3749194625098049
598,15,15,heldout,31,155,30,0.775,True,True,False,False,True,0.0069144782610237,0.0702908709645271,-0.0633763894438743,7.043457806142478,23.60922714486934,-16.565769338726863,7,True,0.0360401539594031,0.0335565392335141,False,False,interaction,7.043457784023108,23.609226780581718,-16.56576899655861,0.007278315457368581,0.073247754007557,-0.06596943855018841,4.858932679157195,0.27064322272607716
599,15,15,heldout,32,160,31,0.8,False,True,False,False,False,0.0135604022070765,0.0193314161151647,-0.0057710139080882,7.255478897505289,3.8850810797131063,3.3703978177921825,8,False,0.0009630724176137,0.004797710097376,False,True,static,7.2554787505765335,3.8850810194243706,3.370397731152163,0.014493018701709,0.020636625907116152,-0.006143607205407152,1.9710608867877142,0.14365453667432906
600,15,15,heldout,33,165,32,0.825,False,True,True,False,False,0.1260417699813842,0.1333388835191726,-0.0072971135377883,47.70635495494168,35.607255183250096,12.099099771691584,8,False,4.391691894139028e-09,0.0420965105507311,True,False,transport_free,47.706354005045455,35.60725402402542,12.099099981020032,0.1371791566500018,0.14877151956034285,-0.011592362910341047,5.967181413701566,0.38570911262289725
601,15,15,heldout,34,170,33,0.85,False,True,True,False,False,0.1344224512577057,0.1752336174249649,-0.0408111661672592,40.29131421614948,60.859196499368345,-20.567882283218864,8,False,6.993046228519311e-15,0.0811563153971417,True,False,transport_free,40.29131387807752,60.85919298003491,-20.567879101957395,0.14888150868503816,0.1935950295620513,-0.044713520877013135,7.8012302222171925,0.439994351738805
602,15,15,heldout,35,175,34,0.875,False,True,True,False,False,0.0824195072054863,0.1841153651475906,-0.1016958579421043,28.94835673724803,53.73829990513409,-24.78994316788606,8,False,0.0,0.1088349111973044,True,False,transport_free,28.948357107125315,53.738300737485304,-24.78994363035999,0.09135579698918095,0.20084940056500802,-0.10949360357582708,7.330641222804817,0.4481622480363646
603,15,15,heldout,36,180,35,0.9,False,True,True,False,False,0.0090780835598707,0.0093788066878914,-0.0003007231280207,12.884851077507903,2.6460193556674096,10.238831721840496,9,False,0.0,0.0279893865060313,True,False,transport_free,12.88485108133987,2.6460193697044985,10.23883171163537,0.009839970647286799,0.010344882013184455,-0.0005049113658976562,1.6266589592488336,0.10170979310363606
604,15,15,heldout,37,185,36,0.925,False,True,True,False,False,0.0216457564383745,0.0653041005134582,-0.0436583459377288,13.95523831938551,15.69256202654844,-1.737323707162929,9,False,0.0,0.0551032430606567,True,False,transport_free,13.955238679058766,15.692561622796575,-1.7373229437378086,0.022719222490588973,0.07016629868832241,-0.047447076197733445,3.96138380150126,0.2648892196529002
605,15,15,heldout,38,190,37,0.95,False,True,True,False,False,0.006841700989753,0.0427666306495666,-0.0359249301254749,8.469701168483304,18.510178700925923,-10.04047753244262,9,False,0.0,0.053117943252785,True,False,transport_free,8.469701234035522,18.510178450495776,-10.040477216460253,0.0072035607362074755,0.04551630281631521,-0.03831274208010774,4.302345691654237,0.21334550104540573
606,15,15,heldout,39,195,38,0.975,False,True,True,False,False,0.0083876401185989,0.1090243682265281,-0.1006367281079292,10.978790388512692,33.8830450250069,-22.90425463649421,9,False,0.0,0.0655584446760134,True,False,transport_free,10.97879028467011,33.88304566323989,-22.90425537856978,0.008670010338298133,0.12064495955049936,-0.11197494921220123,5.820914504031123,0.3473398329453438
607,15,15,heldout,40,200,39,1.0,False,True,True,False,False,0.009078150615096,0.1406476944684982,-0.1315695494413375,11.20212096032659,37.90740238097854,-26.70528142065195,9,False,0.0,0.0463629846562324,True,False,transport_free,11.202120882240303,37.90740300321947,-26.70528212097917,0.009184729029622009,0.1563133219659217,-0.1471285929362997,6.156898813787626,0.3953647960629799
608,16,16,heldout,3,15,2,0.075,False,True,True,False,False,0.0203890670090913,0.0520824082195758,-0.0316933393478393,11.88633372762053,22.66719095847134,-10.780857230850811,0,False,4.2674197509029455e-16,0.0618298354108975,True,False,transport_free,11.886333783843474,22.667191589303684,-10.78085780546021,0.022707724586906966,0.05422082843615698,-0.03151310384925001,4.761007413279639,0.23285366313665107
609,16,16,heldout,4,20,3,0.1,False,True,True,False,False,0.0092769181355834,0.1482230573892593,-0.1389461457729339,6.174738097353335,96.82822791411516,-90.65348981676183,1,False,0.0,0.0626147230784566,True,False,transport_free,6.174738026919397,96.82822765876504,-90.65348963184564,0.01028141911558887,0.15718851349211113,-0.14690709437652227,9.840133518340341,0.39647006632545556
610,16,16,heldout,5,25,4,0.125,False,True,True,False,False,0.0267857238650321,0.1355666667222976,-0.1087809428572654,28.00315387732293,77.42734190818038,-49.42418803085745,1,False,0.0,0.0503533617556197,True,False,transport_free,28.00315326855896,77.42734032983337,-49.42418706127441,0.02986410972112731,0.14934458453087027,-0.11948047480974296,8.799280671159057,0.38645127057737855
611,16,16,heldout,6,30,5,0.15,True,True,False,True,False,0.006209893617779,0.066099040210247,-0.0598891451954841,6.495843073373426,28.585134599924505,-22.08929152655108,1,True,0.0060082394143625,0.0050903463577783,False,False,interaction,6.4958430674190994,28.58513507892474,-22.08929201150564,0.0063969426093164646,0.07278567638583139,-0.06638873377651493,5.346506810892953,0.2697882065358517
612,16,16,heldout,7,35,6,0.175,True,False,False,False,False,0.146347776055336,0.3915518522262573,-0.2452040761709213,57.112741793443405,60.690808408480414,-3.5780666150370095,1,True,0.0832414908579345,0.083072908758233,False,False,interaction,57.112740369152014,60.690804212404345,-3.5780638432523304,0.15883434800156698,0.4119758980981039,-0.25314155009653694,7.790430296999284,0.641853486473435
613,16,16,heldout,8,40,7,0.2,True,False,False,False,False,0.2765604257583618,0.9133533835411072,-0.6367929577827454,81.54576038938575,565.7435942271605,-484.1978338377748,2,True,0.0964288512391457,0.0964835936509334,False,False,interaction,81.5457625297924,565.7436025779134,-484.197840048121,0.30625437254347415,0.9924661125701424,-0.6862117400266683,23.78536530259549,0.9962259344998715
614,16,16,heldout,9,45,8,0.225,True,False,False,False,False,0.4736005365848541,1.2088247537612915,-0.7352242469787598,13.94849846294854,68.94596698941973,-54.99746852647119,2,True,0.0896906137076037,0.0902553098985478,False,False,interaction,13.948497918544438,68.94597437642011,-54.99747645787567,0.5071146073665821,1.2810554516878538,-0.7739408443212717,8.303371265722141,1.1318372019366805
615,16,16,heldout,10,50,9,0.25,True,False,False,False,False,0.3989784717559814,0.6522400379180908,-0.2532615661621094,10.303967005003852,15.60272328547565,-5.298756280471798,2,True,0.0680460999879959,0.0675065151399147,False,False,interaction,10.303964484890257,15.602720893482285,-5.298756408592029,0.42543468999184425,0.6994075912612104,-0.2739729012693662,3.9500279611013243,0.8363059196617052
616,16,16,heldout,11,55,10,0.275,True,False,False,False,False,0.6230031251907349,1.2061630487442017,-0.5831599235534668,37.96093237929556,48.55241718932191,-10.591484810026344,2,True,0.0807227073671458,0.0812104286391371,False,False,interaction,37.960933150184694,48.55241365163064,-10.591480501445943,0.6550930923982147,1.295644974053497,-0.6405518816552823,6.967956203337578,1.1382640177276522
617,16,16,heldout,12,60,11,0.3,True,False,False,False,False,0.0593316592276096,0.3298715651035309,-0.2705399096012115,8.748034227981918,13.541866722477542,-4.793832494495623,3,True,0.0731909933729712,0.0732204505867819,False,False,interaction,8.74803436360591,13.541866797377713,-4.793832433771803,0.05974924709570941,0.3509905754021843,-0.2912413283064749,3.679927553278422,0.5924445758061967
618,16,16,heldout,13,65,12,0.325,True,False,False,False,False,0.0526676289737224,0.2997666299343109,-0.2470989972352981,9.347612833516903,8.83785662193201,0.5097562115848948,3,True,0.072242566803013,0.0718689302514322,False,False,interaction,9.347612510090618,8.837856400308565,0.5097561097820531,0.05515445716626153,0.3151833199002957,-0.26002886273403414,2.972853242309241,0.5614118986094753
619,16,16,heldout,14,70,13,0.35,True,True,False,False,True,0.0129784671589732,0.0448772646486759,-0.0318987965583801,7.900038562310833,3.6342081353877056,4.265830426923127,3,True,0.0209652998717383,0.0246556613785492,False,False,interaction,7.900038567326334,3.6342079070613953,4.265830660264939,0.01398886936919966,0.04910798415641277,-0.035119114787213114,1.906359857702998,0.22160321332600927
620,16,16,heldout,15,75,14,0.375,False,True,False,False,False,0.0610277950763702,0.0655372813344001,-0.0045094862580299,12.156893943920943,6.442982487552392,5.713911456368551,3,False,5.463249546921269e-05,0.0110117345864935,False,True,static,12.156894334248731,6.442982592311953,5.713911741936778,0.06266789598000021,0.06630268679998956,-0.003634790819989353,2.5383030930745747,0.2574930810720738
621,16,16,heldout,16,80,15,0.4,False,True,True,False,False,0.1855377703905105,0.3829223811626434,-0.1973846107721328,15.363274692554151,22.725221258319696,-7.361946565765544,4,False,8.570217412625215e-11,0.0879796493933421,True,False,transport_free,15.36327587818411,22.725222009464876,-7.3619461312807655,0.19321651910226142,0.3983148798647784,-0.205098360762517,4.767097860277768,0.6311219215530217
622,16,16,heldout,17,85,16,0.425,False,True,True,False,False,0.2140814065933227,0.5439954400062561,-0.3299140334129333,13.10628763702354,19.30418003132718,-6.197892394303642,4,False,1.1102230246251563e-16,0.1265022785042333,True,False,transport_free,13.10628728131955,19.304179885886334,-6.197892604566784,0.22395374773148466,0.5775728362810842,-0.35361908854959956,4.3936522263245115,0.7599821289221769
623,16,16,heldout,18,90,17,0.45,False,True,False,False,False,0.0099849486723542,0.0002867023285944,0.0096982466056942,6.553294322510406,0.0507780273151354,6.502516295195271,4,False,0.0,0.0116422279660107,False,True,static,6.553294322898945,0.05077802731516715,6.502516295583778,0.010330320981967686,0.0003061077498346505,0.010024213232133036,0.22533980410741275,0.017495935237495895
624,16,16,heldout,19,95,18,0.475,False,True,True,False,False,0.0594706945121288,0.2513459026813507,-0.1918752044439315,6.532381570065167,7.539690042202152,-1.0073084721369856,4,False,0.0,0.0960461772825117,True,False,transport_free,6.53238133728663,7.539689531714973,-1.0073081944283429,0.0625150224595976,0.2647775900139389,-0.2022625675543413,2.745849510026901,0.5145654380289634
625,16,16,heldout,20,100,19,0.5,False,True,True,False,False,0.02340286411345,0.1214691177010536,-0.0980662554502487,5.158547373090369,7.818978454723717,-2.660431081633348,5,False,0.0,0.0532588097470436,True,False,transport_free,5.158547715858443,7.818978050160104,-2.660430334301661,0.024742695132699583,0.12859348116691038,-0.1038507860342108,2.7962435605934086,0.3585993323570338
626,16,16,heldout,21,105,20,0.525,False,True,True,False,False,0.0098362863063812,0.0777637287974357,-0.0679274424910545,6.501471848773817,4.304826476189474,2.196645372584343,5,False,0.0,0.042180345625553,True,False,transport_free,6.501471747083958,4.304826585749725,2.1966451613342324,0.010129898030552854,0.08102266604493512,-0.07089276801438227,2.074807602104283,0.28464480681181437
627,16,16,heldout,22,110,21,0.55,False,True,True,False,False,0.0325878225266933,0.1081913337111473,-0.0756035149097442,12.46507334339558,7.416487567677628,5.048585775717953,5,False,0.0,0.0304050595484607,True,False,transport_free,12.465073127058242,7.416487269028852,5.04858585802939,0.03374046058061046,0.11460950729395603,-0.08086904671334556,2.7233228359907775,0.33854025948763616
628,16,16,heldout,23,115,22,0.575,True,True,False,True,False,0.0089182024821639,0.0515701882541179,-0.0426519848406314,8.164476901703141,5.8063397114173005,2.358137190285841,5,True,0.0004549694160341,0.0047506920549969,False,False,interaction,8.164476864492627,5.806340312329123,2.3581365521635043,0.009173973951501673,0.051892837084055614,-0.04271886313255394,2.4096348919139436,0.2277999935997708
629,16,16,heldout,24,120,23,0.6,True,True,False,False,False,0.0304273571819067,0.1176894307136535,-0.0872620716691017,9.280068884938862,3.3074461160450155,5.972622768893846,6,True,0.0405939915994237,0.0392231219471282,False,False,interaction,9.280068228797447,3.3074464045177927,5.9726218242796545,0.03278667846309752,0.12379566714326307,-0.09100898868016555,1.8186386129514,0.35184608445066295
630,16,16,heldout,25,125,24,0.625,True,False,False,False,False,0.3378468453884125,0.6132444143295288,-0.2753975689411163,19.70580234268601,26.315999698236897,-6.610197355550884,6,True,0.0922334343388557,0.0922909059584046,False,False,interaction,19.705804640979732,26.315996790030272,-6.61019214905054,0.3444383727515101,0.6309737892092723,-0.28653541645776215,5.129911967083867,0.7943385860004991
631,16,16,heldout,26,130,25,0.65,True,False,False,False,False,0.819770336151123,1.197168231010437,-0.3773978948593139,12.637363164678938,36.35087035758625,-23.713507192907315,6,True,0.1051031303788954,0.1058949949876541,False,False,interaction,12.637361536457442,36.35086516973112,-23.71350363327368,0.8856291600011371,1.318400439432146,-0.4327712794310089,6.029167867104972,1.1482161989068722
632,16,16,heldout,27,135,26,0.675,True,False,False,False,False,0.073646955192089,0.4296581745147705,-0.3560112118721008,5.01430484322224,5.429020451757583,-0.4147156085353431,6,True,0.0561349217819369,0.0571801551946113,False,False,interaction,5.014305466045441,5.42902102311793,-0.41471555707248964,0.07874502645597113,0.45920725084926123,-0.3804622243932901,2.3300259704814303,0.6776483238740145
633,16,16,heldout,28,140,27,0.7,True,False,False,False,False,0.4762237966060638,1.2048425674438477,-0.7286187410354614,21.861897082216853,40.43565536669691,-18.57375828448006,7,True,0.1066486262217286,0.1066884558699839,False,False,interaction,21.861902252584787,40.43565284978784,-18.573750597203055,0.5254519535104215,1.331605008884343,-0.8061530553739215,6.358903431393485,1.1539519092598023
634,16,16,heldout,29,145,28,0.725,True,False,False,False,False,0.1347849667072296,0.3969435691833496,-0.26215860247612,14.464222779525633,23.25043866828065,-8.786215888755018,7,True,0.0851254049073596,0.0855000548040409,False,False,interaction,14.464223500871634,23.25044015473598,-8.786216653864345,0.13827593135666388,0.4187911920920304,-0.28051526073536653,4.821871022200405,0.6471407822815917
635,16,16,heldout,30,150,29,0.75,True,False,False,False,False,0.0434851646423339,0.2414690256118774,-0.1979838609695434,8.40067942485468,9.592188821094338,-1.191509396239658,7,True,0.0646208608801077,0.064389000503318,False,False,interaction,8.40067909882213,9.5921910588235,-1.191511960001371,0.04533430803905969,0.2551394679828403,-0.20980515994378063,3.097126258134063,0.5051133219217647
636,16,16,heldout,31,155,30,0.775,True,True,False,False,False,0.0222726594656705,0.0590034686028957,-0.0367308109998703,11.757882130499276,4.6378602600278365,7.120021870471439,7,True,0.0277732929910214,0.0282948513202423,False,False,interaction,11.757882094297324,4.637860276957196,7.120021817340128,0.02262129683475622,0.06122654067941644,-0.03860524384466022,2.1535691948384654,0.24743997389148029
637,16,16,heldout,32,160,31,0.8,True,True,False,False,True,0.0152668459340929,0.0317462235689163,-0.0164793767035007,7.102505249261994,2.701657811483377,4.4008474377786175,8,True,0.0042270536124301,0.00544900918901,False,False,interaction,7.102505366090388,2.701657998455557,4.400847367634832,0.016162835863416398,0.03378256146798301,-0.01761972560456661,1.6436721079508396,0.18380033043491245
638,16,16,heldout,33,165,32,0.825,False,True,True,False,False,0.1978915482759475,0.3093586266040802,-0.1114670783281326,20.863620559967575,25.58087076485013,-4.7172502048825535,8,False,7.727615203017709e-08,0.0688538419511395,True,False,transport_free,20.863621746791882,25.58087210067863,-4.717250353886747,0.20404340256991682,0.3188067497176453,-0.11476334714772846,5.057753661525898,0.5646297456897266
639,16,16,heldout,34,170,33,0.85,False,True,True,False,False,0.140229046344757,0.3200118541717529,-0.1797828078269958,15.71753008142828,18.47077032458583,-2.753240243157549,8,False,1.166807942916131e-13,0.0926406289839016,True,False,transport_free,15.717530283428284,18.47076845112965,-2.753238167701367,0.15214415778341558,0.33882150378067516,-0.18667734599725958,4.2977631916067285,0.5820837601073192
640,16,16,heldout,35,175,34,0.875,False,True,True,False,False,0.0356445349752903,0.0827765390276908,-0.0471320040524005,8.6736273620564,6.6570023103005775,2.016625051755823,8,False,0.0,0.0712820585517855,True,False,transport_free,8.673627215094415,6.657002720809518,2.0166244942848968,0.03813811516658062,0.08582650898233286,-0.047688393815752246,2.5801168037144206,0.29296161690967787
641,16,16,heldout,36,180,35,0.9,False,True,True,False,False,0.0256415158510208,0.0704235956072807,-0.0447820797562599,9.11255913587844,5.839475775357122,3.2730833605213183,9,False,0.0,0.0705109552632102,True,False,transport_free,9.112559230066099,5.839476038962545,3.273083191103554,0.025468523669511592,0.07377001228646245,-0.048301488616950855,2.4165007839772255,0.27160635538672956
642,16,16,heldout,37,185,36,0.925,False,True,True,False,False,0.0718979686498642,0.1811163872480392,-0.109218418598175,10.890356890497658,9.064738091372568,1.82561879912509,9,False,0.0,0.0608359755592419,True,False,transport_free,10.890357030796467,9.064738545632652,1.8256184851638153,0.07270110217753256,0.18802069419540524,-0.11531959201787267,3.010770423933491,0.4336135309182651
643,16,16,heldout,38,190,37,0.95,False,True,True,False,False,0.0113189257681369,0.0763895437121391,-0.0650706142187118,6.285387509362856,5.600880691731564,0.6845068176312923,9,False,0.0,0.0523016729009953,True,False,transport_free,6.285387449084951,5.600880857529824,0.6845065915551265,0.012015562278867182,0.08101219656078193,-0.06899663428191474,2.3666180210439167,0.28462641578177866
644,16,16,heldout,39,195,38,0.975,False,True,True,False,False,0.0061142244376242,0.1451092511415481,-0.1389950215816497,6.470464585545659,12.788146192741928,-6.31768160719627,9,False,0.0,0.0482933190828685,True,False,transport_free,6.470464567442636,12.78814539110079,-6.317680823658153,0.006276550140261225,0.14997420947478643,-0.14369765933452522,3.5760516482708677,0.38726503776456045
645,16,16,heldout,40,200,39,1.0,True,True,False,True,False,0.0069073550403118,0.067277044057846,-0.0603696890175342,7.599011660859259,6.932221047390609,0.6667906134686499,9,True,0.0007814954943754,0.0073547755362391,False,False,interaction,7.5990116047479574,6.932221563410489,0.6667900413374683,0.007169301764813001,0.06757509472523941,-0.06040579296042641,2.632911233484807,0.25995210082867076
646,17,17,heldout,3,15,2,0.075,False,True,True,False,False,0.0078529519960284,0.0817649438977241,-0.0739119946956634,7.321962332157533,48.12985887261983,-40.807896540462295,0,False,4.2674197509029455e-16,0.0690190869497845,True,False,transport_free,7.321962278751734,48.12985869035489,-40.80789641160315,0.008147225270981663,0.08652390752101875,-0.07837668225003709,6.937568644010298,0.2941494645941392
647,17,17,heldout,4,20,3,0.1,False,True,True,False,False,0.007689956575632,0.1496035158634185,-0.1419135630130767,7.391552851027957,69.66708571693921,-62.27553286591125,1,False,0.0,0.0644175621094844,True,False,transport_free,7.391552805368767,69.6670849152939,-62.27553210992513,0.008248804030478776,0.16086307463632268,-0.1526142706058439,8.34668107185688,0.40107739232761885
648,17,17,heldout,5,25,4,0.125,False,True,True,False,False,0.0099729308858513,0.0976045355200767,-0.0876316055655479,10.151473089186275,48.88189267807915,-38.73041958889287,1,False,0.0,0.0323808602855857,True,False,transport_free,10.151473389077813,48.88189254362377,-38.730419154545956,0.011536774805429091,0.10455612263555554,-0.09301934783012644,6.99155866339,0.3233513918874566
649,17,17,heldout,6,30,5,0.15,True,True,False,True,False,0.0072439946234226,0.0455694608390331,-0.0383254662156105,13.39857590958804,47.06991805235472,-33.671342142766676,1,True,0.0053450739738551,0.0053117285096303,False,False,interaction,13.398575954908887,47.06991785624052,-33.67134190133164,0.007982042203136313,0.04940957815594325,-0.04142753595280693,6.860751989121931,0.22228265374505327
650,17,17,heldout,7,35,6,0.175,True,False,False,False,False,0.1361142545938491,0.3407682478427887,-0.2046539932489395,42.11668507919341,188.00834909498028,-145.89166401578686,1,True,0.0807341884184403,0.0802135761020107,False,False,interaction,42.116685418987345,188.00835220119916,-145.89166678221181,0.15066125185696294,0.3674960790247151,-0.21683482716775215,13.711613770858598,0.606214548674572
651,17,17,heldout,8,40,7,0.2,True,False,False,False,False,0.6218211650848389,1.2058321237564087,-0.5840109586715698,266.16941373412743,667.4477196507986,-401.2783059166712,2,True,0.100903215245823,0.1011635578501445,False,False,interaction,266.1694069036446,667.4477230616329,-401.27831615798834,0.6771260861314178,1.3352038833365227,-0.658077797205105,25.835009639278887,1.155510226409322
652,17,17,heldout,9,45,8,0.225,True,False,False,False,False,1.1029893159866333,1.8408259153366089,-0.7378365993499756,677.0632703608788,1165.9875918672512,-488.9243215063724,2,True,0.1201015691926046,0.1211327383999,False,False,interaction,677.0632819744288,1165.9876693585727,-488.92438738414387,1.197225571834906,2.002955103783643,-0.805729531948737,34.146561603748225,1.415257963688473
653,17,17,heldout,10,50,9,0.25,True,False,False,False,False,1.470087647438049,1.7599611282348633,-0.2898734807968139,115.0946736032092,262.7855706720004,-147.69089706879123,2,True,0.1167851171814945,0.1173938603123072,False,False,interaction,115.09467951858262,262.7855951817913,-147.69091566320867,1.6144394751565463,1.9609274477154848,-0.3464879725589385,16.210663008704834,1.4003311921525867
654,17,17,heldout,11,55,10,0.275,True,False,False,False,False,1.2949448823928833,1.7412678003311155,-0.4463229179382324,19.69200949285973,29.931009844705716,-10.239000351845988,2,True,0.1181725602952522,0.1190649808424385,False,False,interaction,19.692011685254272,29.93101050308358,-10.238998817829309,1.3385645210901609,1.7856830642063757,-0.4471185431162148,5.470924099554259,1.3362945274924896
655,17,17,heldout,12,60,11,0.3,True,False,False,False,False,0.1196020767092704,0.3027574717998504,-0.1831553876399994,6.966895843972618,4.5784010341483,2.3884948098243184,3,True,0.0658304177657689,0.0655781921192219,False,False,interaction,6.9668958938119045,4.578402142857185,2.3884937509547193,0.1262929961515781,0.317395464404499,-0.1911024682529209,2.1397201085322317,0.5633786155015994
656,17,17,heldout,13,65,12,0.325,True,False,False,False,False,0.0446721203625202,0.2967841625213623,-0.2521120309829712,5.440917727583887,6.60558935132966,-1.1646716237457726,3,True,0.0731942493006981,0.0732812366059,False,False,interaction,5.440917515143231,6.605589076494745,-1.164671561351514,0.04640044027592819,0.31387118699733324,-0.26747074672140503,2.570134058078439,0.5602420789242212
657,17,17,heldout,14,70,13,0.35,True,True,False,False,True,0.0189041774719953,0.0436475276947021,-0.0247433502227067,4.115572961720349,1.621481613981901,2.494091347738448,3,True,0.0188293515156017,0.0175173402073084,False,False,interaction,4.115572805033145,1.6214814756947094,2.4940913293384357,0.019816600582629917,0.04444178024683961,-0.024625179664209695,1.2733740517596193,0.21081219188377034
658,17,17,heldout,15,75,14,0.375,False,True,False,False,False,0.0645536705851554,0.0700272098183631,-0.0054735392332077,4.690649719367382,1.2905852739587813,3.400064445408601,3,False,5.022432205104047e-05,0.0136818875402973,False,True,static,4.69064957699426,1.2905851356262221,3.4000644413680376,0.06967960489606641,0.07501670025069111,-0.005337095354624705,1.1360392315524241,0.27389176740218224
659,17,17,heldout,16,80,15,0.4,False,True,True,False,False,0.1542922705411911,0.3018350899219513,-0.1475428193807602,11.596081415218649,6.653466930788149,4.9426144844305,4,False,7.916708800691419e-11,0.0899639267657149,True,False,transport_free,11.596082712017475,6.653468085637816,4.942614626379659,0.16646539236604319,0.3325233385834718,-0.1660579462174286,2.5794317369602586,0.5766483664968381
660,17,17,heldout,17,85,16,0.425,False,True,True,False,False,0.0969512239098548,0.2742456495761871,-0.1772944331169128,11.73323314339609,4.859767048398571,6.873466094997519,4,False,1.1102230246251563e-16,0.0905364608598906,True,False,transport_free,11.733232633835902,4.859767648363882,6.87346498547202,0.10343465738157868,0.2934314338098043,-0.1899967764282256,2.204488069453741,0.5416931177426978
661,17,17,heldout,18,90,17,0.45,False,True,True,False,False,0.0191908068954944,0.0193452071398496,-0.0001544002443552,7.774515426835992,0.3488576740433191,7.425657752792674,4,False,0.0,0.0214971306730619,True,False,transport_free,7.774515527984977,0.3488576604794485,7.425657867505528,0.020917139352807854,0.020519444903596678,0.0003976944492111757,0.5906417361475977,0.14324609908683963
662,17,17,heldout,19,95,18,0.475,False,True,True,False,False,0.0368521623313427,0.1715239733457565,-0.1346718072891235,7.998275735983801,2.1867338263841045,5.811541909599696,4,False,0.0,0.0729723466457773,True,False,transport_free,7.998276046611582,2.186733819900232,5.8115422267113495,0.03931654536741785,0.18319018653768757,-0.1438736411702697,1.4787609069421033,0.42800722720263445
663,17,17,heldout,20,100,19,0.5,False,True,True,False,False,0.0120241669937968,0.0901686549186706,-0.0781444907188415,5.933763347935101,2.2743654361428898,3.6593979117922113,5,False,0.0,0.0527332973085689,True,False,transport_free,5.933763384858639,2.274365538139271,3.659397846719368,0.012756069664306709,0.09765357856752399,-0.08489750890321729,1.508099976175078,0.3124957256788067
664,17,17,heldout,21,105,20,0.525,False,True,True,False,False,0.0136175975203514,0.0783990398049354,-0.064781442284584,5.574535958746626,1.9084674622632696,3.6660684964833568,5,False,0.0,0.0380731541359559,True,False,transport_free,5.574536004191707,1.9084675385723064,3.6660684656194,0.014615875814900469,0.08529845498379451,-0.07068257916889405,1.3814729597687776,0.29205899230086124
665,17,17,heldout,22,110,21,0.55,False,True,True,False,False,0.0161570031195878,0.0687093809247016,-0.0525523796677589,4.374822863581918,1.573786373396456,2.801036490185462,5,False,0.0,0.0371545682505534,True,False,transport_free,4.374822899707435,1.573786365975657,2.8010365337317777,0.017026341283225704,0.07558841041225557,-0.058562069129029865,1.2545064232500593,0.27493346542801145
666,17,17,heldout,23,115,22,0.575,True,True,False,True,False,0.0271495189517736,0.1340110898017883,-0.1068615689873695,4.704142103455746,3.1687081535288204,1.5354339499269258,5,True,0.0071346116765567,0.0122549249151214,False,False,interaction,4.70414197559195,3.1687084792236107,1.5354334963683396,0.028544535321633646,0.14283938979870398,-0.11429485447707033,1.7800866493582863,0.3779409871907306
667,17,17,heldout,24,120,23,0.6,True,False,False,False,False,0.0677467063069343,0.1351440697908401,-0.0673973634839057,7.100222575747907,1.57865869312817,5.521563882619737,6,True,0.0451980138213618,0.0444294330327064,False,False,interaction,7.100222278245295,1.5786589791727492,5.521563299072546,0.07019907177143035,0.1383998482520863,-0.06820077648065594,1.2564469663192113,0.37202130080425005
668,17,17,heldout,25,125,24,0.625,True,False,False,False,False,0.1253830790519714,0.487900972366333,-0.3625178933143616,6.904164517837657,9.270187634391144,-2.366023116553487,6,True,0.0865769780014906,0.0863765018689273,False,False,interaction,6.904165478009293,9.270185808354329,-2.3660203303450356,0.12864835682227352,0.5141552949998599,-0.3855069381775864,3.044697983110037,0.7170462293324329
669,17,17,heldout,26,130,25,0.65,True,False,False,False,False,0.5456503033638,1.3200631141662598,-0.7744128108024597,26.0356605923597,31.786727495944728,-5.751066903585027,6,True,0.1062950218311661,0.1065920677058049,False,False,interaction,26.035657022219727,31.786723563380374,-5.751066541160647,0.5864695833284351,1.4204565362060517,-0.8339869528776166,5.637971582349486,1.1918290717238156
670,17,17,heldout,27,135,26,0.675,True,False,False,False,False,0.095159150660038,0.1204300746321678,-0.0252709239721298,9.881150132997826,4.722717717073214,5.1584324159246115,6,True,0.031640700984671,0.032409150153342,False,False,interaction,9.881151282442014,4.722717491010031,5.158433791431983,0.10134591523588936,0.12962911439531868,-0.028283199159429326,2.173181421559192,0.3600404343894151
671,17,17,heldout,28,140,27,0.7,True,False,False,False,False,0.4609467089176178,1.036523461341858,-0.5755767822265625,17.803100674128824,20.97559591507127,-3.172495240942446,7,True,0.0832292581889892,0.0829886401766577,False,False,interaction,17.803103484595866,20.975592396525315,-3.172488911929449,0.48190803140701893,1.102282127901681,-0.620374096494662,4.579911832833173,1.049896246255639
672,17,17,heldout,29,145,28,0.725,True,False,False,False,False,0.0664129182696342,0.2807231247425079,-0.2143101990222931,5.305158839212312,4.831802328118337,0.473356511093975,7,True,0.0593662222173552,0.0596536336962651,False,False,interaction,5.305158607441691,4.831802882573808,0.4733557248678828,0.06876992416021281,0.29432521773281045,-0.22555529357259763,2.198136229302863,0.5425174814997306
673,17,17,heldout,30,150,29,0.75,True,False,False,False,False,0.019795412197709,0.1547415256500244,-0.1349461078643798,5.138643475952565,2.3620187251156586,2.776624750836907,7,True,0.0575001881191253,0.0569628210519937,False,False,interaction,5.138643423019114,2.3620179744643948,2.7766254485547193,0.02056710040420179,0.16224705060470587,-0.14167995020050408,1.5368858039764681,0.4027990201138849
674,17,17,heldout,31,155,30,0.775,True,False,False,False,False,0.0391591303050518,0.1408921033143997,-0.1017329692840576,4.021979265784444,3.71848637590255,0.3034928898818942,7,True,0.0475888740735037,0.0478975636467632,False,False,interaction,4.021979468628052,3.718486361168189,0.3034931074598628,0.040533528140816094,0.1443345928458438,-0.1038010647050277,1.9283377196871374,0.3799139282072241
675,17,17,heldout,32,160,31,0.8,True,True,False,False,True,0.0181558821350336,0.0332628451287746,-0.015106962993741,4.249544551384893,0.7866264709987068,3.462918080386186,8,True,0.007867230868073,0.0075357742880963,False,False,interaction,4.249544728366913,0.7866264139833001,3.4629183143836126,0.02001959982837508,0.03568123112164651,-0.015661631293271434,0.8869196209258763,0.18889476202808408
676,17,17,heldout,33,165,32,0.825,False,True,True,False,False,0.1416486799716949,0.2152552157640457,-0.0736065357923507,7.249163910400387,3.8289303708957263,3.420233539504661,8,False,2.5430872617186178e-06,0.0535790618108896,True,False,transport_free,7.249162760310109,3.828930384592456,3.4202323757176534,0.15235040576398137,0.23462151432269404,-0.08227110855871267,1.9567652860249887,0.48437745026238993
677,17,17,heldout,34,170,33,0.85,False,True,True,False,False,0.0815481320023536,0.2349515557289123,-0.1534034311771392,9.830453717266154,5.834070757925235,3.9963829593409192,8,False,4.059351269341739e-12,0.1032358934505705,True,False,transport_free,9.830453447954671,5.834070071489376,3.996383376465295,0.0876694488493831,0.25725168133996923,-0.16958223249058613,2.4153819721711463,0.5071998435922168
678,17,17,heldout,35,175,34,0.875,False,True,True,False,False,0.0343548394739627,0.0818447172641754,-0.0474898777902126,10.124097481304648,3.651530643316721,6.472566837987927,8,False,0.0,0.1257782937097593,True,False,transport_free,10.124097600388945,3.65153075328462,6.472566847104325,0.03695070542751113,0.08765465338167505,-0.05070394795416392,1.9108978919043844,0.29606528567475626
679,17,17,heldout,36,180,35,0.9,False,True,False,False,False,0.0067539797164499,0.0008426617714576,0.0059113181196153,6.546126192607077,0.1438698657326335,6.4022563268744435,9,False,0.0,0.0152571504456052,False,True,static,6.546126174929864,0.14386986593120568,6.402256308998658,0.007298297192628471,0.0008997850673243632,0.006398512125304108,0.3793018137726284,0.02999641757484322
680,17,17,heldout,37,185,36,0.925,False,True,True,False,False,0.0354909300804138,0.0647550225257873,-0.0292640924453735,5.42171287288505,3.0169720225455436,2.4047408503395062,9,False,0.0,0.1090637295811097,True,False,transport_free,5.421712572896204,3.016972142925073,2.4047404299711306,0.037794032790258704,0.06887851454680806,-0.031084481756549355,1.7369433332509938,0.2624471652481849
681,17,17,heldout,38,190,37,0.95,False,True,True,False,False,0.0211071465164423,0.0699805542826652,-0.0488734096288681,5.598707999582245,2.10685221616513,3.491855783417114,9,False,0.0,0.065968969444568,True,False,transport_free,5.598707631898921,2.1068521748903297,3.491855457008591,0.02227661148428049,0.07579359523466492,-0.053516983750384425,1.4514999741268788,0.27530636613537457
682,17,17,heldout,39,195,38,0.975,False,True,True,False,False,0.0075413272716104,0.0904401168227195,-0.0828987881541252,5.000349718330269,1.924685628055827,3.075664090274442,9,False,0.0,0.0548842204554593,True,False,transport_free,5.000349751158296,1.9246853544526246,3.0756643967056716,0.00793306953219119,0.09994685355267692,-0.09201378402048573,1.3873302975328639,0.3161437229373326
683,17,17,heldout,40,200,39,1.0,False,True,True,False,False,0.012732483446598,0.1430372148752212,-0.1303047239780426,3.7758432460596745,2.3530934693463927,1.4227497767132815,9,False,0.0,0.0466202994501017,True,False,transport_free,3.775843265355082,2.353093617159806,1.4227496481952762,0.013178924109029266,0.15488498435733372,-0.14170606024830446,1.5339796664753433,0.39355429658095936
684,18,18,heldout,3,15,2,0.075,False,True,True,False,False,0.008179236203432,0.0541420094668865,-0.0459627732634544,7.586549997918158,10.868308085941251,-3.281758088023095,0,False,4.2674197509029455e-16,0.0679954437781929,True,False,transport_free,7.586550053189813,10.868308463168,-3.2817584099781874,0.008509106170466617,0.057805925253711726,-0.04929681908324511,3.2967117652545848,0.24042862819080368
685,18,18,heldout,4,20,3,0.1,False,True,True,False,False,0.0075015858747065,0.1340434700250625,-0.1265418827533722,5.980626940604381,17.73174162792592,-11.75111468732154,1,False,0.0,0.0592364512819415,True,False,transport_free,5.980626829700743,17.731741263427203,-11.75111443372646,0.007751847243713508,0.14375904669953943,-0.13600719945582593,4.2109074156798085,0.3791557024489272
686,18,18,heldout,5,25,4,0.125,False,True,True,False,False,0.0351632945239543,0.1501646041870117,-0.115001305937767,31.687150443749697,31.92461844652981,-0.2374680027801119,1,False,0.0,0.0419270114641704,True,False,transport_free,31.687149624771497,31.9246185241839,-0.23746889941240212,0.03597780573372815,0.15877859255789417,-0.12280078682416602,5.650187476905868,0.39847031578010195
687,18,18,heldout,6,30,5,0.15,True,True,False,True,False,0.0461614392697811,0.1084262430667877,-0.0622648037970066,54.082895037932566,60.079192120458885,-5.996297082526318,1,True,0.0064354359658105,0.006580280851947,False,False,interaction,54.08289488270458,60.07919294604263,-5.9962980633380525,0.04852335899011778,0.1154348122755519,-0.06691145328543412,7.751076889442049,0.3397569900319225
688,18,18,heldout,7,35,6,0.175,True,False,False,False,False,0.1034823879599571,0.3483701944351196,-0.2448877990245819,27.9705568920065,82.35691035655209,-54.38635346454559,1,True,0.0831729384096421,0.0829260478999479,False,False,interaction,27.97055779471225,82.35691459108185,-54.3863567963696,0.10936534874038872,0.36512069121238994,-0.2557553424720012,9.075071051572095,0.604252175182175
689,18,18,heldout,8,40,7,0.2,True,False,False,False,False,0.1202233061194419,0.4611742496490478,-0.3409509360790252,6.392726787478838,129.4905093948702,-123.09778260739137,2,True,0.0918617161912785,0.0920792375629325,False,False,interaction,6.392726748287724,129.49051588362445,-123.09778913533673,0.12844491727076865,0.5009585127727977,-0.372513595502029,11.379389960961197,0.7077842275530005
690,18,18,heldout,9,45,8,0.225,True,False,False,False,False,0.1697521954774856,0.5858328342437744,-0.4160806536674499,17.068455494885313,65.4891116912861,-48.420656196400785,2,True,0.0928570898453598,0.0938613631365444,False,False,interaction,17.068454723638435,65.48911572377553,-48.42066100013709,0.1843434940361738,0.6246009326260159,-0.4402574385898421,8.09253456735129,0.7903169823722731
691,18,18,heldout,10,50,9,0.25,True,False,False,False,False,1.225808024406433,1.7176471948623655,-0.4918391704559326,277.1274591258635,279.7910233007074,-2.663564174843941,2,True,0.1070577835112116,0.1064796162401424,False,False,interaction,277.1274691089343,279.79104030718395,-2.663571198249656,1.3472946830247803,1.8733848497689696,-0.5260901667441893,16.726955500245225,1.368716497222478
692,18,18,heldout,11,55,10,0.275,True,False,False,False,False,0.6390812397003174,1.3446197509765625,-0.7055385112762451,1022.6910189162132,1850.44179570719,-827.7507767909769,2,True,0.1301468584143912,0.1305683993659051,False,False,interaction,1022.6910203624884,1850.4417761809218,-827.7507558184334,0.7105144695482863,1.5157860981877793,-0.805271628639493,43.016761572448964,1.2311726516568582
693,18,18,heldout,12,60,11,0.3,True,False,False,False,False,0.0250914487987756,0.208590567111969,-0.1834991127252578,16.871267791095534,110.90610113179343,-94.0348333406979,3,True,0.0766583110463487,0.0769458033953331,False,False,interaction,16.87126802677383,110.90610315703879,-94.03483513026495,0.02770011594483095,0.22916363010511134,-0.20146351416028038,10.531196663107131,0.47871038228255647
694,18,18,heldout,13,65,12,0.325,True,False,False,False,False,0.0444858036935329,0.2549959719181061,-0.2105101644992828,46.916598685826386,104.89116533439116,-57.97456664856476,3,True,0.0715062047774434,0.0712542425777399,False,False,interaction,46.91659930252762,104.89117120637407,-57.974571903846446,0.04976001458812066,0.28891885654611055,-0.2391588419579899,10.24163908787915,0.5375117268917121
695,18,18,heldout,14,70,13,0.35,True,True,False,True,True,0.0045937038958072,0.0150701329112052,-0.010476429015398,9.392021142511863,16.17716009762304,-6.785138955111176,3,True,0.0095352788519191,0.0153955567297631,False,False,interaction,9.392021050940933,16.177160149524877,-6.785139098583944,0.005232039643198308,0.01693825890781825,-0.011706219264619941,4.022084055502182,0.13014706645874985
696,18,18,heldout,15,75,14,0.375,False,True,False,False,True,0.0464813224971294,0.0433526821434497,0.0031286403536796,46.80885038953189,30.14173596301713,16.66711442651476,3,False,0.0001717624949164,0.006287564836207,False,True,static,46.80885113863923,30.14173589050371,16.667115248135516,0.051109062948437416,0.047709578560927314,0.0033994843875101016,5.490148986184592,0.21842522418651036
697,18,18,heldout,16,80,15,0.4,False,True,True,False,False,0.1345957666635513,0.2775288820266723,-0.142933115363121,85.70346435054996,171.41466196693656,-85.7111976163866,4,False,4.995335152229675e-09,0.0832442227793829,True,False,transport_free,85.7034635408852,171.41467555048692,-85.71121200960172,0.14306036746674408,0.2888722351529708,-0.1458118676862267,13.092542745795674,0.5374683573504312
698,18,18,heldout,17,85,16,0.425,False,True,True,False,False,0.0897701755166053,0.2377644330263137,-0.1479942500591278,48.23885112180969,175.50114860027392,-127.26229747846423,4,False,7.693105701813045e-15,0.1786876572901516,True,False,transport_free,48.238851217002406,175.50114550663363,-127.26229428963123,0.0943626910694786,0.2524179832674762,-0.15805529219799763,13.247684533783012,0.5024121647287974
699,18,18,heldout,18,90,17,0.45,False,True,True,False,False,0.015789171680808,0.0161674115806818,-0.0003782398998737,10.203532078590127,6.346878091215866,3.856653987374261,4,False,0.0,0.0542804277061727,True,False,transport_free,10.203532193069387,6.3468780484576,3.8566541446117872,0.016484750347565014,0.017831163884742967,-0.0013464135371779526,2.5193011031747674,0.13353338116270017
700,18,18,heldout,19,95,18,0.475,False,True,True,False,False,0.0373229384422302,0.120826281607151,-0.0835033431649208,23.935464380011584,53.00702371521937,-29.071559335207784,4,False,0.0,0.1624802747278117,True,False,transport_free,23.935464090718057,53.007022939427884,-29.071558848709827,0.04100348020191057,0.1304585213610985,-0.08945504115918793,7.280592210763344,0.3611904225766493
701,18,18,heldout,20,100,19,0.5,False,True,True,False,False,0.0092418557032942,0.0908494964241981,-0.0816076397895813,9.554588445008855,67.90984648010583,-58.35525803509697,5,False,0.0,0.0795324322126087,True,False,transport_free,9.554588517832473,67.90984660749082,-58.35525808965835,0.00998981478260069,0.09323841449517829,-0.0832485997125776,8.240743085880716,0.30534965939915226
702,18,18,heldout,21,105,20,0.525,False,True,True,False,False,0.0055385828018188,0.1036339402198791,-0.0980953574180603,7.766951478364144,71.29909594040487,-63.532144462040726,5,False,0.0,0.0501904808546916,True,False,transport_free,7.76695148904104,71.29909803171005,-63.532146542669004,0.006195842722963869,0.10755731547990877,-0.1013614727569449,8.443879323611277,0.32795931985523563
703,18,18,heldout,22,110,21,0.55,False,True,True,False,False,0.0091316038742661,0.0494988746941089,-0.0403672717511653,20.916982487680908,27.402689905549767,-6.485707417868859,5,False,0.0,0.0252410805217118,True,False,transport_free,20.916982626878433,27.402690089672348,-6.485707462793915,0.01014407216153086,0.05228899970926062,-0.042144927547729756,5.234757882621922,0.2286678807993388
704,18,18,heldout,23,115,22,0.575,True,True,False,True,False,0.0140470126643776,0.0188206043094396,-0.0047735916450619,29.99861347564745,10.443468810634847,19.5551446650126,5,True,0.0023010684521165,0.0029487404149458,False,False,interaction,29.998613943566795,10.443468792267542,19.555145151299254,0.015326913982486381,0.0204085259711204,-0.005081611988634018,3.231635621827984,0.14285841232185242
705,18,18,heldout,24,120,23,0.6,True,True,False,False,False,0.0532418191432952,0.1248991787433624,-0.0716573596000671,60.559442659997046,105.76364436119148,-45.204201701194435,6,True,0.0398825118166098,0.0393601980343793,False,False,interaction,60.5594425309941,105.76364465579586,-45.20420212480176,0.060072917353646664,0.14007413930441823,-0.08000122195077156,10.284145305070123,0.37426479837732296
706,18,18,heldout,25,125,24,0.625,True,False,False,False,False,0.0872258767485618,0.3928376138210296,-0.3056117296218872,59.80579068171446,312.01665393042754,-252.21086324871308,6,True,0.0747282731565097,0.074447687119814,False,False,interaction,59.80579008030083,312.0166585567435,-252.21086847644267,0.09785261130751188,0.44155262224989045,-0.34370001094237856,17.66399327889205,0.664494260509367
707,18,18,heldout,26,130,25,0.65,True,False,False,False,False,0.2657149136066437,0.8839671015739441,-0.618252158164978,357.2000003375492,1297.799118222397,-940.5991178848478,6,True,0.0878844003382359,0.0878716877669156,False,False,interaction,357.1999929248672,1297.7991199618764,-940.5991270370091,0.30161550177178204,0.9819562266294314,-0.6803407248576494,36.024979111192785,0.9909370447356539
708,18,18,heldout,27,135,26,0.675,True,False,False,False,False,0.0941407158970832,0.3839826881885528,-0.2898419797420501,49.76647391951351,159.72212804745834,-109.95565412794484,6,True,0.0674190986037489,0.0679125409086227,False,False,interaction,49.76647426600076,159.72212229078016,-109.9556480247794,0.10169581972228438,0.42352305592893513,-0.32182723620665077,12.638121786514805,0.6507864902784439
709,18,18,heldout,28,140,27,0.7,True,False,False,False,False,0.308845579624176,0.7124335765838623,-0.4035879969596863,434.0273641515705,779.3834347019896,-345.3560705504191,7,True,0.066817402015033,0.0661616707072541,False,False,interaction,434.0273699075461,779.3834492293121,-345.356079321766,0.3453262053586181,0.8063695653047659,-0.4610433599461478,27.91743987598634,0.8979808268024245
710,18,18,heldout,29,145,28,0.725,True,False,False,False,False,0.0933600887656211,0.2892344295978546,-0.1958743333816528,140.0665001622568,367.7280708308076,-227.6615706685508,7,True,0.0645376015057918,0.0642754443026929,False,False,interaction,140.0665007097176,367.7280657044621,-227.6615649947445,0.10205101505776819,0.31552620423698147,-0.21347518917921326,19.176237005848204,0.561717192399326
711,18,18,heldout,30,150,29,0.75,True,False,False,False,False,0.0292724836617708,0.2777007818222046,-0.2484283000230789,19.01749831152024,159.59552261034457,-140.5780242988243,7,True,0.0843111937138386,0.0841028080849172,False,False,interaction,19.01749845234916,159.59552505742536,-140.57802660507622,0.03261911958305996,0.3061548320537724,-0.27353571247071246,12.633112247479849,0.5533125988568961
712,18,18,heldout,31,155,30,0.775,True,False,False,False,False,0.0382652841508388,0.2152315229177475,-0.1769662350416183,48.0272149683532,119.62850793819037,-71.60129296983717,7,True,0.0639927679388071,0.0641147923870607,False,False,interaction,48.02721543008613,119.62850593700182,-71.60129050691569,0.042330616057604575,0.24216595121015919,-0.1998353351525546,10.937481699961916,0.4921035980463455
713,18,18,heldout,32,160,31,0.8,True,True,False,False,True,0.0157535802572965,0.0196256339550018,-0.0038720536977052,12.449383599808934,7.295149047845335,5.154234551963599,8,True,0.0093985185172341,0.0114228093628435,False,False,interaction,12.449383348860678,7.295149126284572,5.154234222576107,0.016863286211459518,0.021569216662761303,-0.004705930451301785,2.7009533735858104,0.1468646201873048
714,18,18,heldout,33,165,32,0.825,False,True,True,False,False,0.1399817168712616,0.2053006440401077,-0.0653189271688461,70.72807523770109,107.46581416149829,-36.73773892379718,8,False,5.852341989934575e-07,0.0639804933781553,True,False,transport_free,70.72807762655565,107.46581448323089,-36.73773685667524,0.15067835823211728,0.21554429890472818,-0.0648659406726109,10.366571973571151,0.46426748637474946
715,18,18,heldout,34,170,33,0.85,False,True,True,False,False,0.0748134031891822,0.1597253382205963,-0.084911935031414,57.48549374603812,111.1753087640342,-53.68981501799608,8,False,9.324957595746896e-13,0.0910169778004958,True,False,transport_free,57.485492200503266,111.17530782067456,-53.689815620171295,0.07884252688460769,0.16510248080743503,-0.08625995392282734,10.543970211484599,0.4063280458046614
716,18,18,heldout,35,175,34,0.875,False,True,True,False,False,0.0675699636340141,0.1477061361074447,-0.0801361724734306,29.878632822963457,75.47007288914939,-45.59144006618594,8,False,0.0,0.171280429115214,True,False,transport_free,29.878632201192442,75.47007626906684,-45.59144406787439,0.07389197068177725,0.16354597039224025,-0.089653999710463,8.687351510619726,0.4044081730037615
717,18,18,heldout,36,180,35,0.9,False,True,True,False,False,0.0103101814165711,0.0151760391891002,-0.0048658577725291,14.93552273424856,6.038212898045096,8.897309836203464,9,False,0.0,0.0677274762458699,True,False,transport_free,14.935522920436517,6.038212877322375,8.897310043114143,0.011363881343183358,0.01704117178273588,-0.005677290439552523,2.4572775336380657,0.13054183920389617
718,18,18,heldout,37,185,36,0.925,False,True,True,False,False,0.0403811000287532,0.0791080668568611,-0.0387269668281078,27.53975893376395,41.89273760569713,-14.35297867193318,9,False,0.0,0.1085859780755295,True,False,transport_free,27.539759291655752,41.89273613759164,-14.352976845935888,0.045662435351250884,0.0883921061754358,-0.04272967082418492,6.47245982124197,0.2973080997474435
719,18,18,heldout,38,190,37,0.95,False,True,True,False,False,0.006938774138689,0.0512972027063369,-0.0443584285676479,9.173395086911446,37.48736827108657,-28.31397318417512,9,False,0.0,0.0584650504354575,True,False,transport_free,9.173395076497192,37.48736822933652,-28.313973152839324,0.007602208596767225,0.05327743091614268,-0.04567522231937546,6.122692890333184,0.23081904366005568
720,18,18,heldout,39,195,38,0.975,False,True,True,False,False,0.0105390781536698,0.1233764365315437,-0.1128373593091964,13.681949971285592,71.86229504276552,-58.180345071479934,9,False,0.0,0.0673107775265839,True,False,transport_free,13.681950079492053,71.86229561338452,-58.18034553389246,0.011835873526085519,0.12817288067896784,-0.11633700715288232,8.477163181948576,0.3580124029680646
721,18,18,heldout,40,200,39,1.0,False,True,True,False,False,0.0027413945645093,0.1313427090644836,-0.1286013126373291,6.940115761941509,92.34135092971152,-85.40123516777,9,False,0.0,0.041909689737226,True,False,transport_free,6.9401156288929835,92.34135234516036,-85.40123671626738,0.0029305860597194414,0.13814848412706587,-0.13521789806734644,9.60944079253108,0.3716833116068919
722,19,19,heldout,3,15,2,0.075,False,True,True,False,False,0.0150850219652056,0.1210098192095756,-0.1059248000383377,7.266885012830514,7.943062367456725,-0.6761773546262111,0,False,4.2674197509029455e-16,0.0717417875731925,True,False,transport_free,7.266884447087726,7.943062293820927,-0.6761778467332009,0.016260415881525162,0.13662941757254482,-0.12036900169101966,2.818343892043859,0.3696341672147541
723,19,19,heldout,4,20,3,0.1,False,True,True,False,False,0.0139098754152655,0.1965332478284835,-0.1826233714818954,7.96663101732086,15.623038761077629,-7.656407743756769,1,False,0.0,0.0691545412176748,True,False,transport_free,7.966631019562267,15.623040315040777,-7.65640929547851,0.014918717952730748,0.2230306058644469,-0.20811188791171614,3.9525991847189332,0.47226116277378444
724,19,19,heldout,5,25,4,0.125,False,True,True,False,False,0.0123831322416663,0.0456990748643875,-0.0333159416913986,8.859012214311894,4.4718958126052195,4.387116401706675,1,False,0.0,0.0204469411950693,True,False,transport_free,8.859012016272883,4.471896062361405,4.387115953911478,0.013499194097254858,0.04920482779423726,-0.0357056336969824,2.114685807008078,0.22182161254989843
725,19,19,heldout,6,30,5,0.15,True,True,False,True,False,0.0244091656059026,0.0547317676246166,-0.0303226020187139,9.734268251421367,2.8089483139403626,6.925319937481005,1,True,0.0052163035064602,0.008447459820948,False,False,interaction,9.734267613053449,2.8089483795389314,6.925319233514518,0.02530061504847887,0.05792320303134633,-0.03262258798286746,1.675991759985392,0.2406723977346516
726,19,19,heldout,7,35,6,0.175,True,False,False,False,False,0.0646916553378105,0.2228957265615463,-0.1582040786743164,9.826482634806393,14.904405584260443,-5.077922949454052,1,True,0.0693623155911905,0.0689122535363832,False,False,interaction,9.826483223518432,14.904405155005364,-5.077921931486932,0.07063513117328675,0.23731433671564964,-0.16667920554236287,3.8606223792292047,0.4871491934876313
727,19,19,heldout,8,40,7,0.2,True,False,False,False,False,0.5377642512321472,0.8825414776802063,-0.3447772264480591,14.305604961445852,22.43111242103906,-8.125507459593209,2,True,0.0962750686960796,0.0962491453037156,False,False,interaction,14.30560604992349,22.431113237588168,-8.125507187664677,0.5703835999679328,0.9499451103638962,-0.3795615103959634,4.7361496215373275,0.9746512762849573
728,19,19,heldout,9,45,8,0.225,True,False,False,False,False,0.8526350855827332,1.323241949081421,-0.4706068634986877,27.600766810979376,48.0742367538679,-20.473469942888524,2,True,0.1075175224557415,0.1080537545070418,False,False,interaction,27.60076867988361,48.07423141608924,-20.47346273620563,0.9220141743537189,1.4418994583604234,-0.5198852840067045,6.9335583516755115,1.2007911801643212
729,19,19,heldout,10,50,9,0.25,True,False,False,False,False,0.0381725616753101,0.0661102756857872,-0.027937714010477,10.659574296232528,3.654510729995629,7.005063566236899,2,True,0.0270974085692916,0.0276537362285567,False,False,interaction,10.659574656180283,3.654510670404054,7.0050639857762285,0.040371777024782424,0.07068013389110094,-0.03030835686631851,1.911677449363269,0.265857356285473
730,19,19,heldout,11,55,10,0.275,True,False,False,False,False,0.0990193784236908,0.4171781539916992,-0.3181587755680084,13.497758387656722,16.126165311750665,-2.6284069240939427,2,True,0.1031678631662931,0.103714949091537,False,False,interaction,13.497756113618541,16.126165939357303,-2.6284098257387623,0.10932729858423536,0.4446117820146556,-0.3352844834304203,4.0157397748556,0.6667921580332627
731,19,19,heldout,12,60,11,0.3,True,False,False,False,False,0.0289440359920263,0.1909543722867965,-0.1620103418827057,9.706654133368843,11.27968233815063,-1.5730282047817852,3,True,0.071066320807332,0.0709133216712132,False,False,interaction,9.706654281674373,11.279682448754992,-1.5730281670806185,0.032940716328910734,0.2030561220083479,-0.17011540567943717,3.3585238496629723,0.45061748968315457
732,19,19,heldout,13,65,12,0.325,True,False,False,False,False,0.024576773867011,0.1711574792861938,-0.1465807110071182,8.926238737001952,10.950818966072369,-2.024580229070416,3,True,0.0590847039791863,0.0588512718524898,False,False,interaction,8.926238898194603,10.950819566275216,-2.0245806680806133,0.027448884318947073,0.18325677675026308,-0.15580789243131601,3.3092022552686644,0.4280850111254342
733,19,19,heldout,14,70,13,0.35,True,True,False,False,True,0.0026058193761855,0.0048532993532717,-0.0022474799770861,7.1947166132084215,0.4703937540404386,6.724322859167983,3,True,0.0123927159600412,0.0117991069581165,False,False,interaction,7.194716575397885,0.47039375798177446,6.72432281741611,0.0028351491902719687,0.005094825747612041,-0.002259676557340072,0.6858525774404981,0.07137804807930825
734,19,19,heldout,15,75,14,0.375,False,True,False,False,False,0.034606248140335,0.0443729162216186,-0.0097666680812835,8.040995264197663,4.174616484713699,3.8663787794839646,3,False,3.420105004052357e-05,0.0011024088062762,False,True,static,8.040995361458434,4.174616344417085,3.866379017041348,0.03778913178692466,0.04855703361412702,-0.010767901827202359,2.043187789807164,0.22035660556045744
735,19,19,heldout,16,80,15,0.4,False,True,True,False,False,0.2139011174440384,0.2939411401748657,-0.0800400227308273,15.18248100460552,20.55762696271424,-5.375145958108723,4,False,1.6041586825290742e-10,0.0757939566395954,True,False,transport_free,15.182480272987897,20.557627103161224,-5.3751468301733265,0.22645811901314858,0.3146682082047431,-0.08821008919159454,4.534051951969808,0.5609529465157868
736,19,19,heldout,17,85,16,0.425,False,True,True,False,False,0.1895313411951065,0.4362467229366302,-0.2467153817415237,15.948369227045044,23.396168318095004,-7.44779909104996,4,False,1.5612511283791264e-16,0.1212397957581414,True,False,transport_free,15.948368604882523,23.396168855072986,-7.447800250190463,0.20882468071849158,0.4768611349496597,-0.2680364542311681,4.836958636899119,0.6905513268031999
737,19,19,heldout,18,90,17,0.45,False,True,True,False,False,0.0131512088701128,0.0110755488276481,0.0020756600424647,6.684865726804812,0.7416888047144846,5.943176922090328,4,False,0.0,0.0301491684333805,True,False,transport_free,6.684865840791214,0.7416888210664415,5.943177019724772,0.014082359315218765,0.012173607917664446,0.0019087513975543195,0.8612135745948513,0.11033407414604268
738,19,19,heldout,19,95,18,0.475,False,True,True,False,False,0.04621297493577,0.1149139478802681,-0.0687009692192077,7.430022828665069,6.259777789559213,1.170245039105856,4,False,0.0,0.070832831493893,True,False,transport_free,7.430022702555288,6.259778068160133,1.1702446343951545,0.04920108772463888,0.12404138934899656,-0.07484030162435767,2.5019548493448345,0.3521951012563868
739,19,19,heldout,20,100,19,0.5,False,True,True,False,False,0.0163522213697433,0.0790428519248962,-0.0626906305551529,6.292039606219013,4.4187361303352715,1.8733034758837412,5,False,0.0,0.0565847493518127,True,False,transport_free,6.292039728289076,4.418736466949759,1.8733032613393172,0.017031133852725675,0.08578723412601315,-0.06875610027328748,2.10207908199234,0.2928945785193252
740,19,19,heldout,21,105,20,0.525,False,True,True,False,False,0.0161066111177206,0.2314600944519043,-0.2153534889221191,11.270295830700183,16.671802933110254,-5.40150710241007,5,False,0.0,0.0874600256858003,True,False,transport_free,11.270295833726882,16.67180394924452,-5.401508115517638,0.016805235385781433,0.2477378904159739,-0.23093265503019247,4.083112042210515,0.4977327499933814
741,19,19,heldout,22,110,21,0.55,False,True,True,False,False,0.013731968589127,0.1683458089828491,-0.1546138375997543,10.481016078260176,12.372403699350905,-1.8913876210907272,5,False,0.0,0.0506588487488256,True,False,transport_free,10.481016143288414,12.372404479103489,-1.8913883358150745,0.014559229719478315,0.18095558260202851,-0.1663963528825502,3.5174428892454657,0.42538874291879014
742,19,19,heldout,23,115,22,0.575,True,True,False,True,False,0.0036096030380576,0.0341441147029399,-0.0305345114320516,8.141974482295382,3.1806833989293515,4.96129108336603,5,True,0.0032597112553544,0.0026278284798921,False,False,interaction,8.141974486910724,3.18068353893446,4.961290947976265,0.0037442391511566856,0.03644233107694473,-0.03269809192578804,1.7834470945151302,0.1908987456138587
743,19,19,heldout,24,120,23,0.6,True,False,False,False,False,0.0751043930649757,0.3695228099822998,-0.2944184243679046,8.9614508937989,19.939946857605552,-10.978495963806653,6,True,0.0802391853098705,0.0796651833533637,False,False,interaction,8.961450415432852,19.939948881997836,-10.978498466564984,0.0796201738085959,0.3901250498617972,-0.3105048760532013,4.46541698859108,0.6245999118330047
744,19,19,heldout,25,125,24,0.625,True,False,False,False,False,0.2061801105737686,0.3805525302886963,-0.1743724197149276,16.749627514464482,20.38543773864771,-3.635810224183228,6,True,0.0875955482900705,0.0879308083721466,False,False,interaction,16.74962853836493,20.38543867585548,-3.635810137490548,0.23252843798081413,0.4179254692815008,-0.1853970313006867,4.5150236628234275,0.6464715533428372
745,19,19,heldout,26,130,25,0.65,True,False,False,False,False,0.1489503979682922,0.3154641687870025,-0.1665137708187103,13.899640099483427,18.22887181350593,-4.329231714022502,6,True,0.0391769023988627,0.0395473498311609,False,False,interaction,13.899640343867473,18.228872195113755,-4.329231851246282,0.16445235558237437,0.3444776672943377,-0.18002531171196334,4.269528334033369,0.5869221986723093
746,19,19,heldout,27,135,26,0.675,True,False,False,False,False,0.0075476639904081,0.0098625849932432,-0.002314921002835,7.062162329965763,1.0461994745036012,6.015962855462162,6,True,0.0073059356099332,0.0074259432284837,False,False,interaction,7.062162381709965,1.0461994463882995,6.0159629353216655,0.008229329366865936,0.010344177699855727,-0.002114848332989791,1.0228389151710544,0.10170633067737586
747,19,19,heldout,28,140,27,0.7,True,False,False,False,False,0.2422832697629928,0.4964822232723236,-0.2541989684104919,22.574283879696676,31.274690057465772,-8.700406177769096,7,True,0.0479987686412928,0.0476796033220273,False,False,interaction,22.57428193830188,31.27468792481929,-8.70040598651741,0.2590166383858585,0.5388869392780098,-0.2798703008921513,5.592377662928291,0.7340891902745945
748,19,19,heldout,29,145,28,0.725,True,False,False,False,False,0.0287095960229635,0.1598911434412002,-0.1311815530061721,9.283564776120215,9.799470500107404,-0.5159057239871867,7,True,0.0629559583219765,0.062463395730154,False,False,interaction,9.283564304922004,9.799469804197999,-0.5159054992759948,0.03205729587668276,0.1699141982046891,-0.13785690232800632,3.130410484936121,0.4122064994692455
749,19,19,heldout,30,150,29,0.75,True,False,False,False,False,0.0372951738536357,0.186282142996788,-0.1489869654178619,9.385005552538244,7.840347534468383,1.5446580180698612,7,True,0.0624159139774101,0.0621335478911861,False,False,interaction,9.385005668153518,7.840347417616933,1.5446582505365845,0.03989700402802146,0.19639420889999745,-0.156497204871976,2.8000620381728925,0.44316386235792904
750,19,19,heldout,31,155,30,0.775,True,True,False,False,False,0.0267870556563138,0.1235526800155639,-0.0967656224966049,9.19050376897214,10.963087603074904,-1.7725838341027649,7,True,0.0346946929890328,0.0351721427958531,False,False,interaction,9.190503816526382,10.963088648600603,-1.7725848320742212,0.02939717080656759,0.13107861998621953,-0.10168144917965194,3.311055518803725,0.3620478145027526
751,19,19,heldout,32,160,31,0.8,False,True,True,False,True,0.0984735563397407,0.1171939074993133,-0.0187203511595726,10.879532939516638,10.477172775082709,0.4023601644339294,8,False,0.0003139580244188,0.0205285886111557,True,False,transport_free,10.87953344837453,10.477173675893281,0.4023597724812493,0.10548040573779711,0.12619508344831248,-0.02071467771051537,3.2368462545961743,0.3552394733814255
752,19,19,heldout,33,165,32,0.825,False,True,True,False,False,0.173196256160736,0.2913452088832855,-0.1181489527225494,14.795121752011752,21.00692996219103,-6.211808210179278,8,False,9.138535634616147e-10,0.0861276488191833,True,False,transport_free,14.795121023735035,21.006932183413515,-6.211811159678479,0.18301039208022937,0.3118420118839381,-0.12883161980370875,4.583331995766128,0.5584281617933843
753,19,19,heldout,34,170,33,0.85,False,True,True,False,False,0.1460409611463546,0.4276866912841797,-0.2816457152366638,15.24567278622859,20.671585986160377,-5.425913199931786,8,False,1.2850308834342345e-15,0.1339176944006084,True,False,transport_free,15.245672835279786,20.671589214495516,-5.42591637921573,0.1602085104671843,0.4644245836377508,-0.30421607317056654,4.546601941504833,0.6814870384957815
754,19,19,heldout,35,175,34,0.875,False,True,True,False,False,0.0690619572997093,0.1478452831506729,-0.0787833258509635,22.63609936936746,12.407888162933446,10.228211206434016,8,False,0.0,0.1556712231514311,True,False,transport_free,22.636099440063536,12.407888796194404,10.228210643869131,0.07522014980466891,0.1627529731063597,-0.08753282330169078,3.522483328022207,0.4034265399132284
755,19,19,heldout,36,180,35,0.9,False,True,True,False,False,0.0567790828645229,0.14552603662014,-0.0887469500303268,11.288791884094543,11.498661683395271,-0.2098697993007263,9,False,0.0,0.1537577142643954,True,False,transport_free,11.288792539607565,11.49866065513834,-0.20986811553077445,0.06297910880748962,0.16094697192158539,-0.09796786311409576,3.3909675101861914,0.40118196858979766
756,19,19,heldout,37,185,36,0.925,False,True,True,False,False,0.0946870073676109,0.3322037756443023,-0.2375167608261108,12.24374709409696,20.236006922798097,-7.992259828701133,9,False,0.0,0.1219067798152069,True,False,transport_free,12.243746865397476,20.236009194659093,-7.992262329261617,0.10023274835156472,0.3617117544805999,-0.2614790061290352,4.498445197472021,0.6014247704248636
757,19,19,heldout,38,190,37,0.95,False,True,True,False,False,0.0146102905273437,0.1146624460816383,-0.1000521555542945,8.27038368015731,7.315879058481163,0.954504621676148,9,False,0.0,0.0493161546652132,True,False,transport_free,8.27038344995329,7.315879009954341,0.9545044399989484,0.014608020208480552,0.12285075254492228,-0.10824273233644173,2.7047881636006803,0.3505007168964456
758,19,19,heldout,39,195,38,0.975,False,True,True,False,False,0.0076440847478806,0.094508446753025,-0.0868643596768379,8.532116074902456,6.683919129986436,1.84819694491602,9,False,0.0,0.0425218835669545,True,False,transport_free,8.532116195763878,6.6839190045437205,1.8481971912201578,0.007847021130117133,0.10102416588327877,-0.09317714475316163,2.5853276396897398,0.3178429893568187
759,19,19,heldout,40,200,39,1.0,False,True,False,False,False,0.0069568608887493,0.0633689686655998,-0.0564121082425117,8.471264517709486,5.43106091542806,3.0402036022814256,9,False,0.0,0.0113886551520344,False,True,static,8.47126452392415,5.43106112366227,3.0402034002618796,0.007118750944342588,0.06690301093778926,-0.05978425999344667,2.3304637142985665,0.25865616354107873
760,20,20,heldout,3,15,2,0.075,False,True,True,False,False,0.0038015022873878,0.0883936583995819,-0.084592156112194,6.1734516895252485,3.1098332224621603,3.063618467063088,0,False,4.2674197509029455e-16,0.0654641149411716,True,False,transport_free,6.173451633900032,3.10983349368842,3.063618140211612,0.00401254669222174,0.09530569467158474,-0.091293147979363,1.7634719996893684,0.30871620409622935
761,20,20,heldout,4,20,3,0.1,False,True,True,False,False,0.0136460429057478,0.1671295911073684,-0.1534835547208786,6.921739824016041,6.2426840681621485,0.6790557558538923,1,False,0.0,0.0651875752942475,True,False,transport_free,6.921739527681059,6.242683393046181,0.6790561346348785,0.01466687697572292,0.1811886978347219,-0.166521820858999,2.49853625009648,0.4256626573176486
762,20,20,heldout,5,25,4,0.125,False,True,True,False,False,0.0046098544262349,0.0751695707440376,-0.0705597177147865,6.962192511576639,4.676162536628446,2.2860299749481925,1,False,0.0,0.0237630289318474,True,False,transport_free,6.962192463255188,4.6761626266838165,2.2860298365713714,0.004862903955160903,0.08229877186478018,-0.07743586790961929,2.1624436701759,0.2868776252425068
763,20,20,heldout,6,30,5,0.15,True,True,False,True,False,0.0041605518199503,0.0173685904592275,-0.0132080391049385,6.6765516889237455,1.493159474591834,5.183392214331912,1,True,0.0050031932147946,0.0034184199324212,False,False,interaction,6.676551773770822,1.493159433212335,5.183392340558488,0.0043092034772132925,0.01790374289711932,-0.013594539419906028,1.2219490305296432,0.1338048687347337
764,20,20,heldout,7,35,6,0.175,True,False,False,False,False,0.1466800421476364,0.3903749883174896,-0.2436949461698532,14.826850732971655,14.166960814874214,0.6598899180974431,1,True,0.0880201857817811,0.0876925075133819,False,False,interaction,14.826852082833454,14.166963168716398,0.6598889141170563,0.14966701975658994,0.3983872597125712,-0.24872023995598128,3.7639026513336393,0.6311792611553165
765,20,20,heldout,8,40,7,0.2,True,False,False,False,False,0.636994481086731,1.4121028184890747,-0.7751083374023438,20.161224286008025,42.02951434092571,-21.868290054917683,2,True,0.1069027471538238,0.1072178936569567,False,False,interaction,20.16122155761607,42.02951922794368,-21.86829767032761,0.6782888446564312,1.4651931465375803,-0.786904301881149,6.48301775625701,1.2104516291606122
766,20,20,heldout,9,45,8,0.225,True,False,False,False,False,1.0681143999099731,1.8303085565567017,-0.7621941566467285,16.815856446681483,30.68107040144044,-13.865213954758955,2,True,0.1246864199418353,0.1260977331613185,False,False,interaction,16.815861433797508,30.681069862956463,-13.865208429158955,1.1081443818648005,1.9308530660379033,-0.8227086841731028,5.539049545089524,1.3895513902112089
767,20,20,heldout,10,50,9,0.25,True,False,False,False,False,0.091262936592102,0.2342479228973388,-0.1429849863052368,10.98468477104071,4.691516444247674,6.293168326793036,2,True,0.0433501307243857,0.044571735356251,False,False,interaction,10.984684792757285,4.691517148460997,6.293167644296288,0.09852055488096957,0.25201563638128294,-0.15349508150031338,2.1659910314821245,0.5020115898874078
768,20,20,heldout,11,55,10,0.275,True,False,False,False,False,0.0805547162890434,0.5298937559127808,-0.4493390321731567,13.834487911371504,27.59656831022848,-13.762080398856977,2,True,0.1003240465153514,0.1006251965639942,False,False,interaction,13.834487702726202,27.59656728426611,-13.76207958153991,0.0867086044045053,0.5798787770789855,-0.4931701726744802,5.253243501330022,0.7614977196807522
769,20,20,heldout,12,60,11,0.3,True,False,False,False,False,0.0371219404041767,0.1719205975532531,-0.1347986608743667,11.43459305404228,5.25804060504406,6.176552448998222,3,True,0.0631442375483268,0.0631342322399009,False,False,interaction,11.434593384018001,5.258040533775907,6.176552850242094,0.037534352334769115,0.17521883288941906,-0.13768448055464994,2.293041764507552,0.41859148688120623
770,20,20,heldout,13,65,12,0.325,True,False,False,False,False,0.027950644493103,0.1790953278541565,-0.1511446833610534,10.392964052465745,6.217826734164003,4.175137318301742,3,True,0.0603090980932016,0.0599583316872527,False,False,interaction,10.392964122187127,6.217827506396048,4.175136615791079,0.027656955525574622,0.1812047278283531,-0.15354777230277847,2.4935571993431487,0.42568148635846625
771,20,20,heldout,14,70,13,0.35,True,True,False,False,False,0.0119756609201431,0.0390311665832996,-0.0270555056631565,9.265232542990669,2.5146911605441447,6.750541382446524,3,True,0.0236990745461015,0.0241646017606875,False,False,interaction,9.26523260047568,2.5146909504169344,6.7505416500587465,0.012318381405968477,0.040705664435326486,-0.02838728302935801,1.585777711539967,0.20175644831163758
772,20,20,heldout,15,75,14,0.375,False,True,True,False,True,0.0229644626379013,0.0215356368571519,0.0014288257807493,8.588354554922281,1.7368714167170307,6.851483138205251,3,False,0.0013214937371869,0.0034682411435535,True,False,transport_free,8.58835443178797,1.7368715031774518,6.851482928610518,0.024311954894873995,0.022585052707769684,0.0017269021871043101,1.317904208650026,0.15028324160654002
773,20,20,heldout,16,80,15,0.4,False,True,True,False,False,0.1408690810203552,0.2128878384828567,-0.0720187574625015,12.454171643661596,9.657489678871194,2.7966819647904018,4,False,1.9177865952146435e-09,0.0611753955588126,True,False,transport_free,12.454171411449833,9.657489736478697,2.7966816749711363,0.15096719769979047,0.23281475631311277,-0.0818475586133223,3.1076501953210074,0.48250881475172325
774,20,20,heldout,17,85,16,0.425,False,True,True,False,False,0.1408625841140747,0.3128589689731598,-0.171996384859085,21.400859457656782,18.582202735651475,2.818656722005308,4,False,2.9713458565620692e-15,0.1121995835968339,True,False,transport_free,21.400860154061046,18.58220357638151,2.818656577679537,0.14418724450971873,0.3312533260828131,-0.18706608157309437,4.310708013352506,0.5755461111699158
775,20,20,heldout,18,90,17,0.45,False,True,True,False,False,0.0368054807186126,0.0754790529608726,-0.0386735722422599,15.665616361176657,5.328630764926663,10.336985596249992,4,False,0.0,0.1100706895463034,True,False,transport_free,15.66561645996758,5.328630513692798,10.336985946274783,0.03770977474729238,0.07830564951694986,-0.04059587476965748,2.308382661885329,0.27983146627380895
776,20,20,heldout,19,95,18,0.475,False,True,True,False,False,0.0442528538405895,0.061515424400568,-0.0172625705599784,12.32814247101716,4.032658367373036,8.295484103644124,4,False,0.0,0.0945952671685744,True,False,transport_free,12.328141987970767,4.032658484218402,8.295483503752365,0.04678262800846512,0.06438087646765667,-0.01759824845919155,2.008148023482931,0.2537338693743046
777,20,20,heldout,20,100,19,0.5,False,True,True,False,False,0.0530373267829418,0.0863288938999176,-0.0332915671169757,12.48854147130072,5.504338719638675,6.984202751662044,5,False,0.0,0.0779922680268921,True,False,transport_free,12.488541402101609,5.504338248690266,6.984203153411342,0.056679884521435485,0.09086549820466738,-0.0341856136832319,2.3461326153246893,0.30143904558744106
778,20,20,heldout,21,105,20,0.525,False,True,True,False,False,0.0130847664549946,0.1704820394515991,-0.1573972702026367,12.083650195614908,9.44011131014613,2.6435388854687787,5,False,0.0,0.0710306780777725,True,False,transport_free,12.083650215902056,9.440111498951428,2.643538716950628,0.013964406812680253,0.1856109725620051,-0.17164656574932485,3.072476444002692,0.430825919092625
779,20,20,heldout,22,110,21,0.55,False,True,True,False,False,0.0150572871789336,0.191269114613533,-0.1762118339538574,9.640283733577467,8.015875337091549,1.6244083964859186,5,False,0.0,0.0574941340645188,True,False,transport_free,9.640283708486619,8.01587583599467,1.6244078724919486,0.015273365621503878,0.2064459776512109,-0.191172612029707,2.831232211598807,0.4543632661771976
780,20,20,heldout,23,115,22,0.575,True,True,False,True,False,0.0030199654866009,0.0345428772270679,-0.031522911041975,9.919730787808223,2.0838653250732952,7.83586546273493,5,True,0.0016687518438375,0.0080676033989237,False,False,interaction,9.919730740862592,2.0838654278399815,7.835865313022611,0.0030089340096787786,0.03615515900013056,-0.033146224990451785,1.4435599841502886,0.1901450998583202
781,20,20,heldout,24,120,23,0.6,True,True,False,False,False,0.0329640693962574,0.071888618171215,-0.0389245487749576,10.124753665504784,3.952209900292993,6.172543765211792,6,True,0.0259796160546768,0.0253353307371596,False,False,interaction,10.124753533836435,3.952210143684878,6.1725433901515565,0.03441095232765036,0.07591608677475119,-0.04150513444710083,1.9880166356660294,0.2755287403788418
782,20,20,heldout,25,125,24,0.625,True,False,False,False,False,0.0681031644344329,0.2121889442205429,-0.1440857797861099,9.77785248137052,5.367716598590811,4.410135882779708,6,True,0.0772652660796939,0.0773245752357113,False,False,interaction,9.77785267793474,5.36771807891397,4.410134599020771,0.06930358409365918,0.21383213382555533,-0.14452854973189616,2.316833632118191,0.4624198674641427
783,20,20,heldout,26,130,25,0.65,True,False,False,False,False,0.4643816947937011,1.04954993724823,-0.5851682424545288,17.526491469991495,34.275774102588855,-16.74928263259736,6,True,0.0982270487802944,0.0985619931894069,False,False,interaction,17.526489007098295,34.275772554374655,-16.74928354727636,0.5124601888102166,1.1512135360765103,-0.6387533472662937,5.854551439211603,1.0729461943995655
784,20,20,heldout,27,135,26,0.675,True,False,False,False,False,0.1154778823256492,0.2398963421583175,-0.1244184598326683,26.964137374006736,47.49246400967717,-20.528326635670435,6,True,0.0479027813736898,0.0494253763114221,False,False,interaction,26.964135016437126,47.49246048301808,-20.528325466580952,0.1245704486348281,0.2608551146565034,-0.13628466602167533,6.8914773802877765,0.510739771954861
785,20,20,heldout,28,140,27,0.7,True,False,False,False,False,0.277091771364212,0.5794966220855713,-0.3024048507213592,24.51220766766751,67.75478943457834,-43.24258176691083,7,True,0.060462313768316,0.0604119977906548,False,False,interaction,24.512210613201272,67.75479309506467,-43.242582481863394,0.3048781920330956,0.6392057872873008,-0.33432759525420525,8.231329971217571,0.7995034629614188
786,20,20,heldout,29,145,28,0.725,True,False,False,False,False,0.1618265211582183,0.374323159456253,-0.2124966382980346,18.459371597033957,11.531791681996182,6.927579915037775,7,True,0.0650132109059966,0.0648821180579072,False,False,interaction,18.45937121755827,11.531790096651129,6.927581120907142,0.16922375296612113,0.4018370452892523,-0.23261329232313116,3.3958489508002456,0.633906180194871
787,20,20,heldout,30,150,29,0.75,True,False,False,False,False,0.029376545920968,0.2401961833238601,-0.2108196318149566,9.312239745867736,10.791712928866868,-1.4794731829991292,7,True,0.0757005657455692,0.0752762133584601,False,False,interaction,9.31223954506776,10.79171364350204,-1.479474098434281,0.029296832107804927,0.24782788220609606,-0.21853105009829113,3.2850743741203243,0.49782314350188267
788,20,20,heldout,31,155,30,0.775,True,True,False,False,False,0.0320506133139133,0.1103186830878257,-0.0782680660486221,12.527625788015518,5.5696942091981585,6.95793157881736,7,True,0.0450816444847317,0.0452751798251111,False,False,interaction,12.527626087045036,5.569693849806053,6.957932237238983,0.03216407326152878,0.11102203504195635,-0.07885796178042756,2.3600198833497257,0.33319969243976855
789,20,20,heldout,32,160,31,0.8,True,True,False,False,True,0.0184079799801111,0.0258729550987482,-0.007464975118637,8.80668559734088,2.063708035049268,6.742977562291612,8,True,0.002000846495525,0.0075006924542497,False,False,interaction,8.806685580248617,2.0637081692236223,6.742977411024995,0.01965102152591479,0.027288577040727856,-0.007637555514813068,1.4365612305862991,0.16519254535458874
790,20,20,heldout,33,165,32,0.825,False,True,True,False,False,0.1196545585989952,0.1569269001483917,-0.0372723415493965,9.923255323924392,4.806238028141078,5.117017295783314,8,False,9.198746471213237e-09,0.0466108220820689,True,False,transport_free,9.923255514776457,4.806237492900315,5.1170180218761425,0.12600504570258514,0.1685188221132007,-0.04251377641061557,2.192313274352075,0.4105104409308011
791,20,20,heldout,34,170,33,0.85,False,True,True,False,False,0.150169089436531,0.2585644423961639,-0.1083953529596328,14.042874190702705,11.76797340731042,2.274900783392283,8,False,1.4634244042653087e-14,0.0847849042296186,True,False,transport_free,14.042873348011478,11.767973186403715,2.2749001616077624,0.15863093716049131,0.27878271744929206,-0.12015178028880075,3.430447957104686,0.5279987854619479
792,20,20,heldout,35,175,34,0.875,False,True,True,False,False,0.054929107427597,0.1832675486803054,-0.1283384412527084,10.071154680003646,10.124762354354134,-0.0536076743504878,8,False,0.0,0.0990748625709359,True,False,transport_free,10.071154646770342,10.124764049663673,-0.05360940289333094,0.05780980473449258,0.19082791844438482,-0.13301811370989225,3.18194343910505,0.43683854963176594
793,20,20,heldout,36,180,35,0.9,False,True,False,False,False,0.0136829754337668,0.0007439902401529,0.0129389856010675,8.832751939193347,0.070409614081935,8.762342325111412,9,False,3.469446951953614e-18,0.0107375335062009,False,True,static,8.83275198807564,0.07040961365387555,8.762342374421765,0.01412446368409695,0.0007856330188539465,0.013338830665243002,0.2653480990206554,0.02802914588163447
794,20,20,heldout,37,185,36,0.925,False,True,True,False,False,0.0150322997942566,0.080134242773056,-0.0651019439101219,11.73899055733284,4.676582561264024,7.062407996068816,9,False,0.0,0.0673226530293465,True,False,transport_free,11.738990662095063,4.676582637926036,7.062408024169026,0.015246911349618681,0.08380616368341065,-0.06855925233379197,2.1625407829509333,0.2894929423723671
795,20,20,heldout,38,190,37,0.95,False,True,True,False,False,0.012700374238193,0.1096893772482872,-0.0969890058040618,12.567123741152356,4.9976671605008995,7.569456580651456,9,False,0.0,0.0631206485547082,True,False,transport_free,12.567123548600096,4.997667420997466,7.5694561276026295,0.012789674839974346,0.1160071562429192,-0.10321748140294486,2.235546336132952,0.34059823288284863
796,20,20,heldout,39,195,38,0.975,False,True,True,False,False,0.012331317178905,0.1810238808393478,-0.1686925590038299,10.258783275908131,8.781618947166388,1.477164328741745,9,False,0.0,0.0659491571635425,True,False,transport_free,10.258783382250119,8.781619029789368,1.4771643524607505,0.012766822770978436,0.19711734648933132,-0.1843505237183529,2.9633796634568053,0.44397899329735335
797,20,20,heldout,40,200,39,1.0,False,True,True,False,False,0.0055840131826698,0.0824062153697013,-0.0768221989274025,8.924839626204692,3.89298025600467,5.0318593702000225,9,False,0.0,0.0308016272252669,True,False,transport_free,8.924839702302426,3.892980333264207,5.031859369038219,0.005663441900032758,0.08930929354207302,-0.08364585164204026,1.9730636921458484,0.29884660537150665
798,21,21,heldout,3,15,2,0.075,False,True,True,False,False,0.0097461910918354,0.0747212842106819,-0.0649750903248786,12.619278112058751,17.134328097133206,-4.515049985074455,0,False,4.2674197509029455e-16,0.0926445246026937,True,False,transport_free,12.619278101984927,17.134327827787484,-4.515049725802557,0.011081486531344845,0.07792805377901876,-0.06684656724767392,4.139363215252738,0.2791559667623437
799,21,21,heldout,4,20,3,0.1,False,True,True,False,False,0.0176738034933805,0.1669856756925583,-0.1493118703365326,17.185263776454352,40.7320427815466,-23.54677900509225,1,False,0.0,0.0759755835869936,True,False,transport_free,17.185263574727433,40.732041420926784,-23.54677784619935,0.018889025171682734,0.17738942898848364,-0.15850040381680092,6.382165887919773,0.4211762445680948
800,21,21,heldout,5,25,4,0.125,False,True,True,False,False,0.0079593760892748,0.1115595921874046,-0.1036002188920974,11.829674882532714,54.65544058097985,-42.825765698447135,1,False,0.0,0.030594570121482,True,False,transport_free,11.829674963494027,54.6554391693925,-42.82576420589847,0.008599943387181045,0.12253883208985077,-0.11393888870266972,7.392931703282027,0.3500554700184683
801,21,21,heldout,6,30,5,0.15,True,True,False,True,False,0.014390361495316,0.0160969737917184,-0.0017066122964024,18.10797311186749,12.279822781279968,5.828150330587523,1,True,0.0024458505218366,0.0052518880565458,False,False,interaction,18.107972821178084,12.27982267082732,5.828150150350764,0.016250959015200118,0.01761889503848174,-0.0013679360232816233,3.5042577917195703,0.1327361858668605
802,21,21,heldout,7,35,6,0.175,True,False,False,False,False,0.0654806643724441,0.3062641322612762,-0.2407834678888321,40.72942788553471,144.58332926679353,-103.85390138125882,1,True,0.0683342212628558,0.0683403391674186,False,False,interaction,40.729429066218586,144.58333005655527,-103.85390099033668,0.06906494341100727,0.32430534352997165,-0.2552404001189644,12.024280854028454,0.569478132617901
803,21,21,heldout,8,40,7,0.2,True,False,False,False,False,0.1827986240386963,0.3877595961093902,-0.2049609720706939,237.50683985252,269.74817934560156,-32.24133949308154,2,True,0.0935078282550326,0.0936436009578548,False,False,interaction,237.50684517415934,269.7481775388167,-32.24133236465738,0.20116047476883145,0.4208885995893223,-0.21972812482049084,16.42401222414355,0.6487592770738021
804,21,21,heldout,9,45,8,0.225,True,False,False,False,False,0.7246509194374084,1.206483244895935,-0.4818323254585266,164.12892189301638,380.4218994166733,-216.2929775236569,2,True,0.1210320942844419,0.1210394707866109,False,False,interaction,164.1289236776889,380.4219061141568,-216.2929824364679,0.7939761042481898,1.3211299914641417,-0.5271538872159519,19.504407351010613,1.1494041897714404
805,21,21,heldout,10,50,9,0.25,True,False,False,False,False,0.2128244638442993,0.2691571116447449,-0.0563326478004455,220.1737836165437,295.8745111233134,-75.70072750676977,2,True,0.0602131349899831,0.061099930939306,False,False,interaction,220.17378364016477,295.8745047542645,-75.70072111409971,0.2381024030421568,0.30299149400660746,-0.06488909096445067,17.20100301593673,0.5504466313881914
806,21,21,heldout,11,55,10,0.275,True,False,False,False,False,0.4349546432495117,0.8725159764289856,-0.4375613331794739,156.9091416319787,321.95114503781775,-165.04200340583904,2,True,0.1175238730076177,0.1181265468811664,False,False,interaction,156.90914299182487,321.9511360983731,-165.04199310654826,0.49150052967458696,0.9572618487911105,-0.4657613191165236,17.94299685388071,0.978397592388243
807,21,21,heldout,12,60,11,0.3,True,False,False,False,False,0.0859410241246223,0.4107421934604645,-0.3248011767864227,69.76058722299992,193.2177583270692,-123.4571711040693,3,True,0.0933129736189437,0.0932505285290086,False,False,interaction,69.76058549512999,193.21775587584435,-123.45717038071436,0.09383829302894614,0.44147388877643867,-0.34763559574749253,13.900278985539979,0.6644350147128301
808,21,21,heldout,13,65,12,0.325,True,False,False,False,False,0.1105725094676017,0.2774344682693481,-0.1668619513511657,107.35994083316476,129.50228458757942,-22.142343754414657,3,True,0.0745886345767402,0.0741235240440397,False,False,interaction,107.35994071330084,129.50228650227567,-22.142345788974822,0.12085858251069648,0.3050129721526142,-0.18415438964191772,11.37990713943992,0.5522797951696352
809,21,21,heldout,14,70,13,0.35,True,True,False,False,True,0.0376465655863285,0.0827926471829414,-0.0451460815966129,32.897798497169084,60.94228069965141,-28.044482202482328,3,True,0.0153618678606731,0.0189844362649684,False,False,interaction,32.897798065238945,60.942282340658075,-28.04448427541913,0.04080948960829029,0.08932852721069269,-0.0485190376024024,7.806553806940555,0.29887878347365626
810,21,21,heldout,15,75,14,0.375,False,True,True,False,False,0.0926762446761131,0.1217628940939903,-0.0290866494178771,27.063517190079676,39.16347095333675,-12.099953763257073,3,False,1.071571534261057e-06,0.0419884220472895,True,False,transport_free,27.06351605153853,39.16347115033262,-12.099955098794087,0.10265489935310844,0.13439145311117967,-0.03173655375807123,6.258072478833448,0.36659439863584886
811,21,21,heldout,16,80,15,0.4,False,True,True,False,False,0.1102623417973518,0.2476884573698043,-0.1374261081218719,49.950097751493445,112.33174689138424,-62.38164913989078,4,False,1.7114007467111345e-12,0.0904687972993035,True,False,transport_free,49.95009774442358,112.33174274076005,-62.38164499633647,0.11811091428733848,0.2655526081780304,-0.1474416938906919,10.598667026601037,0.5153179680333594
812,21,21,heldout,17,85,16,0.425,False,True,True,False,False,0.0432613007724285,0.1046513095498085,-0.0613900087773799,21.029971823463665,54.4378853850392,-33.40791356157554,4,False,0.0,0.0880066688391431,True,False,transport_free,21.029972074159804,54.43788413318549,-33.40791205902569,0.04579422480934861,0.11230016958195192,-0.06650594477260331,7.378203313353834,0.3351121746250827
813,21,21,heldout,18,90,17,0.45,False,True,True,False,False,0.0068447538651525,0.0092269023880362,-0.0023821485228836,9.641309831418589,4.624853835770623,5.016455995647964,4,False,0.0,0.0256674379646531,True,False,transport_free,9.64130976310401,4.624853752366509,5.0164560107375005,0.007460490831964896,0.009902240900886554,-0.0024417500689216587,2.150547314607728,0.09951000402415103
814,21,21,heldout,19,95,18,0.475,False,True,True,False,False,0.0300504639744758,0.0970067307353019,-0.0669562667608261,14.926537269276553,47.24484008489629,-32.31830281561974,4,False,0.0,0.0756433823876304,True,False,transport_free,14.926538031433873,47.24484140054171,-32.31830336910784,0.034250869595296225,0.10389508591732587,-0.06964421632202963,6.873488299294741,0.32232760650823233
815,21,21,heldout,20,100,19,0.5,False,True,True,False,False,0.0136832306161522,0.0813711658120155,-0.0676879361271858,11.893208754286364,36.805333193664026,-24.912124439377664,5,False,0.0,0.0517943520051322,True,False,transport_free,11.893208910560759,36.80533246002216,-24.9121235494614,0.015536924040785945,0.08699259744747488,-0.07145567340668893,6.066739854322266,0.2949450753063609
816,21,21,heldout,21,105,20,0.525,False,True,True,False,False,0.0072578731924295,0.0860575661063194,-0.078799694776535,9.888611462937282,34.59601764147084,-24.707406178533553,5,False,0.0,0.0462643276178804,True,False,transport_free,9.888611442587226,34.5960175064031,-24.707406063815874,0.00805765729340121,0.09315660175658409,-0.08509894446318288,5.881837936087928,0.30521566433684905
817,21,21,heldout,22,110,21,0.55,False,True,True,False,False,0.024933049455285,0.0654233172535896,-0.0404902696609497,32.27933619769802,21.96210907430537,10.317227123392652,5,False,0.0,0.0258982335519182,True,False,transport_free,32.27933590375776,21.962110463340043,10.317225440417719,0.02806926632442273,0.07182043144338149,-0.043751165118958754,4.686374981085065,0.26799334216241544
818,21,21,heldout,23,115,22,0.575,True,True,False,True,False,0.0262028072029352,0.0577008910477161,-0.0314980819821357,35.15128208964575,54.99377592559066,-19.84249383594491,5,True,0.0067802044339964,0.0059067480440941,False,False,interaction,35.15128190286515,54.99377621408374,-19.842494311218587,0.029795725652079524,0.06771293364579921,-0.037917207993719684,7.4157788676634455,0.26021708945762806
819,21,21,heldout,24,120,23,0.6,True,False,False,False,False,0.0388680770993232,0.1305908560752868,-0.0917227789759635,20.744478705762813,55.61463720018105,-34.870158494418234,6,True,0.0429133794150716,0.0428004642526375,False,False,interaction,20.74447869547543,55.61463448478977,-34.87015578931434,0.041186562506835174,0.14081987849421215,-0.09963331598737699,7.457522006993326,0.3752597480335616
820,21,21,heldout,25,125,24,0.625,True,False,False,False,False,0.0449423603713512,0.1863840073347091,-0.1414416432380676,39.60812939584552,54.120010361010394,-14.511880965164876,6,True,0.0603769350377114,0.0601936662911066,False,False,interaction,39.60813154337634,54.12001081910123,-14.511879275724894,0.049842769145618304,0.2077597104655934,-0.1579169413199751,7.356630398429789,0.45580665908430235
821,21,21,heldout,26,130,25,0.65,True,False,False,False,False,0.8768355846405029,1.739251732826233,-0.86241614818573,228.36682027171696,522.1617544220065,-293.7949341502896,6,True,0.1223229510836548,0.1235569454044695,False,False,interaction,228.3668329968065,522.1617418772704,-293.79490888046394,1.0103085399048533,1.9410660676217937,-0.9307575277169404,22.85085866827044,1.39322147113149
822,21,21,heldout,27,135,26,0.675,True,False,False,False,False,0.1201577186584472,0.1953787058591842,-0.075220987200737,22.04346087771586,23.193509128051872,-1.1500482503360132,6,True,0.0536638671375296,0.0535024247622999,False,False,interaction,22.04346189882592,23.193509441483556,-1.150047542657635,0.13957578799640855,0.2184431689586357,-0.07886738096222715,4.815964019953176,0.46737904206183195
823,21,21,heldout,28,140,27,0.7,True,False,False,False,False,0.7207339406013489,1.3026233911514282,-0.5818894505500793,102.4447389963738,213.7696074822928,-111.324868485919,7,True,0.0900558299916737,0.0907984986564951,False,False,interaction,102.44472811756975,213.76959442059623,-111.32486630302648,0.8079748049600587,1.4663688360577163,-0.6583940310976576,14.620861616901934,1.2109371726302387
824,21,21,heldout,29,145,28,0.725,True,False,False,False,False,0.055488396435976,0.3554182350635528,-0.2999298274517059,19.63964719767909,98.46357490261482,-78.82392770493574,7,True,0.0731360060931401,0.0730854628271984,False,False,interaction,19.63964688632259,98.46357264815892,-78.82392576183632,0.06275888475202793,0.39306354638526964,-0.3303046616332417,9.922881267462536,0.6269478019622284
825,21,21,heldout,30,150,29,0.75,True,False,False,False,False,0.1051165536046028,0.3072985410690307,-0.2021819949150085,95.8141700017327,142.0275830287677,-46.213413027035,7,True,0.0815755874733963,0.0811436425053603,False,False,interaction,95.81417046586353,142.0275867383279,-46.21341627246437,0.11405626423516514,0.336293114481576,-0.22223685024641088,11.91753274542713,0.5799078499913378
826,21,21,heldout,31,155,30,0.775,True,True,False,False,True,0.0493527650833129,0.1514547914266586,-0.1021020263433456,43.46623800763526,106.3942424216827,-62.92800441404744,7,True,0.0322441815610263,0.0307960644290022,False,False,interaction,43.46623828964072,106.3942387979882,-62.92800050834747,0.05371382198320058,0.1644141519112293,-0.11070032992802872,10.31475830051234,0.4054801498362519
827,21,21,heldout,32,160,31,0.8,False,True,True,False,False,0.0650250017642974,0.0492858178913593,0.0157391838729381,17.32487520329723,12.694638022717005,4.630237180580226,8,False,0.0001614393188486,0.0197009520910593,True,False,transport_free,17.32487551214622,12.694638620773079,4.630236891373142,0.07214442538339798,0.05503181276040133,0.017112612622996647,3.5629536371910704,0.23458860321934083
828,21,21,heldout,33,165,32,0.825,False,True,True,False,False,0.119133673608303,0.2082953602075576,-0.0891616865992546,52.43914439494489,78.54859577784259,-26.109451382897703,8,False,2.5130379116951864e-10,0.077106601127097,True,False,transport_free,52.43914542838911,78.54859664657087,-26.10945121818176,0.12712660589903735,0.22282851216505842,-0.09570190626602107,8.862764616448462,0.4720471503621841
829,21,21,heldout,34,170,33,0.85,False,True,True,False,False,0.0777587592601776,0.1685516238212585,-0.0907928645610809,34.191848804054295,60.477551806775615,-26.28570300272132,8,False,3.8857805861880484e-16,0.0982923065027785,True,False,transport_free,34.191848531802165,60.477549709638886,-26.28570117783672,0.08534982244820555,0.18132902584742164,-0.09597920339921609,7.776731299822496,0.42582746018478146
830,21,21,heldout,35,175,34,0.875,False,True,True,False,False,0.078543521463871,0.1639673262834549,-0.0854238048195838,26.76506401265708,34.14768203585063,-7.382618023193547,8,False,0.0,0.137005284784153,True,False,transport_free,26.76506356155782,34.147680336833595,-7.382616775275775,0.08576972207739275,0.17590968624670753,-0.09013996416931477,5.843601657953218,0.41941588697462034
831,21,21,heldout,36,180,35,0.9,False,True,True,False,False,0.0540809445083141,0.0977211818099021,-0.043640237301588,17.393140219755548,27.620727522001047,-10.2275873022455,9,False,0.0,0.1113893339957207,True,False,transport_free,17.39313970896229,27.620727649845296,-10.227587940883005,0.05864206233295216,0.10503819725291537,-0.04639613491996321,5.25554256474489,0.32409596920189454
832,21,21,heldout,37,185,36,0.925,False,True,True,False,False,0.0483298450708389,0.1076885387301445,-0.0593586936593055,13.850840260912896,31.35472639678481,-17.503886135871916,9,False,0.0,0.0897955616700809,True,False,transport_free,13.850839665074444,31.354726748167106,-17.503887083092664,0.052593604535489495,0.1152510347869344,-0.0626574302514449,5.599529154149223,0.3394864279863547
833,21,21,heldout,38,190,37,0.95,False,True,True,False,False,0.0081422831863164,0.0631658658385276,-0.055023580789566,8.358611052046273,30.989675390586168,-22.631064338539893,9,False,0.0,0.0479121131308543,True,False,transport_free,8.358611002647725,30.989675326216485,-22.631064323568758,0.009043696198761502,0.06753219186931012,-0.05848849567054861,5.566837102540049,0.25986956703182873
834,21,21,heldout,39,195,38,0.975,False,True,True,False,False,0.0075418297201395,0.0887356624007225,-0.0811938345432281,9.659707464810134,35.47913954595891,-25.819432081148776,9,False,0.0,0.0471089168249311,True,False,transport_free,9.659707522455978,35.47913950129352,-25.81943197883754,0.008407384081719439,0.09579013106661276,-0.08738274698489332,5.956436812499023,0.3094998078619965
835,21,21,heldout,40,200,39,1.0,False,True,True,False,False,0.0042148744687438,0.058791909366846,-0.0545770339667797,7.313173780045095,19.98962261696153,-12.676448836916435,9,False,0.0,0.0232388785296727,True,False,transport_free,7.313173718207835,19.98962271010966,-12.676448991901825,0.0046489030885065565,0.06429336458280012,-0.05964446149429356,4.470975588180913,0.25356136255904627
836,22,22,heldout,3,15,2,0.075,False,True,True,False,False,0.0091366712003946,0.0911291912198066,-0.0819925218820571,8.080945008638684,17.44757408968552,-9.366629081046836,0,False,4.2674197509029455e-16,0.103129972514312,True,False,transport_free,8.080945275851567,17.447574080254746,-9.36662880440318,0.00969887952717806,0.09534439081457569,-0.08564551128739763,4.177029336772097,0.3087788704146961
837,22,22,heldout,4,20,3,0.1,False,True,True,False,False,0.0189828239381313,0.2590478658676147,-0.2400650382041931,9.138922545408322,44.578517689964805,-35.439595144556485,1,False,0.0,0.0778604988679807,True,False,transport_free,9.13892250336436,44.57851520985074,-35.43959270648638,0.020263555631484034,0.2693349748878949,-0.24907141925641085,6.67671440229779,0.5189749270320242
838,22,22,heldout,5,25,4,0.125,False,True,True,False,False,0.0062265377491712,0.1295527815818786,-0.1233262419700622,10.006820824030378,25.017811051181702,-15.010990227151328,1,False,0.0,0.0393631584856125,True,False,transport_free,10.006820745364749,25.017810656115824,-15.010989910751075,0.006862914860805472,0.13703933546847077,-0.1301764206076653,5.001780748505059,0.3701882432877505
839,22,22,heldout,6,30,5,0.15,True,True,False,True,False,0.0181014668196439,0.123595617711544,-0.1054941490292549,13.959589465812186,34.65812306900241,-20.69853360319022,1,True,0.0300561960553745,0.0298850723943626,False,False,interaction,13.959589595964573,34.65812267575892,-20.698533079794345,0.019314628832180544,0.13029038314578256,-0.11097575431360202,5.887114970489273,0.36095759189381593
840,22,22,heldout,7,35,6,0.175,True,False,False,False,False,0.0870671644806861,0.312107115983963,-0.2250399589538574,20.67697649758765,86.10467134296186,-65.42769484537422,1,True,0.0908223089708438,0.0907709471606179,False,False,interaction,20.676977656223475,86.10466846443676,-65.42769080821328,0.09452054891335897,0.3273944992369629,-0.23287395032360392,9.27926012483952,0.5721839732437137
841,22,22,heldout,8,40,7,0.2,True,False,False,False,False,0.9974438548088074,1.9038419723510744,-0.9063981175422668,15.39924345547056,83.86613682681555,-68.466893371345,2,True,0.1240508786545318,0.123131594854407,False,False,interaction,15.399243036035182,83.86614902929887,-68.46690599326368,1.0756585124573876,2.0401849459098775,-0.9645264334524899,9.157846309547834,1.4283504282597732
842,22,22,heldout,9,45,8,0.225,True,False,False,False,False,1.3604540824890137,1.9977359771728516,-0.6372818946838379,15.67187811876244,11.55064352901284,4.121234589749601,2,True,0.1520567583419391,0.1516855077933247,False,False,interaction,15.671874315579009,11.550641082516565,4.121233233062444,1.4199322628834452,2.0863444831848414,-0.6664122203013962,3.3986234099288737,1.4444183892435187
843,22,22,heldout,10,50,9,0.25,True,False,False,False,False,1.3333364725112915,1.800185203552246,-0.4668487310409546,92.82614979392288,86.11453182114685,6.711617972776011,2,True,0.1166383990996106,0.117250256846506,False,False,interaction,92.82614997643564,86.11453649404723,6.711613482388415,1.4879410178612271,2.0056064834639726,-0.5176654656027455,9.279791834629009,1.4161943664144314
844,22,22,heldout,11,55,10,0.275,True,False,False,False,False,1.182596206665039,1.893951416015625,-0.7113552093505859,616.8524594377341,235.48608479958443,381.3663746381496,2,True,0.1427692183155318,0.1438557153018407,False,False,interaction,616.8524744256338,235.48605744800557,381.3664169776282,1.2818057784514858,2.060859842404039,-0.7790540639525534,15.34555497360736,1.4355695184852733
845,22,22,heldout,12,60,11,0.3,True,False,False,False,False,0.1227460280060768,0.4881119728088379,-0.3653659522533417,100.93709542089432,388.39677965289275,-287.45968423199844,3,True,0.0927448233973954,0.0929419842547226,False,False,interaction,100.93709556843784,388.3967737649404,-287.4596781965026,0.13264459547851834,0.5279437586976683,-0.39529916321914993,19.70778459809576,0.7265973841803095
846,22,22,heldout,13,65,12,0.325,True,False,False,False,False,0.1051270589232444,0.3484952449798584,-0.2433681786060333,73.95940011270203,202.1497322343274,-128.19033212162535,3,True,0.0727048509536093,0.0724461990524051,False,False,interaction,73.95940166244043,202.14972940153007,-128.19032773908964,0.11129682177504541,0.3822553131055281,-0.2709584913304827,14.217936889771668,0.6182679945666993
847,22,22,heldout,14,70,13,0.35,True,True,False,False,False,0.2462586164474487,0.4389469921588897,-0.192688375711441,132.8658264639739,206.88859868754523,-74.02277222357134,3,True,0.0315060118284341,0.0319527238619284,False,False,interaction,132.86582891162007,206.88859234981206,-74.02276343819199,0.26853608531775025,0.47114579539179147,-0.20260971007404122,14.383622365378342,0.6864006085310469
848,22,22,heldout,15,75,14,0.375,False,True,False,False,True,0.125294491648674,0.1578936427831649,-0.0325991511344909,120.46302810072912,108.32621199603894,12.136816104690183,3,False,0.0007345956354622,0.0074641017203435,False,True,static,120.4630293520082,108.32621474015768,12.136814611850525,0.1328548061085573,0.16654266014133282,-0.03368785403277552,10.40798802555795,0.4080963858469379
849,22,22,heldout,16,80,15,0.4,False,True,True,False,False,0.2109593600034713,0.3177822530269623,-0.1068228930234909,261.4979949991407,303.35267513844957,-41.85468013930887,4,False,1.719202680087184e-09,0.0807555813243292,True,False,transport_free,261.49799709811305,303.3526753801088,-41.854678281995746,0.2404442534356154,0.359304898324907,-0.11886064488929157,17.417022575058827,0.5994204687236723
850,22,22,heldout,17,85,16,0.425,False,True,True,False,False,0.0826226696372032,0.1937765479087829,-0.1111538782715797,86.0278349667902,140.69960329775014,-54.67176833095995,4,False,2.619347434406841e-15,0.1063268265559792,True,False,transport_free,86.02783678835924,140.69960504242258,-54.67176825406334,0.09156933861528477,0.21370184747991958,-0.12213250886463481,11.861686433320624,0.46227897148790964
851,22,22,heldout,18,90,17,0.45,False,True,True,False,False,0.0307574216276407,0.0722078382968902,-0.0414504185318946,18.94363686601561,35.75259304576165,-16.80895617974604,4,False,0.0,0.1099485752026463,True,False,transport_free,18.94363678796403,35.75259368697672,-16.808956899012685,0.03363455646760898,0.07939863606793031,-0.04576407960032133,5.979347262617946,0.2817776358548178
852,22,22,heldout,19,95,18,0.475,False,True,True,False,False,0.0406849198043346,0.0754462480545044,-0.0347613282501697,46.34763536132832,41.95460950576094,4.39302585556738,4,False,0.0,0.1096187492389269,True,False,transport_free,46.34763608854727,41.954609960196905,4.393026128350364,0.04335992633106336,0.08287162618226444,-0.039511699851201086,6.47723783415407,0.2878743235897645
853,22,22,heldout,20,100,19,0.5,False,True,True,False,False,0.0359346009790897,0.0777714774012565,-0.0418368764221668,35.3974729518282,49.68420141294681,-14.286728461118614,5,False,0.0,0.0761261173996218,True,False,transport_free,35.39747222662143,49.68420032431123,-14.286728097689796,0.03790568235106815,0.08324901708063866,-0.04534333472957051,7.048702031176465,0.28852905760189673
854,22,22,heldout,21,105,20,0.525,False,True,True,False,False,0.0121913654729723,0.1320397704839706,-0.1198484078049659,12.61954827296455,149.59823763675357,-136.97868936378902,5,False,0.0,0.0627946907638184,True,False,transport_free,12.619548211685865,149.59823803303823,-136.97868982135236,0.012782235915034518,0.14384698040588267,-0.13106474449084815,12.23103585282286,0.37927164461093404
855,22,22,heldout,22,110,21,0.55,False,True,True,False,False,0.0135254980996251,0.1512399464845657,-0.1377144455909729,15.138839528853543,144.7115707899318,-129.57273126107827,5,False,0.0,0.0489841224932528,True,False,transport_free,15.138839697471772,144.71157212350604,-129.57273242603426,0.015122770697890838,0.16361459588998967,-0.14849182519209883,12.029612301462839,0.4044930109284828
856,22,22,heldout,23,115,22,0.575,False,True,True,False,False,0.015671344473958,0.0733237937092781,-0.0576524510979652,26.2196804430902,105.7617403658899,-79.54205992279971,5,False,0.0019785940195455,0.0123758080806906,True,False,transport_free,26.219680636884878,105.76174154876384,-79.54206091187896,0.017030458345333163,0.07788368449975792,-0.06085322615442476,10.284052778392565,0.279076485035479
857,22,22,heldout,24,120,23,0.6,True,True,False,True,False,0.0112261967733502,0.0220944341272115,-0.0108682373538613,17.039358276103727,16.77359553133137,0.2657627447723563,6,True,0.0122936993341079,0.0103399961769489,False,False,interaction,17.039358413084646,16.773595597677154,0.26576281540749136,0.012129752094550828,0.023410958038226914,-0.011281205943676086,4.0955580325124386,0.15300639868393384
858,22,22,heldout,25,125,24,0.625,True,False,False,False,False,0.1114172264933586,0.3217977583408355,-0.2103805243968963,143.07057362650264,129.90729493874687,13.163278687755763,6,True,0.0822351541216773,0.0821866783614678,False,False,interaction,143.0705728838849,129.9072943017039,13.163278582180993,0.11667627001559082,0.34238281000874454,-0.2257065399931537,11.397688112143792,0.5851348648036148
859,22,22,heldout,26,130,25,0.65,True,False,False,False,False,0.4739433825016022,1.0483590364456177,-0.5744156837463379,758.767059892255,1604.2735997649825,-845.5065398727274,6,True,0.0960050792904738,0.0961630296227098,False,False,interaction,758.7670758381743,1604.2736135280948,-845.5065376899205,0.5189501864941014,1.173779009572849,-0.6548288230787477,40.053384545230315,1.0834108221597425
860,22,22,heldout,27,135,26,0.675,True,False,False,False,False,0.134559080004692,0.3327962756156921,-0.198237195611,91.58476247206345,209.4948958482693,-117.91013337620583,6,True,0.0530695852871443,0.0541227130832923,False,False,interaction,91.58476494411964,209.49488789019847,-117.91012294607883,0.14756565446360317,0.36175336505708494,-0.21418771059348177,14.473938230150026,0.6014593627645054
861,22,22,heldout,28,140,27,0.7,True,False,False,False,False,0.1875358074903488,0.5786582827568054,-0.3911224603652954,91.22371958731787,361.1856267875387,-269.9619072002208,7,True,0.0720906951143659,0.0719361640880494,False,False,interaction,91.22372145045021,361.1856142225467,-269.96189277209646,0.20814396294658344,0.6286094426927011,-0.4204654797461177,19.004883957092364,0.7928489406518124
862,22,22,heldout,29,145,28,0.725,True,False,False,False,False,0.2604017257690429,0.6505841612815857,-0.3901824355125427,264.6409503945782,671.9684623618291,-407.32751196725087,7,True,0.0742400031733963,0.0744838535478362,False,False,interaction,264.64095334276084,671.9684662678783,-407.32751292511745,0.2835813251429511,0.7286088238718506,-0.44502749872889946,25.922354566433164,0.8535858620384071
863,22,22,heldout,30,150,29,0.75,True,False,False,False,False,0.0036611233372241,0.0877946987748146,-0.0841335728764534,7.10214555080547,53.64309225522188,-46.54094670441641,7,True,0.0420162651181264,0.0420708170433915,False,False,interaction,7.10214559350544,53.643093103213964,-46.54094750970852,0.003893965470685911,0.09887643851909371,-0.0949824730484078,7.324144530470024,0.31444624106370506
864,22,22,heldout,31,155,30,0.775,True,False,False,False,False,0.030039420351386,0.0913622975349426,-0.0613228753209114,40.2605885992534,71.82118668047062,-31.560598081217215,7,True,0.0382940508736633,0.0380480783840098,False,False,interaction,40.26058890961536,71.82118582731216,-31.560596917696806,0.031331504970532546,0.09627167127141778,-0.06494016630088523,8.474738097859554,0.3102767656003552
865,22,22,heldout,32,160,31,0.8,True,True,False,False,True,0.0819824412465095,0.1223860457539558,-0.0404036045074462,101.81010853514373,119.99677231222056,-18.18666377707683,8,True,0.0149913585353143,0.0158420233414428,False,False,interaction,101.81010885013849,119.99677150669993,-18.186662656561438,0.08725601262639589,0.13139219477001626,-0.044136182143620376,10.954303789228229,0.3624806129574605
866,22,22,heldout,33,165,32,0.825,False,True,True,False,False,0.0661141350865364,0.0579124130308628,0.0082017220556736,71.56182386272577,44.47020423394704,27.091619628778737,8,False,2.9279326134977225e-05,0.0237287339020575,True,False,transport_free,71.56182507708166,44.47020448072538,27.091620596356286,0.06920550557756262,0.061419345916529,0.0077861596610336245,6.6685983895212475,0.24782926767540794
867,22,22,heldout,34,170,33,0.85,False,True,True,False,False,0.192552387714386,0.1759562045335769,0.016596183180809,224.3224574801768,172.4391788671068,51.88327861306999,8,False,4.6273274089013573e-11,0.0605792693602063,True,False,transport_free,224.3224543694064,172.43917710586655,51.88327726353984,0.20510845840417735,0.1879078766768385,0.01720058172733885,13.13160984441232,0.4334834214555829
868,22,22,heldout,35,175,34,0.875,False,True,True,False,False,0.1169418692588806,0.1315362751483917,-0.0145944058895111,88.28405003183536,83.42782435155112,4.85622568028424,8,False,5.898059818321144e-17,0.1279378761139922,True,False,transport_free,88.28404933442994,83.42782602417202,4.856223310257917,0.1282669754588706,0.143285486507771,-0.015018511048900396,9.13388340325034,0.3785306942742834
869,22,22,heldout,36,180,35,0.9,False,True,True,False,False,0.0181165337562561,0.0054050832986831,0.0127114504575729,20.249976594505437,2.888647830825414,17.361328763680024,9,False,0.0,0.0477173331314279,True,False,transport_free,20.24997681611458,2.888647842681537,17.361328973433043,0.0196022372400288,0.006036416778048694,0.013565820461980106,1.6996022601425127,0.0776943806079223
870,22,22,heldout,37,185,36,0.925,False,True,True,False,False,0.0134462304413318,0.0203878786414861,-0.0069416482001543,19.430867170033057,9.453675195364736,9.97719197466832,9,False,0.0,0.0952492552648672,True,False,transport_free,19.430867524888573,9.45367526109397,9.977192263794603,0.014140450851345061,0.022955510578415425,-0.008815059727070364,3.0746829529390456,0.15151076060272228
871,22,22,heldout,38,190,37,0.95,False,True,True,False,False,0.0143470978364348,0.0538501739501953,-0.0395030751824379,23.430302958165413,27.819575905439184,-4.389272947273771,9,False,0.0,0.0749627412872609,True,False,transport_free,23.430303302258267,27.819575309378834,-4.389272007120567,0.015392752293647236,0.057957940111693675,-0.04256518781804644,5.274426538437979,0.24074455364907774
872,22,22,heldout,39,195,38,0.975,False,True,True,False,False,0.0091733960434794,0.1476191133260727,-0.1384457200765609,10.52236153996154,99.96914698344123,-89.44678544347971,9,False,0.0,0.0617377282046767,True,False,transport_free,10.522361415825868,99.96914358841673,-89.44678217259086,0.009741561016567627,0.15680888895316827,-0.14706732793660066,9.998457060387704,0.3959910213037264
873,22,22,heldout,40,200,39,1.0,False,True,True,False,False,0.0136446580290794,0.0939177870750427,-0.0802731290459632,15.505745107234096,96.50908884921454,-81.00334374198044,9,False,0.0,0.0361629018084237,True,False,transport_free,15.505745136896875,96.5090888574565,-81.00334372055963,0.014569744429212876,0.09820359514102091,-0.08363385071180804,9.823903951966168,0.31337452854535086
874,23,23,heldout,3,15,2,0.075,False,True,True,False,False,0.0076090134680271,0.0934923961758613,-0.0858833789825439,5.958833469258743,3.5721172158046968,2.3867162534540465,0,False,4.2674197509029455e-16,0.0813492399728537,True,False,transport_free,5.958833409323042,3.5721172633074603,2.386716146015582,0.00826775856050155,0.09727278280084047,-0.08900502424033892,1.8900045670070378,0.3118858489910058
875,23,23,heldout,4,20,3,0.1,False,True,True,False,False,0.0176333971321582,0.2845942974090576,-0.2669608891010284,6.870215035450085,4.998841073816608,1.871373961633477,1,False,0.0,0.0837288156666327,True,False,transport_free,6.870215013156426,4.998840879229401,1.8713741339270253,0.01854591419550369,0.29850616319996565,-0.279960249004462,2.235808775192861,0.5463571754813564
876,23,23,heldout,5,25,4,0.125,False,True,True,False,False,0.0376251675188541,0.1811433285474777,-0.1435181647539138,8.256755070774373,8.09908966113039,0.1576654096439824,1,False,0.0,0.0328408999626372,True,False,transport_free,8.25675487226868,8.099089835343678,0.15766503692500144,0.0412418507986263,0.18771946809975845,-0.14647761730113215,2.8458899900283705,0.4332660477117477
877,23,23,heldout,6,30,5,0.15,True,True,False,True,False,0.0046218489296734,0.0209625754505395,-0.0163407269865274,6.211268246114179,0.9177350153048436,5.293533230809336,1,True,0.0051836495923479,0.0031744989691573,False,False,interaction,6.211268191795848,0.9177349586626513,5.293533233133196,0.005188591266255912,0.021667962029332122,-0.01647937076307621,0.9579848426059001,0.14720041450122387
878,23,23,heldout,7,35,6,0.175,True,False,False,False,False,0.095687448978424,0.2983506619930267,-0.2026632130146026,5.908597582147823,5.755918764709495,0.1526788174383275,1,True,0.0701089788845193,0.0696791583946773,False,False,interaction,5.908597737108567,5.755916228516949,0.152681508591618,0.10355187077028505,0.3044262458601614,-0.20087437508987638,2.3991490634216435,0.5517483537448584
879,23,23,heldout,8,40,7,0.2,True,False,False,False,False,0.2083873897790908,0.8375104069709778,-0.6291230320930481,28.0895913953475,57.975007751573735,-29.885416356226234,2,True,0.0953374824318797,0.095517637932805,False,False,interaction,28.089593395693402,57.97500770711698,-29.885414311423578,0.22443829723833128,0.8940558164781321,-0.6696175192398008,7.614132104653621,0.9455452482447004
880,23,23,heldout,9,45,8,0.225,True,False,False,False,False,1.1651952266693115,1.812181830406189,-0.6469866037368774,34.023559945796286,154.1872890102071,-120.16372906441084,2,True,0.1434072825835526,0.1424739867998672,False,False,interaction,34.02356223671625,154.18729323581462,-120.16373099909836,1.3294854194751038,1.9149561928557173,-0.5854707733806135,12.41721761248528,1.3838194220546687
881,23,23,heldout,10,50,9,0.25,True,False,False,False,False,0.9600740075111388,1.5423741340637207,-0.5823001265525818,10.951571643731157,52.303163213187126,-41.35159156945597,2,True,0.111675884172182,0.1129588392176014,False,False,interaction,10.95157431362148,52.303156396330856,-41.35158208270938,1.050283681957611,1.633678209842163,-0.583394527884552,7.232092117522485,1.2781542198976472
882,23,23,heldout,11,55,10,0.275,True,False,False,False,False,1.3122683763504028,1.7631536722183228,-0.4508852958679199,130.78318684240085,167.71991579477935,-36.9367289523785,2,True,0.1613263546527053,0.1636744550538037,False,False,interaction,130.78318905359188,167.71991341259516,-36.93672435900328,1.3780798080338463,1.876835034915036,-0.4987552268811897,12.950672315080602,1.3699762899098058
883,23,23,heldout,12,60,11,0.3,True,False,False,False,False,0.378588318824768,0.7598673701286316,-0.3812790513038635,203.5386750957981,351.1745762056134,-147.63590110981528,3,True,0.0944768433209067,0.0956009039101389,False,False,interaction,203.53866805444446,351.17457474315773,-147.63590668871328,0.3960255572547576,0.8148772166601219,-0.41885165940536434,18.73965247124817,0.9027054982994852
884,23,23,heldout,13,65,12,0.325,True,False,False,False,False,0.0731499791145324,0.234044149518013,-0.1608941704034805,29.261001730139014,42.21428986133251,-12.953288131193496,3,True,0.0717241442769589,0.0714625373023612,False,False,interaction,29.261000478919886,42.21428923763212,-12.953288758712237,0.07865550030228356,0.250538824777016,-0.17188332447473242,6.497252437579451,0.5005385347573311
885,23,23,heldout,14,70,13,0.35,True,True,False,False,True,0.0137003930285573,0.0457931160926818,-0.0320927239954471,13.784302459879882,11.038811193874878,2.745491266005004,3,True,0.0210092662588333,0.0223181747937651,False,False,interaction,13.784302589175146,11.03881093788076,2.7454916512943868,0.014575596145958521,0.04960167029739073,-0.03502607415143221,3.322470607526989,0.22271432440997307
886,23,23,heldout,15,75,14,0.375,False,True,False,False,False,0.0482661910355091,0.0466223508119583,0.0016438402235507,21.922148880227073,13.99982322404709,7.922325656179984,3,False,8.56455147152148e-05,0.0073470584980786,False,True,static,21.922148597612505,13.999823139803121,7.922325457809384,0.051474628076984,0.050250393028795526,0.0012242350481884712,3.7416337527613686,0.22416599436309587
887,23,23,heldout,16,80,15,0.4,False,True,True,False,False,0.2413570880889892,0.462458461523056,-0.2211013734340667,74.25194899515945,151.06704063587657,-76.81509164071711,4,False,1.3502542296216814e-10,0.084424482003256,True,False,transport_free,74.25194956502413,151.06705048281205,-76.81510091778792,0.2582922218511599,0.49842632476862186,-0.24013410291746196,12.290933670100577,0.7059931478198792
888,23,23,heldout,17,85,16,0.425,False,True,True,False,False,0.0746556743979454,0.1763620972633361,-0.1017064228653907,24.56233817146179,40.67099387099296,-16.10865569953117,4,False,2.012279232133096e-16,0.1215521236352299,True,False,transport_free,24.56233858415328,40.67099233587928,-16.108653751726003,0.0772711422568214,0.1830517280051566,-0.1057805857483352,6.377381307078893,0.427845448737224
889,23,23,heldout,18,90,17,0.45,False,True,True,False,False,0.0175417196005582,0.0112845068797469,0.0062572127208113,11.64252039461904,1.2972091535206054,10.345311241098434,4,False,0.0,0.0443472074328215,True,False,transport_free,11.642520471333702,1.2972091079425487,10.345311363391154,0.018434880412642834,0.012346792884903581,0.006088087527739252,1.1389508803906114,0.11111612342456688
890,23,23,heldout,19,95,18,0.475,False,True,True,False,False,0.0665149167180061,0.092755414545536,-0.0262404978275299,11.903434502811054,11.384031190401217,0.5194033124098372,4,False,0.0,0.0967583696240446,True,False,transport_free,11.903434647938289,11.384030645235855,0.5194040027024336,0.07329968868524461,0.09958231258261589,-0.02628262389737128,3.3740229171177623,0.31556665315368143
891,23,23,heldout,20,100,19,0.5,False,True,True,False,False,0.0280235540121793,0.0489008016884326,-0.0208772476762533,11.50585511177994,11.583229216230713,-0.077374104450774,5,False,0.0,0.0540688190440107,True,False,transport_free,11.505855271687222,11.583228735041729,-0.07737346335450646,0.03055714295087908,0.05068494241298321,-0.020127799462104128,3.4034142761412003,0.22513316595513688
892,23,23,heldout,21,105,20,0.525,False,True,True,False,False,0.0099456645548343,0.1204547584056854,-0.1105090975761413,9.71883604944152,35.01152133265777,-25.29268528321625,5,False,0.0,0.0540005720911965,True,False,transport_free,9.718836046622421,35.01151977831273,-25.29268373169031,0.010718848984813826,0.12896740450193564,-0.11824855551712181,5.917053301966506,0.3591203203690034
893,23,23,heldout,22,110,21,0.55,False,True,True,False,False,0.0079634748399257,0.1781287640333175,-0.1701652854681015,9.331599996077331,59.72200571771299,-50.39040572163566,5,False,0.0,0.0461363539151312,True,False,transport_free,9.33159992856059,59.7220063200675,-50.39040639150691,0.008794679163376742,0.19167092367365743,-0.18287624451028067,7.728001444103612,0.4378023797030544
894,23,23,heldout,23,115,22,0.575,True,True,False,True,False,0.0088680209591984,0.0540525503456592,-0.0451845303177833,10.826320878171815,21.94931106784936,-11.122990189677546,5,True,0.0020231456904912,0.0062878074251643,False,False,interaction,10.826320965424495,21.949311933604466,-11.122990968179971,0.009799424327196932,0.05880803470630321,-0.04900861037910628,4.685009277856818,0.24250367977889162
895,23,23,heldout,24,120,23,0.6,True,True,False,False,False,0.0154155092313885,0.1112121939659118,-0.0957966819405555,8.053390191141611,16.99793541610591,-8.9445452249643,6,True,0.0387231680759052,0.0385679052422465,False,False,interaction,8.0533902642834,16.99793510355214,-8.94454483926874,0.01697383054597029,0.12102530852853839,-0.1040514779825681,4.122855212538046,0.3478869191684827
896,23,23,heldout,25,125,24,0.625,True,False,False,False,False,0.0937332585453987,0.2500013411045074,-0.1562680900096893,19.73771975542616,48.43645724649324,-28.69873749106708,6,True,0.079114769319579,0.0792993093639631,False,False,interaction,19.737720472248515,48.436461255444605,-28.69874078319609,0.10069313542382126,0.2681329945237944,-0.16743985909997317,6.959630827525595,0.5178155989575772
897,23,23,heldout,26,130,25,0.65,True,False,False,False,False,0.4077716171741485,0.9604194760322572,-0.5526478290557861,79.97879133334841,281.41978049339593,-201.4409891600475,6,True,0.0814402319597868,0.0820805234569381,False,False,interaction,79.97879922215563,281.4197794797612,-201.44098025760556,0.44537261913549514,1.0442001274673367,-0.5988275083318415,16.775570913675672,1.0218611096755452
898,23,23,heldout,27,135,26,0.675,True,False,False,False,False,0.0917433500289917,0.1901518106460571,-0.0984084606170654,16.299246978762735,17.61084191531239,-1.311594936549653,6,True,0.0322654396891942,0.0333754953113282,False,False,interaction,16.299246197637057,17.61084299617147,-1.3115967985344135,0.09801106844601239,0.20452053541934975,-0.10650946697333737,4.196527492602839,0.45223946689707406
899,23,23,heldout,28,140,27,0.7,True,False,False,False,False,0.8575488924980164,1.3377903699874878,-0.4802414774894714,223.361975436523,269.9909419421621,-46.62896650563911,7,True,0.091008012092641,0.091501144372605,False,False,interaction,223.36197700846705,269.990931729129,-46.62895472066194,0.920830715032011,1.4588488744157864,-0.5380181593837754,16.43140078414281,1.2078281642749462
900,23,23,heldout,29,145,28,0.725,True,False,False,False,False,0.0747953876852989,0.1781433671712875,-0.1033479794859886,33.860130329288076,56.54497335235295,-22.68484302306487,7,True,0.0571774295394447,0.0570101441664943,False,False,interaction,33.86013011064296,56.54497442492434,-22.684844314281378,0.07998420257687365,0.188223272955246,-0.10823907037837234,7.519639248323309,0.43384706171097437
901,23,23,heldout,30,150,29,0.75,True,False,False,False,False,0.0390088930726051,0.1607619971036911,-0.1217531040310859,21.695054516531183,45.6010047732654,-23.90595025673422,7,True,0.0607667929546732,0.0606804763470968,False,False,interaction,21.6950545497694,45.60100590636,-23.905951356590602,0.04225996839514908,0.17250582793517152,-0.13024585954002244,6.752851686980842,0.41533820909611907
902,23,23,heldout,31,155,30,0.775,True,False,False,False,False,0.0044920253567397,0.0355218313634395,-0.0310298055410385,8.829924339702249,6.9870602333782665,1.842864106323982,7,True,0.0269995269999844,0.027403094299318,False,False,interaction,8.829924366091404,6.987060394775912,1.8428639713154924,0.004908074283560561,0.03860117058659154,-0.03369309630303098,2.6433048244150563,0.19647180608573725
903,23,23,heldout,32,160,31,0.8,False,True,True,False,True,0.0610393621027469,0.0957804396748542,-0.0347410775721073,29.15571126953741,28.47101065479717,0.6847006147402368,8,False,0.008338262282078,0.0061188502645721,True,False,transport_free,29.155711168951033,28.471010393316515,0.6847007756345178,0.06654235803430858,0.10588557169546346,-0.03934321366115488,5.335823309791706,0.32540063259843777
904,23,23,heldout,33,165,32,0.825,False,True,True,False,False,0.2049953192472458,0.2567491829395294,-0.0517538636922836,62.11008561610054,79.86569825045059,-17.75561263435005,8,False,2.5381185317382938e-08,0.0567013704783127,True,False,transport_free,62.11008667060994,79.8656967801084,-17.755610109498456,0.21908790211863297,0.2739834610541347,-0.054895558935501715,8.93676097812336,0.5234342948777188
905,23,23,heldout,34,170,33,0.85,False,True,True,False,False,0.1106982007622718,0.1570000052452087,-0.0463018044829368,38.43256761029427,43.68099824002723,-5.248430629732965,8,False,4.049325426158425e-14,0.0725562319376776,True,False,transport_free,38.432566440093964,43.680999945144684,-5.24843350505072,0.11734716664338567,0.16424699029399756,-0.04689982365061189,6.609160305601967,0.405273969425619
906,23,23,heldout,35,175,34,0.875,False,True,True,False,False,0.0823828056454658,0.1825530976057052,-0.1001702919602394,15.312053936049068,29.35017784722916,-14.038123911180094,8,False,0.0,0.1265676843970063,True,False,transport_free,15.312053537140315,29.350178084541728,-14.038124547401413,0.08766065802869465,0.19582016255107093,-0.10815950452237628,5.417580464057893,0.4425157201174563
907,23,23,heldout,36,180,35,0.9,False,True,False,False,False,0.0176879446953535,0.0056615588255226,0.0120263863354921,10.925831255381745,0.4380541828247446,10.487777072556998,9,False,0.0,0.0122574355473722,False,True,static,10.925831388602248,0.43805419194252565,10.487777196659723,0.019171730643155062,0.0061703720171673625,0.0130013586259877,0.6618566249139807,0.07855171555839734
908,23,23,heldout,37,185,36,0.925,False,True,True,False,False,0.0953037738800048,0.1190540269017219,-0.023750253021717,13.277395363334795,19.35665919029116,-6.079263826956362,9,False,0.0,0.1013655551174765,True,False,transport_free,13.277395195214076,19.35665832712185,-6.079263131907773,0.10364235061240627,0.12779651462405292,-0.024154164011646648,4.39962024805799,0.3574863838302837
909,23,23,heldout,38,190,37,0.95,False,True,True,False,False,0.0157670136541128,0.1111332774162292,-0.0953662618994712,11.817810936775752,37.46919429787825,-25.651383361102503,9,False,0.0,0.0700770755369911,True,False,transport_free,11.8178110689437,37.469194282370886,-25.651383213427188,0.01715506854423765,0.1159683174033445,-0.09881324885910685,6.121208563867995,0.34054121248880365
910,23,23,heldout,39,195,38,0.975,False,True,True,False,False,0.0130007779225707,0.2385360449552536,-0.2255352735519409,10.457564085894518,81.03350091591197,-70.57593683001745,9,False,3.469446951953614e-18,0.063597421978801,True,False,transport_free,10.45756391974548,81.03350049089569,-70.57593657115021,0.013766872634998609,0.253347167459031,-0.23958029482403242,9.00186094598754,0.5033360383074423
911,23,23,heldout,40,200,39,1.0,False,True,True,False,False,0.0101713510230183,0.1336457133293151,-0.1234743595123291,10.684882640696223,53.80265079812904,-43.11776815743281,9,False,0.0,0.0236343649395704,True,False,transport_free,10.684882810266833,53.802651532289794,-43.11776872202296,0.01110850543892509,0.14369077945825923,-0.13258227401933415,7.33502907508142,0.37906566641976325
912,24,24,heldout,3,15,2,0.075,False,True,True,False,False,0.017565581947565,0.093185193836689,-0.0756196081638336,11.715058451217343,4.869302465977058,6.845755985240287,0,False,4.2674197509029455e-16,0.0585728827764106,True,False,transport_free,11.715058507242128,4.8693024062929835,6.845756100949145,0.0186307683050555,0.10108731649954933,-0.08245654819449383,2.206649588469584,0.31794231630839787
913,24,24,heldout,4,20,3,0.1,False,True,True,False,False,0.015231717377901,0.1164440736174583,-0.1012123525142669,9.602433092877307,4.499765618017874,5.102667474859435,1,False,0.0,0.0494172628582455,True,False,transport_free,9.602433134388427,4.499766035182088,5.102667099206339,0.015571446516285331,0.12538051668410255,-0.10980907016781721,2.1212651968063985,0.3540911135345005
914,24,24,heldout,5,25,4,0.125,False,True,True,False,False,0.0064184986986219,0.0978326126933097,-0.0914141163229942,9.02622972489648,3.3659772932421537,5.660252431654328,1,False,0.0,0.0264657113910908,True,False,transport_free,9.026229792653382,3.3659774498124873,5.660252342840895,0.006610964145325766,0.10490703027315255,-0.09829606612782679,1.8346600365769368,0.32389354774856594
915,24,24,heldout,6,30,5,0.15,True,True,False,True,False,0.0384935103356838,0.1198410019278526,-0.0813474953174591,11.073787341873254,9.113420084758456,1.9603672571147983,1,True,0.0144198069337078,0.0122337708674063,False,False,interaction,11.073787693706896,9.11342050071765,1.9603671929892457,0.04238769585318658,0.13177395662431923,-0.08938626077113265,3.0188442326025453,0.36300682724202205
916,24,24,heldout,7,35,6,0.175,True,False,False,False,False,0.0808390751481056,0.2309609055519104,-0.1501218378543853,13.436612162208483,5.788919317196292,7.647692845012191,1,True,0.0659527917786844,0.0654816915665103,False,False,interaction,13.436611746646262,5.788918955110096,7.6476927915361665,0.08568084809298777,0.23098803554932837,-0.14530718745634058,2.406017239154802,0.4806121466934938
917,24,24,heldout,8,40,7,0.2,True,False,False,False,False,0.5656052231788635,1.5003256797790527,-0.9347204566001892,15.877636197147666,21.38162852983378,-5.5039923326861135,2,True,0.104014236391839,0.1033229261103408,False,False,interaction,15.877634775587438,21.38161956870985,-5.503984793122413,0.5643264634886781,1.5185604719370296,-0.9542340084483515,4.624026337371993,1.2322988565835113
918,24,24,heldout,9,45,8,0.225,True,False,False,False,False,1.3579822778701782,1.858876347541809,-0.5008940696716309,17.515068221727358,17.741567833426718,-0.22649961169936,2,True,0.1419397259883637,0.1419208442270537,False,False,interaction,17.515068752891967,17.741565235075157,-0.2264964821831903,1.3651461081261964,1.9010489805285218,-0.5359028724023254,4.2120737452085475,1.3787853279348898
919,24,24,heldout,10,50,9,0.25,True,False,False,False,False,1.0369552373886108,1.5057735443115234,-0.4688183069229126,28.10674243189597,13.843899630012436,14.262842801883531,2,True,0.0840858873000491,0.0849287099475351,False,False,interaction,28.10673860413981,13.843897819454556,14.262840784685254,1.1290174028964728,1.5949757507368194,-0.4659583478403466,3.720738880848071,1.2629234936197915
920,24,24,heldout,11,55,10,0.275,True,False,False,False,False,1.0006619691848757,1.7414544820785522,-0.7407925128936768,1065.5717151903798,2273.3573384447973,-1207.7856232544175,2,True,0.1282198857809476,0.1290910147082359,False,False,interaction,1065.571716371325,2273.3573492935197,-1207.7856329221947,1.0515261673323597,1.8430285709417262,-0.7915024036093665,47.67973730310938,1.3575818836967906
921,24,24,heldout,12,60,11,0.3,True,False,False,False,False,0.0578158684074878,0.2670621573925018,-0.2092462927103042,113.77149643241694,400.0950082599555,-286.32351182753854,3,True,0.0697495899663785,0.0700645852175715,False,False,interaction,113.77149781184066,400.09499833863856,-286.3235005267979,0.06227797973994172,0.28486198947179964,-0.2225840097318579,20.002374817472013,0.5337246382469144
922,24,24,heldout,13,65,12,0.325,True,False,False,False,False,0.0085498141124844,0.1205117478966713,-0.1119619309902191,9.002974883738501,108.21026969214734,-99.20729480840885,3,True,0.0426567869460286,0.0426362027713695,False,False,interaction,9.002974874014592,108.21026875817334,-99.20729388415874,0.009074310779001107,0.12568228066086382,-0.11660796988186271,10.402416486479156,0.35451696808596317
923,24,24,heldout,14,70,13,0.35,True,True,False,False,True,0.0080509921535849,0.0275487750768661,-0.0194977819919586,13.137148274944003,24.35652492748012,-11.219376652536114,3,True,0.0171779127087742,0.0183067834140119,False,False,interaction,13.137148294370924,24.35652514391226,-11.219376849541337,0.0088555548725247,0.02903293044584257,-0.02017737557331787,4.93523303846052,0.17039052334517482
924,24,24,heldout,15,75,14,0.375,False,True,False,False,False,0.0397285036742687,0.047261107712984,-0.0075326040387153,45.60308042118737,66.12800504977078,-20.52492462858341,3,False,0.0002081316216549,0.0083072291823198,False,True,static,45.603080800518036,66.12800510694585,-20.524924306427813,0.04321892422803505,0.05059813948435321,-0.007379215256318163,8.131912758198151,0.2249403020455721
925,24,24,heldout,16,80,15,0.4,False,True,True,False,False,0.1897741109132766,0.1705864518880844,0.0191876590251922,218.50880586607124,174.73137538092408,43.77743048514717,4,False,5.330321262321175e-10,0.055687772999483,True,False,transport_free,218.50880043986103,174.73137248024594,43.777427959615096,0.20839984222467697,0.18916294634715788,0.01923689587751909,13.21859949012171,0.434928668113701
926,24,24,heldout,17,85,16,0.425,False,True,True,False,False,0.1592098921537399,0.2928566634654999,-0.1336467713117599,194.79411783868883,347.98709141634026,-153.19297357765143,4,False,8.331297329690977e-16,0.0981729244683799,True,False,transport_free,194.79411768661748,347.9870958069862,-153.1929781203687,0.1706926711531295,0.31392798518771764,-0.14323531403458814,18.654412234294227,0.5602927673883696
927,24,24,heldout,18,90,17,0.45,False,True,True,False,False,0.0282209906727075,0.0529211945831775,-0.02470020391047,24.41116089428971,49.04266048675936,-24.63149959246965,4,False,0.0,0.0567623624141729,True,False,transport_free,24.41116097726489,49.04265992075972,-24.63149894349483,0.030197020811122324,0.05591626733406124,-0.02571924652293892,7.003046474268161,0.23646620759436482
928,24,24,heldout,19,95,18,0.475,False,True,True,False,False,0.0215389057993888,0.0425087660551071,-0.0209698602557182,21.66576905283773,43.795811477355535,-22.130042424517804,4,False,0.0,0.0594404880558252,True,False,transport_free,21.665768412512364,43.79581179443735,-22.130043381924985,0.02365938156298451,0.04492245819371699,-0.021263076630732482,6.617840417722185,0.2119491877637586
929,24,24,heldout,20,100,19,0.5,False,True,True,False,False,0.0154004814103245,0.0437105111777782,-0.0283100306987762,13.214355409522025,37.7734369062589,-24.55908149673688,5,False,0.0,0.0431717201068709,True,False,transport_free,13.21435569514405,37.77343778325065,-24.5590820881066,0.01703655821972734,0.04536540309386363,-0.02832884487413629,6.1460099075132195,0.21299155639100728
930,24,24,heldout,21,105,20,0.525,False,True,True,False,False,0.0040814955718815,0.1100571975111961,-0.1059757024049758,10.547677604017297,121.5111688487592,-110.96349124474192,5,False,0.0,0.0699292651392321,True,False,transport_free,10.547677681932809,121.51117054160706,-110.96349285967425,0.004500901725610405,0.11961633821928579,-0.11511543649367538,11.023210536935556,0.3458559500995838
931,24,24,heldout,22,110,21,0.55,False,True,True,False,False,0.0115066170692443,0.2133993655443191,-0.2018927484750747,27.096220575393485,200.3029702275936,-173.2067496522001,5,False,0.0,0.0672675447309014,True,False,transport_free,27.09622034647985,200.3029715675532,-173.20675122107335,0.012595528639284146,0.23486046644441397,-0.22226493780512982,14.152843232635384,0.4846240464983284
932,24,24,heldout,23,115,22,0.575,True,True,False,True,False,0.0048957117833197,0.0736910328269004,-0.0687953233718872,12.351945359533,80.37491388464532,-68.02296852511232,5,True,0.0027607601521669,0.011033272362783,False,False,interaction,12.351945395729041,80.37491372558709,-68.02296832985805,0.005440933660295154,0.07995081323734542,-0.07450987957705027,8.965205726897018,0.28275574837188616
933,24,24,heldout,24,120,23,0.6,True,False,False,False,False,0.0931342020630836,0.3790521323680877,-0.2859179377555847,180.9011868816908,404.2527322025106,-223.35154532081975,6,True,0.0752706276580408,0.074555528653906,False,False,interaction,180.90118954444088,404.2527445151433,-223.35155497070244,0.10026121586311922,0.4038292348463985,-0.3035680189832793,20.1060375140191,0.635475597364996
934,24,24,heldout,25,125,24,0.625,True,False,False,False,False,0.1423289626836776,0.6422091126441956,-0.4998801350593567,322.03102639136915,1210.0587455926825,-888.0277192013132,6,True,0.091873318336424,0.0919308960996171,False,False,interaction,322.0310198172799,1210.0587383539448,-888.0277185366649,0.15165536848059327,0.6515170840180253,-0.4998617155374321,34.78589855608081,0.807166082053765
935,24,24,heldout,26,130,25,0.65,True,False,False,False,False,0.8891491889953613,1.7912451028823853,-0.902095913887024,348.5164487726227,1425.6852621351077,-1077.1688133624848,6,True,0.111940745250833,0.1115936964244238,False,False,interaction,348.5164556716673,1425.6853216528523,-1077.168865981185,0.9359374158337069,1.8826239315138145,-0.9466865156801075,37.75824839227652,1.3720874358122424
936,24,24,heldout,27,135,26,0.675,True,False,False,False,False,0.0692843422293663,0.2064273804426193,-0.1371430456638336,29.70873016242749,122.31918037194866,-92.61045020952118,6,True,0.0338391429229809,0.0324757339609512,False,False,interaction,29.708730852516855,122.31917899152887,-92.61044813901202,0.07441133969564914,0.2194068566406461,-0.14499551694499696,11.059800133435001,0.46840885627904827
937,24,24,heldout,28,140,27,0.7,True,False,False,False,False,0.6432099938392639,1.4915233850479126,-0.8483133912086487,1704.4939709591272,2325.5666921018355,-621.0727211427084,7,True,0.1077650430343752,0.1074165259730575,False,False,interaction,1704.4939498652427,2325.5666260711096,-621.0726762058669,0.6950673515221725,1.5831103189909417,-0.8880429674687692,48.22412908566737,1.2582171191773468
938,24,24,heldout,29,145,28,0.725,True,False,False,False,False,0.0863831266760826,0.3458762466907501,-0.2594931125640869,156.61344423482365,707.7181696495671,-551.1047254147435,7,True,0.0570361119355598,0.0571108647879721,False,False,interaction,156.61344494663348,707.7181697525144,-551.104724805881,0.09227789378991813,0.3619302181146525,-0.26965232432473435,26.60297294951289,0.6016063647557699
939,24,24,heldout,30,150,29,0.75,True,False,False,False,False,0.0159180555492639,0.1823135614395141,-0.1663955003023147,16.414593831810944,181.70888711333893,-165.29429328152798,7,True,0.0531812372336264,0.0529702487274105,False,False,interaction,16.41459411023345,181.70888955183304,-165.2942954415996,0.017214007101100996,0.19191955164316,-0.174705544542059,13.479943974358092,0.43808623767833654
940,24,24,heldout,31,155,30,0.775,True,True,False,False,False,0.0292058568447828,0.0739949867129325,-0.0447891280055046,52.10980065338396,96.5433024634786,-44.433501810094654,7,True,0.0287053952901361,0.0288651949130751,False,False,interaction,52.109800050060265,96.54330287046541,-44.433502820405145,0.031063686834719464,0.07982472615885873,-0.04876103932413926,9.825645163065142,0.28253269927365704
941,24,24,heldout,32,160,31,0.8,True,True,False,True,True,0.0248760879039764,0.0287186931818723,-0.0038426052778959,40.78169886459085,43.39123663612914,-2.6095377715382924,8,True,0.0021869393738944,0.003850104605874,False,False,interaction,40.781698425277725,43.391236069275514,-2.6095376439977898,0.026775618379199864,0.030481677326217992,-0.0037060589470181288,6.587202446355776,0.17459002642252505
942,24,24,heldout,33,165,32,0.825,False,True,True,False,False,0.1085095927119255,0.1269188374280929,-0.0184092447161674,109.59145123226529,119.1367910767449,-9.545339844479614,8,False,6.786103399398922e-08,0.040247483024916,True,False,transport_free,109.59145047809523,119.1367900172084,-9.545339539113172,0.11931210985201945,0.14025237424341208,-0.020940264391392627,10.914980074063736,0.37450283609528523
943,24,24,heldout,34,170,33,0.85,False,True,True,False,False,0.1461016088724136,0.2203305214643478,-0.0742289125919342,159.23169736768423,220.77653340304508,-61.544836035360845,8,False,1.0795060822273421e-13,0.0773486687622192,True,False,transport_free,159.23169621225904,220.7765298184911,-61.54483360623206,0.15948431365737645,0.24206865451948834,-0.08258434086211189,14.858550730757395,0.49200473017999363
944,24,24,heldout,35,175,34,0.875,False,True,True,False,False,0.1019575521349906,0.3248731195926666,-0.2229155600070953,76.23681240958204,295.3323178656004,-219.09550545601832,8,False,0.0,0.1401882246764126,True,False,transport_free,76.23681290028756,295.3323142950754,-219.09550139478782,0.10800892089784524,0.3384591725535972,-0.23045025165575195,17.185235357570036,0.5817724405242974
945,24,24,heldout,36,180,35,0.9,False,True,True,False,False,0.0092763248831033,0.0430494137108325,-0.033773086965084,16.60876231080723,38.02593200287588,-21.417169692068647,9,False,0.0,0.0624567461570035,True,False,transport_free,16.608762526209578,38.02593167310034,-21.41716914689076,0.010177572996496487,0.045138870339820926,-0.03496129734332444,6.166516980686937,0.21245910274643665
946,24,24,heldout,37,185,36,0.925,False,True,True,False,False,0.0251952111721038,0.1892751008272171,-0.1640798896551132,21.428315718381004,166.48911612920642,-145.0608004108254,9,False,0.0,0.0927458966836202,True,False,transport_free,21.428315539522256,166.4891138665264,-145.06079832700414,0.026308027076760682,0.19897389268297383,-0.17266586560621314,12.903066064564902,0.4460648973893528
947,24,24,heldout,38,190,37,0.95,False,True,True,False,False,0.0143085019662976,0.0862872824072837,-0.0719787776470184,14.98053656894515,83.5558623477046,-68.57532577875945,9,False,0.0,0.0484290964610615,True,False,transport_free,14.980536597600528,83.55586257193141,-68.57532597433088,0.015618319203097192,0.09332016464861019,-0.077701845445513,9.140889594122195,0.30548349325063406
948,24,24,heldout,39,195,38,0.975,False,True,True,False,False,0.0074491091072559,0.0997153520584106,-0.092266246676445,14.47396636492004,91.55963716520444,-77.08567080028439,9,False,0.0,0.0472548392909647,True,False,transport_free,14.473966403635126,91.55963611446616,-77.08566971083103,0.008230852505441132,0.11023854268474498,-0.10200769017930385,9.5686799567373,0.33202190091128775
949,24,24,heldout,40,200,39,1.0,False,True,False,False,False,0.0050242822617292,0.0735855624079704,-0.068561278283596,12.742812985319825,87.0094649092071,-74.26665192388727,9,False,0.0,0.0134484490340811,False,True,static,12.742812996997081,87.00946523343966,-74.26665223644258,0.005608728717146408,0.07992316080345527,-0.07431443208630886,9.32788642905989,0.28270684604985297
950,25,25,heldout,3,15,2,0.075,False,True,True,False,False,0.0079848570749163,0.0479758791625499,-0.039991021156311,13.016553661955667,40.40380176064396,-27.38724809868829,0,False,4.2327252813834093e-16,0.1098857210553643,True,False,transport_free,13.016553708992047,40.40380127138646,-27.387247562394414,0.008600608251562279,0.05157792352033146,-0.04297731526876918,6.356398451276199,0.22710773549205995
951,25,25,heldout,4,20,3,0.1,False,True,True,False,False,0.0069739869795739,0.1252969652414322,-0.1183229759335517,14.198898858099392,62.81675263763116,-48.61785377953177,1,False,0.0,0.0717295074838004,True,False,transport_free,14.198898835864739,62.816753362451834,-48.617854526587095,0.007757904724501778,0.1318257161122081,-0.12406781138770634,7.92570207378828,0.3630781129622221
952,25,25,heldout,5,25,4,0.125,False,True,True,False,False,0.004849977325648,0.0742587074637413,-0.0694087296724319,14.969969214339487,34.78115186044392,-19.81118264610443,1,False,0.0,0.024124475303861,True,False,transport_free,14.969969207367996,34.781152422905244,-19.81118321553725,0.0049616458385230745,0.07900141102465942,-0.07403976518613635,5.897554783374653,0.2810718965401191
953,25,25,heldout,6,30,5,0.15,True,True,False,True,False,0.0074178124777972,0.0256473626941442,-0.0182295497506856,18.234644164995206,13.179896208473687,5.054747956521519,1,True,0.0154808661235424,0.015046381277846,False,False,interaction,18.23464429142463,13.179896213762008,5.054748077662621,0.008038129029629519,0.027652758810184714,-0.019614629780555195,3.630412678162361,0.16629118680851585
954,25,25,heldout,7,35,6,0.175,True,False,False,False,False,0.0613462813198566,0.2183389067649841,-0.1569926291704177,88.56158913413832,120.6214286422354,-32.059839508097085,1,True,0.0718717682679309,0.0717935188211603,False,False,interaction,88.56158854829518,120.62143036663288,-32.0598418183377,0.06954627862421693,0.239796932107705,-0.17025065348348806,10.98277880896419,0.48969064939786733
955,25,25,heldout,8,40,7,0.2,True,False,False,False,False,0.0839021429419517,0.2352182418107986,-0.1513161063194275,126.6984355078935,245.2419828577619,-118.54354734986843,2,True,0.0895468611296713,0.0891831570768767,False,False,interaction,126.69843741952411,245.24198122745088,-118.54354380792677,0.09693148721536148,0.26076586891750725,-0.16383438170214576,15.660203741568974,0.5106523953899631
956,25,25,heldout,9,45,8,0.225,True,False,False,False,False,0.1950311064720153,0.4943183362483978,-0.2992872297763824,209.98688655268452,641.6502280427061,-431.6633414900216,2,True,0.0923897299211323,0.0935733277227171,False,False,interaction,209.9868833593391,641.6502484075845,-431.6633650482454,0.21615291742233578,0.5396590811394965,-0.3235061637171607,25.330816181236333,0.7346149203082499
957,25,25,heldout,10,50,9,0.25,True,False,False,False,False,0.1411186009645462,0.300430029630661,-0.1593114286661148,61.37881829616285,146.77349649553832,-85.39467819937548,2,True,0.0614222330206676,0.0599534539609148,False,False,interaction,61.378817268549675,146.7734971680967,-85.39467989954701,0.15355218741833718,0.33225272276082785,-0.17870053534249067,12.115011232685536,0.5764136732944733
958,25,25,heldout,11,55,10,0.275,True,False,False,False,False,0.3594965934753418,0.6008946299552917,-0.2413980364799499,122.75181966282588,317.83491099924385,-195.08309133641797,2,True,0.0851887045650165,0.0851507986104658,False,False,interaction,122.75182380261452,317.83491392093833,-195.0830901183238,0.3848946008252671,0.6669287766303506,-0.28203417580508344,17.82792511541762,0.816657074071088
959,25,25,heldout,12,60,11,0.3,True,False,False,False,False,0.0363502092659473,0.1815990060567855,-0.1452488005161285,42.47284250053505,122.446221006112,-79.97337850557696,3,True,0.0548226426765396,0.0547763674508463,False,False,interaction,42.4728422360681,122.44622654635266,-79.97338431028456,0.04027210872676262,0.20292500492601437,-0.16265289619925175,11.065542306925254,0.45047198017858375
960,25,25,heldout,13,65,12,0.325,True,False,False,False,False,0.0132990255951881,0.1381401866674423,-0.1248411610722541,8.663389346411195,57.500240961899486,-48.83685161548829,3,True,0.044950728362013,0.0447507104343849,False,False,interaction,8.66338934639811,57.50023989854244,-48.83685055214433,0.014440250898890658,0.1550093345805532,-0.14056908368166254,7.582891262476499,0.3937122484512683
961,25,25,heldout,14,70,13,0.35,True,True,False,False,True,0.0904403924942016,0.1892142444849014,-0.0987738519906997,37.62263538726942,68.03432481779565,-30.41168943052623,3,True,0.0261927001749264,0.0273005038336245,False,False,interaction,37.62263470129897,68.03432119945406,-30.411686498155085,0.09864699819993832,0.20356429771012743,-0.10491729951018912,8.24829201710597,0.45118100326823096
962,25,25,heldout,15,75,14,0.375,False,True,True,False,False,0.0430323481559753,0.0766585543751716,-0.0336262062191963,17.125429126458886,42.71038865765117,-25.58495953119229,3,False,0.001811368893121,0.0115340980977283,True,False,transport_free,17.125429093632956,42.71038704017813,-25.58495794654517,0.04875617784029344,0.08459539796020217,-0.035839220119908734,6.535318434489487,0.29085288026801825
963,25,25,heldout,16,80,15,0.4,False,True,True,False,False,0.2005441188812255,0.2149118185043335,-0.0143676996231079,59.914095935825266,68.42092009468318,-8.506824158857917,4,False,2.469167678439927e-08,0.0656123715826317,True,False,transport_free,59.9140972142416,68.42091928278923,-8.506822068547628,0.22138473489592056,0.22842153625513406,-0.0070368013592135015,8.271693858139892,0.4779346568885061
964,25,25,heldout,17,85,16,0.425,False,True,True,False,False,0.0991829261183738,0.1517481356859207,-0.0525652095675468,44.8845149281407,50.31473801360354,-5.430223085462835,4,False,3.7719208327904336e-14,0.1076364244315489,True,False,transport_free,44.88451442752878,50.31473599641512,-5.4302215688863456,0.1066839849735541,0.16743938811850254,-0.06075540314494844,7.093288094841145,0.40919358269467343
965,25,25,heldout,18,90,17,0.45,False,True,False,False,False,0.0246073696762323,0.0023380394559353,0.0222693309187889,15.50080087885121,1.1626694847422634,14.338131394108949,4,False,0.0,0.017863966840781,False,True,static,15.500801107182847,1.162669479041071,14.338131628141776,0.026436270270475366,0.0024953512751609524,0.023940918995314413,1.0782715238014362,0.04995349112085113
966,25,25,heldout,19,95,18,0.475,False,True,True,False,False,0.0247440785169601,0.0403906889259815,-0.0156466104090213,16.659317987261677,12.806663968387054,3.852654018874622,4,False,0.0,0.0682624675403642,True,False,transport_free,16.659317923434113,12.806663715897665,3.852654207536448,0.025751156523955803,0.04300359423094413,-0.017252437706988328,3.5786399254322396,0.20737307981255457
967,25,25,heldout,20,100,19,0.5,False,True,True,False,False,0.0056599709205329,0.065969318151474,-0.0603093467652797,9.491679922438012,31.54286899914648,-22.051189076708468,5,False,0.0,0.0617459949369248,True,False,transport_free,9.491680003502564,31.542869308037606,-22.051189304535043,0.00615974675137997,0.07008859156405801,-0.06392884481267805,5.616303883163518,0.26474250048690334
968,25,25,heldout,21,105,20,0.525,False,True,True,False,False,0.017652278766036,0.2044703364372253,-0.1868180632591247,16.598073280686364,62.41329651356049,-45.815223232874125,5,False,0.0,0.0782796354788365,True,False,transport_free,16.598073456283625,62.41329813636131,-45.81522468007769,0.01980130533374229,0.22160227545963285,-0.20180097012589054,7.900208740049931,0.47074650870679097
969,25,25,heldout,22,110,21,0.55,False,True,True,False,False,0.0027252149302512,0.0842255279421806,-0.0815003141760826,8.977233771395948,23.503564557776727,-14.52633078638078,5,False,0.0,0.0279378106803719,True,False,transport_free,8.977233732419249,23.503565914255706,-14.526332181836457,0.002915787147453237,0.09077478010580975,-0.08785899295835652,4.848047639437519,0.3012885329809446
970,25,25,heldout,23,115,22,0.575,True,True,False,True,False,0.0128351906314492,0.0444274246692657,-0.0315922349691391,20.455612395514752,41.21607262150109,-20.760460225986332,5,True,0.0045591438349892,0.0055282785684844,False,False,interaction,20.455612035123593,41.216072520163316,-20.760460485039722,0.013677942130679585,0.048029731427458734,-0.03435178929677915,6.419974495289161,0.21915686488782124
971,25,25,heldout,24,120,23,0.6,True,False,False,False,False,0.0742681920528411,0.4098524749279022,-0.335584282875061,42.47193409499745,180.68740156560852,-138.2154674706111,6,True,0.0742195257561945,0.0737521604294628,False,False,interaction,42.47193116949575,180.6874048669424,-138.21547369744664,0.08267861751330206,0.45749158807008783,-0.37481297055678575,13.442001520121265,0.6763812446173296
972,25,25,heldout,25,125,24,0.625,True,False,False,False,False,0.2922816574573517,0.5012853145599365,-0.2090036571025848,253.94527104006377,321.69122647816204,-67.74595543809829,6,True,0.0845371220189586,0.084837740720823,False,False,interaction,253.94527746039353,321.6912280210657,-67.74595056067216,0.3264474359121156,0.5647065544066043,-0.23825911849448872,17.935752786573126,0.7514695964618957
973,25,25,heldout,26,130,25,0.65,True,False,False,False,False,0.3185658752918243,0.5677006840705872,-0.2491348087787628,135.18310939372793,228.3945891132049,-93.21147971947696,6,True,0.0449279005734706,0.0450288031237107,False,False,interaction,135.18311142659562,228.39458960696325,-93.21147818036764,0.3374879115816818,0.6002188899749832,-0.2627309783933014,15.112729389721872,0.7747379492286299
974,25,25,heldout,27,135,26,0.675,True,False,False,False,False,0.0110069895163178,0.0097486739978194,0.0012583155184984,17.861021341145456,5.0527302715971905,12.808291069548265,6,True,0.0071782373636206,0.0068040061077947,False,False,interaction,17.861021481895428,5.052730209749421,12.808291272146008,0.011782723002781438,0.01041918961771339,0.0013635333850680487,2.2478278870388233,0.1020744317530761
975,25,25,heldout,28,140,27,0.7,True,False,False,False,False,0.2010363340377807,0.4100890457630157,-0.2090527117252349,74.53736886775656,174.29102017306002,-99.75365130530346,7,True,0.030243267541058,0.0300091151246202,False,False,interaction,74.53736723605702,174.2910204014901,-99.75365316543308,0.20679301342801415,0.4284462594360457,-0.22165324600803155,13.201932449512462,0.6545580642204676
976,25,25,heldout,29,145,28,0.725,True,False,False,False,False,0.0826196074485778,0.2622392475605011,-0.1796196401119232,39.53153484724106,159.2670001194849,-119.73546527224384,7,True,0.0652291867817951,0.0647872458226884,False,False,interaction,39.53153638011747,159.2670048750746,-119.73546849495713,0.09064098669987071,0.29425671837580536,-0.20361573167593466,12.620103203820268,0.542454346812527
977,25,25,heldout,30,150,29,0.75,True,False,False,False,False,0.0663739517331123,0.4793002307415008,-0.4129262864589691,52.56697992123975,229.56654823148207,-176.99956831024232,7,True,0.0867499745821156,0.0867073921618113,False,False,interaction,52.56697826149739,229.56655358932676,-176.99957532782938,0.07451377956098927,0.5387946454186484,-0.46428086585765915,15.151453844081326,0.7340263247449974
978,25,25,heldout,31,155,30,0.775,True,True,False,False,True,0.0496978424489498,0.1053439974784851,-0.0556461550295352,19.54859582438234,36.181794739023765,-16.633198914641426,7,True,0.0265149028610032,0.0242954076947174,False,False,interaction,19.54859691605148,36.18179444293744,-16.633197526885958,0.05332287632034691,0.11134976105018664,-0.05802688472983973,6.015130459344788,0.3336911162290459
979,25,25,heldout,32,160,31,0.8,False,True,False,False,False,0.0646706372499466,0.0841393247246742,-0.0194686874747276,17.57152155482802,46.57646544492985,-29.00494389010183,8,False,0.0003759850158638,0.017044906923315,False,True,static,17.571521840193146,46.576465648720294,-29.00494380852715,0.0721248812511583,0.09323092317296672,-0.021106041921808413,6.824695278817971,0.3053373923596105
980,25,25,heldout,33,165,32,0.825,False,True,True,False,False,0.1668962389230728,0.28195521235466,-0.1150589734315872,53.210332411710816,96.8160740883252,-43.60574167661439,8,False,5.822599276722315e-10,0.0813948170793913,True,False,transport_free,53.21033343275345,96.81607785401577,-43.60574442126232,0.18371512755239136,0.298347275925619,-0.11463214837322763,9.839516139222283,0.5462117500801489
981,25,25,heldout,34,170,33,0.85,False,True,True,False,False,0.0580981932580471,0.1502774506807327,-0.0921792536973953,22.81395695284623,68.7782175389193,-45.96426058607307,8,False,9.020562075079397e-16,0.1133674445993964,True,False,transport_free,22.813957587907705,68.77821684858623,-45.96425926067852,0.06353838848580091,0.16024458475037603,-0.09670619626457512,8.293263341326274,0.4003056141879302
982,25,25,heldout,35,175,34,0.875,False,True,True,False,False,0.0350934341549873,0.0919119492173194,-0.0568185150623321,12.118889308489807,22.725850632869633,-10.606961324379826,8,False,0.0,0.1303665787811912,True,False,transport_free,12.118889604762662,22.72585172748187,-10.606962122719208,0.03822409413702225,0.09947416339311978,-0.06125006925609753,4.767163908182922,0.31539524947773034
983,25,25,heldout,36,180,35,0.9,False,True,True,False,False,0.027160620316863,0.0807245895266532,-0.053563967347145,13.806740724197208,19.301652198055365,-5.494911473858158,9,False,0.0,0.1296361496806541,True,False,transport_free,13.806740632553337,19.301652322845488,-5.494911690292151,0.0295137815514375,0.08708145394154743,-0.05756767239010993,4.393364578867259,0.2950956691338377
984,25,25,heldout,37,185,36,0.925,False,True,True,False,False,0.0173779595643281,0.0973549410700798,-0.0799769833683967,13.285355111931048,43.45768815658207,-30.172333044651023,9,False,0.0,0.1033469417604865,True,False,transport_free,13.285355109754663,43.45768918229078,-30.172334072536117,0.01873769629198596,0.10409605902420206,-0.0853583627322161,6.592244623972231,0.32263920875213237
985,25,25,heldout,38,190,37,0.95,False,True,True,False,False,0.0091124875470995,0.102726362645626,-0.0936138778924942,10.48868932856468,47.94586195321234,-37.457172624647654,9,False,0.0,0.055935453760144,True,False,transport_free,10.488689353303736,47.9458637988966,-37.45717444559287,0.010394812702893308,0.10787980494558165,-0.09748499224268835,6.924295184269415,0.3284506126430299
986,25,25,heldout,39,195,38,0.975,False,True,True,False,False,0.0306114181876182,0.1081951037049293,-0.0775836855173111,37.54459363614047,44.30674575667462,-6.762152120534154,9,False,0.0,0.0424748940298674,True,False,transport_free,37.54459354080439,44.30674519270272,-6.7621516518983285,0.03465944498287881,0.12338881659483543,-0.08872937161195663,6.656331211163002,0.3512674431182535
987,25,25,heldout,40,200,39,1.0,False,True,False,False,False,0.0253350213170051,0.0998501405119896,-0.0745151191949844,25.361989061457205,43.205016376440824,-17.84302731498362,9,False,0.0,0.0149066690815612,False,True,static,25.361989293953105,43.205018449122214,-17.84302915516911,0.028211103366279047,0.10701491432519045,-0.0788038109589114,6.573052445334832,0.3271313410928254
988,26,26,heldout,3,15,2,0.075,False,True,True,False,False,0.0170892290771007,0.0965412482619285,-0.0794520229101181,10.474268464794251,18.54067371533687,-8.066405250542617,0,False,4.2674197509029455e-16,0.0981737884470655,True,False,transport_free,10.474268497074666,18.540673784026524,-8.066405286951857,0.01770570970361172,0.10382656485595188,-0.08612085515234015,4.305888268873976,0.3222212979552281
989,26,26,heldout,4,20,3,0.1,False,True,True,False,False,0.0112426253035664,0.1409140080213546,-0.1296713799238205,9.471101886858504,22.303862335715536,-12.832760448857032,1,False,0.0,0.0590462151711911,True,False,transport_free,9.47110208076502,22.303862073618944,-12.832759992853925,0.012066872769887696,0.1533582034084681,-0.1412913306385804,4.722696483325913,0.39160975908226303
990,26,26,heldout,5,25,4,0.125,False,True,True,False,False,0.0060445717535912,0.0622969605028629,-0.0562523901462554,8.633312577874726,13.734415171399965,-5.101102593525239,1,False,0.0,0.0203086171608442,True,False,transport_free,8.633312594254969,13.734414927764554,-5.101102333509585,0.0063836455248851886,0.06700513422850128,-0.06062148870361609,3.7059971570097776,0.25885349954849224
991,26,26,heldout,6,30,5,0.15,True,True,False,True,False,0.0033845312427729,0.0288578961044549,-0.0254733655601739,9.516730421429347,6.6496151619085735,2.867115259520774,1,True,0.0038410440122619,0.0051329811483401,False,False,interaction,9.51673044328787,6.649615013395324,2.8671154298925456,0.0036585629298176714,0.030888789315338182,-0.02723022638552051,2.578684744864196,0.1757520677412877
992,26,26,heldout,7,35,6,0.175,True,False,False,False,False,0.0710578113794326,0.2086144238710403,-0.1375566124916076,32.23890589896006,52.197678509019546,-19.958772610059484,1,True,0.0684796735631871,0.0677788442900848,False,False,interaction,32.23890544299739,52.19768256374599,-19.9587771207486,0.07431489136244175,0.21944743249484264,-0.14513254113240087,7.224796368323885,0.4684521667095186
993,26,26,heldout,8,40,7,0.2,True,False,False,False,False,0.7167642712593079,1.6872963905334473,-0.9705321192741394,65.60542019194223,196.3502223064485,-130.74480211450629,2,True,0.1221281140662716,0.1216768862150153,False,False,interaction,65.60542441901096,196.35019522160607,-130.7447708025951,0.7562318430232576,1.832324317479533,-1.0760924744562752,14.012501390601397,1.3536337456932481
994,26,26,heldout,9,45,8,0.225,True,False,False,False,False,1.3984450101852417,1.8962053060531616,-0.4977602958679199,24.304643593286546,24.57047932236989,-0.2658357290833493,2,True,0.1688670571896111,0.168614789215004,False,False,interaction,24.30463900312955,24.570478928580545,-0.2658399254509938,1.504690458505605,1.9698684328130553,-0.46517797430745045,4.956861802449262,1.40352001510953
995,26,26,heldout,10,50,9,0.25,True,False,False,False,False,1.718222975730896,1.873699188232422,-0.1554762125015258,17.581139522116114,16.21375636626463,1.3673831558514848,2,True,0.1274546000973316,0.1295996217724318,False,False,interaction,17.58114354898971,16.213764014125235,1.367379534864476,1.8980513326654285,2.1008418404277998,-0.20279050776237129,4.026631844870503,1.4494281080577263
996,26,26,heldout,11,55,10,0.275,True,False,False,False,False,1.8039517402648928,1.977481722831726,-0.1735299825668335,1582.9589795909833,1682.7372798206543,-99.77830022967125,2,True,0.1583486853199367,0.1608841918338786,False,False,interaction,1582.9589562982092,1682.73728170524,-99.77832540703093,1.94556763139372,2.1509073505648164,-0.2053397191710964,41.02118089115963,1.466597201199026
997,26,26,heldout,12,60,11,0.3,True,False,False,False,False,0.1741005927324295,0.4710288941860199,-0.2969282865524292,176.99833340995733,372.71189344369606,-195.71356003373873,3,True,0.077250034829786,0.0776733048740643,False,False,interaction,176.99833745229367,372.71189424282846,-195.7135567905348,0.19330624514702843,0.5208706680419187,-0.3275644228948903,19.305747699657438,0.721713702268371
998,26,26,heldout,13,65,12,0.325,True,False,False,False,False,0.0400515347719192,0.1054604724049568,-0.0654089376330375,60.40377002340228,72.76370816836338,-12.3599381449611,3,True,0.0437484948132301,0.0435877312129888,False,False,interaction,60.40377093912603,72.76370920799971,-12.359938268873684,0.04175184314300249,0.11180629107981026,-0.07005444793680776,8.530164664764667,0.3343744773151956
999,26,26,heldout,14,70,13,0.35,True,True,False,False,True,0.0065543041564524,0.0149568123742938,-0.0084025077521801,14.425431256151056,15.069028688290969,-0.6435974321399112,3,True,0.0147238592300227,0.0142017654742165,False,False,interaction,14.425431268741754,15.06902848268968,-0.6435972139479258,0.0072832720205609075,0.01642494638957889,-0.009141674369017982,3.8818846560259463,0.12815984702541935
1000,26,26,heldout,15,75,14,0.375,False,True,False,False,False,0.0428428389132022,0.0459413342177867,-0.0030984953045845,54.19718590405046,45.3909036493333,8.806282254717154,3,False,7.416721764884351e-05,0.0080696833092351,False,True,static,54.19718518594478,45.390903412534264,8.806281773410518,0.04755370600405279,0.05046133404374157,-0.0029076280396887824,6.737277151233595,0.22463600344499893
1001,26,26,heldout,16,80,15,0.4,False,True,True,False,False,0.1252744197845459,0.1457163542509079,-0.020441934466362,149.87632119391637,135.29572874600842,14.580592447907948,4,False,1.1584233259718983e-10,0.0502783207124707,True,False,transport_free,149.87632288602717,135.29573649549232,14.580586390534847,0.1430272208592169,0.1641361248157969,-0.021108903956579994,11.631669548929436,0.4051371679021772
1002,26,26,heldout,17,85,16,0.425,False,True,True,False,False,0.1265696585178375,0.1784348338842392,-0.0518651753664016,158.77900779581634,122.99678670671516,35.782221089101185,4,False,1.6653345369377348e-16,0.0890627038960383,True,False,transport_free,158.77900979425294,122.99678284975016,35.78222694450278,0.14156907067837887,0.19551789558571353,-0.05394882490733466,11.090391465126475,0.44217405575826535
1003,26,26,heldout,18,90,17,0.45,False,True,False,False,False,0.0228437576442956,0.0056218323297798,0.0172219257801771,36.28481040248795,1.9232590137852448,34.36155138870271,4,False,0.0,0.013063532396238,False,True,static,36.28481045238909,1.9232590060586816,34.36155144633041,0.02556175557582463,0.0060596555371694545,0.019502100038655174,1.3868161399618486,0.07784378932946066
1004,26,26,heldout,19,95,18,0.475,False,True,True,False,False,0.0188266579061746,0.0388911962509155,-0.0200645383447408,36.47118997254787,21.099643810591218,15.371546161956658,4,False,0.0,0.0591678858512439,True,False,transport_free,36.47119022811183,21.099643008825563,15.371547219286267,0.020809835466740954,0.0415638715007502,-0.020754036034009247,4.593434772457922,0.20387219403525877
1005,26,26,heldout,20,100,19,0.5,False,True,True,False,False,0.0134350256994366,0.04354789853096,-0.0301128737628459,31.075819873867705,31.527490467800988,-0.451670593933283,5,False,0.0,0.0377237549523335,True,False,transport_free,31.075819858697987,31.527491056450796,-0.45167119775280895,0.014668947397019252,0.048012904102785976,-0.033343956705766724,5.614934644005288,0.2191184704738192
1006,26,26,heldout,21,105,20,0.525,False,True,True,False,False,0.0068546538241207,0.0697737857699394,-0.0629191324114799,13.600654162424137,72.36116733320983,-58.7605131707857,5,False,0.0,0.038481986717395,True,False,transport_free,13.600654191386568,72.36116581866061,-58.76051162727404,0.007728490164796066,0.07919161595969221,-0.07146312579489614,8.506536652402117,0.28141004950017723
1007,26,26,heldout,22,110,21,0.55,False,True,True,False,False,0.0075820386409759,0.0510219745337963,-0.0434399358928203,16.700298403047775,45.5929350337257,-28.892636630677927,5,False,0.0,0.030895317932627,True,False,transport_free,16.700298564998235,45.59293617346197,-28.892637608463737,0.008348560874251438,0.058089398372580474,-0.049740837498329034,6.752254154981281,0.24101742337968116
1008,26,26,heldout,23,115,22,0.575,True,True,False,True,False,0.0141351865604519,0.0503302998840808,-0.0361951142549514,23.126246728310065,65.23689707093705,-42.11065034262698,5,True,0.001273985987233,0.0108479800452143,False,False,interaction,23.12624684592606,65.23689747846704,-42.11065063254098,0.01497831251583214,0.05651271051618706,-0.04153439800035492,8.076936144260833,0.2377240217483018
1009,26,26,heldout,24,120,23,0.6,True,True,False,False,False,0.0634819790720939,0.1193987503647804,-0.0559167712926864,65.6258268702643,96.8533452526092,-31.227518382344897,6,True,0.0371656058097139,0.0366065355854274,False,False,interaction,65.6258272158614,96.85334057432236,-31.227513358460953,0.06673050004562232,0.12354780459145383,-0.056817304545831504,9.841409481081577,0.3514936764601233
1010,26,26,heldout,25,125,24,0.625,True,False,False,False,False,0.1479617208242416,0.4107483625411987,-0.2627866268157959,159.1883493866595,322.95791054115966,-163.76956115450017,6,True,0.0779122535091566,0.0778810999928868,False,False,interaction,159.18835207856372,322.95792482315875,-163.76957274459502,0.1572022273334339,0.44847382653252676,-0.29127159919909285,17.97103015475626,0.6696818845784368
1011,26,26,heldout,26,130,25,0.65,True,False,False,False,False,0.6139212250709534,1.356208324432373,-0.7422870993614197,904.806227738839,2058.0223686198947,-1153.2161408810557,6,True,0.1060163850955383,0.1058929089339141,False,False,interaction,904.8062649847798,2058.022415795013,-1153.216150810233,0.6612618071558473,1.4832762620813884,-0.8220144549255411,45.3654319476296,1.2178982971009478
1012,26,26,heldout,27,135,26,0.675,True,False,False,False,False,0.0294371154159307,0.0356207527220249,-0.0061836373060941,9.90652945274974,8.663872359929515,1.242657092820224,6,True,0.0166623202432606,0.0169102857062395,False,False,interaction,9.906529477324305,8.663872538915273,1.2426569384090325,0.03138909636130028,0.03777817490913775,-0.006389078547837469,2.9434456915178973,0.19436608477082043
1013,26,26,heldout,28,140,27,0.7,True,False,False,False,False,0.4509874880313873,0.9911307692527772,-0.5401432514190674,529.967318781178,916.4446167539332,-386.4772979727551,7,True,0.0731325483930568,0.0729789073898448,False,False,interaction,529.967318522019,916.4446203884678,-386.4773018664488,0.5036411316091655,1.0797063596092666,-0.5760652280001012,30.27283634528598,1.0390891971381795
1014,26,26,heldout,29,145,28,0.725,True,False,False,False,False,0.1053855046629905,0.2811735868453979,-0.1757880747318267,94.31022555033373,245.08438062979948,-150.77415507946577,7,True,0.0554258920099357,0.0552332537883479,False,False,interaction,94.31022464179493,245.08437696481099,-150.77415232301604,0.11650685141158479,0.3119059112054799,-0.1953990597938951,15.655170933746172,0.5584853724185441
1015,26,26,heldout,30,150,29,0.75,True,False,False,False,False,0.0222537200897932,0.1625482589006424,-0.140294536948204,22.36906914048659,120.82207572399818,-98.4530065835116,7,True,0.0620696484638657,0.0620033649223409,False,False,interaction,22.3690690781802,120.82208005975167,-98.45301098157147,0.023872296411857927,0.17940507490800553,-0.1555327784961476,10.99190975489481,0.42356236247807183
1016,26,26,heldout,31,155,30,0.775,True,True,False,False,True,0.0217371135950088,0.0879542231559753,-0.0662171095609664,33.63337809232406,94.27650185078905,-60.64312375846499,7,True,0.0406616707794283,0.0382329402521682,False,False,interaction,33.633378833001565,94.2765053881666,-60.64312655516503,0.024255548330335264,0.09721030303467283,-0.07295475470433757,9.709608920454345,0.31178566842411604
1017,26,26,heldout,32,160,31,0.8,False,True,True,False,False,0.0830623060464859,0.0738823860883712,0.0091799199581146,127.45470002216072,81.40705176958271,46.047648252578,8,False,0.0024318863445474,0.0141076227841049,True,False,transport_free,127.45470094634312,81.40704973844531,46.047651207897815,0.09241444034799191,0.08237222180025869,0.010042218547733225,9.02258553511383,0.2870056128375518
1018,26,26,heldout,33,165,32,0.825,False,True,True,False,False,0.1929047703742981,0.2525037825107574,-0.0595990121364593,278.3152647663206,248.04366202763936,30.271602738681224,8,False,6.993658329709519e-09,0.0737992084175486,True,False,transport_free,278.31525888270204,248.04366692197235,30.271591960729694,0.21943238590509873,0.2861479459238885,-0.06671556001878975,15.749402113158848,0.5349279819974727
1019,26,26,heldout,34,170,33,0.85,False,True,True,False,False,0.0629954412579536,0.0915008783340454,-0.0285054370760917,98.6251042545642,86.67442410326079,11.950680151303402,8,False,1.1136884184775011e-14,0.0696031402598705,True,False,transport_free,98.62510418096849,86.67442614949631,11.95067803147218,0.07092152517002841,0.10159417954100254,-0.030672654370974134,9.309910104265041,0.3187384186774518
1020,26,26,heldout,35,175,34,0.875,False,True,True,False,False,0.0380110330879688,0.0621758550405502,-0.0241648219525814,32.06885033490604,17.071056336541833,14.997793998364203,8,False,0.0,0.0904483277816632,True,False,transport_free,32.06885039237276,17.071055841100115,14.997794551272644,0.04165027192468817,0.06732390274414617,-0.025673630819457997,4.131713426787985,0.259468500485408
1021,26,26,heldout,36,180,35,0.9,False,True,True,False,False,0.0221889708191156,0.0677623152732849,-0.0455733463168144,21.88953417915435,20.16670201984636,1.7228321593079876,9,False,0.0,0.0927712883787972,True,False,transport_free,21.889534610147525,20.16670182137309,1.7228327887744364,0.02378459079387044,0.07348033619969356,-0.049695745405823125,4.490735109241369,0.27107256629857174
1022,26,26,heldout,37,185,36,0.925,False,True,True,False,False,0.0162265095859766,0.0607087612152099,-0.0444822534918785,22.972097879558405,24.04476345388156,-1.0726655743231568,9,False,0.0,0.0580875518667877,True,False,transport_free,22.9720976739705,24.044763529388746,-1.072665855418247,0.01767364173668255,0.06546357352063585,-0.0477899317839533,4.9035460158327,0.2558585029281533
1023,26,26,heldout,38,190,37,0.95,False,True,True,False,False,0.0059987069107592,0.0717503502964973,-0.0657516419887542,11.835039347301633,69.31857547653571,-57.48353612923408,9,False,0.0,0.0442126752738685,True,False,transport_free,11.835039156765314,69.31857591200344,-57.48353675523813,0.006686764577703158,0.07952378582945076,-0.0728370212517476,8.325777796218407,0.28199962026472797
1024,26,26,heldout,39,195,38,0.975,False,True,True,False,False,0.0132725937291979,0.0685440599918365,-0.0552714653313159,19.451005916720195,55.86005925407932,-36.409053337359126,9,False,0.0,0.0404028136210087,True,False,transport_free,19.451006138498926,55.860057981140606,-36.40905184264168,0.0145563808708351,0.07716831927790807,-0.06261193840707296,7.473958655300456,0.2777918632320034
1025,26,26,heldout,40,200,39,1.0,False,True,True,False,False,0.0078520039096474,0.0604031682014465,-0.0525511652231216,15.829609128683597,67.69482072009187,-51.86521159140827,9,False,0.0,0.0241060988673189,True,False,transport_free,15.829609083441872,67.69481998815515,-51.86521090471327,0.008695496286114586,0.06798841803556467,-0.059292921749450084,8.227686186781503,0.26074588785935754
1026,27,27,heldout,3,15,2,0.075,False,True,True,False,False,0.0049868295900523,0.0653871223330497,-0.0604002922773361,7.823719019217454,1.637832779469136,6.185886239748318,0,False,4.2674197509029455e-16,0.0673288919988728,True,False,transport_free,7.823719107376884,1.6378325906448534,6.1858865167320305,0.005381340554708167,0.06963898454423127,-0.0642576439895231,1.2797783365274056,0.2638919940889289
1027,27,27,heldout,4,20,3,0.1,False,True,True,False,False,0.0049268249422311,0.1660744696855545,-0.1611476391553878,7.724312180296781,1.8160409212351707,5.90827125906161,1,False,0.0,0.0688457489936598,True,False,transport_free,7.724312175861994,1.816040743098626,5.908271432763367,0.005241755119730885,0.17835460625889954,-0.17311285113916866,1.3476055591673055,0.422320501821661
1028,27,27,heldout,5,25,4,0.125,False,True,True,False,False,0.0082702236250042,0.1331772953271865,-0.1249070689082145,8.673637992514264,2.0180748088788274,6.6555631836354365,1,False,0.0,0.0480683440403657,True,False,transport_free,8.673637844271504,2.018074537875893,6.65556330639561,0.008646694268302437,0.1414950344534258,-0.13284834018512334,1.4205895036483598,0.37615825719160517
1029,27,27,heldout,6,30,5,0.15,True,True,False,True,False,0.0055163321085274,0.0464833378791809,-0.0409670062363147,8.475554500955369,1.607189193890072,6.868365307065297,1,True,0.003831300677717,0.003299635446635,False,False,interaction,8.475554456431523,1.6071893593748754,6.868365097056647,0.005800941107814424,0.04895497033692009,-0.04315402922910567,1.2677497226877532,0.2212577011923429
1030,27,27,heldout,7,35,6,0.175,True,False,False,False,False,0.0949017629027366,0.339084267616272,-0.2441824972629547,10.398074700838352,7.62903611171873,2.7690385891196216,1,True,0.0810274462825424,0.0809342611287291,False,False,interaction,10.39807489347363,7.629036821574047,2.7690380718995833,0.09723057050789104,0.3494001889355635,-0.2521696184276725,2.762071110882927,0.5911008280619843
1031,27,27,heldout,8,40,7,0.2,True,False,False,False,False,0.1194874569773674,0.395538330078125,-0.276050865650177,5.670766309750507,7.024342562539001,-1.3535762527884936,2,True,0.0917916042873572,0.0920929576777987,False,False,interaction,5.67076616609788,7.024342934383056,-1.3535767682851763,0.1253926644966772,0.42368941043237013,-0.29829674593569294,2.6503477006579828,0.6509142880843607
1032,27,27,heldout,9,45,8,0.225,True,False,False,False,False,0.1549738049507141,0.7536232471466064,-0.5986494421958923,7.463619747432869,10.742639696650896,-3.2790199492180285,2,True,0.0930846773462902,0.0936771957735448,False,False,interaction,7.463619538559247,10.742636314817652,-3.2790167762584046,0.16792023679766946,0.8184621552286133,-0.6505419184309439,3.277596118318676,0.9046889825949099
1033,27,27,heldout,10,50,9,0.25,True,False,False,False,False,0.9031224250793456,1.4339890480041504,-0.5308666229248047,23.26916045897744,30.84211717803127,-7.572956719053831,2,True,0.0865424665726391,0.0849332820366455,False,False,interaction,23.269159774972408,30.84210986971863,-7.572950094746222,0.9347093038402248,1.5002482972258344,-0.5655389933856096,5.553567310271717,1.2248462341150559
1034,27,27,heldout,11,55,10,0.275,True,False,False,False,False,1.4351476430892944,1.7254053354263306,-0.2902576923370361,1798.944320904898,2108.500640958766,-309.5563200538679,2,True,0.1338060195763784,0.1334282261995795,False,False,interaction,1798.944384465816,2108.500640119875,-309.55625565405876,1.5238187505078482,1.8630535045584473,-0.3392347540505991,45.91841286586324,1.3649371797113767
1035,27,27,heldout,12,60,11,0.3,True,False,False,False,False,0.0832863003015518,0.3216649293899536,-0.2383786290884018,159.6884241802601,523.1005641324526,-363.41213995219255,3,True,0.0684402070275402,0.0681190324527735,False,False,interaction,159.68842514566396,523.1005698516348,-363.41214470597083,0.09181949072139883,0.34865761090801045,-0.2568381201866116,22.87139195264763,0.5904723625268252
1036,27,27,heldout,13,65,12,0.325,True,False,False,False,False,0.039967980235815,0.2279330492019653,-0.1879650652408599,63.136704838329514,241.11957003807615,-177.98286519974667,3,True,0.0617420356038897,0.0615900743048567,False,False,interaction,63.136705014311225,241.11956891932968,-177.98286390501846,0.043079885286274044,0.2424482918434285,-0.19936840655715446,15.528025274300969,0.492390385612299
1037,27,27,heldout,14,70,13,0.35,True,True,False,False,True,0.0125783728435635,0.0347376018762588,-0.0221592299640178,24.022691981818134,41.37535249971526,-17.352660517897124,3,True,0.0181652094608096,0.0211632260262585,False,False,interaction,24.02269217633152,41.37535296388064,-17.352660787549116,0.013976413628782042,0.03717835073798644,-0.0232019371092044,6.432367601737376,0.1928168839546642
1038,27,27,heldout,15,75,14,0.375,False,True,False,False,False,0.0580480955541133,0.0664392039179802,-0.0083911083638668,65.8031211968593,80.86379655989145,-15.06067536303216,3,False,3.251693697049974e-05,0.0186179106499186,False,True,static,65.80312114458171,80.86379799093605,-15.06067684635434,0.0636979765539985,0.07175533518922426,-0.008057358635225761,8.992430038145198,0.2678718633772951
1039,27,27,heldout,16,80,15,0.4,False,True,True,False,False,0.2288925647735595,0.2661205530166626,-0.037227988243103,274.89332580531027,268.07261104502044,6.820714760289832,4,False,5.090352190965806e-11,0.0795198366708867,True,False,transport_free,274.8933261255573,268.0726073237303,6.820718801826956,0.25454515014716816,0.29733956508984904,-0.04279441494268088,16.37292299266476,0.5452885154575045
1040,27,27,heldout,17,85,16,0.425,False,True,True,False,False,0.0771601572632789,0.1761927604675293,-0.0990326032042503,65.9654294917055,157.63197933364222,-91.66654984193671,4,False,6.591949208711867e-17,0.1006517698692305,True,False,transport_free,65.96542807892125,157.63197900360709,-91.66655092468584,0.08482972897805284,0.19005828818579407,-0.10522855920774123,12.555157466300734,0.43595675036153997
1041,27,27,heldout,18,90,17,0.45,False,True,True,False,False,0.0182071235030889,0.0217983666807413,-0.0035912431776523,14.897666731131928,15.37422622383287,-0.4765594927009431,4,False,0.0,0.0436421966042674,True,False,transport_free,14.89766681391768,15.374225992964796,-0.47655917904711487,0.019980029655504012,0.023370042084269488,-0.003390012428765476,3.9209980863250617,0.15287263353612213
1042,27,27,heldout,19,95,18,0.475,False,True,True,False,False,0.0271460581570863,0.0889694392681121,-0.0618233829736709,16.524467936907428,37.52762303324636,-21.00315509633893,4,False,0.0,0.0821072669545328,True,False,transport_free,16.524468016017064,37.52762344219027,-21.003155426173205,0.029587809393776865,0.09628236257659468,-0.06669455318281782,6.125979386366744,0.3102939937810506
1043,27,27,heldout,20,100,19,0.5,False,True,True,False,False,0.0067999348975718,0.0501008331775665,-0.0433008968830108,8.777750844060995,44.846464081542216,-36.06871323748122,5,False,0.0,0.0533804503838589,True,False,transport_free,8.777750962638772,44.84646483382543,-36.06871387118666,0.00751237085645344,0.05408104724153393,-0.04656867638508049,6.696750318910317,0.23255332128682646
1044,27,27,heldout,21,105,20,0.525,False,True,True,False,False,0.0043355249799788,0.1142580285668373,-0.1099225059151649,10.560103406257994,126.82850583563273,-116.26840242937472,5,False,0.0,0.0640573091871503,True,False,transport_free,10.56010328941735,126.82850310473516,-116.2683998153178,0.004735222630336131,0.12592763029282567,-0.12119240766248954,11.261816154809807,0.3548628330676878
1045,27,27,heldout,22,110,21,0.55,False,True,True,False,False,0.009970917366445,0.1399340182542801,-0.1299630999565124,24.01704354120916,141.9557754155503,-117.93873187434116,5,False,0.0,0.0501661507090957,True,False,transport_free,24.017043492084838,141.9557790782011,-117.93873558611625,0.010671194111479732,0.15583110333510522,-0.14515990922362548,11.914519674674304,0.3947544848828259
1046,27,27,heldout,23,115,22,0.575,True,True,False,True,False,0.0114488722756505,0.0486874841153621,-0.0372386127710342,25.306340347008064,53.58078517529793,-28.27444482828987,5,True,0.0010772581136253,0.0075092065148546,False,False,interaction,25.306340353017955,53.580785686000176,-28.27444533298222,0.0126033826841285,0.052766554144439315,-0.040163171460310815,7.319889731819748,0.2297097171310768
1047,27,27,heldout,24,120,23,0.6,True,False,False,False,False,0.0343031696975231,0.1860095262527465,-0.1517063528299331,55.74705743124505,199.5605172543825,-143.81345982313744,6,True,0.0491337609866606,0.048427106701954,False,False,interaction,55.7470568170643,199.5605210427093,-143.813464225645,0.036707924511453445,0.19755369175045798,-0.16084576723900454,14.126589151055159,0.44447012469957753
1048,27,27,heldout,25,125,24,0.625,True,False,False,False,False,0.1026703119277954,0.3252951204776764,-0.2226248085498809,195.39119978934443,462.02623850644926,-266.6350387171048,6,True,0.0741382040791906,0.0741930164796408,False,False,interaction,195.39119960091168,462.0262347145546,-266.63503511364297,0.11250909265677798,0.34120094867013345,-0.22869185601335545,21.494795526232732,0.5841240867060127
1049,27,27,heldout,26,130,25,0.65,True,False,False,False,False,0.203193262219429,0.8498695492744446,-0.6466763019561768,275.8319039880694,1535.4059433441498,-1259.5740393560804,6,True,0.0961439895643375,0.0960035652525907,False,False,interaction,275.8319070140237,1535.4059297570668,-1259.574022743043,0.21503217702200575,0.8806348401165076,-0.6656026630945019,39.18425614653246,0.9384214618797396
1050,27,27,heldout,27,135,26,0.675,True,False,False,False,False,0.1007728576660156,0.6412313580513,-0.5404585003852844,64.75847950484108,345.24668097822155,-280.48820147338046,6,True,0.0838075738264387,0.084324470430199,False,False,interaction,64.75848003476322,345.24666914081513,-280.4881891060519,0.11062995396066815,0.7003312144573229,-0.5897012604966548,18.5808145445999,0.8368579416229035
1051,27,27,heldout,28,140,27,0.7,True,False,False,False,False,0.3314413130283355,1.275235295295715,-0.943794012069702,434.03222423346944,921.8719764363252,-487.8397522028559,7,True,0.1091830630683003,0.1090674762501772,False,False,interaction,434.03223381867247,921.8719137920194,-487.83967997334696,0.34514832702671666,1.3620037254268844,-1.0168553984001678,30.36234368081653,1.167049152960956
1052,27,27,heldout,29,145,28,0.725,True,False,False,False,False,0.0551702640950679,0.4311159551143646,-0.3759456872940063,108.1997761566589,786.9199454791775,-678.7201693225186,7,True,0.0852257771991384,0.0853351520464788,False,False,interaction,108.19977667354009,786.9199521474333,-678.7201754738932,0.06034359115682727,0.4601891519776134,-0.39984556082078615,28.05209354303941,0.6783724286685106
1053,27,27,heldout,30,150,29,0.75,True,False,False,False,False,0.0493008494377136,0.2507501244544983,-0.2014492750167846,104.9677600618202,354.33164048758255,-249.36388042576235,7,True,0.0665362178483444,0.0661644054355403,False,False,interaction,104.96776165550256,354.33163769734523,-249.36387604184267,0.05272473242960354,0.2678952195123596,-0.21517048708275607,18.823698831455662,0.5175859537432982
1054,27,27,heldout,31,155,30,0.775,True,False,False,False,False,0.0198395680636167,0.1976335048675537,-0.1777939349412918,21.82953052746507,207.15124229757325,-185.32171177010815,7,True,0.0484754156372276,0.0487245399199181,False,False,interaction,21.8295306886021,207.1512472775356,-185.3217165889335,0.02107232702004164,0.20625826181767093,-0.1851859347976293,14.392749816401853,0.45415664898542546
1055,27,27,heldout,32,160,31,0.8,False,True,True,False,True,0.0297493692487478,0.0235725883394479,0.0061767809092998,36.95563644661564,24.57885861271644,12.3767778338992,8,False,0.0029733062332757,0.0026002407853309,True,False,transport_free,36.955636454198135,24.57885830966674,12.376778144531396,0.03256242662570783,0.025398264499345905,0.007164162126361926,4.957706960850625,0.15936832966228234
1056,27,27,heldout,33,165,32,0.825,False,True,True,False,False,0.2205020636320114,0.2828001677989959,-0.0622981041669845,230.5300969453838,260.3360739704106,-29.80597702502681,8,False,1.3553896657315992e-08,0.0755672056855862,True,False,transport_free,230.53009450227637,260.33607526959287,-29.8059807673165,0.24533760581840422,0.3149889851368033,-0.06965137931839907,16.134933382868144,0.5612387951102483
1057,27,27,heldout,34,170,33,0.85,False,True,True,False,False,0.0834786668419838,0.1507501751184463,-0.0672715082764625,87.42563986521345,171.409102439524,-83.98346257431054,8,False,2.1630806186045207e-14,0.0910791986149532,True,False,transport_free,87.42563991443478,171.40910378528918,-83.9834638708544,0.09191780964515965,0.16386416123954198,-0.07194635159438233,13.092329960144191,0.4048013849278952
1058,27,27,heldout,35,175,34,0.875,False,True,True,False,False,0.070865586400032,0.1630831062793731,-0.0922175198793411,41.06707150570776,43.5021789454681,-2.435107439760344,8,False,0.0,0.1469716610233264,True,False,transport_free,41.06707166758938,43.502177564212786,-2.435105896623405,0.07737979902384427,0.17503187870483217,-0.0976520796809879,6.595618057787518,0.41836811387202083
1059,27,27,heldout,36,180,35,0.9,False,True,True,False,False,0.0133816553279757,0.0252671744674444,-0.0118855191394686,15.2401511762639,10.34041965637048,4.89973151989342,9,False,0.0,0.0758790260084003,True,False,transport_free,15.240151116751784,10.340419497556093,4.899731619195691,0.014403820726921179,0.026927512736556334,-0.012523692009635155,3.215652266268244,0.1640960472910799
1060,27,27,heldout,37,185,36,0.925,False,True,True,False,False,0.0366698801517486,0.1353685706853866,-0.098698690533638,13.026119914139803,47.92719392650033,-34.901074012360525,9,False,0.0,0.1150520563982577,True,False,transport_free,13.026119385732514,47.92719374931627,-34.90107436358375,0.03953275888378254,0.14619058141677457,-0.10665782253299202,6.92294689776805,0.38234876934125805
1061,27,27,heldout,38,190,37,0.95,False,True,True,False,False,0.0034089237451553,0.0684399530291557,-0.0650310292840004,10.296511902473464,76.99898737705831,-66.70247547458484,9,False,0.0,0.0547896948020232,True,False,transport_free,10.296511917247562,76.99898687928001,-66.70247496203245,0.0038736984071477613,0.07527460156453632,-0.07140090315738856,8.774906659291597,0.27436217225509846
1062,27,27,heldout,39,195,38,0.975,False,True,True,False,False,0.009424933232367,0.0918987393379211,-0.0824738070368766,18.01615759185641,97.35786319670306,-79.34170560484665,9,False,0.0,0.0443382177960544,True,False,transport_free,18.016157716773083,97.35786336217105,-79.34170564539797,0.010213053023966849,0.10064005923437448,-0.09042700621040764,9.867008835618373,0.3172381743018555
1063,27,27,heldout,40,200,39,1.0,False,True,True,False,False,0.0091778496280312,0.0938234329223632,-0.0846455842256546,16.288436927290654,89.89063514984372,-73.60219822255306,9,False,0.0,0.0283008496908796,True,False,transport_free,16.28843706137091,89.89063189504179,-73.60219483367088,0.009960510478031356,0.10389428613766365,-0.09393377565963229,9.481067023022344,0.3223263658741923
1064,28,28,heldout,3,15,2,0.075,False,True,True,False,False,0.0095215486362576,0.0765752866864204,-0.067053735256195,14.78992465402761,55.205345361313704,-40.415420707286096,0,False,4.2674197509029455e-16,0.0523049401896687,True,False,transport_free,14.789924882283636,55.20534339267014,-40.4154185103865,0.01013933675348802,0.08172630258472209,-0.07158696583123407,7.430029837939424,0.2858781254043794
1065,28,28,heldout,4,20,3,0.1,False,True,True,False,False,0.0107232434675097,0.1184910759329795,-0.1077678352594375,19.40360097862308,82.841410331798,-63.43780935317493,1,False,0.0,0.0504543968851737,True,False,transport_free,19.40360109243325,82.84141021886764,-63.43780912643439,0.011882823695737552,0.125514583630629,-0.11363175993489145,9.10172567257812,0.3542803743232597
1066,28,28,heldout,5,25,4,0.125,False,True,False,False,False,0.0023335767909884,0.0434386432170867,-0.0411050654947757,7.714876591903194,30.185990498962905,-22.47111390705971,1,False,0.0,0.0115852697847497,False,True,static,7.714876558467523,30.185990619701602,-22.47111406123408,0.0025258986864804905,0.045826503877747955,-0.043300605191267466,5.494177883878679,0.21407125887831827
1067,28,28,heldout,6,30,5,0.15,True,True,False,True,False,0.0082106934860348,0.0105772512033581,-0.0023665577173233,16.321636488536566,7.635633364818609,8.686003123717956,1,True,0.0037601467581216,0.0028339282786987,False,False,interaction,16.321636563620704,7.63563340949361,8.686003154127093,0.009041246050599094,0.01160518518757292,-0.002563939136973826,2.76326499082039,0.10772736508228965
1068,28,28,heldout,7,35,6,0.175,True,False,False,False,False,0.0448797829449176,0.1971056014299392,-0.1522258222103119,33.94896776341199,116.33809761062714,-82.38912984721514,1,True,0.0535964646417452,0.0529967068986664,False,False,interaction,33.94896808527426,116.3380974901847,-82.38912940491043,0.0477101701641634,0.20444775024620232,-0.15673758008203892,10.786013975986899,0.4521589877976577
1069,28,28,heldout,8,40,7,0.2,True,False,False,False,False,0.120591290295124,0.5505304932594299,-0.4299392104148865,121.5814787325454,822.1629445096872,-700.5814657771418,2,True,0.0866543688699892,0.0866955382478129,False,False,interaction,121.58148034952397,822.162932377999,-700.581452028475,0.1296705190865252,0.5940122885350573,-0.4643417694485321,28.673383692511756,0.7707219268549826
1070,28,28,heldout,9,45,8,0.225,True,False,False,False,False,0.403302788734436,1.27765154838562,-0.8743487596511841,247.55044096382028,1725.9695177018093,-1478.4190767379891,2,True,0.1050227357341847,0.1044471253122852,False,False,interaction,247.55044029454075,1725.9695420409678,-1478.419101746427,0.42463425462221877,1.3111134116783962,-0.8864791570561774,41.544789589561866,1.1450386070689478
1071,28,28,heldout,10,50,9,0.25,True,False,False,False,False,0.8570734858512878,1.4623074531555176,-0.6052339673042297,214.34756701049233,217.12055963348237,-2.7729926229900457,2,True,0.0844807309145385,0.0853228808258491,False,False,interaction,214.347575430636,217.1205451186411,-2.772969688005105,0.9152995112624541,1.5960089440292122,-0.6807094327667581,14.735010862521992,1.2633324756489133
1072,28,28,heldout,11,55,10,0.275,True,False,False,False,False,0.5571920871734619,1.2669483423233032,-0.7097562551498413,61.65290519216516,150.55075566873523,-88.89785047657008,2,True,0.0898111698857622,0.0905614974660574,False,False,interaction,61.65290889690446,150.55076038263974,-88.89785148573529,0.6110861685379169,1.3581890235528178,-0.7471028550149009,12.269912810718735,1.1654136705705909
1073,28,28,heldout,12,60,11,0.3,True,False,False,False,False,0.0241169650107622,0.262710303068161,-0.2385933399200439,10.236066234437954,54.23488705271014,-43.998820818272186,3,True,0.0650273677177612,0.0649542937160461,False,False,interaction,10.236066167388458,54.23488714439592,-43.99882097700746,0.025950265292047924,0.29073937462566934,-0.26478910933362143,7.364433932380405,0.5392025358116088
1074,28,28,heldout,13,65,12,0.325,True,False,False,False,False,0.0178675521165132,0.1616806238889694,-0.1438130736351013,9.451689947989474,24.900161231954183,-15.44847128396471,3,True,0.0608783509672743,0.0605503305779617,False,False,interaction,9.451689824011554,24.90016168503888,-15.448471861027327,0.01873200760393899,0.16815761299592982,-0.14942560539199085,4.9900061808617915,0.4100702537321255
1075,28,28,heldout,14,70,13,0.35,True,True,False,True,True,0.0304999947547912,0.0969692692160606,-0.0664692744612693,11.085887040734823,10.877973327412429,0.2079137133223945,3,True,0.034709432979672,0.0352191981782993,False,False,interaction,11.085886700374795,10.877972820301087,0.2079138800737077,0.03254491526379175,0.09892447306022194,-0.06637955779643018,3.298177196619534,0.31452261136557724
1076,28,28,heldout,15,75,14,0.375,False,True,True,False,True,0.09283959120512,0.0996612235903739,-0.0068216323852539,25.384268964170555,22.81618035859908,2.568088605571475,3,False,0.0001138124474309,0.035705092692251,True,False,transport_free,25.38426932083486,22.816179951184484,2.5680893696503766,0.0937848047004659,0.10124864802492617,-0.007463843324460262,4.776628512997895,0.3181959271029819
1077,28,28,heldout,16,80,15,0.4,False,True,True,False,False,0.1729590743780136,0.2992031276226043,-0.1262440532445907,42.35348841650293,63.89503929421634,-21.541550877713412,4,False,1.4183743021349969e-10,0.0903428184447117,True,False,transport_free,42.35348827739749,63.89503695837711,-21.541548680979623,0.17814743098706598,0.31209174921686184,-0.13394431822979586,7.993437117934757,0.5586517244373831
1078,28,28,heldout,17,85,16,0.425,False,True,True,False,False,0.0969920977950096,0.281853049993515,-0.1848609447479248,23.946505767126933,43.95857011518412,-20.01206434805719,4,False,1.6098383401497414e-16,0.1087001343175375,True,False,transport_free,23.946506452865453,43.95857018559681,-20.01206373273136,0.10273657722018381,0.3012652557188545,-0.19852867849867067,6.63012595548507,0.5488763574056132
1079,28,28,heldout,18,90,17,0.45,False,True,False,False,False,0.0054717324674129,0.0009394103544764,0.0045323222875595,8.005952455954082,0.1622702476485827,7.843682208305499,4,False,0.0,0.0126911803402853,False,True,static,8.005952487814708,0.16227024664179232,7.843682241172916,0.005773856951659915,0.0010138245144217701,0.004760032437238145,0.40282781264678374,0.03184061108744256
1080,28,28,heldout,19,95,18,0.475,False,True,True,False,False,0.0207067001610994,0.1015451774001121,-0.0808384791016578,8.69427204144469,18.233068990762373,-9.538796949317684,4,False,0.0,0.078606434454279,True,False,transport_free,8.694272032673162,18.233068406064536,-9.538796373391374,0.022069996422768624,0.10931158964128085,-0.08724159321851223,4.270019719634154,0.33062303253294506
1081,28,28,heldout,20,100,19,0.5,False,True,True,False,False,0.01492749620229,0.125464841723442,-0.1105373427271843,9.740041255997609,25.597398894637212,-15.857357638639606,5,False,0.0,0.063030656586139,True,False,transport_free,9.740041300760552,25.597397960256732,-15.85735665949618,0.015448336771122234,0.13215825199297712,-0.11670991522185489,5.059387113105374,0.36353576439323976
1082,28,28,heldout,21,105,20,0.525,False,True,True,False,False,0.0114375911653041,0.1485527902841568,-0.1371151953935623,8.970129581610864,34.18791481669559,-25.21778523508473,5,False,0.0,0.0615439818050912,True,False,transport_free,8.970129825482907,34.18791463688723,-25.21778481140432,0.012245644463803195,0.1541624441819241,-0.1419167997181209,5.847043238841938,0.39263525590797893
1083,28,28,heldout,22,110,21,0.55,False,True,True,False,False,0.0049136742018163,0.0847096443176269,-0.0797959715127945,7.145710522065413,17.42047895316306,-10.274768431097645,5,False,0.0,0.026894142864983,True,False,transport_free,7.145710576377066,17.420479457296214,-10.274768880919147,0.005381610329359574,0.08728089279449369,-0.08189928246513412,4.1737847880905665,0.29543339823806936
1084,28,28,heldout,23,115,22,0.575,True,True,False,True,False,0.0039420253597199,0.020790658891201,-0.0168486330658197,6.172195270449862,3.473196343654859,2.698998926795003,5,True,0.0053094513285446,0.0035164191196652,False,False,interaction,6.172195351627853,3.473196395446893,2.69899895618096,0.004330810849288228,0.02233669061308847,-0.018005879763800244,1.8636513610240766,0.14945464399973818
1085,28,28,heldout,24,120,23,0.6,True,True,False,False,False,0.0249535217881202,0.1248249784111976,-0.0998714566230773,8.901885731410749,11.79409239425773,-2.8922066628469807,6,True,0.0482981016877054,0.047768614396965,False,False,interaction,8.901885303833991,11.794092302520127,-2.8922069986861363,0.02582776882086597,0.12611284673228626,-0.10028507791142029,3.434252801195644,0.3551237062381027
1086,28,28,heldout,25,125,24,0.625,True,False,False,False,False,0.1657112091779709,0.641718864440918,-0.4760076403617859,40.086677541161926,116.84248286550836,-76.75580532434643,6,True,0.0927800286491052,0.0927701485852172,False,False,interaction,40.08667861327546,116.84248331039981,-76.75580469712435,0.1794390259928128,0.6858683767413153,-0.5064293507485025,10.809370162521025,0.8281717072813556
1087,28,28,heldout,26,130,25,0.65,True,False,False,False,False,0.3898768424987793,1.2664765119552612,-0.8765996694564819,76.26610640973045,258.8382289245159,-182.5721225147854,6,True,0.1026573958956351,0.1031358337098312,False,False,interaction,76.26610437809141,258.838219956449,-182.57211557835757,0.4009328452832986,1.3139585407936325,-0.913025695510334,16.08844989290295,1.1462803063795663
1088,28,28,heldout,27,135,26,0.675,True,False,False,False,False,0.0607322044670581,0.148610308766365,-0.0878781080245971,13.219690115583438,13.425459056653088,-0.2057689410696497,6,True,0.0350943359518603,0.0362866588344956,False,False,interaction,13.219691069399962,13.425458403593163,-0.20576733419320092,0.06675258363370211,0.15951304770323457,-0.09276046406953246,3.6640767464114563,0.3993908457929833
1089,28,28,heldout,28,140,27,0.7,True,False,False,False,False,0.6466702818870544,1.4844417572021484,-0.837771475315094,107.93256841384364,228.8002677218128,-120.86769930796918,7,True,0.1028608460695647,0.1029366526645233,False,False,interaction,107.93257032032837,228.80027890912424,-120.86770858879588,0.694507159842311,1.5414546537938951,-0.8469474939515841,15.126145540392114,1.2415533229764621
1090,28,28,heldout,29,145,28,0.725,True,False,False,False,False,0.0632464662194252,0.4167627394199371,-0.3535162806510925,18.659274747963774,82.33981371939852,-63.68053897143474,7,True,0.072090113133321,0.0725374247087467,False,False,interaction,18.659274499019677,82.3398215323646,-63.68054703334492,0.06864575671600415,0.4575303634795998,-0.38888460676359565,9.074129243754719,0.6764099078810125
1091,28,28,heldout,30,150,29,0.75,True,False,False,False,False,0.027003014460206,0.1858035773038864,-0.1588005572557449,9.559694377576584,26.253867220278256,-16.69417284270167,7,True,0.0638645279721609,0.0634729804633629,False,False,interaction,9.559694426175243,26.253867874198153,-16.69417344802291,0.029029013595751812,0.19590738996417914,-0.16687837636842734,5.123852834947366,0.44261426769160883
1092,28,28,heldout,31,155,30,0.775,True,False,False,False,False,0.0070093977265059,0.0841148197650909,-0.0771054252982139,7.873967258418179,10.01610671318957,-2.142139454771391,7,True,0.0400942859633194,0.0403226676094653,False,False,interaction,7.873967056805899,10.016105977884587,-2.142138921078688,0.007123355095031168,0.08561312526262845,-0.07848977016759728,3.1648232143177584,0.2925972065188396
1093,28,28,heldout,32,160,31,0.8,True,True,False,False,True,0.0385265201330184,0.0574306696653366,-0.0189041495323181,14.655097025336046,15.071912609355197,-0.416815584019151,8,True,0.0071079532624435,0.0097627692775051,False,False,interaction,14.655096386916584,15.071912859568277,-0.41681647265169275,0.039983005838535424,0.06147672724485614,-0.021493721406320714,3.8822561558413784,0.24794500850966156
1094,28,28,heldout,33,165,32,0.825,False,True,True,False,False,0.2093588262796402,0.265360951423645,-0.0560021251440048,51.63339686243978,63.86476807805326,-12.231371215613478,8,False,1.3137491040346997e-07,0.0685674447726703,True,False,transport_free,51.63339246935997,63.8647678280955,-12.231375358735534,0.2130984923431817,0.27239279769191316,-0.05929430534873145,7.991543519752333,0.5219126341562476
1095,28,28,heldout,34,170,33,0.85,False,True,True,False,False,0.1304129809141159,0.2655272483825683,-0.1351142674684524,28.23548300879968,47.03599306755942,-18.800510058759738,8,False,2.0984706446852174e-13,0.0967498919310605,True,False,transport_free,28.235482555482644,47.03599511222304,-18.800512556740397,0.13494008931392018,0.27961002892606707,-0.1446699396121469,6.858279311330433,0.5287816457915943
1096,28,28,heldout,35,175,34,0.875,False,True,True,False,False,0.0296553876250982,0.0968202352523803,-0.067164845764637,12.303317631904177,16.979175437292522,-4.675857805388345,8,False,0.0,0.0768125702427,True,False,transport_free,12.30331785241897,16.979176447006186,-4.675858594587215,0.03131504463048195,0.1029595366007826,-0.07164449197030065,4.1205796251263225,0.3208730848805842
1097,28,28,heldout,36,180,35,0.9,False,True,True,False,False,0.0287543833255767,0.090009331703186,-0.0612549483776092,9.97940177512565,14.140796164932048,-4.161394389806398,9,False,0.0,0.0683959037685199,True,False,transport_free,9.979401828256927,14.140796246672103,-4.161394418415176,0.030683645705828166,0.09602361732368514,-0.06533997161785697,3.760425008781867,0.30987677764505867
1098,28,28,heldout,37,185,36,0.925,False,True,True,False,False,0.0188309829682111,0.1079788580536842,-0.0891478732228279,9.323628966139692,18.363525608726068,-9.039896642586376,9,False,0.0,0.0658269481846153,True,False,transport_free,9.323629099935589,18.363526028082926,-9.039896928147337,0.02016037035910769,0.11445381414300491,-0.09429344378389723,4.285268489614499,0.33831023357711915
1099,28,28,heldout,38,190,37,0.95,False,True,True,False,False,0.0074688992463052,0.105609618127346,-0.0981407165527343,7.92011803203291,21.06043571588722,-13.14031768385431,9,False,0.0,0.0570380384983829,True,False,transport_free,7.920117902708064,21.060436874967113,-13.140318972259049,0.007796351579296282,0.10975949132164808,-0.1019631397423518,4.589165161003373,0.3312997001532722
1100,28,28,heldout,39,195,38,0.975,False,True,True,False,False,0.0104501992464065,0.1438034325838089,-0.1333532333374023,8.393109194153622,36.00918811236709,-27.616078918213468,9,False,0.0,0.0524964665074189,True,False,transport_free,8.393109302061646,36.00918650235389,-27.616077200292246,0.010680177229542074,0.14941737873542615,-0.1387372015058841,6.000765493031192,0.38654544200575713
1101,28,28,heldout,40,200,39,1.0,True,True,False,True,False,0.0126831904053688,0.0821165665984153,-0.0694333761930465,8.115535568570298,16.84784222372394,-8.732306655153643,9,True,0.0020626192878872,0.0135539129709259,False,False,interaction,8.115535645387668,16.847842247653915,-8.732306602266247,0.013773464963216278,0.08415323306168676,-0.07037976809847048,4.104612313928554,0.2900917666216791
1102,29,29,heldout,3,15,2,0.075,False,True,True,False,False,0.0052463766187429,0.0849388837814331,-0.079692505300045,10.501682090428792,69.35023557814712,-58.84855348771833,0,False,4.2674197509029455e-16,0.0557625461174099,True,False,transport_free,10.501682156698394,69.3502333678074,-58.84855121110901,0.005795100832453892,0.08892439071894688,-0.08312928988649299,8.327678750276538,0.29820192943531887
1103,29,29,heldout,4,20,3,0.1,False,True,True,False,False,0.0069362446665763,0.1153725758194923,-0.1084363311529159,12.71386286871422,97.1170340574174,-84.4031711887032,1,False,0.0,0.0495306464400468,True,False,transport_free,12.713862881432519,97.11703665533308,-84.40317377390056,0.0073600545195759886,0.12050392258294151,-0.11314386806336553,9.854797646594935,0.3471367491104068
1104,29,29,heldout,5,25,4,0.125,False,True,True,False,False,0.0031293416395783,0.052645307034254,-0.0495159663259983,5.957947722859227,44.600074573034824,-38.6421268501756,1,False,0.0,0.0221619319354041,True,False,transport_free,5.9579477310824975,44.60007439025378,-38.64212665917128,0.003406530991723241,0.055399084276850315,-0.05199255328512707,6.678328712354146,0.23537010064332792
1105,29,29,heldout,6,30,5,0.15,True,True,False,True,False,0.0072335475124418,0.0068952948786318,0.00033825263381,18.543288567470466,8.434599467002153,10.108689100468313,1,True,0.0027238630774612,0.0018693062688867,False,False,interaction,18.54328856313371,8.434599510941103,10.108689052192608,0.007703637394746019,0.007574372460084637,0.00012926493466138174,2.904238198037672,0.08703087073036002
1106,29,29,heldout,7,35,6,0.175,True,False,False,False,False,0.0357891172170639,0.1281024813652038,-0.0923133641481399,52.50086196860345,78.52989357719856,-26.029031608595112,1,True,0.0550317269174941,0.0544693068365089,False,False,interaction,52.50086258097493,78.52989527645019,-26.02903269547526,0.03817099739836619,0.1360346301689622,-0.09786363277059601,8.861709500793298,0.3688287274182452
1107,29,29,heldout,8,40,7,0.2,True,False,False,False,False,0.0443437881767749,0.1847118884325027,-0.140368103981018,71.64820674029075,115.94301616439384,-44.29480942410309,2,True,0.0690187475249367,0.0689782552273492,False,False,interaction,71.64820481289902,115.94302200975922,-44.294817196860194,0.04738134309576625,0.1965125641939612,-0.14913122109819496,10.767684152581706,0.4432973767054811
1108,29,29,heldout,9,45,8,0.225,True,False,False,False,False,0.3590751886367798,0.9451770186424256,-0.5861018300056458,530.7217500359053,944.435926269749,-413.71417623384366,2,True,0.1013949734459498,0.1012408027794166,False,False,interaction,530.7217346851943,944.4359097099368,-413.71417502474253,0.39948408204767044,1.0398459844551056,-0.6403619024074352,30.731675999039442,1.0197283875891194
1109,29,29,heldout,10,50,9,0.25,True,False,False,False,False,1.633447527885437,1.8386942148208616,-0.2052466869354248,226.82247037376555,536.0533199381057,-309.23084956434013,2,True,0.1392236373996913,0.1398610787219304,False,False,interaction,226.82245691798792,536.0533073329992,-309.23085041501133,1.8125213010573606,2.0370599954701176,-0.22453869441275698,23.1528250400032,1.4272561071756245
1110,29,29,heldout,11,55,10,0.275,True,False,False,False,False,1.8247228860855105,1.8585070371627808,-0.0337841510772705,118.49108015699062,106.48383829751276,12.007241859477872,2,True,0.1362749045160519,0.1386054026309074,False,False,interaction,118.49107488945442,106.48384080627602,12.007234083178403,1.909004824574844,1.8977387065002216,0.011266118074622522,10.319100775080939,1.3775843736411288
1111,29,29,heldout,12,60,11,0.3,True,False,False,False,False,0.1335677355527877,0.2329855412244796,-0.0994178056716919,28.661194426458877,34.288205068989924,-5.627010642531047,3,True,0.0469693776332388,0.0471135258656548,False,False,interaction,28.661193359118233,34.288204998285046,-5.627011639166813,0.14762938743653967,0.2545849050956411,-0.10695551765910141,5.855613118904377,0.5045640743212314
1112,29,29,heldout,13,65,12,0.325,True,False,False,False,False,0.0261514242738485,0.0815758481621742,-0.0554244220256805,7.131384734693637,6.887787952239286,0.2435967824543512,3,True,0.0393072932061893,0.0387926339450226,False,False,interaction,7.1313849647686425,6.887787655372129,0.24359730939651314,0.027943443227403417,0.0842374071690349,-0.056293963941631484,2.6244594977579916,0.2902368122224245
1113,29,29,heldout,14,70,13,0.35,True,True,False,False,True,0.0052043092437088,0.0206751599907875,-0.0154708512127399,5.331756609381512,1.5999670931508705,3.731789516230642,3,True,0.021611089422516,0.0147711618823508,False,False,interaction,5.33175667849344,1.5999671714296877,3.731789507063752,0.005407958047584577,0.021084120213251234,-0.015676162165666658,1.2648980873689737,0.1452037196949556
1114,29,29,heldout,15,75,14,0.375,False,True,True,False,False,0.0696320459246635,0.0862877666950225,-0.016655720770359,13.227837921367358,10.422656629915856,2.805181291451502,3,False,0.001185810809421,0.0184753768160941,True,False,transport_free,13.22783798797829,10.422656538898051,2.805181449080239,0.07310861395695563,0.08986163863061153,-0.0167530246736559,3.2284139354949595,0.2997693090204725
1115,29,29,heldout,16,80,15,0.4,False,True,True,False,False,0.1287259310483932,0.1766829490661621,-0.0479570180177688,22.412766590565724,29.12650169134843,-6.71373510078271,4,False,2.7173745440629727e-09,0.055972301289888,True,False,transport_free,22.412764502778458,29.1265035722727,-6.713739069494242,0.1387706598237837,0.19189044415829973,-0.05311978433451603,5.396897587713954,0.4380530152370826
1116,29,29,heldout,17,85,16,0.425,False,True,True,False,False,0.1149616613984108,0.2045824080705642,-0.0896207466721534,19.21924098387534,26.6635218000165,-7.444280816141159,4,False,4.308803094591428e-15,0.1168455736914417,True,False,transport_free,19.21923981161039,26.66352134055901,-7.444281528948622,0.11993713003289108,0.21533331499829536,-0.09539618496540428,5.163673241071613,0.46404020838532445
1117,29,29,heldout,18,90,17,0.45,False,True,True,False,False,0.0685617923736572,0.1189551725983619,-0.0503933802247047,16.83769989148693,13.706305652636129,3.1313942388508043,4,False,0.0,0.1682317276774599,True,False,transport_free,16.837699020347596,13.706305154708007,3.1313938656395894,0.07007538461989105,0.12049021239125772,-0.050414827771366674,3.7022027435984657,0.3471170010115577
1118,29,29,heldout,19,95,18,0.475,False,True,True,False,False,0.0974866151809692,0.1249242350459098,-0.0274376198649406,13.862611555499177,10.179131758129842,3.683479797369335,4,False,3.469446951953614e-18,0.1506653190452003,True,False,transport_free,13.862611702403234,10.179131695131952,3.6834800072712817,0.10467716201148618,0.12891938449011672,-0.024242222478630546,3.1904751519377097,0.3590534563127289
1119,29,29,heldout,20,100,19,0.5,False,True,True,False,False,0.0682138577103614,0.1044075265526771,-0.0361936688423156,10.566633467629028,8.170523660886767,2.3961098067422597,5,False,0.0,0.0989436106079814,True,False,transport_free,10.566634336615875,8.170523324426425,2.3961110121894507,0.07482940302257275,0.10727259405400898,-0.032443191031436225,2.8584127281458893,0.3275249518036893
1120,29,29,heldout,21,105,20,0.525,False,True,True,False,False,0.0182569548487663,0.083244651556015,-0.0649876967072486,8.079877520591074,13.218592699014168,-5.138715178423093,5,False,0.0,0.0515665163469011,True,False,transport_free,8.079877483003921,13.218592729850196,-5.1387152468462745,0.02003387117706944,0.09189925565362356,-0.07186538447655412,3.6357382647613945,0.30314890013592916
1121,29,29,heldout,22,110,21,0.55,False,True,True,False,False,0.016190081834793,0.2235513478517532,-0.2073612660169601,7.905132552800109,21.57051834331235,-13.665385790512246,5,False,0.0,0.0592986893605078,True,False,transport_free,7.9051322861858795,21.57051858524807,-13.665386299062192,0.016858636442019466,0.2423012084466872,-0.22544257200466775,4.644407237231472,0.492241006466027
1122,29,29,heldout,23,115,22,0.575,False,True,True,False,False,0.0930595472455024,0.2003928571939468,-0.1073333099484443,15.687403998790098,36.04103793247322,-20.353633933683128,5,False,0.0017831424722051,0.0284440924097687,True,False,transport_free,15.687404078942471,36.04103743494692,-20.35363335600445,0.09908628917728496,0.21194115307597872,-0.11285486389869376,6.003418812222493,0.46037066921772796
1123,29,29,heldout,24,120,23,0.6,True,True,False,True,False,0.0341484770178794,0.1401784271001815,-0.1060299500823021,8.284849307478966,10.19825149599359,-1.913402188514624,6,True,0.0319336054335944,0.0319568491950545,False,False,interaction,8.284849064778712,10.19825141364212,-1.9134023488634089,0.036087290043478375,0.1485506741174352,-0.11246338407395681,3.1934701209878447,0.38542272133001604
1124,29,29,heldout,25,125,24,0.625,True,False,False,False,False,0.0861196145415306,0.2334175258874893,-0.1472979187965393,18.114965101641264,27.51938983848107,-9.404424736839808,6,True,0.0695745519982162,0.0694558376652204,False,False,interaction,18.114965626886526,27.51938825940876,-9.404422632522234,0.09352313034393284,0.24830143479685116,-0.15477830445291832,5.24589251313909,0.49829853983014155
1125,29,29,heldout,26,130,25,0.65,True,False,False,False,False,0.0837224721908569,0.3568865358829498,-0.2731640636920929,14.157926327262976,47.94766434875003,-33.789738021487054,6,True,0.0761443502776267,0.0765922061000752,False,False,interaction,14.157926535234472,47.94766243328073,-33.78973589804626,0.08997115559217667,0.3930891058799646,-0.30311795028778793,6.924425061568702,0.6269681857000119
1126,29,29,heldout,27,135,26,0.675,True,False,False,False,False,0.1012414395809173,0.3884133994579315,-0.2871719598770141,16.297179532875063,39.23223971605881,-22.935060183183744,6,True,0.0582714802782089,0.0595486802350989,False,False,interaction,16.29717997213946,39.232239629864544,-22.935059657725084,0.10718229174852789,0.4131958212712425,-0.3060135295227146,6.26356445084303,0.6428030968121128
1127,29,29,heldout,28,140,27,0.7,True,False,False,False,False,0.0796275809407234,0.215088739991188,-0.135461151599884,11.919692880802648,17.939998722323146,-6.020305841520498,7,True,0.0374546524621122,0.0375335200002764,False,False,interaction,11.919693117331944,17.93999782392835,-6.0203047065964075,0.08323754646955682,0.22354461831075945,-0.1403070718412026,4.23556346002847,0.4728050531781143
1128,29,29,heldout,29,145,28,0.725,True,False,False,False,False,0.0938584208488464,0.3108080327510834,-0.2169496119022369,18.692070646085295,30.737693035059085,-12.04562238897379,7,True,0.0519613869743811,0.0524811184246485,False,False,interaction,18.69206961811126,30.73769241966936,-12.0456228015581,0.10499798799623246,0.33926430619429854,-0.2342663181980661,5.544158404994338,0.5824639956205865
1129,29,29,heldout,30,150,29,0.75,True,False,False,False,False,0.0453581809997558,0.3294782340526581,-0.2841200530529022,11.78430960492402,26.674439330254668,-14.890129725330649,7,True,0.0806133627983278,0.0801888770012043,False,False,interaction,11.784309799597528,26.674440394511823,-14.890130594914295,0.04746541303030216,0.34930761075333105,-0.3018421977230289,5.164730428058354,0.5910225128989005
1130,29,29,heldout,31,155,30,0.775,True,False,False,False,False,0.054048117250204,0.2164870947599411,-0.1624389737844467,10.276136825344354,16.682345758108283,-6.4062089327639296,7,True,0.0690725545863735,0.0695230975270684,False,False,interaction,10.276136970611672,16.682346221365037,-6.406209250753365,0.0575949032321117,0.22086031498461547,-0.16326541175250378,4.084402798618794,0.4699577800022205
1131,29,29,heldout,32,160,31,0.8,True,True,False,True,True,0.0047409790568053,0.0110230147838592,-0.0062820357270538,5.110638247638698,0.6613426631510624,4.449295584487635,8,True,0.0095911319552136,0.010069675868673,False,False,interaction,5.11063816541681,0.6613426669009519,4.449295498515858,0.005122025968013321,0.011413919949589882,-0.006291893981576561,0.8132297749719645,0.10683594877001787
1132,29,29,heldout,33,165,32,0.825,False,True,True,False,False,0.082978181540966,0.1002825200557708,-0.0173043385148048,11.90978623197365,9.543852969984362,2.365933261989287,8,False,2.183316637386664e-06,0.026230939857496,True,False,transport_free,11.909786229752447,9.54385259091797,2.365933638834477,0.08640273795503482,0.10371920563750141,-0.017316467682466585,3.089312640526687,0.32205466249924314
1133,29,29,heldout,34,170,33,0.85,False,True,True,False,False,0.2493433207273483,0.414597749710083,-0.1652544289827346,32.43612644491659,48.08056795367804,-15.644441508761451,8,False,3.4493675668236885e-12,0.0915195846450435,True,False,transport_free,32.436127977085114,48.08056624618231,-15.644438269097193,0.2710092331466656,0.4543447348490746,-0.18333550170240903,6.9340151605099845,0.6740509883154795
1134,29,29,heldout,35,175,34,0.875,False,True,True,False,False,0.061774730682373,0.2339890152215957,-0.1722142845392227,12.832090522239776,14.487616706259011,-1.6555261840192357,8,False,0.0,0.1074539589402049,True,False,transport_free,12.832090633653614,14.48761634272673,-1.6555257090731157,0.06587486188560575,0.2526713821759072,-0.18679652029030142,3.806260151740384,0.5026642837679112
1135,29,29,heldout,36,180,35,0.9,False,True,False,False,False,0.0087828431278467,0.0022912400308996,0.0064916033297777,7.860058253028851,0.1916348319094309,7.66842342111942,9,False,0.0,0.0116386440921564,False,True,static,7.860058166914023,0.1916348330449039,7.668423333869119,0.009334820888364683,0.00242206085537142,0.006912760032993263,0.43776115981766117,0.04921443746881011
1136,29,29,heldout,37,185,36,0.925,False,True,True,False,False,0.0185782313346862,0.1271160244941711,-0.1085377931594848,9.431360192153074,7.499488057910392,1.931872134242682,9,False,0.0,0.0833087292145818,True,False,transport_free,9.431360188450356,7.499487650554108,1.9318725378962478,0.01963177063188246,0.13648642867216412,-0.11685465804028167,2.738519244145293,0.3694406970978754
1137,29,29,heldout,38,190,37,0.95,False,True,True,False,False,0.0084290876984596,0.1171634271740913,-0.1087343394756317,7.983196265529249,11.758335530721006,-3.775139265191757,9,False,0.0,0.0576666323089981,True,False,transport_free,7.98319636286764,11.758336112723022,-3.7751397498553816,0.008857732597149675,0.12967841758111717,-0.1208206849839675,3.4290430316231117,0.360108896836939
1138,29,29,heldout,39,195,38,0.975,False,True,True,False,False,0.0104286782443523,0.1459253877401352,-0.1354967057704925,6.909114654076137,20.96108796722395,-14.051973313147812,9,False,3.469446951953614e-18,0.0523068343081966,True,False,transport_free,6.909114808483802,20.96108876994322,-14.051973961459417,0.011077710914656558,0.15834278933925686,-0.1472650784246003,4.578328163199228,0.3979230947548243
1139,29,29,heldout,40,200,39,1.0,False,True,True,False,False,0.0090392092242836,0.0699904188513755,-0.0609512105584144,4.93958212324032,9.31146548414672,-4.371883360906401,9,False,0.0,0.0243132970678913,True,False,transport_free,4.939582179606462,9.311465342784714,-4.371883163178253,0.009704512633359303,0.07378611922308738,-0.06408160658972807,3.051469374380925,0.27163600501974583
