row_id,episode_key,regime,valid_neighbors,n_neighbors,neighbor_radius,input_spread,successor_spread,residual_spread,local_expansion,model_sensitivity,residual_norm,action_neighbor_distance,episode_ordinal,dataset,scale,k
380,10,transport_free,True,10,30.744011184617243,30.744011184617243,426.17627250566,62.17113545222307,13.862090731963342,2.022219387017735,56.232862857370144,1.228075967042877,10,cube,full_whitened_action_matched,10
381,10,transport_free,True,10,28.837539181511634,28.837539181511634,405.25165508822545,67.52907634963483,14.052920831332273,2.3417073115908993,55.7521510951146,0.8471931579028741,10,cube,full_whitened_action_matched,10
382,10,transport_free,True,10,27.621635078666827,27.621635078666827,402.1078100103058,84.33259982735112,14.557712056693848,3.053135688280966,51.08901773181607,0.9052863781349678,10,cube,full_whitened_action_matched,10
383,10,interaction,True,10,28.47573020069784,28.47573020069784,302.97104561542415,129.513790262428,10.639623408427974,4.548216651499741,114.7120058193595,0.7189307446076412,10,cube,full_whitened_action_matched,10
384,10,interaction,True,10,21.68646344116376,21.68646344116376,397.14177414400933,132.20319312583635,18.31288790915452,6.096115832095394,109.31401704497549,1.0579985568509747,10,cube,full_whitened_action_matched,10
385,10,interaction,True,10,27.35720592691363,27.35720592691363,442.7940309973586,270.32142525830136,16.185645280454033,9.881178142990217,275.2953998093482,1.097217946312551,10,cube,full_whitened_action_matched,10
386,10,interaction,True,10,23.489748089364213,23.489748089364213,390.4172092052056,275.94131482050057,16.62074909104625,11.747308390482162,275.8527933060247,1.288897594355332,10,cube,full_whitened_action_matched,10
387,10,interaction,True,10,11.83210893485856,11.83210893485856,295.6542422468522,170.46147110407932,24.987451000879958,14.406685405159093,140.81424689126658,1.1643794893684736,10,cube,full_whitened_action_matched,10
388,10,interaction,True,10,19.522121328554462,19.522121328554462,700.6514722386561,360.32191100152704,35.890129993907614,18.457108473887736,310.28125884310094,1.3319801432520022,10,cube,full_whitened_action_matched,10
389,10,interaction,True,10,31.901995123668875,31.901995123668875,573.2528414799291,173.1531971066412,17.969184662517193,5.427660446796776,146.78621774324438,0.7699484975125137,10,cube,full_whitened_action_matched,10
390,10,interaction,True,10,39.00025844505221,39.00025844505221,546.3992598069647,98.98369721181349,14.010144588574743,2.5380266992659153,76.86125009195545,0.7736473681780817,10,cube,full_whitened_action_matched,10
391,10,interaction,True,10,38.969602196019736,38.969602196019736,661.3090548969394,154.06742531420514,16.96986927324816,3.953528304939721,114.13818896580358,0.8392642671027549,10,cube,full_whitened_action_matched,10
392,10,static,True,10,45.05842578557259,45.05842578557259,683.1785323648631,154.4632409857456,15.16205949173689,3.4280656346232967,139.75861916346688,1.1783527571915724,10,cube,full_whitened_action_matched,10
393,10,transport_free,True,10,45.795382863109424,45.795382863109424,734.0824747910867,193.35951087321763,16.029617592354022,4.222249030021295,176.98123872345568,1.1562907921576453,10,cube,full_whitened_action_matched,10
394,10,transport_free,True,10,50.18289103203083,50.18289103203083,698.37830703752,195.4600633055639,13.91666148910707,3.8949542221631925,180.986670721833,1.8123632508895966,10,cube,full_whitened_action_matched,10
395,10,transport_free,True,10,47.38066262171904,47.38066262171904,659.1222263057405,101.90790116471473,13.911207438530047,2.1508331780484786,71.87893206723962,1.9996660482778668,10,cube,full_whitened_action_matched,10
396,10,transport_free,True,10,43.1969243309654,43.1969243309654,690.6260465147229,132.17867776780014,15.987852311504795,3.0599094684398356,75.7445434765232,1.6789600228163848,10,cube,full_whitened_action_matched,10
397,10,transport_free,True,10,47.59294026787954,47.59294026787954,758.1186145344528,122.42478696453193,15.929224172058705,2.57233081787881,67.40321142863903,1.4435638098544417,10,cube,full_whitened_action_matched,10
398,10,transport_free,True,10,51.65947125698972,51.65947125698972,729.841591680457,122.05077919129536,14.127933831334108,2.3626021757778144,65.38821587863802,0.9201742527147176,10,cube,full_whitened_action_matched,10
399,10,transport_free,True,10,51.10816920573744,51.10816920573744,679.1600116212167,150.79482278127995,13.28867815411736,2.950503317273036,141.37438442490307,0.8510661154120607,10,cube,full_whitened_action_matched,10
400,10,interaction,True,10,46.49783368028375,46.49783368028375,643.2619243885333,110.7690027230345,13.834234274473147,2.3822400734768716,42.47500001456329,0.6443100721002063,10,cube,full_whitened_action_matched,10
401,10,interaction,True,10,45.27518149559386,45.27518149559386,621.5891123237382,113.23715160674557,13.729135738179881,2.501086640983774,52.93513891750133,0.8277221441072657,10,cube,full_whitened_action_matched,10
402,10,interaction,True,10,43.86120438550671,43.86120438550671,567.5565326157623,213.5774773740423,12.939830097399309,4.869393815474338,206.0551000735683,1.1109357953090442,10,cube,full_whitened_action_matched,10
403,10,interaction,True,10,37.43472358360323,37.43472358360323,541.9431061311302,359.0033775764507,14.477016370130391,9.590116961186743,335.19318374021503,1.185635539310447,10,cube,full_whitened_action_matched,10
404,10,interaction,True,10,13.254354737392891,13.254354737392891,136.7356338408612,134.93815969414038,10.316279935914622,10.180666080518868,90.1245948848188,1.4675607771625834,10,cube,full_whitened_action_matched,10
405,10,interaction,True,10,4.35400226226049,4.35400226226049,386.0178451530845,357.8680917246655,88.65816366220113,82.19290440581196,353.91863846723396,1.4308050482875474,10,cube,full_whitened_action_matched,10
406,10,interaction,True,10,24.116763929090354,24.116763929090354,645.2044862544066,222.04183749579676,26.753360780554054,9.206949910388404,194.90568823321112,0.9600833415275143,10,cube,full_whitened_action_matched,10
407,10,interaction,True,10,33.29512641386091,33.29512641386091,520.0261287511295,170.1429261276412,15.618686119018314,5.110145070865684,152.75971697653623,0.692824604976075,10,cube,full_whitened_action_matched,10
408,10,interaction,True,10,35.087635377866484,35.087635377866484,599.2538166252364,149.17081211969946,17.078774621650613,4.251378313563912,100.42118106548322,0.8035968150054826,10,cube,full_whitened_action_matched,10
409,10,interaction,True,10,41.887383063105936,41.887383063105936,609.5177040085027,107.69574971835938,14.551343613188404,2.571078492922536,80.77126526295477,0.9468384187279228,10,cube,full_whitened_action_matched,10
410,10,transport_free,True,10,43.18124195851543,43.18124195851543,666.9666255826997,192.70792466041485,15.445749018137551,4.462769385965112,161.2275150392972,1.2277504280859124,10,cube,full_whitened_action_matched,10
411,10,transport_free,True,10,46.0245077249109,46.0245077249109,642.3144304579571,224.82583650000961,13.955921794907162,4.884915615910477,234.83965432154818,1.60232664807745,10,cube,full_whitened_action_matched,10
412,10,transport_free,True,10,43.634124399096876,43.634124399096876,622.836430449119,171.1256402582667,14.274067350415544,3.921830508000491,164.33391828559218,2.5459169508820514,10,cube,full_whitened_action_matched,10
413,10,static,True,10,41.07095842263597,41.07095842263597,610.7041012823969,94.02280362999034,14.86948746114022,2.289277076577067,68.49027625253855,2.304161389737967,10,cube,full_whitened_action_matched,10
414,10,transport_free,True,10,41.01155482417544,41.01155482417544,683.2598550653424,119.10202327406944,16.6601792591042,2.9041089464830856,85.95689438080183,2.161762009692488,10,cube,full_whitened_action_matched,10
415,10,transport_free,True,10,45.58238309349264,45.58238309349264,707.0114619138167,99.8587421057124,15.510629632147293,2.190731052847658,57.007613932099986,1.0906060889123301,10,cube,full_whitened_action_matched,10
416,10,transport_free,True,10,48.719871029063455,48.719871029063455,665.4345492899542,150.50261797368822,13.65838076404173,3.0891423723988733,62.74576221243625,0.8519449590931663,10,cube,full_whitened_action_matched,10
417,10,transport_free,True,10,46.3225880804386,46.3225880804386,606.6966243126957,161.51293067042133,13.097209146845909,3.486699197159626,84.31854286230089,0.8498560291302508,10,cube,full_whitened_action_matched,10
418,11,transport_free,True,10,11.832220387403158,11.832220387403158,167.3374758822015,39.709671689473666,14.142525274491392,3.35606254695437,42.715805918484804,1.0552675621334582,11,cube,full_whitened_action_matched,10
419,11,transport_free,True,10,11.925436906672894,11.925436906672894,173.03269787025982,48.577413660734535,14.509547886957428,4.0734284237043745,43.64173361129747,0.7236732586738999,11,cube,full_whitened_action_matched,10
420,11,transport_free,True,10,12.16614736864073,12.16614736864073,152.34207592855884,37.5440528511199,12.52180097055485,3.085944277470521,42.62922129742345,0.6983387994709738,11,cube,full_whitened_action_matched,10
421,11,interaction,True,10,10.966143276292186,10.966143276292186,136.572237519035,42.78655837868242,12.453989892170375,3.901696093209279,47.34616636037242,0.8588358447174902,11,cube,full_whitened_action_matched,10
422,11,interaction,True,10,9.876821786086424,9.876821786086424,100.20588893292536,48.6720128170208,10.145560090401386,4.927902302093326,57.26678582009173,1.074835811062556,11,cube,full_whitened_action_matched,10
423,11,interaction,True,10,6.852614509927303,6.852614509927303,84.84057803000141,66.15232144842938,12.380760351701362,9.65358861972978,72.51377196852685,1.1528670859819155,11,cube,full_whitened_action_matched,10
424,11,interaction,True,10,4.641044300995093,4.641044300995093,90.02342436445875,61.381575193817184,19.397234442506118,13.225811091839024,59.97429786154964,1.2254885081928377,11,cube,full_whitened_action_matched,10
425,11,interaction,True,10,6.1323386300146385,6.1323386300146385,91.55897569382498,68.93222460750755,14.930515292435247,11.240772691533996,51.82424932097623,1.0820048743143666,11,cube,full_whitened_action_matched,10
426,11,interaction,True,10,5.817604314386648,5.817604314386648,90.29884873646111,75.21428890510109,15.521655282253645,12.928739192368218,54.86894226534852,1.078143466764124,11,cube,full_whitened_action_matched,10
427,11,interaction,True,10,5.1168527300037745,5.1168527300037745,104.42340349452701,74.8641093068783,20.407740657107006,14.6308899742016,48.6703933808168,1.0741991744481607,11,cube,full_whitened_action_matched,10
428,11,interaction,True,10,6.091162610188635,6.091162610188635,105.41341995444614,59.108591572051,17.305960569517882,9.703991726174008,50.08146148705467,1.0096119765579001,11,cube,full_whitened_action_matched,10
429,11,interaction,True,10,7.283340138539097,7.283340138539097,93.57243724878839,43.02485809681122,12.84746221773425,5.907297651684466,42.204494732763116,1.1229987171684521,11,cube,full_whitened_action_matched,10
430,11,transport_free,True,10,6.74896255296338,6.74896255296338,92.16265658955338,41.43125030883322,13.655825746000914,6.1389065332184,44.07055481194577,1.5544205335923698,11,cube,full_whitened_action_matched,10
431,11,transport_free,True,10,6.625215685198528,6.625215685198528,82.59787790758591,49.09902733167874,12.467198327160698,7.410932664633312,49.26144434469043,1.4758089175908815,11,cube,full_whitened_action_matched,10
432,11,transport_free,True,10,5.898130114176216,5.898130114176216,78.59765583145636,49.79804870154378,13.325859943738116,8.443023083172353,46.41786327046845,1.7372111782621016,11,cube,full_whitened_action_matched,10
433,11,static,True,10,5.618240386309807,5.618240386309807,78.23777054685362,46.525934242557966,13.925671592390163,8.28122882672119,43.99989288942492,1.5730998240150078,11,cube,full_whitened_action_matched,10
434,11,transport_free,True,10,5.50796996467094,5.50796996467094,79.82074237044131,45.7131940320634,14.491862316320747,8.299463200648448,42.81549277393031,1.4513639741553443,11,cube,full_whitened_action_matched,10
435,11,transport_free,True,10,5.643359058944929,5.643359058944929,87.0040194779693,42.13824418618568,15.417062527691687,7.46687278729767,42.75947001382815,1.0761701399413062,11,cube,full_whitened_action_matched,10
436,11,transport_free,True,10,6.076691111131308,6.076691111131308,92.48454498856336,43.30065811039748,15.219556712229421,7.125696751490158,40.34169266695836,1.1753651683503654,11,cube,full_whitened_action_matched,10
437,11,transport_free,True,10,6.354496192915638,6.354496192915638,96.9257384191763,41.26446851047942,15.25309567849529,6.493743525487267,39.465171749417536,1.0801407510614673,11,cube,full_whitened_action_matched,10
438,11,interaction,True,10,6.513549144395076,6.513549144395076,98.797148825628,41.19612070643291,15.16794402490126,6.32468102921773,40.2180695940318,0.9402859501556999,11,cube,full_whitened_action_matched,10
439,11,interaction,True,10,6.838375276319044,6.838375276319044,85.94115369397693,49.81746911706962,12.567481341889337,7.284986141311235,42.034130061346886,1.1306561981446737,11,cube,full_whitened_action_matched,10
440,11,interaction,True,10,5.983563815759304,5.983563815759304,71.94800704011678,54.14330737167086,12.024273368761039,9.048672169095964,42.535873858102285,1.6160024777370918,11,cube,full_whitened_action_matched,10
441,11,interaction,True,10,4.930160281545433,4.930160281545433,52.71393972883786,58.6075231931713,10.692135086592739,11.887549257282949,47.93208224516963,1.5485728806584915,11,cube,full_whitened_action_matched,10
442,11,interaction,True,10,3.0733103695094943,3.0733103695094943,62.69417198018371,55.45268922946654,20.399557624305224,18.043309188559725,39.93313779082237,1.2884053019112292,11,cube,full_whitened_action_matched,10
443,11,interaction,True,10,3.131796704528265,3.131796704528265,78.89441854655173,65.07037952346433,25.191423961995454,20.777331884084003,51.880720304326694,1.245277669657423,11,cube,full_whitened_action_matched,10
444,11,interaction,True,10,4.754294958787819,4.754294958787819,97.1866213498957,72.53303089934796,20.441857771204617,15.256316978246842,53.25156012040588,1.033511754007456,11,cube,full_whitened_action_matched,10
445,11,interaction,True,10,5.612907311635132,5.612907311635132,104.71741651999774,65.08146003834489,18.65653763833343,11.594964325071954,48.2403780375353,0.9829218651682003,11,cube,full_whitened_action_matched,10
446,11,interaction,True,10,6.660350908952541,6.660350908952541,106.57689241373988,50.663736068743226,16.0016932847313,7.606766784711499,44.67906572320748,0.9363978558825223,11,cube,full_whitened_action_matched,10
447,11,transport_free,True,10,7.247129500220172,7.247129500220172,89.60162543486544,40.47621203366313,12.363740075590382,5.585137126697328,42.59309825758102,1.3224388204787747,11,cube,full_whitened_action_matched,10
448,11,transport_free,True,10,6.351610437551127,6.351610437551127,84.22186514128688,49.99065571169515,13.25992297061574,7.870548139436763,49.07704762318905,1.5177211279794847,11,cube,full_whitened_action_matched,10
449,11,transport_free,True,10,6.10517298435078,6.10517298435078,72.3461904464926,53.10057208579587,11.849982077810994,8.69763595919511,49.87481756976041,1.7425264549083077,11,cube,full_whitened_action_matched,10
450,11,transport_free,True,10,5.256191360284621,5.256191360284621,77.69693722827648,53.39085142628453,14.781984121687156,10.157706933903075,50.001066653600525,1.9585985924382174,11,cube,full_whitened_action_matched,10
451,11,transport_free,True,10,5.442822814065081,5.442822814065081,75.05823482027662,49.053752016664696,13.790313847129976,9.012557213860122,45.19154177828548,1.879822707413003,11,cube,full_whitened_action_matched,10
452,11,transport_free,True,10,5.266053790492899,5.266053790492899,72.80004560314077,44.42599827086032,13.824402199341518,8.436297850026723,43.64278383583917,1.8042563618054068,11,cube,full_whitened_action_matched,10
453,11,transport_free,True,10,5.124470102857431,5.124470102857431,82.28430327054568,44.93766578807097,16.05713402926549,8.769231722712853,43.17291783434667,1.175086236522977,11,cube,full_whitened_action_matched,10
454,11,transport_free,True,10,5.72489356563163,5.72489356563163,90.64421108198115,43.30908891863252,15.833344330826932,7.565047004302552,41.620024572427454,1.2103743222040428,11,cube,full_whitened_action_matched,10
455,11,transport_free,True,10,6.245579833445408,6.245579833445408,94.10533137452205,40.84583134636349,15.067509163934318,6.539958248172878,40.66263516433825,0.9187887383908155,11,cube,full_whitened_action_matched,10
456,12,transport_free,True,10,28.25672472293903,28.25672472293903,460.8993608908113,60.051183240290676,16.311138867295885,2.1251997118951533,55.303148402495005,1.3583650692216196,12,cube,full_whitened_action_matched,10
457,12,transport_free,True,10,27.351587036701357,27.351587036701357,439.2071620724249,73.46113482975304,16.057830994709036,2.6858088611523785,78.12051741867197,1.0490094634746503,12,cube,full_whitened_action_matched,10
458,12,transport_free,True,10,25.04689446815331,25.04689446815331,406.0717023489166,56.139459303343216,16.212457111808,2.241374050372734,51.81230947861182,0.8821489006638211,12,cube,full_whitened_action_matched,10
459,12,interaction,True,10,25.870359407778853,25.870359407778853,405.18526350574234,56.91876539127691,15.662142806717592,2.2001536389232474,34.663326911980334,0.8367232924422066,12,cube,full_whitened_action_matched,10
460,12,interaction,True,10,27.749340891261753,27.749340891261753,424.68331200759053,141.0664806357259,15.304266637241932,5.083597523577493,128.37378735050737,1.0297140730880459,12,cube,full_whitened_action_matched,10
461,12,interaction,True,10,28.476286856816753,28.476286856816753,239.20946813925895,127.77705083432967,8.400304061482515,4.487138771877555,126.20207287718696,1.0722731481350214,12,cube,full_whitened_action_matched,10
462,12,interaction,True,10,16.507065462488256,16.507065462488256,103.63153234715577,132.60951376424174,6.278010624156964,8.033500204236322,110.01880748196665,1.3268865747705028,12,cube,full_whitened_action_matched,10
463,12,interaction,True,10,6.358471513339409,6.358471513339409,100.16872352777077,118.23470714241563,15.75358532591162,18.594831618632178,111.69019411611885,1.6409254300309106,12,cube,full_whitened_action_matched,10
464,12,interaction,True,10,6.516608894701624,6.516608894701624,64.08456917164219,231.84220276604634,9.834036414820998,35.57712400916792,230.62425146251937,1.8430318666199161,12,cube,full_whitened_action_matched,10
465,12,interaction,True,10,2.7992714381728416,2.7992714381728416,62.738095264141236,77.57283631439222,22.412294287935165,27.711795025146277,82.49178444635392,1.0357685764363922,12,cube,full_whitened_action_matched,10
466,12,interaction,True,10,4.113187627182597,4.113187627182597,89.63099697815326,49.73999092135962,21.791127734075104,12.092808651043699,46.17804473530123,0.8877355170780183,12,cube,full_whitened_action_matched,10
467,12,interaction,True,10,5.508288538243907,5.508288538243907,90.54565156008523,55.729387045825895,16.43807344721125,10.117368881259248,39.6544763265114,1.0979867438801039,12,cube,full_whitened_action_matched,10
468,12,static,True,10,5.654027960140383,5.654027960140383,86.37428722040639,59.657262696578556,15.276593577061442,10.551285405227697,41.39045363325546,1.4586015369759777,12,cube,full_whitened_action_matched,10
469,12,transport_free,True,10,5.229742735162923,5.229742735162923,74.13211615520225,63.699183849178866,14.175098070649703,12.18017540726971,47.8253844132756,1.3082782204649286,12,cube,full_whitened_action_matched,10
470,12,transport_free,True,10,4.702578674155891,4.702578674155891,88.4235582885947,68.96764708171305,18.80320658419748,14.665920946892545,56.217308020154064,1.476015704773151,12,cube,full_whitened_action_matched,10
471,12,transport_free,True,10,6.038229044446604,6.038229044446604,109.15346714662088,75.48794954871084,18.07706636219936,12.501670438973754,68.05577169539079,1.6903156312848642,12,cube,full_whitened_action_matched,10
472,12,transport_free,True,10,7.629821759628301,7.629821759628301,85.50034448800702,51.02773183686584,11.206073638628787,6.68793235863897,53.555027262718525,1.260605484848026,12,cube,full_whitened_action_matched,10
473,12,transport_free,True,10,5.801236401313702,5.801236401313702,70.73852388053874,47.826662493388724,12.193697858015208,8.244218850064149,48.78749362307288,1.353199982883102,12,cube,full_whitened_action_matched,10
474,12,transport_free,True,10,4.6876513795448735,4.6876513795448735,75.92524046336072,42.580278796935325,16.19686156583008,9.083499464729705,38.76495350924385,1.2255225958309892,12,cube,full_whitened_action_matched,10
475,12,transport_free,True,10,4.889443459155643,4.889443459155643,89.19629912648408,48.63063370374324,18.242628199219908,9.946046847659273,42.12860701332993,1.2663977937265993,12,cube,full_whitened_action_matched,10
476,12,transport_free,True,10,5.484757201859685,5.484757201859685,84.69102821113118,61.62679686159322,15.441162679437385,11.23601184035964,39.514839851739076,0.9666712496113661,12,cube,full_whitened_action_matched,10
477,12,interaction,True,10,5.279776386501071,5.279776386501071,82.03677450581813,60.29207245315321,15.5379259461752,11.41943674116642,40.97596925204826,1.0100822140206498,12,cube,full_whitened_action_matched,10
478,12,interaction,True,10,4.750690942461551,4.750690942461551,65.36210018725896,55.806112326554945,13.758440820271893,11.746946497352917,40.6940856334213,1.139636131258054,12,cube,full_whitened_action_matched,10
479,12,interaction,True,10,3.7726915178240814,3.7726915178240814,76.6573486706477,66.71928921101605,20.31900787765977,17.68479847763878,47.825313360746584,1.1567450795652983,12,cube,full_whitened_action_matched,10
480,12,interaction,True,10,3.84700913083939,3.84700913083939,53.42321319113246,44.140261186109214,13.886947333414803,11.473916407491895,40.34067967326163,1.2378422938270288,12,cube,full_whitened_action_matched,10
481,12,interaction,True,10,3.5337443922392033,3.5337443922392033,64.30052612582294,38.87177833049422,18.196145218380686,11.000166966197183,37.129954112292076,0.7160247465793202,12,cube,full_whitened_action_matched,10
482,12,interaction,True,10,3.947301280177992,3.947301280177992,57.36848875656663,48.741714504052865,14.53359768727351,12.348111036980436,48.12729987353563,0.6319097834540913,12,cube,full_whitened_action_matched,10
483,12,interaction,True,10,3.745920321713207,3.745920321713207,70.55244552523328,42.499880498815045,18.834475767217047,11.345644554280751,39.17708265218554,0.8664173517253941,12,cube,full_whitened_action_matched,10
484,12,interaction,True,10,4.532022377727952,4.532022377727952,89.3941457505895,45.42261015422039,19.725000959815574,10.022591763324922,42.508787227361196,0.9246923454310609,12,cube,full_whitened_action_matched,10
485,12,interaction,True,10,5.771739479481711,5.771739479481711,83.84114144339443,55.40821679071989,14.526147921514152,9.599916452863777,39.34826645749154,1.2031973025383262,12,cube,full_whitened_action_matched,10
486,12,transport_free,True,10,5.192088084194221,5.192088084194221,77.4208512587592,60.10837402393914,14.911313137087198,11.576917234305276,41.83684919588187,1.5268362202477408,12,cube,full_whitened_action_matched,10
487,12,transport_free,True,10,4.462457602523568,4.462457602523568,52.36115002657523,51.560402487513265,11.733702522342048,11.55426159306372,39.84445977161454,1.4838974043070414,12,cube,full_whitened_action_matched,10
488,12,transport_free,True,10,3.7566741198848455,3.7566741198848455,57.39459578130001,48.765644394333,15.278034226471405,12.981068583033716,41.25943280990232,1.759291730137408,12,cube,full_whitened_action_matched,10
489,12,transport_free,True,10,4.112426437552659,4.112426437552659,55.936195931306116,38.190511856481024,13.60174991108029,9.286612766551645,40.348823185738,1.6913576469317269,12,cube,full_whitened_action_matched,10
490,12,transport_free,True,10,3.9995660088991745,3.9995660088991745,60.79558732533371,45.7860653858759,15.200546056762509,11.447758402786778,38.04843188961251,1.6127139390447043,12,cube,full_whitened_action_matched,10
491,12,transport_free,True,10,3.4763498284935848,3.4763498284935848,56.766812463169316,41.670714674523566,16.32943036914332,11.986916372159484,34.081807896900116,1.3393635581634267,12,cube,full_whitened_action_matched,10
492,12,transport_free,True,10,3.673571126727694,3.673571126727694,78.21182455340656,51.21807409092279,21.290407033189876,13.94231180615422,39.0846652597559,1.2771671688441715,12,cube,full_whitened_action_matched,10
493,12,transport_free,True,10,4.06546694429782,4.06546694429782,75.95333768736111,51.206893254143196,18.682561862639773,12.595574864030176,38.91298511415327,1.1743129624396969,12,cube,full_whitened_action_matched,10
494,13,transport_free,True,10,15.57887722983123,15.57887722983123,226.53197516111754,62.3599336021479,14.540969276485635,4.002851597208681,49.10169897624364,1.2635278605117501,13,cube,full_whitened_action_matched,10
495,13,transport_free,True,10,16.354084214067377,16.354084214067377,231.28416621804826,51.6215071923704,14.142287834075317,3.15649023917627,40.849402565859194,0.7691693521795842,13,cube,full_whitened_action_matched,10
496,13,transport_free,True,10,16.699789977939325,16.699789977939325,246.8814860231347,44.94183346247776,14.78350843628985,2.691161596753408,35.518456826231414,0.7289824669618715,13,cube,full_whitened_action_matched,10
497,13,interaction,True,10,16.92056463718689,16.92056463718689,276.06213450974644,85.25739415812049,16.315184536042935,5.0386849367158515,87.21068407769427,0.8207798664851285,13,cube,full_whitened_action_matched,10
498,13,interaction,True,10,13.444377742791215,13.444377742791215,195.606304529549,136.9318099590984,14.549301445686602,10.185061189055054,136.422202450982,1.0082905851211073,13,cube,full_whitened_action_matched,10
499,13,interaction,True,10,13.991573228260723,13.991573228260723,127.10744573435875,81.52671627446544,9.084571381695818,5.826844125705222,76.39914663878285,1.1328733214796864,13,cube,full_whitened_action_matched,10
500,13,interaction,True,10,4.883317122982689,4.883317122982689,58.86744153984128,62.41986383773896,12.054806201872376,12.782267107734636,55.99569116240778,1.5950799181200965,13,cube,full_whitened_action_matched,10
501,13,interaction,True,10,3.0830583803838985,3.0830583803838985,57.148580396116905,53.11502352062736,18.53632768024355,17.228030405967708,46.55402172841162,1.0674779944693644,13,cube,full_whitened_action_matched,10
502,13,interaction,True,10,2.957351809308489,2.957351809308489,72.61765885412593,60.86872547628721,24.554961173559516,20.582172633197807,52.61597110832762,1.1481500472677757,13,cube,full_whitened_action_matched,10
503,13,interaction,True,10,4.948706012420093,4.948706012420093,101.99944942800587,59.185689687870465,20.611337422754787,11.959831426503866,47.52254570578149,1.133000534281339,13,cube,full_whitened_action_matched,10
504,13,interaction,True,10,7.042791006596832,7.042791006596832,146.1328150650163,72.31119368592903,20.749276093545415,10.267405864833512,57.26808143247589,1.0612348919048007,13,cube,full_whitened_action_matched,10
505,13,interaction,True,10,10.134744805687932,10.134744805687932,160.55811630782773,59.6368158132057,15.84234427074252,5.884392449599291,47.745990622106284,0.9133100692461755,13,cube,full_whitened_action_matched,10
506,13,static,True,10,11.187093617900384,11.187093617900384,164.9757663371763,61.07805761661856,14.746972893227587,5.459689504956678,53.34703191649008,1.2797975830994264,13,cube,full_whitened_action_matched,10
507,13,transport_free,True,10,11.614036204655042,11.614036204655042,180.57127218419322,85.91487723090523,15.547676019110233,7.397503823560456,85.59550905605687,1.4218996319614483,13,cube,full_whitened_action_matched,10
508,13,transport_free,True,10,12.690105617224287,12.690105617224287,178.060679521339,51.21365438199692,14.031457648363238,4.0357153775367,48.55160884099517,2.0402928660520048,13,cube,full_whitened_action_matched,10
509,13,transport_free,True,10,12.73584769083143,12.73584769083143,174.3566390992259,43.81421445871254,13.690226464057488,3.4402275782753358,43.32690534793608,1.5909576210042569,13,cube,full_whitened_action_matched,10
510,13,transport_free,True,10,12.61537330245837,12.61537330245837,184.04708650053198,48.294795928027455,14.589111403042393,3.8282494516921037,51.86868795797218,1.2216483929830602,13,cube,full_whitened_action_matched,10
511,13,transport_free,True,10,13.25241893377014,13.25241893377014,185.50807160132652,43.841626744578775,13.998053678231548,3.3081980703809823,44.95606035768949,1.2085947259891046,13,cube,full_whitened_action_matched,10
512,13,transport_free,True,10,13.298540347184385,13.298540347184385,169.4077997887892,44.155580993201575,12.738826620521314,3.320332896726546,40.25410839321908,0.9279472239698033,13,cube,full_whitened_action_matched,10
513,13,transport_free,True,10,12.034304786827128,12.034304786827128,173.42660379943965,50.84913631093964,14.411019736617787,4.22534888484789,46.502426140495885,0.790114445367478,13,cube,full_whitened_action_matched,10
514,13,interaction,True,10,11.935087182782151,11.935087182782151,174.43949270523365,52.82473484835347,14.615686507668274,4.426003265779217,41.13752400150837,0.9824926230887309,13,cube,full_whitened_action_matched,10
515,13,interaction,True,10,12.268573057265016,12.268573057265016,121.9512965767643,72.62026749635703,9.940136966829167,5.919210584425209,61.827218125153266,1.3922770354961547,13,cube,full_whitened_action_matched,10
516,13,interaction,True,10,8.541780047723519,8.541780047723519,41.026194682223924,80.76100179695405,4.8030029400204315,9.454821049680127,72.25464257909509,1.3666421104854292,13,cube,full_whitened_action_matched,10
517,13,interaction,True,10,3.0854846431724763,3.0854846431724763,46.198396429888305,56.08411716045494,14.97281684163153,18.176761075300504,47.41386102900114,1.4709662291053833,13,cube,full_whitened_action_matched,10
518,13,interaction,True,10,3.083434949529339,3.083434949529339,57.64935337245735,39.328239387909235,18.696471408049987,12.754684315267415,31.41653418679691,0.9689029939261058,13,cube,full_whitened_action_matched,10
519,13,interaction,True,10,3.5848073523516786,3.5848073523516786,75.41219487600307,77.24489622232846,21.03661018953549,21.54785142684302,75.53097813384494,1.0296073721394434,13,cube,full_whitened_action_matched,10
520,13,interaction,True,10,4.293432748272597,4.293432748272597,111.99169379874606,78.11205430112128,26.084417845791194,18.19338018804384,71.20732610545011,1.0891093347445422,13,cube,full_whitened_action_matched,10
521,13,interaction,True,10,7.401239091365327,7.401239091365327,151.75851286345406,69.11633628812632,20.504473776627954,9.338481764325254,54.254604773238455,1.114536415065947,13,cube,full_whitened_action_matched,10
522,13,interaction,True,10,10.60185591510421,10.60185591510421,144.73719516556753,74.06101347277738,13.652062084654812,6.985664969023436,55.400315289424476,1.1131644021355709,13,cube,full_whitened_action_matched,10
523,13,static,True,10,9.95221608785656,9.95221608785656,156.02727803725628,69.0479475606495,15.67764170913017,6.937946980964376,64.9450375314726,1.3853495829228581,13,cube,full_whitened_action_matched,10
524,13,transport_free,True,10,11.051935939557838,11.051935939557838,175.87035570853328,66.11128537071929,15.91308135247565,5.981873739793342,61.48861982124757,1.2984039346755165,13,cube,full_whitened_action_matched,10
525,13,transport_free,True,10,12.267302344856063,12.267302344856063,169.37593394120609,53.88162278775341,13.807105195563144,4.392295981059528,52.47169564224824,1.9154532154704675,13,cube,full_whitened_action_matched,10
526,13,transport_free,True,10,11.970481102033393,11.970481102033393,175.75128415346575,46.7510974253406,14.682056857648885,3.905532035583693,48.18929774315374,1.8923510182297676,13,cube,full_whitened_action_matched,10
527,13,transport_free,True,10,12.559300016874843,12.559300016874843,170.01991296919113,54.451727892070934,13.537371727783404,4.335570280103896,55.03391338052052,1.3799465072860504,13,cube,full_whitened_action_matched,10
528,13,transport_free,True,10,12.20973253671757,12.20973253671757,175.9319826483859,51.51174582641874,14.409159424198407,4.218908618310079,55.23531907584592,1.3663614883114286,13,cube,full_whitened_action_matched,10
529,13,transport_free,True,10,12.656228914217621,12.656228914217621,164.22021198441797,40.9656388657376,12.975445774367909,3.236796611644568,40.51403062250424,1.0417124280184362,13,cube,full_whitened_action_matched,10
530,13,transport_free,True,10,11.700150797535262,11.700150797535262,147.4255537689795,42.768698084196444,12.600312279738821,3.6553971674626657,36.38553285325792,0.9589915139986008,13,cube,full_whitened_action_matched,10
531,13,interaction,True,10,10.198591835105699,10.198591835105699,142.76772359083884,59.23606921612577,13.998768251456275,5.808259627787314,39.6028749956511,0.8362980877303658,13,cube,full_whitened_action_matched,10
532,14,transport_free,True,10,8.53949427889252,8.53949427889252,128.0336049573308,48.52198049446746,14.993113265945695,5.682067217306017,42.04128380173858,1.167148141193438,14,cube,full_whitened_action_matched,10
533,14,transport_free,True,10,8.763743494342705,8.763743494342705,123.63672086029179,57.02315306922115,14.107752119867897,6.506711784299887,41.796707979781104,1.2506081115906995,14,cube,full_whitened_action_matched,10
534,14,static,True,10,8.45405003203199,8.45405003203199,129.14955596958993,72.2432390985644,15.276649118499234,8.545399994657974,40.80424604060875,1.1825237854830113,14,cube,full_whitened_action_matched,10
535,14,interaction,True,10,7.97387876308472,7.97387876308472,117.4024483021877,65.88411919684745,14.72338015041129,8.262493217461458,37.06246740559013,1.092642579501327,14,cube,full_whitened_action_matched,10
536,14,interaction,True,10,7.987402035311664,7.987402035311664,105.71707869006786,68.9324240769685,13.23547734578792,8.630143289673386,43.747809729339366,1.2459931588010411,14,cube,full_whitened_action_matched,10
537,14,interaction,True,10,7.02803588672316,7.02803588672316,80.29949369861365,67.91881884509974,11.425595286203567,9.663982930623176,41.71372321710922,1.2622670815208192,14,cube,full_whitened_action_matched,10
538,14,interaction,True,10,4.936672187043332,4.936672187043332,44.23371713619145,56.70635842113544,8.960229778328442,11.486757935834904,46.490628340187385,1.338090121232208,14,cube,full_whitened_action_matched,10
539,14,interaction,True,10,2.9680895232063396,2.9680895232063396,44.93943502333388,53.89329697134352,15.140862387057359,18.15757124236744,46.11561679790726,1.7671024493942649,14,cube,full_whitened_action_matched,10
540,14,interaction,True,10,3.2646602218057375,3.2646602218057375,312.8290641976988,300.25443494601,95.82285534899185,91.97111323883327,293.3172560291402,1.7102075859899553,14,cube,full_whitened_action_matched,10
541,14,interaction,True,10,18.161106383204952,18.161106383204952,454.83953794414714,310.536988520353,25.044704234802243,17.09901269052263,300.68355731607977,1.4999829887931972,14,cube,full_whitened_action_matched,10
542,14,interaction,True,10,21.98370713304505,21.98370713304505,375.1855182977969,139.22595455324063,17.066526406450922,6.33314270930955,101.9306813376893,1.560458787445668,14,cube,full_whitened_action_matched,10
543,14,interaction,True,10,22.99534412060355,22.99534412060355,256.6860108853607,117.36862630575433,11.162520966814892,5.104016956223475,96.68802285722431,0.769865186200562,14,cube,full_whitened_action_matched,10
544,14,transport_free,True,10,18.36361929344063,18.36361929344063,254.03981003166476,114.79133129606296,13.833863900805554,6.251018901108765,152.51056009238047,0.8576406429448588,14,cube,full_whitened_action_matched,10
545,14,transport_free,True,10,17.0401268706661,17.0401268706661,240.11598853379792,162.163445241307,14.091208965535817,9.516563255198816,212.33232692808008,1.2090405003149196,14,cube,full_whitened_action_matched,10
546,14,transport_free,True,10,17.203232715800304,17.203232715800304,252.3278367662864,68.77115967897139,14.66746633814562,3.9975718991354765,113.98987983751222,1.743991098519406,14,cube,full_whitened_action_matched,10
547,14,transport_free,True,10,14.428642394335856,14.428642394335856,223.36446691073348,66.3548265099048,15.480629487249471,4.598826743114322,55.46587707896723,2.249596230015559,14,cube,full_whitened_action_matched,10
548,14,transport_free,True,10,16.21210568656893,16.21210568656893,206.02861357421835,50.40217188833657,12.708319175645684,3.1089219909350034,57.23654491864305,1.8512150560279004,14,cube,full_whitened_action_matched,10
549,14,transport_free,True,10,14.291287636113722,14.291287636113722,232.47492690898866,68.8469268082115,16.266898604820632,4.817405440377329,50.96522884487193,1.715517731255383,14,cube,full_whitened_action_matched,10
550,14,transport_free,True,10,15.747061938861966,15.747061938861966,286.30896047342685,68.46413349458834,18.18173838300901,4.347740153712523,47.207611079461884,1.4920849150873576,14,cube,full_whitened_action_matched,10
551,14,transport_free,True,10,14.272647507403274,14.272647507403274,301.7822117329829,50.68874319888982,21.144094785249013,3.5514604541727373,43.88169229845007,1.1901434865679525,14,cube,full_whitened_action_matched,10
552,14,interaction,True,10,18.68715366097635,18.68715366097635,275.6861571675234,103.4825189047781,14.752709918751725,5.537628725174803,49.059826005432214,1.1602186149742362,14,cube,full_whitened_action_matched,10
553,14,interaction,True,10,18.281159773503767,18.281159773503767,234.4983351113051,136.7135281532529,12.827322665336629,7.4783837484644655,41.3630238696956,1.1894013022643635,14,cube,full_whitened_action_matched,10
554,14,interaction,True,10,16.946468040467504,16.946468040467504,355.3785211770974,206.54345428211835,20.970654199356904,12.18799420557137,198.48872893632083,1.0674239933867224,14,cube,full_whitened_action_matched,10
555,14,interaction,True,10,18.897289883889265,18.897289883889265,450.40450155029936,257.66334409515775,23.834343671379468,13.634936315118212,227.1107244523226,1.1038384439006688,14,cube,full_whitened_action_matched,10
556,14,interaction,True,10,15.510301312969986,15.510301312969986,248.46825205033724,146.78558929607473,16.019563194595307,9.46374840399329,149.9424700613778,1.5703479027342746,14,cube,full_whitened_action_matched,10
557,14,interaction,True,10,16.060928140725743,16.060928140725743,213.5635016000878,115.45345176734259,13.29708343931595,7.188466989936088,105.03233313559151,0.9887384185425917,14,cube,full_whitened_action_matched,10
558,14,interaction,True,10,11.063410947915656,11.063410947915656,360.5834389150659,147.44644954021703,32.59242927995906,13.327395161796453,136.54469497008213,0.9964694462471737,14,cube,full_whitened_action_matched,10
559,14,interaction,True,10,21.629650479195774,21.629650479195774,321.27316335030116,132.78249477339256,14.85336823446657,6.138910792900137,131.41010423634498,1.444247026700901,14,cube,full_whitened_action_matched,10
560,14,interaction,True,10,19.456868910190256,19.456868910190256,319.0897301935207,121.73108026487233,16.399849927878275,6.256457851813836,78.80135483727935,0.9231350162515062,14,cube,full_whitened_action_matched,10
561,14,interaction,True,10,19.59243617617127,19.59243617617127,263.06758247413086,98.36832945475992,13.42699703644201,5.020729865865151,71.33706360336299,0.6665820348109726,14,cube,full_whitened_action_matched,10
562,14,transport_free,True,10,19.830095660779477,19.830095660779477,282.9591970248465,113.65554605498478,14.269179628038366,5.731467361490138,155.60923349824816,0.8476741660916183,14,cube,full_whitened_action_matched,10
563,14,transport_free,True,10,17.88305111958104,17.88305111958104,295.50912005410174,144.97569366645243,16.524535890328814,8.106876880070613,196.75426573906526,1.201011604615455,14,cube,full_whitened_action_matched,10
564,14,transport_free,True,10,21.363770762622423,21.363770762622423,329.3848449307351,62.933172802746085,15.41791702366604,2.945789556628859,72.09113552578262,1.4904402616167385,14,cube,full_whitened_action_matched,10
565,14,transport_free,True,10,22.947691001645296,22.947691001645296,330.83409833144026,45.16823296864186,14.416879602733026,1.9683127581508484,66.89611675106855,1.6132540974335663,14,cube,full_whitened_action_matched,10
566,14,transport_free,True,10,22.998442952650763,22.998442952650763,318.0643142424775,56.214506092458784,13.829819475053547,2.4442744323254106,84.3629840915371,1.1788439957174446,14,cube,full_whitened_action_matched,10
567,14,transport_free,True,10,22.80110634353465,22.80110634353465,319.58358310402537,38.791986734815126,14.016143703248183,1.7013203723693329,64.56298127759744,1.1809521345415954,14,cube,full_whitened_action_matched,10
568,14,transport_free,True,10,22.465425199647292,22.465425199647292,285.324451774196,74.92014774877703,12.700603226449308,3.3349089582312144,55.60356719553098,1.176513314579983,14,cube,full_whitened_action_matched,10
569,14,transport_free,True,10,20.258279670574854,20.258279670574854,294.65154546182157,116.7866379325586,14.544746654366849,5.764884276042016,85.61780090456017,1.285059826933982,14,cube,full_whitened_action_matched,10
570,15,transport_free,True,10,27.962515029583127,27.962515029583127,409.2818932285634,57.11208885407511,14.636805480321097,2.0424517892490357,48.91106729093432,1.456642701433509,15,cube,full_whitened_action_matched,10
571,15,transport_free,True,10,27.856720924582394,27.856720924582394,415.32277553781887,52.16858660189402,14.909248531520946,1.8727468585815288,43.546530079379636,0.9454291753126841,15,cube,full_whitened_action_matched,10
572,15,transport_free,True,10,26.21468120144821,26.21468120144821,389.55148909138506,58.378008488751064,14.860050599046177,2.2269204054072573,40.24277210383608,0.8621402065996251,15,cube,full_whitened_action_matched,10
573,15,interaction,True,10,26.155284308159963,26.155284308159963,373.0518148712313,65.61286855654369,14.262961567381856,2.508589384213793,38.44320097014851,0.8545101564756121,15,cube,full_whitened_action_matched,10
574,15,interaction,True,10,26.55960380555525,26.55960380555525,314.7513648684729,99.74880651876228,11.850755273790606,3.7556586780823387,104.0661962956177,1.3484435517870892,15,cube,full_whitened_action_matched,10
575,15,interaction,True,10,22.220232252525946,22.220232252525946,171.86942424582404,197.14771067120878,7.734816733352835,8.872441495241233,201.9020085282676,1.7159443240951635,15,cube,full_whitened_action_matched,10
576,15,interaction,True,10,9.468419072732882,9.468419072732882,59.34795896708878,69.81566959099973,6.2679903066393425,7.373529736559152,63.89167402759988,2.066136094750485,15,cube,full_whitened_action_matched,10
577,15,interaction,True,10,3.449170972470964,3.449170972470964,67.14071202517923,178.04448640920447,19.465753527747005,51.61950156435839,175.50645154748727,1.6865703800486211,15,cube,full_whitened_action_matched,10
578,15,interaction,True,10,4.258222284403964,4.258222284403964,284.42109532864805,236.20373819901957,66.79338849227297,55.4700347758106,234.83220365162504,1.294760628140055,15,cube,full_whitened_action_matched,10
579,15,interaction,True,10,19.071579430688473,19.071579430688473,374.9604017617375,67.33196291608172,19.66068951575038,3.5304869825168472,61.42526616316612,0.7604002251435535,15,cube,full_whitened_action_matched,10
580,15,interaction,True,10,23.60917777661182,23.60917777661182,416.48054833289166,57.04129923351093,17.6406206210821,2.4160646242419457,41.178904294247765,0.6738912269271202,15,cube,full_whitened_action_matched,10
581,15,interaction,True,10,26.876844854124933,26.876844854124933,383.80946219948794,48.85822440135158,14.2803020325722,1.8178556548036569,36.8957725074627,0.6913284674066376,15,cube,full_whitened_action_matched,10
582,15,static,True,10,24.528145883936723,24.528145883936723,363.7699074574409,63.318690301869694,14.83071362909949,2.5814707153766796,52.62382253121659,0.7692751902356656,15,cube,full_whitened_action_matched,10
583,15,transport_free,True,10,22.777737052287293,22.777737052287293,395.9158195014984,141.13095824749075,17.381701202040233,6.196004367050092,137.75998507369522,1.0186508842883715,15,cube,full_whitened_action_matched,10
584,15,transport_free,True,10,24.785285836796632,24.785285836796632,361.0898111862523,101.65329621115905,14.568716841270904,4.101356622655646,96.405032757029,1.7283148128065755,15,cube,full_whitened_action_matched,10
585,15,transport_free,True,10,23.034795770986918,23.034795770986918,331.06433235080146,52.36160316922623,14.372358046594355,2.2731524815677937,48.5414588201734,2.065044770722213,15,cube,full_whitened_action_matched,10
586,15,transport_free,True,10,21.711984540560813,21.711984540560813,356.94587413711844,59.635464319703615,16.440039070141058,2.7466611450600844,49.761200773258736,1.6397497488073607,15,cube,full_whitened_action_matched,10
587,15,transport_free,True,10,23.11501070436569,23.11501070436569,391.9573127131117,60.568734013911126,16.95683024879947,2.6203203964976582,51.093150040839845,1.4706979160277163,15,cube,full_whitened_action_matched,10
588,15,transport_free,True,10,24.929366086627887,24.929366086627887,413.07612984469665,47.498860152029835,16.56986095872974,1.905337664302191,41.83167331665883,0.8607520302417203,15,cube,full_whitened_action_matched,10
589,15,transport_free,True,10,25.741703076059434,25.741703076059434,444.2023619764589,43.10376895302039,17.256137275143253,1.6744723076659294,33.391132003030094,0.6878529287819986,15,cube,full_whitened_action_matched,10
590,15,interaction,True,10,28.453883873826772,28.453883873826772,407.84594830588014,60.20990272077658,14.33357745165454,2.116052170162981,52.34298854970096,0.7701119017044636,15,cube,full_whitened_action_matched,10
591,15,interaction,True,10,27.202324520839774,27.202324520839774,377.52638383273813,60.75587528564056,13.87846040670216,2.2334810114883865,45.14766120672729,0.8568362590134648,15,cube,full_whitened_action_matched,10
592,15,interaction,True,10,25.571134052447754,25.571134052447754,362.06400027329784,123.97049666316829,14.15909046234263,4.84806408698567,116.22841383116086,1.0005473674525704,15,cube,full_whitened_action_matched,10
593,15,interaction,True,10,25.11567054113015,25.11567054113015,369.54766980359096,210.64285528851315,14.713828531808815,8.386909477234871,210.64982231392372,0.9347667236254125,15,cube,full_whitened_action_matched,10
594,15,interaction,True,10,24.196905858571675,24.196905858571675,437.2016055687281,140.0966433700105,18.0684922330204,5.789857768958576,140.15607751005584,1.3081783757829535,15,cube,full_whitened_action_matched,10
595,15,interaction,True,10,30.095445060870457,30.095445060870457,349.8623631009238,325.17181961537153,11.625093511436665,10.804685524925297,320.3712331917521,1.201326698913495,15,cube,full_whitened_action_matched,10
596,15,interaction,True,10,23.199222440735525,23.199222440735525,386.60994637225474,115.19203665242944,16.664780354595255,4.965340409433882,112.85264673124594,0.7517086307942685,15,cube,full_whitened_action_matched,10
597,15,interaction,True,10,24.87797005067166,24.87797005067166,346.39070103098544,108.73855696495212,13.923591849554201,4.370877396486631,106.66086219788508,0.9170519259717473,15,cube,full_whitened_action_matched,10
598,15,interaction,True,10,23.090173830444932,23.090173830444932,379.19564843459295,52.54224853393568,16.422381711765837,2.2755241653771137,36.77422873126446,0.7362286710720105,15,cube,full_whitened_action_matched,10
599,15,static,True,10,24.41098015177557,24.41098015177557,384.51211888139835,51.97721081720399,15.75160507651432,2.1292553799165392,37.32361113720128,0.7375280510694784,15,cube,full_whitened_action_matched,10
600,15,transport_free,True,10,24.26411619144062,24.26411619144062,371.1959638316421,105.90773707101437,15.2981448367192,4.364788572368205,95.70590447484838,1.0123290074999889,15,cube,full_whitened_action_matched,10
601,15,transport_free,True,10,22.50698466381565,22.50698466381565,314.4835874850555,92.58546595267003,13.972710791003868,4.1136326049716985,87.95414901811453,1.270822803481161,15,cube,full_whitened_action_matched,10
602,15,transport_free,True,10,19.199962793462316,19.199962793462316,283.20194490059725,80.38488477535313,14.750129880305234,4.186720861913575,74.55256195162995,1.8761822478042576,15,cube,full_whitened_action_matched,10
603,15,transport_free,True,10,17.41718381573684,17.41718381573684,291.6240409415296,62.847513188776276,16.743466913292853,3.6083625144951417,49.738228827346845,1.2192738429507826,15,cube,full_whitened_action_matched,10
604,15,transport_free,True,10,17.83441578617355,17.83441578617355,307.26646638685986,63.65314844524507,17.22884954970455,3.5691187874285912,51.76297670461018,0.9751483145601294,15,cube,full_whitened_action_matched,10
605,15,transport_free,True,10,18.63631967539358,18.63631967539358,337.0992590613945,50.254574510802286,18.088295593388146,2.696593285913409,40.32595472333909,0.7746220791017584,15,cube,full_whitened_action_matched,10
606,15,transport_free,True,10,20.483933656213495,20.483933656213495,351.4640308445487,54.94617267338876,17.15803403502712,2.682403370151595,45.91217436143094,0.8659764359740063,15,cube,full_whitened_action_matched,10
607,15,transport_free,True,10,21.5729811719537,21.5729811719537,365.302152138823,56.11555501242477,16.933318080940055,2.601196124223142,46.37679618497492,0.7348522573571179,15,cube,full_whitened_action_matched,10
608,16,transport_free,True,10,29.179084391356675,29.179084391356675,417.0193490338411,80.0293197794125,14.291721544126624,2.74269468863521,47.77212655621628,1.8042516021802966,16,cube,full_whitened_action_matched,10
609,16,transport_free,True,10,29.258392022749387,29.258392022749387,425.38539442251346,74.48346942930519,14.538919093426664,2.5457130170171953,34.43181253857893,1.4998247117697343,16,cube,full_whitened_action_matched,10
610,16,transport_free,True,10,29.870978991976653,29.870978991976653,408.62803503793805,83.91153509265888,13.679767079200705,2.809132406246127,73.32534039775067,1.1958124314611913,16,cube,full_whitened_action_matched,10
611,16,interaction,True,10,28.84518381917237,28.84518381917237,391.8260495944078,48.603770212248335,13.583759841876095,1.6849873627757275,35.31574535653605,1.0911782557026015,16,cube,full_whitened_action_matched,10
612,16,interaction,True,10,28.048898119070248,28.048898119070248,382.3508141584814,109.78708371633022,13.631580553908597,3.914131786934145,104.71698250208101,1.1825983992048756,16,cube,full_whitened_action_matched,10
613,16,interaction,True,10,27.021925630159455,27.021925630159455,126.74199761932088,134.1337747168862,4.690339221341902,4.963886606481445,125.12707938237054,1.3164072089819925,16,cube,full_whitened_action_matched,10
614,16,interaction,True,10,7.452125836253906,7.452125836253906,63.513100812513,60.22982885719371,8.52281646983571,8.082234543622592,51.75047540734403,1.2308879190966748,16,cube,full_whitened_action_matched,10
615,16,interaction,True,10,3.735913509858261,3.735913509858261,51.3722608153013,63.124066837635525,13.750923483571317,16.89655466355548,44.47877769184695,1.242608029447156,16,cube,full_whitened_action_matched,10
616,16,interaction,True,10,2.967708379900361,2.967708379900361,108.14360239632762,94.38398216003279,36.44010413178079,31.80365793326421,85.37270650989541,1.3470090863184732,16,cube,full_whitened_action_matched,10
617,16,interaction,True,10,6.491272394417952,6.491272394417952,118.17954580831059,59.01573246180249,18.205913822063124,9.091550758608122,40.98319865228345,1.2733624964607193,16,cube,full_whitened_action_matched,10
618,16,interaction,True,10,7.58584477522057,7.58584477522057,129.52896886848458,50.22524122902739,17.07508823428546,6.620916024157245,42.36439146305828,1.1853455640545132,16,cube,full_whitened_action_matched,10
619,16,interaction,True,10,8.558659592928166,8.558659592928166,139.41800679804993,46.22628255540874,16.289701124840622,5.401112411761827,38.946211676666074,0.9450736103415152,16,cube,full_whitened_action_matched,10
620,16,static,True,10,9.178901574427494,9.178901574427494,124.18895392510036,57.843233585162245,13.529827389269753,6.301759869210716,48.312768883938126,1.3950411491606722,16,cube,full_whitened_action_matched,10
621,16,transport_free,True,10,8.297449365338487,8.297449365338487,87.0127308429293,58.21818001338167,10.486684161811658,7.016394731684718,54.311589379895686,1.416772592690728,16,cube,full_whitened_action_matched,10
622,16,transport_free,True,10,6.22541710433655,6.22541710433655,71.57501043589141,51.56504161783441,11.49722327617745,8.28298582305671,50.163803945758744,1.707917565526241,16,cube,full_whitened_action_matched,10
623,16,static,True,10,5.0214312378908605,5.0214312378908605,69.25026144255085,29.43567843066403,13.790940901470528,5.86200966141833,35.47157326539095,1.8915875499586523,16,cube,full_whitened_action_matched,10
624,16,transport_free,True,10,4.792497414858218,4.792497414858218,69.5785044518899,30.278821068753736,14.518214289730258,6.317962942427483,35.41492992302136,1.0312929335232919,16,cube,full_whitened_action_matched,10
625,16,transport_free,True,10,4.779460593751951,4.779460593751951,91.01005979930574,30.459427976699907,19.041910277130548,6.372984436050927,31.47127413425377,0.9120490099358562,16,cube,full_whitened_action_matched,10
626,16,transport_free,True,10,6.431770717028074,6.431770717028074,100.78481152790337,36.450908117877425,15.669838985565235,5.667320823700053,35.33104293627026,0.8996410612298955,16,cube,full_whitened_action_matched,10
627,16,transport_free,True,10,7.077370996210506,7.077370996210506,92.28125851951475,49.36447406440443,13.038917780193472,6.974973346859455,48.92130499007513,0.8558551910391677,16,cube,full_whitened_action_matched,10
628,16,interaction,True,10,6.41431457936139,6.41431457936139,117.95906745847307,37.98961244020779,18.389972303200803,5.922630075307289,39.592670598571694,0.7688047612556566,16,cube,full_whitened_action_matched,10
629,16,interaction,True,10,7.950000750880337,7.950000750880337,115.14021750617634,40.64655142016093,14.483044859263238,5.1127732806389945,42.21105573079474,0.9044925716848677,16,cube,full_whitened_action_matched,10
630,16,interaction,True,10,7.870155156193253,7.870155156193253,98.92483402237622,68.48394204293032,12.569616743137447,8.701727054140518,61.51027596910704,1.1225834494822107,16,cube,full_whitened_action_matched,10
631,16,interaction,True,10,6.452485565230029,6.452485565230029,53.88706808669673,56.81346039933872,8.351365925880327,8.804895388760679,49.258235124883925,1.205398705302953,16,cube,full_whitened_action_matched,10
632,16,interaction,True,10,3.3798431172865646,3.3798431172865646,52.153486501770644,49.33200002715032,15.430741810182292,14.59594375100921,31.02815704966493,1.3268819407262682,16,cube,full_whitened_action_matched,10
633,16,interaction,True,10,3.361855228407427,3.361855228407427,104.77491351784056,71.57751535736601,31.16580173723732,21.29107605602446,64.78799456524048,1.2313439960311614,16,cube,full_whitened_action_matched,10
634,16,interaction,True,10,6.545627091414996,6.545627091414996,132.35224051558185,60.999857162442446,20.21994816801742,9.31917695746029,52.69848929209374,1.3050545061165453,16,cube,full_whitened_action_matched,10
635,16,interaction,True,10,8.305131569700198,8.305131569700198,150.5047849156909,54.55475516155728,18.121902543336095,6.568800831595571,40.16130537684373,1.1591033808729847,16,cube,full_whitened_action_matched,10
636,16,interaction,True,10,9.588186145153482,9.588186145153482,144.5326978279259,59.67012376317303,15.074039619160136,6.223296341960815,47.51329676054756,1.0281500801280368,16,cube,full_whitened_action_matched,10
637,16,interaction,True,10,8.999932325312791,8.999932325312791,143.9982384995202,46.64525351628977,15.999924587712448,5.182844918188718,36.92805177447495,1.3317509969704264,16,cube,full_whitened_action_matched,10
638,16,transport_free,True,10,9.353106540833993,9.353106540833993,116.95135873278618,69.93586233956663,12.504012246861235,7.477287041929774,63.291509284530186,1.27132631615931,16,cube,full_whitened_action_matched,10
639,16,transport_free,True,10,8.083841339100168,8.083841339100168,116.40497968728783,56.871748625291886,14.399711078476605,7.035238105207841,54.93419495755114,1.847078519946424,16,cube,full_whitened_action_matched,10
640,16,transport_free,True,10,8.119233197303677,8.119233197303677,116.04833295262696,41.044727394933886,14.293016364053388,5.055246769924587,40.80853407701422,1.8440375551284642,16,cube,full_whitened_action_matched,10
641,16,transport_free,True,10,8.360081568453742,8.360081568453742,115.96847825867522,45.107900480346885,13.87169219691291,5.395629230527941,41.82835586164801,1.3741142672439608,16,cube,full_whitened_action_matched,10
642,16,transport_free,True,10,8.242267524792448,8.242267524792448,110.12409867175964,48.37596988394188,13.36089836207212,5.8692550003295425,45.72689058940646,1.1342211586099462,16,cube,full_whitened_action_matched,10
643,16,transport_free,True,10,7.69394860061109,7.69394860061109,116.52559488681263,35.79479770575549,15.145096612363332,4.652331275375624,34.73894646931118,0.9282857801386526,16,cube,full_whitened_action_matched,10
644,16,transport_free,True,10,8.21929731256721,8.21929731256721,134.6816464350431,37.21632796522427,16.38602928125211,4.527920885441257,35.24669063082046,0.8587229748772722,16,cube,full_whitened_action_matched,10
645,16,interaction,True,10,9.347803702614293,9.347803702614293,154.88573382453754,39.3141018116914,16.569211202115934,4.205704683410977,38.19699253717468,0.7785562466865523,16,cube,full_whitened_action_matched,10
646,17,transport_free,True,10,32.63258106715861,32.63258106715861,525.8383454559014,80.34426909101762,16.113906049102088,2.4620874740391283,37.49422312535956,1.3380525436129327,17,cube,full_whitened_action_matched,10
647,17,transport_free,True,10,34.189638771751774,34.189638771751774,527.6800547443476,99.09915079257925,15.433917224663055,2.898514121607425,37.67198093274853,1.3322148228802795,17,cube,full_whitened_action_matched,10
648,17,transport_free,True,10,34.31347075396946,34.31347075396946,492.19365260060283,66.38160101748662,14.344035790773649,1.9345638770688167,44.14841824033751,0.7769314584856997,17,cube,full_whitened_action_matched,10
649,17,interaction,True,10,32.39201705496046,32.39201705496046,491.2405042803275,67.01167119895254,15.165480539443582,2.068771175479808,50.72008058590706,0.7765474419735507,17,cube,full_whitened_action_matched,10
650,17,interaction,True,10,32.03152201056624,32.03152201056624,389.1361843893668,91.55370360764255,12.148538688264717,2.8582376940265815,89.92443235964916,1.1407606839093476,17,cube,full_whitened_action_matched,10
651,17,interaction,True,10,25.769869695765713,25.769869695765713,392.5140534040887,222.94304804491918,15.231510986979623,8.651306765495647,226.06310498830297,1.1508299077003759,17,cube,full_whitened_action_matched,10
652,17,interaction,True,10,23.97698626174104,23.97698626174104,315.7794073963928,363.80937699559297,13.17010419696771,15.173273781121802,360.5497856181429,1.336794716143105,17,cube,full_whitened_action_matched,10
653,17,interaction,True,10,13.548514619085243,13.548514619085243,169.7348683499078,174.59507687835222,12.527931889360712,12.88665818999872,148.6545570502841,1.6444103922031792,17,cube,full_whitened_action_matched,10
654,17,interaction,True,10,4.641521335571843,4.641521335571843,68.49942094458935,72.29592946085415,14.757967483553559,15.57591234296183,61.488745495652026,1.5154198890186192,17,cube,full_whitened_action_matched,10
655,17,interaction,True,10,3.3738279860091955,3.3738279860091955,54.31443868290242,40.16697114197811,16.09875752650609,11.905459113074247,36.57381579822831,0.7596468798828642,17,cube,full_whitened_action_matched,10
656,17,interaction,True,10,3.256143734760662,3.256143734760662,66.83137146281038,42.92914795728117,20.524699431833504,13.184045746812405,32.32114174493384,0.9115414477231452,17,cube,full_whitened_action_matched,10
657,17,interaction,True,10,4.1840375498298945,4.1840375498298945,66.99221152089878,52.171778907182606,16.011379133923498,12.469242516550477,28.110318544091736,1.1774224347915683,17,cube,full_whitened_action_matched,10
658,17,static,True,10,4.122830542027718,4.122830542027718,67.39201308513748,51.64189896534664,16.346054585108483,12.525835936964747,30.01007740940596,1.5731496542072008,17,cube,full_whitened_action_matched,10
659,17,transport_free,True,10,4.211295789152398,4.211295789152398,66.83604083782268,62.78892674539574,15.87065933720003,14.909645365478633,47.185248030734996,1.4917879199691377,17,cube,full_whitened_action_matched,10
660,17,transport_free,True,10,4.777960130845992,4.777960130845992,73.40047631935852,59.55881353936458,15.362304060574514,12.465322419678504,47.46346767285398,1.8070120523975808,17,cube,full_whitened_action_matched,10
661,17,transport_free,True,10,5.198072892302614,5.198072892302614,75.2645280802648,47.895807379470014,14.479313707146675,9.214146929412026,38.6355660234519,1.7460958413999492,17,cube,full_whitened_action_matched,10
662,17,transport_free,True,10,5.105303208468122,5.105303208468122,71.50893858107663,43.37157109576647,14.006795612543714,8.495395733563175,39.18761208990527,1.4194913221884364,17,cube,full_whitened_action_matched,10
663,17,transport_free,True,10,4.824628601462445,4.824628601462445,64.32502020907079,43.98343161914724,13.33263666960241,9.116438849990432,33.75326003223302,1.4258797828836598,17,cube,full_whitened_action_matched,10
664,17,transport_free,True,10,4.372188210852454,4.372188210852454,61.41161879919704,56.15379049385794,14.045968708932477,12.843406501686149,32.71560642994949,1.08415443785654,17,cube,full_whitened_action_matched,10
665,17,transport_free,True,10,4.119973127065756,4.119973127065756,67.19298556925087,53.79798055453715,16.309083456839364,13.057847441071068,28.982166754880993,1.2296005977652888,17,cube,full_whitened_action_matched,10
666,17,interaction,True,10,4.0971776377562525,4.0971776377562525,55.05016935095445,58.14176932200903,13.436119743419694,14.190687947288845,30.053207547007396,1.1384787176851536,17,cube,full_whitened_action_matched,10
667,17,interaction,True,10,3.069293819596317,3.069293819596317,55.886947694428784,58.77021722244456,18.208405900279434,19.147797727027058,36.922117146008816,1.351849229490684,17,cube,full_whitened_action_matched,10
668,17,interaction,True,10,3.1821505832617847,3.1821505832617847,54.940856365810866,56.17179845967789,17.265322594977608,17.652149698742534,36.408784481561966,1.5092284962425215,17,cube,full_whitened_action_matched,10
669,17,interaction,True,10,3.2186660349227747,3.2186660349227747,86.96725433292264,75.8915328870035,27.019657643670147,23.578567040996028,70.70252353157609,1.603186646333255,17,cube,full_whitened_action_matched,10
670,17,interaction,True,10,5.622523450486611,5.622523450486611,75.47568634695551,48.10606770412187,13.42380996924492,8.555956791955834,43.55663928192332,1.0683387717309076,17,cube,full_whitened_action_matched,10
671,17,interaction,True,10,4.720305918441701,4.720305918441701,79.93178290898679,69.13647752655707,16.933602247409933,14.64660950394098,58.46533442504826,1.2301118519012446,17,cube,full_whitened_action_matched,10
672,17,interaction,True,10,3.1411743009342765,3.1411743009342765,52.80589943102251,59.31653132784068,16.810878471569215,18.8835529789602,31.91536459338616,1.0903041460325005,17,cube,full_whitened_action_matched,10
673,17,interaction,True,10,2.936325874915083,2.936325874915083,56.18497791279551,54.81070786114127,19.13444907214883,18.666425388744145,31.41050059109045,0.9776858801654538,17,cube,full_whitened_action_matched,10
674,17,interaction,True,10,3.3911734205797517,3.3911734205797517,65.55416228406507,49.87626540326998,19.330819794187345,14.70767171640051,27.78884702593137,1.001481408295355,17,cube,full_whitened_action_matched,10
675,17,interaction,True,10,4.011011652307488,4.011011652307488,62.74487254191324,50.74847226113689,15.64315389256395,12.65228741779942,28.564183059662337,1.4133310992139783,17,cube,full_whitened_action_matched,10
676,17,transport_free,True,10,3.8725489969475664,3.8725489969475664,61.98994500485652,59.11383398180857,16.007530196188206,15.264838231460331,37.30736483319172,1.5871662611358834,17,cube,full_whitened_action_matched,10
677,17,transport_free,True,10,4.311327277773485,4.311327277773485,63.60555228344791,65.53814549186251,14.753125472834894,15.201384926107634,43.444759335449184,1.76178820104488,17,cube,full_whitened_action_matched,10
678,17,transport_free,True,10,4.6616666564649885,4.6616666564649885,68.79773518416167,53.96812987421111,14.758184197651751,11.577003216084941,44.08885025049406,2.1000577871442747,17,cube,full_whitened_action_matched,10
679,17,static,True,10,4.996024013750164,4.996024013750164,73.3690501880401,50.354254382135224,14.6854878971983,10.078865562605218,35.45216818447863,1.9579005512590228,17,cube,full_whitened_action_matched,10
680,17,transport_free,True,10,4.832660645297285,4.832660645297285,63.786351428161254,46.80041604386885,13.19901315442715,9.684192513995546,32.26404921261325,1.4572000704149084,17,cube,full_whitened_action_matched,10
681,17,transport_free,True,10,4.385906500290384,4.385906500290384,67.31596890301483,55.810724485873095,15.348245316802343,12.725014653681733,32.786459642965255,1.2162210615266187,17,cube,full_whitened_action_matched,10
682,17,transport_free,True,10,4.143051963466003,4.143051963466003,59.50536570106696,56.38764148287443,14.362688719763446,13.61016998582406,30.98495031332811,1.1966913782243311,17,cube,full_whitened_action_matched,10
683,17,transport_free,True,10,3.966259431841113,3.966259431841113,67.13442985521426,57.159489452065884,16.926383916356897,14.411434863082771,26.925116587369835,1.2311471961426153,17,cube,full_whitened_action_matched,10
684,18,transport_free,True,10,14.460118187057247,14.460118187057247,228.22707878242602,36.31606101373558,15.783209779481899,2.5114636370151406,38.165659952374554,0.8521226704676446,18,cube,full_whitened_action_matched,10
685,18,transport_free,True,10,16.286045994629493,16.286045994629493,259.7420511620584,35.62989951707741,15.948748471403755,2.1877562871200764,33.88628590737027,0.6189917833645937,18,cube,full_whitened_action_matched,10
686,18,transport_free,True,10,18.468413987506743,18.468413987506743,203.83527454761133,77.85993695710847,11.036966936386579,4.215843169303985,77.99956977573625,0.7844707355018057,18,cube,full_whitened_action_matched,10
687,18,interaction,True,10,14.307732619740468,14.307732619740468,297.7056263330651,112.86353567335,20.80732386082745,7.888289407759233,101.90150071163355,1.101557492921672,18,cube,full_whitened_action_matched,10
688,18,interaction,True,10,21.121357980418175,21.121357980418175,228.68827564721553,89.12561092906441,10.827347174326327,4.2196913196440144,73.28265090227863,1.3228023726177633,18,cube,full_whitened_action_matched,10
689,18,interaction,True,10,15.752101250971172,15.752101250971172,115.9261864013184,44.42602201126178,7.359410948058193,2.8203235430906566,35.03431950524991,1.3164828293436632,18,cube,full_whitened_action_matched,10
690,18,interaction,True,10,6.153769090327768,6.153769090327768,66.40041810643436,69.44816817059255,10.790203066085093,11.285468653633465,57.24634010151201,1.5630093586133622,18,cube,full_whitened_action_matched,10
691,18,interaction,True,10,4.786565096821006,4.786565096821006,239.5242661320615,231.72444476633092,50.040950302993146,48.41142658233784,230.6696168813,1.5255483300597326,18,cube,full_whitened_action_matched,10
692,18,interaction,True,10,16.57581471568856,16.57581471568856,628.7878790815181,440.29803407699205,37.9340557231487,26.562678313498637,443.1215133932371,1.069032871862046,18,cube,full_whitened_action_matched,10
693,18,interaction,True,10,28.298887863237184,28.298887863237184,439.03112401787394,110.74647734391607,15.51407695382316,3.9134568778508703,56.91470298517194,0.9020054713769781,18,cube,full_whitened_action_matched,10
694,18,interaction,True,10,31.69524643705543,31.69524643705543,498.6517166173918,126.22974051276526,15.73269725501834,3.982607952376985,94.91041538039259,0.9828555880155021,18,cube,full_whitened_action_matched,10
695,18,interaction,True,10,36.00475371899239,36.00475371899239,493.91003386742693,104.29990760040982,13.717911743606539,2.896837134741793,42.46490385438636,0.9851112148433696,18,cube,full_whitened_action_matched,10
696,18,static,True,10,35.670595087830804,35.670595087830804,514.3297063122925,119.91294292862818,14.418870922839147,3.361674865063775,94.8013674732075,1.2143011305238005,18,cube,full_whitened_action_matched,10
697,18,transport_free,True,10,37.14492109117781,37.14492109117781,542.5094975594172,139.41929518481413,14.6052133541419,3.7533878411691455,128.27729789524574,1.1812923506269308,18,cube,full_whitened_action_matched,10
698,18,transport_free,True,10,39.2164030597347,39.2164030597347,545.50705234578,118.37152728106857,13.91017558430486,3.0184187749387474,96.23855472412008,2.160703492786058,18,cube,full_whitened_action_matched,10
699,18,transport_free,True,10,38.126636689705194,38.126636689705194,533.3643325021376,119.1325285864543,13.989283577330454,3.1246534950359783,44.26147488605981,2.389892841326935,18,cube,full_whitened_action_matched,10
700,18,transport_free,True,10,37.05389289621635,37.05389289621635,562.7913095293841,116.60269264550078,15.18845296783518,3.1468405484976003,67.79092240825632,2.0649581484411987,18,cube,full_whitened_action_matched,10
701,18,transport_free,True,10,39.17675957107021,39.17675957107021,545.8127518791314,81.9312810120927,13.932054561301257,2.0913235782929394,42.83084147482633,1.3228520862337054,18,cube,full_whitened_action_matched,10
702,18,transport_free,True,10,38.03732746139128,38.03732746139128,497.5650624935706,108.98210040603942,13.080967978063393,2.8651355833729024,38.61676687458331,1.0388266028916915,18,cube,full_whitened_action_matched,10
703,18,transport_free,True,10,35.926731427258886,35.926731427258886,503.2498568719777,105.69861433431483,14.007671638342925,2.9420604139378383,63.372396495909285,0.9912925299323228,18,cube,full_whitened_action_matched,10
704,18,interaction,True,10,36.33528543116117,36.33528543116117,510.5453916232766,107.20741407596935,14.050953104263563,2.9505042496247516,75.8929099937821,0.7407343314841387,18,cube,full_whitened_action_matched,10
705,18,interaction,True,10,36.86379809162801,36.86379809162801,466.34685030573166,144.5862423953556,12.650537232940243,3.9221743249562775,107.83048266014319,0.7312068660240636,18,cube,full_whitened_action_matched,10
706,18,interaction,True,10,33.67709096771338,33.67709096771338,352.169876379995,146.7659362212782,10.457253469951556,4.358034854078827,107.157416033092,0.984427729613246,18,cube,full_whitened_action_matched,10
707,18,interaction,True,10,24.898082968911922,24.898082968911922,434.52153549436935,255.13287628749657,17.45200769219537,10.247089167710577,261.8824164865015,0.9912813522566271,18,cube,full_whitened_action_matched,10
708,18,interaction,True,10,18.257012642193175,18.257012642193175,299.0164529202684,142.82026041227124,16.378169790451995,7.822761763455435,97.75051402701983,0.9656885314421311,18,cube,full_whitened_action_matched,10
709,18,interaction,True,10,19.631125378239012,19.631125378239012,461.0173729624887,291.879346768717,23.48400125208939,14.868192278587532,288.6749970418317,0.989674106550029,18,cube,full_whitened_action_matched,10
710,18,interaction,True,10,22.611563476704728,22.611563476704728,516.3277719848568,205.35160900331613,22.834678040587367,9.081707649932168,163.99014614041087,0.8253343992886462,18,cube,full_whitened_action_matched,10
711,18,interaction,True,10,28.683519934093027,28.683519934093027,465.01412394131194,111.10690212938417,16.211891881114614,3.8735448921428675,60.426481577300905,0.9121090865066148,18,cube,full_whitened_action_matched,10
712,18,interaction,True,10,33.56767457699817,33.56767457699817,520.6343359076402,120.41460276881236,15.509991158708335,3.587219081637694,96.02721111187084,0.9241629768605155,18,cube,full_whitened_action_matched,10
713,18,interaction,True,10,37.5970445516834,37.5970445516834,515.5548413826195,109.41011012123255,13.712642776319917,2.9100720927899033,48.89050675911753,1.1825765935603667,18,cube,full_whitened_action_matched,10
714,18,transport_free,True,10,37.23306395928705,37.23306395928705,488.4153087425598,143.01716596899672,13.117784485225913,3.8411334110289874,116.53235793391728,1.2026413427288296,18,cube,full_whitened_action_matched,10
715,18,transport_free,True,10,35.289913713199844,35.289913713199844,513.4108312610756,126.38873352678874,14.548373097014384,3.581440707221516,105.05814960886815,1.5197724166623416,18,cube,full_whitened_action_matched,10
716,18,transport_free,True,10,36.4363343466474,36.4363343466474,503.197711760528,109.019460248419,13.810327542096136,2.992053459912609,75.74098957637787,2.610274496404152,18,cube,full_whitened_action_matched,10
717,18,transport_free,True,10,35.73627525780195,35.73627525780195,514.8552856488263,86.97491666839623,14.407077456580287,2.433799159004627,53.55016680623623,2.2322252900560473,18,cube,full_whitened_action_matched,10
718,18,transport_free,True,10,36.38016653882177,36.38016653882177,512.968881792732,117.7453212888077,14.100234567242454,3.2365250764632996,72.71611730065544,1.8664352987082262,18,cube,full_whitened_action_matched,10
719,18,transport_free,True,10,36.27909370562866,36.27909370562866,498.7275493722109,104.68487436611778,13.746968251713351,2.885542709956838,41.9677478152807,1.0981604042386195,18,cube,full_whitened_action_matched,10
720,18,transport_free,True,10,36.00985286018322,36.00985286018322,490.18572615787093,98.85475484794598,13.612544546103342,2.7452140732641417,51.25362811047461,0.9697086904534579,18,cube,full_whitened_action_matched,10
721,18,transport_free,True,10,35.39573997680375,35.39573997680375,474.6296088476967,108.40521008480012,13.409229730999847,3.0626626299052484,36.503454991175424,1.0273813412515678,18,cube,full_whitened_action_matched,10
722,19,transport_free,True,10,8.530487789598826,8.530487789598826,126.72693996257382,34.200928274654316,14.855767113000413,4.009258218076967,37.352937266879806,1.000424941898797,19,cube,full_whitened_action_matched,10
723,19,transport_free,True,10,9.038372337391337,9.038372337391337,130.28598872565738,36.16155976332681,14.414762289297393,4.000892905653828,39.110013491759446,0.89549798270352,19,cube,full_whitened_action_matched,10
724,19,transport_free,True,10,9.111436443096041,9.111436443096041,124.29336484149442,37.74926509952864,13.641467579535668,4.143064086029177,41.24233680513127,0.8770776655794528,19,cube,full_whitened_action_matched,10
725,19,interaction,True,10,8.840398716823273,8.840398716823273,122.1371625909839,41.13532396735205,13.815797963790589,4.653107318459693,43.231695597939506,0.9362792774952511,19,cube,full_whitened_action_matched,10
726,19,interaction,True,10,8.745846510120273,8.745846510120273,107.35721669318917,44.580556456096005,12.275223052332391,5.097340366596821,43.43598353764798,1.3075681242367674,19,cube,full_whitened_action_matched,10
727,19,interaction,True,10,7.458384008658289,7.458384008658289,82.86529632844832,53.20805449386405,11.110355303810001,7.133992354388817,52.40874118501213,1.5325001385409722,19,cube,full_whitened_action_matched,10
728,19,interaction,True,10,5.7726806727902815,5.7726806727902815,56.19699225800058,74.33120597836572,9.734990629723715,12.87637584540719,72.79661549624426,1.756031036035573,19,cube,full_whitened_action_matched,10
729,19,interaction,True,10,3.4299039330391152,3.4299039330391152,67.67521564881116,52.635165558726335,19.730936192386757,15.345959124892515,45.23978630449799,1.16079950953099,19,cube,full_whitened_action_matched,10
730,19,interaction,True,10,4.6173141388529295,4.6173141388529295,92.73896652541728,58.55041282796241,20.085045924221273,12.680621475433764,50.90746124518575,0.9369437645710146,19,cube,full_whitened_action_matched,10
731,19,interaction,True,10,6.132271452394461,6.132271452394461,112.92514624636662,55.293885715007036,18.414896849074232,9.01686856889163,43.17033233143821,0.9882485659823613,19,cube,full_whitened_action_matched,10
732,19,interaction,True,10,7.759094014383462,7.759094014383462,137.23473360248246,57.26915177475743,17.686953315436423,7.380907058039822,41.39852458125017,0.9642931585357867,19,cube,full_whitened_action_matched,10
733,19,interaction,True,10,9.542682577415992,9.542682577415992,138.45089391484441,53.83054272638135,14.508592609221498,5.6410283261206215,37.16699597406302,1.2483675312387246,19,cube,full_whitened_action_matched,10
734,19,static,True,10,9.827133387270962,9.827133387270962,149.0628517666591,55.201301370941984,15.168497861211437,5.617233347259127,39.292125047214626,1.5250969646151207,19,cube,full_whitened_action_matched,10
735,19,transport_free,True,10,10.482887424717823,10.482887424717823,161.3367999851178,71.28463127994405,15.390492471062728,6.8000950875290815,53.99107660423398,1.5498337775793525,19,cube,full_whitened_action_matched,10
736,19,transport_free,True,10,11.452393470963184,11.452393470963184,150.50237417589227,72.47481624256363,13.141565084842874,6.328355415513703,55.33612645995971,1.9055668552281526,19,cube,full_whitened_action_matched,10
737,19,transport_free,True,10,10.597032986179524,10.597032986179524,147.48937518320042,55.488153072084955,13.917987740111183,5.236197069920579,35.825887561182974,2.0090488751201425,19,cube,full_whitened_action_matched,10
738,19,transport_free,True,10,10.37390328738345,10.37390328738345,157.25891323587302,50.09319307631379,15.159088038455922,4.828770009571634,37.76988725299155,1.4834145616659706,19,cube,full_whitened_action_matched,10
739,19,transport_free,True,10,10.888019560131095,10.888019560131095,165.82860772485276,56.832516576293315,15.230373789194049,5.219729470766035,34.75732447116797,1.0834454764649797,19,cube,full_whitened_action_matched,10
740,19,transport_free,True,10,11.266693644246681,11.266693644246681,165.07140625972298,57.745122605001875,14.65127316602031,5.125294467777539,46.51770415115557,1.1676497744346968,19,cube,full_whitened_action_matched,10
741,19,transport_free,True,10,11.353260408352483,11.353260408352483,144.73091277845714,56.130389679231726,12.747960283900476,4.943988568952153,44.8592809463767,1.1151451399019225,19,cube,full_whitened_action_matched,10
742,19,interaction,True,10,10.058170798485929,10.058170798485929,131.81483214101922,54.51826605158101,13.105248934613588,5.420296308727202,39.5380715336587,1.0973226008550956,19,cube,full_whitened_action_matched,10
743,19,interaction,True,10,9.343311959674185,9.343311959674185,94.15597296660383,53.74407780954232,10.077365860519462,5.752144211977746,41.4800985004784,1.334403649382847,19,cube,full_whitened_action_matched,10
744,19,interaction,True,10,6.714733052120616,6.714733052120616,77.16159817102397,65.34805397908629,11.491387307892328,9.732040495407091,56.709156957031055,1.2785757423185076,19,cube,full_whitened_action_matched,10
745,19,interaction,True,10,5.390377062280492,5.390377062280492,63.609012500110765,60.58949515805554,11.80047550758905,11.240307395568745,51.659760927639,1.137580504140602,19,cube,full_whitened_action_matched,10
746,19,interaction,True,10,4.318594376708802,4.318594376708802,72.31523340965002,46.795079561242645,16.745085808397086,10.835720023538109,36.823024962018366,1.0500450071607519,19,cube,full_whitened_action_matched,10
747,19,interaction,True,10,4.919499045931745,4.919499045931745,90.71949287562705,72.88773449132208,18.44079895709075,14.816088754320972,65.83511604684665,1.0200103443430206,19,cube,full_whitened_action_matched,10
748,19,interaction,True,10,6.063068635333214,6.063068635333214,106.30775423590848,57.176897115079285,17.533655089501725,9.430356236093797,42.21900563745056,0.9538589565046319,19,cube,full_whitened_action_matched,10
749,19,interaction,True,10,7.321028383219348,7.321028383219348,117.52835798561084,56.88885999871607,16.053531257302534,7.7706104963493905,42.449040814691486,0.8968269505165137,19,cube,full_whitened_action_matched,10
750,19,interaction,True,10,8.130967420544597,8.130967420544597,137.75871558020307,61.30815861760408,16.942475409768186,7.540081695899573,42.0068651965682,1.1479808901915856,19,cube,full_whitened_action_matched,10
751,19,transport_free,True,10,9.796058730171202,9.796058730171202,153.60251066004065,59.02753124339919,15.680031621998676,6.025640808134231,45.70416090890625,1.653999857287363,19,cube,full_whitened_action_matched,10
752,19,transport_free,True,10,10.89273116013124,10.89273116013124,158.2995765629601,63.102395327088495,14.532588221983886,5.793073784658449,53.297874032518955,1.5366860277811814,19,cube,full_whitened_action_matched,10
753,19,transport_free,True,10,11.249310266478881,11.249310266478881,144.5896592913659,72.60732344043231,12.853202184512558,6.454380021572554,54.103319444890744,2.2243157123652226,19,cube,full_whitened_action_matched,10
754,19,transport_free,True,10,10.129294646846844,10.129294646846844,146.53288857084718,78.18399579199232,14.4662480142644,7.718602184835276,65.92519305181104,2.3285240360442483,19,cube,full_whitened_action_matched,10
755,19,transport_free,True,10,10.423624483263877,10.423624483263877,143.52631549929657,60.651364678936744,13.769329059171477,5.818644443333342,46.55585937071887,2.128782154621929,19,cube,full_whitened_action_matched,10
756,19,transport_free,True,10,10.14324817743864,10.14324817743864,161.4092290298708,56.930929303267675,15.91297247255461,5.6126921383918855,48.48504348834408,1.9405999416680983,19,cube,full_whitened_action_matched,10
757,19,transport_free,True,10,11.25463032311832,11.25463032311832,161.61693977888248,55.53347370605086,14.360039835951119,4.934277902667193,39.848634438211356,1.1543722822434628,19,cube,full_whitened_action_matched,10
758,19,transport_free,True,10,11.18214655329685,11.18214655329685,147.6378289595586,55.284181624972376,13.202995351194918,4.943968616533009,40.474266965335794,1.2280571837136876,19,cube,full_whitened_action_matched,10
759,19,static,True,10,10.29412579973925,10.29412579973925,141.30412947145777,55.567722115770444,13.726675991761923,5.398003016164615,40.32967626203092,1.0807322071970988,19,cube,full_whitened_action_matched,10
760,20,transport_free,True,10,7.350905414229197,7.350905414229197,100.81573322779882,34.22458162077114,13.714736831281916,4.6558321311715405,34.42822569330066,0.91000601785169,20,cube,full_whitened_action_matched,10
761,20,transport_free,True,10,7.077347427332453,7.077347427332453,94.2616653477403,32.112072881332125,13.318784518576162,4.53730344751997,36.45509629957215,0.7067702664205228,20,cube,full_whitened_action_matched,10
762,20,transport_free,True,10,6.622522350497276,6.622522350497276,89.58217971051461,34.09467034326683,13.526897301265885,5.148290717464579,36.561468272249606,0.8227610689741154,20,cube,full_whitened_action_matched,10
763,20,interaction,True,10,6.3926364881085505,6.3926364881085505,88.41276360069509,39.18149039051558,13.830406869709966,6.129159770526632,35.80360211310253,0.9350465653750906,20,cube,full_whitened_action_matched,10
764,20,interaction,True,10,6.320877851009753,6.320877851009753,68.11556575831887,52.55574464550152,10.776282561359334,8.314627474901418,53.35499358757866,1.229440802770983,20,cube,full_whitened_action_matched,10
765,20,interaction,True,10,4.82579834366207,4.82579834366207,87.87179090498938,65.61435465874732,18.208757317925482,13.59658029327344,62.21699979035905,1.315203008080764,20,cube,full_whitened_action_matched,10
766,20,interaction,True,10,4.9071018295990205,4.9071018295990205,55.105655121406926,56.890768508274874,11.229776156063554,11.593557762571162,56.82116188325286,1.7114167375642986,20,cube,full_whitened_action_matched,10
767,20,interaction,True,10,3.0756085320446536,3.0756085320446536,63.1531801417252,58.046747772333234,20.53355603736123,18.873256192244973,45.9244975589262,1.3829715855803189,20,cube,full_whitened_action_matched,10
768,20,interaction,True,10,3.05282487235684,3.05282487235684,81.48608179017398,52.153657473365584,26.692026302597945,17.083737080896473,51.5385455652692,1.0136830113680535,20,cube,full_whitened_action_matched,10
769,20,interaction,True,10,4.903892211550181,4.903892211550181,91.01614596610855,47.22531987091237,18.559980937537212,9.630170858911246,46.85554253635444,0.9269367272364643,20,cube,full_whitened_action_matched,10
770,20,interaction,True,10,5.707759243749858,5.707759243749858,91.93185443271983,49.47977138269096,16.10647024633836,8.668860978478126,44.670449942589826,0.8778459255884551,20,cube,full_whitened_action_matched,10
771,20,interaction,True,10,6.192578636159174,6.192578636159174,86.17682686202723,44.31001835095448,13.916145748853456,7.155342056090046,42.17730015368704,0.9633217995731096,20,cube,full_whitened_action_matched,10
772,20,transport_free,True,10,5.919266900103534,5.919266900103534,79.54094428410221,41.46921301771903,13.43763436021291,7.0058021909763335,40.60743866023907,1.3314426087215172,20,cube,full_whitened_action_matched,10
773,20,transport_free,True,10,5.674320305354591,5.674320305354591,71.67932967270528,46.105331336473355,12.632231847233728,8.125260622486522,48.899907521211475,1.0196539003117862,20,cube,full_whitened_action_matched,10
774,20,transport_free,True,10,5.068297820577719,5.068297820577719,72.08981744843219,59.688796033443,14.223674298645477,11.776891995395658,64.10120916074916,1.547162266777721,20,cube,full_whitened_action_matched,10
775,20,transport_free,True,10,5.0404156290084465,5.0404156290084465,83.91740556962588,51.00012046766714,16.64890591297015,10.118237110081319,54.84339833877839,1.9505927632099085,20,cube,full_whitened_action_matched,10
776,20,transport_free,True,10,5.7377356645117406,5.7377356645117406,74.25073578237898,47.61590144521388,12.940773176712288,8.298726924581286,48.6518586945586,1.1943883210657842,20,cube,full_whitened_action_matched,10
777,20,transport_free,True,10,5.033466723606741,5.033466723606741,71.06797311863923,46.87770060104786,14.11909068263698,9.313203637801651,48.96733566868572,0.9769532749000287,20,cube,full_whitened_action_matched,10
778,20,transport_free,True,10,4.705496436233893,4.705496436233893,75.56604123277094,45.02830249959078,16.05910072545953,9.569299033542524,48.16700984655436,0.7154691118457359,20,cube,full_whitened_action_matched,10
779,20,transport_free,True,10,4.977513545436407,4.977513545436407,85.09211798885896,36.12018927406135,17.09530616282802,7.256673225365274,43.02248803645456,1.028488843304863,20,cube,full_whitened_action_matched,10
780,20,interaction,True,10,5.777490285968101,5.777490285968101,81.51842588799656,44.67288762620713,14.109660398042015,7.732230677168771,43.64158923846817,0.777680567553134,20,cube,full_whitened_action_matched,10
781,20,interaction,True,10,5.586137817145465,5.586137817145465,86.12412292528771,44.667290979186305,15.417471917887164,7.996095413559173,44.09027901677328,0.8343410284478332,20,cube,full_whitened_action_matched,10
782,20,interaction,True,10,5.8687981347033125,5.8687981347033125,78.65064007813277,48.829400815379316,13.40149009608231,8.320170449660186,43.32837034118802,0.7963795695013234,20,cube,full_whitened_action_matched,10
783,20,interaction,True,10,5.28539745723536,5.28539745723536,84.63947679741156,58.55657122171413,16.013833866277302,11.078934308252267,58.00936443573889,1.0369820204625622,20,cube,full_whitened_action_matched,10
784,20,interaction,True,10,4.822316600720095,4.822316600720095,87.92366030835504,73.2118234690092,18.23266027270499,15.18187824044502,71.95216727666578,1.0839936272830475,20,cube,full_whitened_action_matched,10
785,20,interaction,True,10,6.098377612270188,6.098377612270188,76.55076038160314,76.58771976428417,12.552643546962367,12.558704074045286,68.60279784522032,0.804511047903482,20,cube,full_whitened_action_matched,10
786,20,interaction,True,10,5.004008177387204,5.004008177387204,84.49722375824197,56.73866246577866,16.885908408399406,11.338643034633133,59.53317853626258,1.0163297894668784,20,cube,full_whitened_action_matched,10
787,20,interaction,True,10,5.230277209820119,5.230277209820119,103.07966133559759,42.109342689148086,19.708259658218523,8.051072820783876,42.28415815889689,0.9496633810303929,20,cube,full_whitened_action_matched,10
788,20,interaction,True,10,6.6258413465279045,6.6258413465279045,88.12533701148246,47.9754029070227,13.300248587700064,7.240650718593335,49.04390024558586,0.8649573030555047,20,cube,full_whitened_action_matched,10
789,20,interaction,True,10,6.067634525319365,6.067634525319365,78.57143395147843,41.977052335864485,12.949269377318483,6.9181906327252065,41.120355478636746,1.2519454094187161,20,cube,full_whitened_action_matched,10
790,20,transport_free,True,10,5.751590969390683,5.751590969390683,71.4721831092445,41.47829129987328,12.42650659436865,7.21162049259345,43.649341600916365,1.1240466892022694,20,cube,full_whitened_action_matched,10
791,20,transport_free,True,10,5.049636246562086,5.049636246562086,69.00232915326534,48.384801824966075,13.664811836742455,9.581839059775367,51.92525247521602,1.0791120201691795,20,cube,full_whitened_action_matched,10
792,20,transport_free,True,10,4.655258495193181,4.655258495193181,82.82226331290022,43.24784792815934,17.791120170538097,9.290106655262045,43.973420364587284,1.2502489400054713,20,cube,full_whitened_action_matched,10
793,20,static,True,10,5.772928598058986,5.772928598058986,86.30644966662805,49.96813219432245,14.950202172194995,8.655595049473344,41.18116526186607,1.3539635847792915,20,cube,full_whitened_action_matched,10
794,20,transport_free,True,10,5.704667485133536,5.704667485133536,73.05475499197507,43.01249786555516,12.806137287117444,7.539878174783454,47.47511123744638,1.1737960493522852,20,cube,full_whitened_action_matched,10
795,20,transport_free,True,10,4.750070464634458,4.750070464634458,71.11293563199635,40.330316881422945,14.970922255038348,8.490467074476665,49.121153877950114,0.8184793617661159,20,cube,full_whitened_action_matched,10
796,20,transport_free,True,10,4.395978571037491,4.395978571037491,77.24073795101538,39.90564165976134,17.570772173438023,9.07776073402088,44.38114902719806,0.6879321161495042,20,cube,full_whitened_action_matched,10
797,20,transport_free,True,10,5.2710561977103865,5.2710561977103865,86.49360294149113,41.78603931788015,16.409159701059867,7.92745092265018,41.39528002358848,1.0469353691688008,20,cube,full_whitened_action_matched,10
798,21,transport_free,True,10,25.530236954728714,25.530236954728714,349.7215847541279,51.6592855873006,13.698328980426968,2.023454998827665,49.22297631711516,1.1021320470075868,21,cube,full_whitened_action_matched,10
799,21,transport_free,True,10,25.146546422868816,25.146546422868816,327.31334619644696,62.76643466342432,13.016234543395631,2.4960260390406197,57.44188928890865,1.2583786847735579,21,cube,full_whitened_action_matched,10
800,21,transport_free,True,10,23.643821375575783,23.643821375575783,294.1820889137474,53.81215138777341,12.442239528067123,2.2759498362376274,47.658132332753894,1.1124357448884536,21,cube,full_whitened_action_matched,10
801,21,interaction,True,10,21.20924895873135,21.20924895873135,293.78609869779496,70.69468750718303,13.851791700377495,3.3332008900805365,58.96380955703724,1.1268272294985258,21,cube,full_whitened_action_matched,10
802,21,interaction,True,10,21.122725504006205,21.122725504006205,168.49693610452596,85.26731178241116,7.977045200562223,4.0367570826141295,88.43104745519338,1.5205723533988649,21,cube,full_whitened_action_matched,10
803,21,interaction,True,10,11.956756276384754,11.956756276384754,222.87058283598458,210.05465910620455,18.639719476106254,17.567863244070132,213.54463995072283,1.5159315095612844,21,cube,full_whitened_action_matched,10
804,21,interaction,True,10,15.438517261230958,15.438517261230958,371.0485273276407,179.00937657040748,24.033948406393527,11.594985032658153,177.51831737445892,1.845375541984164,21,cube,full_whitened_action_matched,10
805,21,interaction,True,10,26.222084119764954,26.222084119764954,230.34968692768788,216.26342000072037,8.784568224081827,8.247377249381614,205.60487945176874,1.1909578107634093,21,cube,full_whitened_action_matched,10
806,21,interaction,True,10,14.80902743522564,14.80902743522564,204.08125769445002,171.7821467212458,13.780868364725295,11.599826354067957,173.5700296518381,1.0020261870050033,21,cube,full_whitened_action_matched,10
807,21,interaction,True,10,14.430621983677636,14.430621983677636,308.4424907957747,115.85012073435625,21.374164685669932,8.028075357070085,115.73259154972719,1.126976415351019,21,cube,full_whitened_action_matched,10
808,21,interaction,True,10,21.650517558166513,21.650517558166513,391.0248318733065,140.3397277907333,18.060761403175466,6.482049559032252,143.57265979276013,0.8822274687049938,21,cube,full_whitened_action_matched,10
809,21,interaction,True,10,27.71047513209691,27.71047513209691,422.4926954108738,88.13179363390492,15.246678138748424,3.180450469137654,79.47563973606293,1.213968055386461,21,cube,full_whitened_action_matched,10
810,21,transport_free,True,10,30.046642460447817,30.046642460447817,413.2500375891104,91.26855435605995,13.753617833776136,3.0375624989115564,72.08463983745288,1.5530484904151454,21,cube,full_whitened_action_matched,10
811,21,transport_free,True,10,29.43896173669183,29.43896173669183,356.1239489565691,109.9949561818988,12.097028154111394,3.736373489177929,97.93068348728471,1.4884843993372432,21,cube,full_whitened_action_matched,10
812,21,transport_free,True,10,25.561746900788886,25.561746900788886,310.0308094695771,75.37080623722053,12.128701949552944,2.948578065879153,63.54332844685604,1.543069150926652,21,cube,full_whitened_action_matched,10
813,21,transport_free,True,10,22.227565227939404,22.227565227939404,320.39507915020164,51.25845282935553,14.41431285273991,2.3060759153649966,43.024777601195915,1.4620352121205265,21,cube,full_whitened_action_matched,10
814,21,transport_free,True,10,23.000821162405778,23.000821162405778,361.4807627199771,58.95292563907776,15.715993797247886,2.563079171079106,53.53405603633165,1.3452597608817798,21,cube,full_whitened_action_matched,10
815,21,transport_free,True,10,25.931252953177154,25.931252953177154,391.5909493508341,56.97798033626562,15.101119489209083,2.197270623179994,47.78594020026164,0.9075053453604763,21,cube,full_whitened_action_matched,10
816,21,transport_free,True,10,28.147902870007336,28.147902870007336,410.25339832700934,57.333021702992376,14.574918786015493,2.0368487829366106,43.57308114976447,1.1326488099351755,21,cube,full_whitened_action_matched,10
817,21,transport_free,True,10,29.28549448607682,29.28549448607682,428.8995999538819,86.61029821798903,14.645462112917139,2.9574470138848463,78.72504398193769,0.9274143111740379,21,cube,full_whitened_action_matched,10
818,21,interaction,True,10,30.51631365217395,30.51631365217395,415.15002066529314,92.18054361532867,13.604199556905469,3.0206972134972085,82.15257854268471,0.7325698962057459,21,cube,full_whitened_action_matched,10
819,21,interaction,True,10,29.618332317879265,29.618332317879265,371.521107468954,72.07309029375068,12.543620062115494,2.433394612506369,63.1105372462195,1.0629678571964378,21,cube,full_whitened_action_matched,10
820,21,interaction,True,10,26.414687086949954,26.414687086949954,311.4177248348018,100.44104232730069,11.789567062055267,3.8024695123843846,87.20527990897304,1.0284037122298777,21,cube,full_whitened_action_matched,10
821,21,interaction,True,10,22.165312392397734,22.165312392397734,108.13171178575192,222.58957078914827,4.878420383681981,10.042248304404323,209.39539033171113,1.2615784162788155,21,cube,full_whitened_action_matched,10
822,21,interaction,True,10,3.389465089191165,3.389465089191165,73.98429617870477,73.44994382032368,21.82772037234931,21.67006943206227,65.05647153451719,0.9927083583579801,21,cube,full_whitened_action_matched,10
823,21,interaction,True,10,4.679165858465295,4.679165858465295,241.76653252532614,144.1514958257041,51.6687246911616,30.80709258572508,140.24760207327537,1.128529652956694,21,cube,full_whitened_action_matched,10
824,21,interaction,True,10,16.4996232580136,16.4996232580136,289.61617420921743,64.64679341487516,17.55289618922393,3.91807694054331,61.406939851733306,0.752596816975251,21,cube,full_whitened_action_matched,10
825,21,interaction,True,10,20.282220124212266,20.282220124212266,383.8127082359995,130.71370004819082,18.923604313800745,6.444743191212533,135.6330366847719,0.46165859524431735,21,cube,full_whitened_action_matched,10
826,21,interaction,True,10,27.261614006639075,27.261614006639075,415.1799303470289,99.07746807552613,15.229469914947785,3.634321432744136,91.35380505192963,0.9555567286166607,21,cube,full_whitened_action_matched,10
827,21,transport_free,True,10,29.586228586189,29.586228586189,408.12166876520155,79.38120170111114,13.79431202514655,2.683045643004552,57.67474351076966,1.5621716661689302,21,cube,full_whitened_action_matched,10
828,21,transport_free,True,10,29.107518649514773,29.107518649514773,369.6410623089265,117.06890243777053,12.69916088553596,4.021947176171339,100.34099722361454,1.5366020222579395,21,cube,full_whitened_action_matched,10
829,21,transport_free,True,10,26.455427085709495,26.455427085709495,324.2028951882656,97.0812776966973,12.254683855147105,3.66961672484728,81.02366919844117,1.9651988138042267,21,cube,full_whitened_action_matched,10
830,21,transport_free,True,10,23.356600008708973,23.356600008708973,311.0297394325909,88.72079300263641,13.316567450597143,3.7985320196242216,71.68606761728644,2.3815852253521,21,cube,full_whitened_action_matched,10
831,21,transport_free,True,10,22.388150262817696,22.388150262817696,326.66528044148043,70.13283218379371,14.590990171439357,3.1325871660005125,57.78825938019819,2.0242537661976945,21,cube,full_whitened_action_matched,10
832,21,transport_free,True,10,23.428962776984772,23.428962776984772,345.3169782302785,68.27197221172776,14.738893117773761,2.9139989192690217,51.56899582205642,1.7971565133989742,21,cube,full_whitened_action_matched,10
833,21,transport_free,True,10,24.86520966992155,24.86520966992155,372.65999789261923,51.55312553309493,14.987205128755102,2.0733034716959047,40.06062058921311,1.1168323388655714,21,cube,full_whitened_action_matched,10
834,21,transport_free,True,10,26.796010078748168,26.796010078748168,401.30275824300736,56.49232324210795,14.97621314007787,2.1082363783297664,43.065808168935455,1.0695103950320721,21,cube,full_whitened_action_matched,10
835,21,transport_free,True,10,28.779670381417763,28.779670381417763,401.18525696018804,54.6721329523226,13.939883662434934,1.8996789131964098,37.47171420910257,1.0193767650526075,21,cube,full_whitened_action_matched,10
836,22,transport_free,True,10,18.184663552767724,18.184663552767724,267.76111743950264,43.89335347313417,14.724557133681428,2.4137566991968655,39.389610834059106,1.1189844592531535,22,cube,full_whitened_action_matched,10
837,22,transport_free,True,10,17.52104390136958,17.52104390136958,269.90209983813946,49.72672024954831,15.404453145456808,2.838114014751215,41.88881865985718,0.715794048903377,22,cube,full_whitened_action_matched,10
838,22,transport_free,True,10,16.291490275066828,16.291490275066828,245.744590377091,42.78180951593683,15.084230247074984,2.6260218551897543,43.832745729806064,0.7396751011615226,22,cube,full_whitened_action_matched,10
839,22,interaction,True,10,15.64479058678248,15.64479058678248,218.5094202502616,53.75724129994182,13.96691243888362,3.436111273062273,51.77104574408307,1.0539062357406404,22,cube,full_whitened_action_matched,10
840,22,interaction,True,10,15.667148150434443,15.667148150434443,148.3227588723441,65.8725615118829,9.467119187752825,4.204502368866429,63.007773231061215,1.220610708403908,22,cube,full_whitened_action_matched,10
841,22,interaction,True,10,9.254309928692386,9.254309928692386,62.9445069503161,64.76636510096672,6.80164241691979,6.998508327472675,54.375129824675575,1.5513339033672155,22,cube,full_whitened_action_matched,10
842,22,interaction,True,10,3.2496239275115304,3.2496239275115304,50.45137615386414,57.43344094233641,15.52529685873478,17.67387310762366,54.854358065721634,2.0917453734082807,22,cube,full_whitened_action_matched,10
843,22,interaction,True,10,3.9579284193775166,3.9579284193775166,124.98090681126264,138.08701244357871,31.577354001495312,34.888708893147786,133.50138860863294,2.065772698384909,22,cube,full_whitened_action_matched,10
844,22,interaction,True,10,8.64087384800371,8.64087384800371,180.58233594146012,354.2278859198975,20.898619644028226,40.994451736120915,344.14484190823646,1.680654692843938,22,cube,full_whitened_action_matched,10
845,22,interaction,True,10,10.07720059665412,10.07720059665412,288.3391749314219,149.42230121867797,28.61302324647161,14.82775893816085,139.211789446195,1.4236632527366522,22,cube,full_whitened_action_matched,10
846,22,interaction,True,10,18.97152412923467,18.97152412923467,420.6370553365905,130.9915413272894,22.1720222619541,6.904639839950157,119.16461228753607,1.7642798555588683,22,cube,full_whitened_action_matched,10
847,22,interaction,True,10,18.361975994902416,18.361975994902416,234.24336559400103,172.82712189913804,12.75698027592623,9.41222894241435,159.71924956336042,1.626307718854298,22,cube,full_whitened_action_matched,10
848,22,static,True,10,16.99578779859251,16.99578779859251,255.75542426024043,136.56939716332576,15.04816530372429,8.035484955550906,152.0818904253231,1.729348898606102,22,cube,full_whitened_action_matched,10
849,22,transport_free,True,10,16.497175511744416,16.497175511744416,371.6689608632867,169.05557467756182,22.52924814909642,10.24754659106405,224.07055817272166,1.620015032186161,22,cube,full_whitened_action_matched,10
850,22,transport_free,True,10,19.813001241175666,19.813001241175666,294.7156314073161,110.62313319487185,14.874860593802104,5.5833607361298325,128.51982070335973,2.1929980438159613,22,cube,full_whitened_action_matched,10
851,22,transport_free,True,10,21.376335991019566,21.376335991019566,349.45082554093995,65.8863569439018,16.347554870383217,3.0822100181986936,60.3090231911859,2.4117396509390536,22,cube,full_whitened_action_matched,10
852,22,transport_free,True,10,22.60391090937653,22.60391090937653,322.3646500722142,80.87959284328005,14.261454637856108,3.5781238550949013,94.33316484341569,1.8418713538424734,22,cube,full_whitened_action_matched,10
853,22,transport_free,True,10,20.28977772760851,20.28977772760851,305.0943052484324,80.84695600911846,15.036848079084054,3.984615164073935,82.43976471795038,1.5669862487119386,22,cube,full_whitened_action_matched,10
854,22,transport_free,True,10,20.804395217011255,20.804395217011255,324.85907370224356,59.51762856357151,15.614925130657683,2.860819934573507,49.22350321146588,1.3701704304297722,22,cube,full_whitened_action_matched,10
855,22,transport_free,True,10,22.999034113381708,22.999034113381708,372.8280867568034,63.18364440674321,16.21059758069918,2.747230344337834,53.91342309239771,1.057480862874872,22,cube,full_whitened_action_matched,10
856,22,transport_free,True,10,21.19150430547176,21.19150430547176,400.9246121500695,133.40179733268013,18.91911996292536,6.295060294432948,70.95194602738756,0.7471959523648943,22,cube,full_whitened_action_matched,10
857,22,interaction,True,10,26.171361768774776,26.171361768774776,387.06086921793684,107.67360249669332,14.789481443023027,4.114176535710855,57.19752432589996,0.6690393605685727,22,cube,full_whitened_action_matched,10
858,22,interaction,True,10,26.421023014185586,26.421023014185586,367.9611046477587,176.48559042467872,13.926830329400888,6.679740989965555,165.73940429568498,1.0768631601791765,22,cube,full_whitened_action_matched,10
859,22,interaction,True,10,23.35858260958618,23.35858260958618,599.41625716196,379.12147957568254,25.661499551602255,16.230500193966993,381.68478552244267,1.3005950601387601,22,cube,full_whitened_action_matched,10
860,22,interaction,True,10,9.180805548085047,9.180805548085047,292.46583267130416,138.24697847683848,31.856227772116068,15.058262344492674,132.60571026406134,1.0675928337016618,22,cube,full_whitened_action_matched,10
861,22,interaction,True,10,18.351326925022512,18.351326925022512,290.75978896531615,192.70303933576315,15.844074390547618,10.5007686977124,132.34407489859544,0.9975674284578915,22,cube,full_whitened_action_matched,10
862,22,interaction,True,10,6.776433016705833,6.776433016705833,348.91414548663795,239.99693564979498,51.4893520863359,35.416410825302094,225.41309295548703,0.8736650700682678,22,cube,full_whitened_action_matched,10
863,22,interaction,True,10,22.515586224872532,22.515586224872532,377.2810090313674,109.60912587489358,16.756437308063173,4.868144439153465,36.92711667263842,0.9209931313655685,22,cube,full_whitened_action_matched,10
864,22,interaction,True,10,25.025134724867726,25.025134724867726,365.2283394476311,106.32750051417355,14.594460467967032,4.24882829535838,87.92060629372762,0.8200840557538128,22,cube,full_whitened_action_matched,10
865,22,interaction,True,10,25.794124235517394,25.794124235517394,367.8302460299858,138.14703668342383,14.260233945973612,5.355756040486202,139.81252032184955,0.9427482222272285,22,cube,full_whitened_action_matched,10
866,22,transport_free,True,10,25.42694765223419,25.42694765223419,381.74759725886634,151.7902269310926,15.013504667569617,5.969659787998786,117.21719234670036,1.2206784139821647,22,cube,full_whitened_action_matched,10
867,22,transport_free,True,10,24.475512415745623,24.475512415745623,406.40274112996326,201.14965648419837,16.604463033367,8.218404300078902,207.5329174762258,1.0684570930817012,22,cube,full_whitened_action_matched,10
868,22,transport_free,True,10,19.972820082631728,19.972820082631728,291.3088953030639,119.14921175929257,14.585266081497663,5.965567769916687,130.19423031038045,2.0866478184927733,22,cube,full_whitened_action_matched,10
869,22,transport_free,True,10,20.465316440056803,20.465316440056803,333.93350921743934,57.96703739312968,16.317045973637164,2.832452533187842,62.35379303735292,1.7570131204896307,22,cube,full_whitened_action_matched,10
870,22,transport_free,True,10,21.029452341691353,21.029452341691353,321.1958103225186,59.44808020143049,15.27361745344841,2.826896261277017,61.079673350848445,1.5645696654555483,22,cube,full_whitened_action_matched,10
871,22,transport_free,True,10,20.11180279159434,20.11180279159434,322.5388671842654,57.62175482229649,16.037292654792214,2.865071591015168,67.07173896633186,1.2996678604886134,22,cube,full_whitened_action_matched,10
872,22,transport_free,True,10,20.49958893294371,20.49958893294371,342.05222965261873,56.03505655183942,16.68580920190679,2.733472204498145,44.94767419647668,1.1066556621975172,22,cube,full_whitened_action_matched,10
873,22,transport_free,True,10,22.97558096945241,22.97558096945241,409.1076359958489,87.37436082603026,17.80619330321985,3.802922804964122,54.562835892106506,1.0818788908528543,22,cube,full_whitened_action_matched,10
874,23,transport_free,True,10,3.4132262908856674,3.4132262908856674,50.382787825862785,55.55677058558312,14.761045278597514,16.27690807783131,33.824488556335616,1.35565723204342,23,cube,full_whitened_action_matched,10
875,23,transport_free,True,10,2.8678557209111877,2.8678557209111877,58.698515411627085,51.42138998649514,20.467736568343522,17.93025695524087,36.319158674264685,1.2562337646609092,23,cube,full_whitened_action_matched,10
876,23,transport_free,True,10,3.606524600236507,3.606524600236507,67.85507602852584,56.691578009023985,18.814532978390353,15.719171305612692,39.815787994069396,1.1938932410961196,23,cube,full_whitened_action_matched,10
877,23,interaction,True,10,4.548524850402233,4.548524850402233,75.55368331100664,54.32344626486392,16.610590421271485,11.943091013355685,34.533512755784386,1.0781508351618503,23,cube,full_whitened_action_matched,10
878,23,interaction,True,10,5.224162590755332,5.224162590755332,74.26310572635033,56.160382429469635,14.21531287287386,10.750121469965528,33.68160827176134,1.331179452762131,23,cube,full_whitened_action_matched,10
879,23,interaction,True,10,5.010235875594814,5.010235875594814,117.93473417012842,77.03800101338481,23.538758872530575,15.37612258709055,73.43842010764337,1.4178486205647285,23,cube,full_whitened_action_matched,10
880,23,interaction,True,10,8.18080803621907,8.18080803621907,112.56742869269516,85.29817270382122,13.759940117690444,10.426619513155519,80.82402804607594,1.8183417481673625,23,cube,full_whitened_action_matched,10
881,23,interaction,True,10,7.319564893359056,7.319564893359056,66.42339495737568,84.4288863576327,9.074773695584112,11.534686499498614,45.85522604454571,1.3559584064192327,23,cube,full_whitened_action_matched,10
882,23,interaction,True,10,2.877258558635091,2.877258558635091,185.59636947969187,160.91001000879513,64.50458507550144,55.92476544239644,158.46252513998684,1.4033010875016938,23,cube,full_whitened_action_matched,10
883,23,interaction,True,10,10.795620969294738,10.795620969294738,345.22846259893345,204.86362015801063,31.978564603263088,18.97654805968925,197.6851679271697,0.7736792136347987,23,cube,full_whitened_action_matched,10
884,23,interaction,True,10,24.264818128482283,24.264818128482283,359.7286411317616,81.23043249096605,14.825111782293089,3.3476629439730674,74.95406814967873,1.0535412135057305,23,cube,full_whitened_action_matched,10
885,23,interaction,True,10,25.333279010585358,25.333279010585358,333.4105771674966,60.40851156028242,13.160972056881505,2.3845516221978644,51.44498102144596,0.9578040932864872,23,cube,full_whitened_action_matched,10
886,23,static,True,10,23.618953151888256,23.618953151888256,318.94787583545445,69.58889813392173,13.503895527645586,2.9463159390008076,64.8772116000957,1.257583700523869,23,cube,full_whitened_action_matched,10
887,23,transport_free,True,10,22.44642894068845,22.44642894068845,285.1008488823646,114.63358904744095,12.701390035613402,5.106985585562148,119.40005949358066,1.3729883899681536,23,cube,full_whitened_action_matched,10
888,23,transport_free,True,10,19.96222550226121,19.96222550226121,244.47954202263765,69.08328910979947,12.247108519786252,3.46070076715515,68.67291262878443,2.1377231020945775,23,cube,full_whitened_action_matched,10
889,23,transport_free,True,10,17.43856821702042,17.43856821702042,242.61476229037044,53.287846629174716,13.912539107056574,3.055746662570877,47.27963531761698,2.1224638447161754,23,cube,full_whitened_action_matched,10
890,23,transport_free,True,10,17.277661533389818,17.277661533389818,243.06881794807154,47.5738618231192,14.068386365731884,2.753489627701103,47.80647889710896,1.850681224200354,23,cube,full_whitened_action_matched,10
891,23,transport_free,True,10,17.569142494862493,17.569142494862493,267.7178655902478,49.81824114449216,15.237958578145344,2.83555336631027,47.001321060814334,1.4884197175886054,23,cube,full_whitened_action_matched,10
892,23,transport_free,True,10,18.990697225273365,18.990697225273365,287.08414285921174,53.654847846922564,15.117093356485718,2.825322694077664,43.19741336576499,1.097252107489552,23,cube,full_whitened_action_matched,10
893,23,transport_free,True,10,20.470358861094248,20.470358861094248,313.75818905599283,57.761228807422185,15.32743960108674,2.821700840682504,42.32808995509776,1.0957837522664529,23,cube,full_whitened_action_matched,10
894,23,interaction,True,10,22.4225156901647,22.4225156901647,312.29573086046196,54.374010218796414,13.927773991811533,2.4249736724522286,45.59225382243116,0.6979386309358193,23,cube,full_whitened_action_matched,10
895,23,interaction,True,10,21.99026082839527,21.99026082839527,310.51424357117526,52.674022913204695,14.120534812857647,2.3953341583465226,39.322397138261934,0.9621297087311227,23,cube,full_whitened_action_matched,10
896,23,interaction,True,10,22.003150361242078,22.003150361242078,260.69591290307903,72.24662166233286,11.848117593300978,3.283467161574882,61.56006979399729,1.1614553371552025,23,cube,full_whitened_action_matched,10
897,23,interaction,True,10,18.409434772971075,18.409434772971075,115.99137741027619,122.58372944387727,6.300648490336919,6.6587448748755715,123.91903782713496,1.0563694126079683,23,cube,full_whitened_action_matched,10
898,23,interaction,True,10,7.45647850608338,7.45647850608338,100.67741538765972,54.05827500289901,13.50200571295443,7.249839848501606,55.94153573081849,1.0371125452803711,23,cube,full_whitened_action_matched,10
899,23,interaction,True,10,6.392568299282713,6.392568299282713,227.3919938162415,208.7153741765345,35.57130454777563,32.649690140964736,207.0881437548091,1.1045234494031324,23,cube,full_whitened_action_matched,10
900,23,interaction,True,10,16.167739803532946,16.167739803532946,307.0069991023359,93.21989106457357,18.988863182672524,5.765796097498014,80.62967830286382,0.7977275099954789,23,cube,full_whitened_action_matched,10
901,23,interaction,True,10,21.785012692745035,21.785012692745035,367.048301185981,69.1782762597452,16.848661341758937,3.175498551937192,64.54030110848561,0.7710331044349442,23,cube,full_whitened_action_matched,10
902,23,interaction,True,10,25.924645310510225,25.924645310510225,371.72244900200434,54.10054935298635,14.33857414632796,2.086838554780659,41.17457313953397,0.7727661475621188,23,cube,full_whitened_action_matched,10
903,23,transport_free,True,10,26.334196928138326,26.334196928138326,356.9092997478815,77.40709912202448,13.553073242439405,2.9394136959352,74.81909224089245,1.3347580693244359,23,cube,full_whitened_action_matched,10
904,23,transport_free,True,10,25.123400193048383,25.123400193048383,330.8003042034678,110.26519905348705,13.167019657434741,4.388944100169901,109.20227304544214,1.3439376939887104,23,cube,full_whitened_action_matched,10
905,23,transport_free,True,10,23.537368949844343,23.537368949844343,287.8362957138253,82.93467987549352,12.228906991566227,3.5235323052554683,85.90141431418054,1.2171982078316161,23,cube,full_whitened_action_matched,10
906,23,transport_free,True,10,20.544899338178993,20.544899338178993,251.9858449269081,61.8678287390002,12.26512920696758,3.01134737730401,54.22097708195066,2.188919721428207,23,cube,full_whitened_action_matched,10
907,23,static,True,10,17.69567143607115,17.69567143607115,249.54603039177397,47.4229628474975,14.10209447509831,2.6799188162382888,45.80130566952535,2.181779404233659,23,cube,full_whitened_action_matched,10
908,23,transport_free,True,10,17.77163853373669,17.77163853373669,279.8017498173198,51.83552289462173,15.744285440318835,2.9167554131950215,50.49019617470592,2.116405147808318,23,cube,full_whitened_action_matched,10
909,23,transport_free,True,10,19.98774944540387,19.98774944540387,329.36134565096665,53.1702423384467,16.478160612859913,2.6601415273730606,47.63422823832613,1.462124946958382,23,cube,full_whitened_action_matched,10
910,23,transport_free,True,10,23.390637081041998,23.390637081041998,360.9388527305248,61.17582033057293,15.430911585690158,2.61539778154036,44.80906498122615,1.4406695908940041,23,cube,full_whitened_action_matched,10
911,23,transport_free,True,10,25.48066287781944,25.48066287781944,358.4994709304908,58.49007467280552,14.069471922669624,2.295469115276444,45.293459428637995,1.0145551931635999,23,cube,full_whitened_action_matched,10
912,24,transport_free,True,10,3.2012791676186314,3.2012791676186314,50.994378900367536,24.500942957231935,15.929375799581157,7.653485270844937,47.426693144617765,0.8486842509347303,24,cube,full_whitened_action_matched,10
913,24,transport_free,True,10,3.329610555961879,3.329610555961879,51.34588596280095,34.26211207158849,15.420988460906601,10.290125975916315,42.93794538438517,0.9427316244095969,24,cube,full_whitened_action_matched,10
914,24,transport_free,True,10,3.046494294933492,3.046494294933492,45.393428054012816,28.758561511724004,14.900217646724267,9.439886875728364,41.62975026564687,0.8207265559548883,24,cube,full_whitened_action_matched,10
915,24,interaction,True,10,3.2880173685936285,3.2880173685936285,75.69394036311235,40.83951046998823,23.02114979261458,12.420710078990963,46.110380280796534,0.9950465639778938,24,cube,full_whitened_action_matched,10
916,24,interaction,True,10,4.720568626708294,4.720568626708294,67.58201788436006,62.64390302469414,14.316499394160012,13.270414642478451,50.792022357295735,1.0692398000422205,24,cube,full_whitened_action_matched,10
917,24,interaction,True,10,4.3226748662514085,4.3226748662514085,55.380412776982375,64.21492644430931,12.811607278020393,14.855368129964404,55.21327874571793,1.2388638421146014,24,cube,full_whitened_action_matched,10
918,24,interaction,True,10,3.5410548041591383,3.5410548041591383,50.88840138866731,61.09907565751,14.37097255001432,17.254484620160696,57.99045696122467,1.4842984623438933,24,cube,full_whitened_action_matched,10
919,24,interaction,True,10,3.1595480180061233,3.1595480180061233,63.78831810369374,85.78751681020469,20.18906430292148,27.15183194599527,73.46083682428349,1.3936719816577243,24,cube,full_whitened_action_matched,10
920,24,interaction,True,10,3.5018143570519102,3.5018143570519102,670.7119040856085,457.0478945752405,191.53268440256898,130.51745408914758,452.3160060362148,1.1689224214251692,24,cube,full_whitened_action_matched,10
921,24,interaction,True,10,24.64207423392001,24.64207423392001,235.20844210697112,166.79128221613655,9.54499365086746,6.76855692555893,147.79758900274405,0.6141577940727905,24,cube,full_whitened_action_matched,10
922,24,interaction,True,10,16.552981127202628,16.552981127202628,174.14809590123622,110.0928556777618,10.520648490020141,6.650938270982428,41.57608901373232,0.8299822779305299,24,cube,full_whitened_action_matched,10
923,24,interaction,True,10,11.7948664038096,11.7948664038096,167.95050377585906,104.95202530102102,14.239288350193867,8.898110559957066,50.222828163985845,0.8125046676766587,24,cube,full_whitened_action_matched,10
924,24,static,True,10,12.19302480139008,12.19302480139008,131.97047106932894,106.20911783410492,10.82343989444551,8.710645599769174,93.57238610224692,0.7690698058439511,24,cube,full_whitened_action_matched,10
925,24,transport_free,True,10,9.17354471715702,9.17354471715702,234.34574294399332,185.69474449707633,25.545822271482816,20.242419939347627,204.82600109919068,0.7434534102911359,24,cube,full_whitened_action_matched,10
926,24,transport_free,True,10,13.232783458408345,13.232783458408345,234.21119477351823,171.54650190182377,17.699314396677163,12.963750403761054,193.39201282635293,1.386153737588233,24,cube,full_whitened_action_matched,10
927,24,transport_free,True,10,10.02527050729228,10.02527050729228,188.8237258797862,75.20831653639611,18.834776153165915,7.5018740373828665,68.4612510235069,1.5122511642143945,24,cube,full_whitened_action_matched,10
928,24,transport_free,True,10,12.85199122947289,12.85199122947289,164.71582795766892,60.66252720472468,12.81636635262663,4.720087815311455,64.49672594903438,1.3283099241189642,24,cube,full_whitened_action_matched,10
929,24,transport_free,True,10,11.857262862031414,11.857262862031414,171.78587293836736,52.97987204441269,14.487818557894112,4.468136758109793,50.37019196537003,1.1439700556827188,24,cube,full_whitened_action_matched,10
930,24,transport_free,True,10,11.876867618950804,11.876867618950804,183.05499828327572,60.28427602585256,15.412733740602786,5.075772329874469,45.00171218933034,1.199066358514379,24,cube,full_whitened_action_matched,10
931,24,transport_free,True,10,11.88337859326404,11.88337859326404,199.65900655716712,86.77616029746079,16.801535437938636,7.302313867762228,72.12818000251738,0.8071583741592465,24,cube,full_whitened_action_matched,10
932,24,interaction,True,10,11.300834204002363,11.300834204002363,162.71204534829837,108.09207440486819,14.398233122531026,9.564964183492377,48.698803979464806,0.8829919112363672,24,cube,full_whitened_action_matched,10
933,24,interaction,True,10,10.066003207770937,10.066003207770937,325.4069709872974,186.98021518552224,32.327326374790324,18.575417802487273,186.36799049537623,0.9437015369487909,24,cube,full_whitened_action_matched,10
934,24,interaction,True,10,19.680492559155695,19.680492559155695,617.7420818852737,266.8780531692678,31.388547823610732,13.560537286710929,248.65630309152218,1.1568850081599518,24,cube,full_whitened_action_matched,10
935,24,interaction,True,10,22.612344012125185,22.612344012125185,434.1551957093378,326.9221047839955,19.199919985143303,14.457683140177481,258.6796438924863,1.2158274169278225,24,cube,full_whitened_action_matched,10
936,24,interaction,True,10,14.107766458801748,14.107766458801748,275.98987201387604,86.32459800179981,19.56297425392151,6.118941524435459,75.52533476381336,0.9330977219147149,24,cube,full_whitened_action_matched,10
937,24,interaction,True,10,18.396632204319815,18.396632204319815,534.1762529358001,568.0112529962753,29.03663273815776,30.875828069384212,572.0689140515788,1.4500255237376791,24,cube,full_whitened_action_matched,10
938,24,interaction,True,10,26.166128583366035,26.166128583366035,269.3829114425903,252.53479406377025,10.29510004066244,9.651209702619445,173.4064049944124,0.6086822334234465,24,cube,full_whitened_action_matched,10
939,24,interaction,True,10,17.59958679797977,17.59958679797977,175.19451388423005,104.4960017224219,9.95446744831193,5.937412220065123,56.139130877737195,0.7834302460743561,24,cube,full_whitened_action_matched,10
940,24,interaction,True,10,12.671691674693998,12.671691674693998,203.10993053714532,155.08335174369637,16.02863577739711,12.238567329838492,100.02540540007683,0.8546994487597372,24,cube,full_whitened_action_matched,10
941,24,interaction,True,10,14.460705393083632,14.460705393083632,165.25190796582058,111.94950031112948,11.42765193493662,7.741634814348232,88.48777419509118,0.7998973208004381,24,cube,full_whitened_action_matched,10
942,24,transport_free,True,10,11.575551120763144,11.575551120763144,211.90276370328453,129.24857697491797,18.30606262221011,11.165652125459834,145.05708750900428,0.805485819097135,24,cube,full_whitened_action_matched,10
943,24,transport_free,True,10,12.89549833699958,12.89549833699958,276.58263957671454,121.40447385751042,21.44799932106133,9.414484860129711,174.84989532337553,1.0927719312226176,24,cube,full_whitened_action_matched,10
944,24,transport_free,True,10,12.290903521232053,12.290903521232053,251.35107520117973,123.2892905139395,20.45017071096365,10.030937945364398,120.98540400659815,2.073339300314919,24,cube,full_whitened_action_matched,10
945,24,transport_free,True,10,14.846722384724648,14.846722384724648,159.78062793875898,56.82724369247293,10.762013581068407,3.827595224043577,56.47019004461548,1.8292888132887926,24,cube,full_whitened_action_matched,10
946,24,transport_free,True,10,11.704826288392248,11.704826288392248,184.12038139074497,68.49480599118522,15.730295935561072,5.851843017876478,64.14231534587097,1.735011920376805,24,cube,full_whitened_action_matched,10
947,24,transport_free,True,10,12.229459858864546,12.229459858864546,222.91809575992784,62.613608932644894,18.22795923389415,5.11989978750037,53.630802914346404,0.9736217951718975,24,cube,full_whitened_action_matched,10
948,24,transport_free,True,10,13.61531920387168,13.61531920387168,214.39155876879602,74.73773347242559,15.746348327098435,5.489238434540192,52.71623603847915,0.6142245309248802,24,cube,full_whitened_action_matched,10
949,24,static,True,10,12.40950151234254,12.40950151234254,189.35345749191322,106.16224281920942,15.258748089404035,8.554915982210892,49.46332068494196,0.7947284092853448,24,cube,full_whitened_action_matched,10
950,25,transport_free,True,10,31.669750817578034,31.669750817578034,482.93624545799764,70.03731913836452,15.249133099902632,2.2114894285650926,49.99178235565811,1.2142971166761767,25,cube,full_whitened_action_matched,10
951,25,transport_free,True,10,33.614435910469574,33.614435910469574,500.32608480751105,71.01728914301694,14.884262408570693,2.112702094188582,52.212915842299836,1.1468659786216224,25,cube,full_whitened_action_matched,10
952,25,transport_free,True,10,30.996874646492593,30.996874646492593,425.98111244050745,102.51538487231966,13.742711718476713,3.307281332117128,53.611883842606964,0.7133987405019276,25,cube,full_whitened_action_matched,10
953,25,interaction,True,10,28.566576882379618,28.566576882379618,449.97983597800487,97.90573670365302,15.751969087187362,3.4272827684874994,59.16968547896029,0.7109053710714892,25,cube,full_whitened_action_matched,10
954,25,interaction,True,10,28.797625854586933,28.797625854586933,396.5476689991641,136.09155890239398,13.770151435452494,4.725790924209716,130.3987159206507,1.045035037569424,25,cube,full_whitened_action_matched,10
955,25,interaction,True,10,23.93257503992247,23.93257503992247,455.1773048338731,150.89464692322127,19.019152935886822,6.304990026000566,155.96826477689476,1.1960767647746846,25,cube,full_whitened_action_matched,10
956,25,interaction,True,10,30.480164911734757,30.480164911734757,447.61351143293916,183.9051847449585,14.685403203334031,6.033602025366852,200.7921368433422,1.5608399060198797,25,cube,full_whitened_action_matched,10
957,25,interaction,True,10,18.433205759949114,18.433205759949114,314.42687014360104,129.53636044611216,17.05763361177112,7.027337628247131,108.55751062392352,1.1431465973906163,25,cube,full_whitened_action_matched,10
958,25,interaction,True,10,21.049178914640663,21.049178914640663,413.8300124649661,204.80245908125266,19.660149887230446,9.729712494334077,153.51986638628426,1.172354715446549,25,cube,full_whitened_action_matched,10
959,25,interaction,True,10,25.009833510232,25.009833510232,372.9736097502827,111.77269819121904,14.913078473620871,4.469150030346691,90.30385241008673,0.8790668645949538,25,cube,full_whitened_action_matched,10
960,25,interaction,True,10,26.503905150993127,26.503905150993127,447.9328173203103,82.642657832038,16.90063463359194,3.118131360688985,40.78444255486334,0.8380662502386826,25,cube,full_whitened_action_matched,10
961,25,interaction,True,10,31.804995522444948,31.804995522444948,475.3589323070998,93.41657654246407,14.94604619490157,2.9371667880455923,84.99144659526465,1.0169696586846269,25,cube,full_whitened_action_matched,10
962,25,transport_free,True,10,33.07602752145455,33.07602752145455,441.8043403914389,63.73603985838976,13.357237053478245,1.9269557027985842,57.34180318301918,1.5138865167058762,25,cube,full_whitened_action_matched,10
963,25,transport_free,True,10,31.71683024763742,31.71683024763742,464.4806646446776,110.85217826949349,14.644611741404285,3.495058535294549,107.25440046766585,1.468842510424702,25,cube,full_whitened_action_matched,10
964,25,transport_free,True,10,33.41603069687784,33.41603069687784,472.83342798281427,94.35656542380696,14.14989806156099,2.82369160717293,92.83225121800626,1.8707703952687778,25,cube,full_whitened_action_matched,10
965,25,static,True,10,33.69310535346902,33.69310535346902,469.33707583804767,68.06031175825692,13.929766072741199,2.0200070917847133,54.5541361286148,1.7974604359678992,25,cube,full_whitened_action_matched,10
966,25,transport_free,True,10,33.641996891534376,33.641996891534376,479.0645124847731,65.99109541968423,14.24007362075835,1.9615689173400446,56.556069997430356,1.5434748464985923,25,cube,full_whitened_action_matched,10
967,25,transport_free,True,10,33.9307901827473,33.9307901827473,478.8237825407282,52.164821409280705,14.111778121341672,1.5373889357815431,42.6896069917269,1.2087364893379362,25,cube,full_whitened_action_matched,10
968,25,transport_free,True,10,34.21696680405381,34.21696680405381,474.6349634301009,60.15303890050093,13.871333661692923,1.7579886389396262,56.452015640646344,1.3820257136316652,25,cube,full_whitened_action_matched,10
969,25,transport_free,True,10,34.070252312966026,34.070252312966026,477.07251105952935,46.9926985922975,14.002611623688244,1.3792882471379178,41.51660973764624,1.4188279344260142,25,cube,full_whitened_action_matched,10
970,25,interaction,True,10,34.31399771877386,34.31399771877386,428.1554712822033,65.40944618123825,12.477574743439206,1.9062030229561815,62.66959055186839,1.4946649884402432,25,cube,full_whitened_action_matched,10
971,25,interaction,True,10,30.758294898366294,30.758294898366294,328.7696165573486,91.21669151635963,10.68881151064102,2.96559649414131,90.30288669937148,1.7052551902785391,25,cube,full_whitened_action_matched,10
972,25,interaction,True,10,22.446749981068393,22.446749981068393,361.1147223013362,223.57265990822538,16.08761725443107,9.960134990445688,220.81098713536016,1.060252343126536,25,cube,full_whitened_action_matched,10
973,25,interaction,True,10,23.755313357368323,23.755313357368323,273.8900913039107,161.24735325940048,11.529634957181344,6.787843664010665,161.1060427283711,1.070235244868989,25,cube,full_whitened_action_matched,10
974,25,interaction,True,10,16.6716377814065,16.6716377814065,264.85597589011854,70.2945674872283,15.886620100726182,4.2164164318412825,58.560362853212695,0.922430024947801,25,cube,full_whitened_action_matched,10
975,25,interaction,True,10,18.3380807457415,18.3380807457415,376.3674141349419,133.34267725287998,20.52381704243191,7.271354025630247,119.62932258693627,0.9014425420462544,25,cube,full_whitened_action_matched,10
976,25,interaction,True,10,24.9480342850755,24.9480342850755,371.6393342709243,155.42239276214667,14.8965377401797,6.229845244966815,87.12091993700646,0.8245511762631492,25,cube,full_whitened_action_matched,10
977,25,interaction,True,10,26.264830923428683,26.264830923428683,448.426577815358,124.59746302636653,17.073271064362867,4.743889781343441,100.46322782430413,0.9405287998882466,25,cube,full_whitened_action_matched,10
978,25,interaction,True,10,31.84001956681641,31.84001956681641,487.9350456789774,79.80131116328468,15.324583725680311,2.5063210465628423,61.264430122881336,1.0521966494808468,25,cube,full_whitened_action_matched,10
979,25,static,True,10,34.755355349708395,34.755355349708395,463.0887319095315,67.37386121486006,13.324241034221417,1.93851740363303,58.083837153953425,1.2151039293030272,25,cube,full_whitened_action_matched,10
980,25,transport_free,True,10,33.17495237272335,33.17495237272335,469.1629066825211,104.84508738226253,14.142082297856433,3.160368889284882,101.07612884874686,1.4739586146655437,25,cube,full_whitened_action_matched,10
981,25,transport_free,True,10,33.7436775065917,33.7436775065917,447.31585365266136,69.34776106658822,13.25628641292224,2.0551334706491726,66.18368178748048,2.072500889286722,25,cube,full_whitened_action_matched,10
982,25,transport_free,True,10,32.12346067482781,32.12346067482781,426.37461848525743,67.72736943163538,13.272997663647361,2.1083459879124127,48.23719257201898,2.7566191229851764,25,cube,full_whitened_action_matched,10
983,25,transport_free,True,10,30.18284897894443,30.18284897894443,439.299977770797,62.45457824990516,14.554622662600632,2.0692075255544466,51.486835395524785,1.857500396256976,25,cube,full_whitened_action_matched,10
984,25,transport_free,True,10,31.29364309614256,31.29364309614256,464.25919588191437,62.36653678311605,14.835575214288225,1.9929458705561742,50.50532824852008,1.6945066128086186,25,cube,full_whitened_action_matched,10
985,25,transport_free,True,10,33.11023522087901,33.11023522087901,481.3482425430003,56.255874559292664,14.537747597741815,1.6990478679480423,44.875698892434166,1.5357279422823256,25,cube,full_whitened_action_matched,10
986,25,transport_free,True,10,34.59285934819228,34.59285934819228,444.4201354531383,88.26954652113234,12.847163947329564,2.5516695695103055,84.9032506924144,1.4421753074916723,25,cube,full_whitened_action_matched,10
987,25,static,True,10,31.959676953286582,31.959676953286582,463.83645945181456,72.07466620538926,14.513177343118164,2.2551750542014615,69.78181639796848,1.3384198514975212,25,cube,full_whitened_action_matched,10
988,26,transport_free,True,10,18.239699832927137,18.239699832927137,266.01822795835517,51.50884232439923,14.584572684585902,2.823996162009921,44.844838557413674,1.1394080346001596,26,cube,full_whitened_action_matched,10
989,26,transport_free,True,10,16.92479367304635,16.92479367304635,258.2726256578135,47.55806814271094,15.260016201504815,2.8099644262399335,42.643306183700545,0.7417478820163408,26,cube,full_whitened_action_matched,10
990,26,transport_free,True,10,16.77741157772313,16.77741157772313,246.91525387787254,44.50654491493454,14.717124434482136,2.652765875638997,40.713585139999,0.8249471189102148,26,cube,full_whitened_action_matched,10
991,26,interaction,True,10,16.940145846866606,16.940145846866606,246.7688097455855,41.80680325367939,14.567100659952697,2.4679128285906895,42.745903206207196,0.8290088967112947,26,cube,full_whitened_action_matched,10
992,26,interaction,True,10,17.294249218561703,17.294249218561703,197.86662466045783,77.58592479908668,11.441180369257664,4.4862268271128345,78.67572645104927,1.1287463382634073,26,cube,full_whitened_action_matched,10
993,26,interaction,True,10,13.843061425280354,13.843061425280354,77.03889713441765,110.22314155382341,5.56516328055356,7.962338544025577,112.23297499778273,1.3813639858339428,26,cube,full_whitened_action_matched,10
994,26,interaction,True,10,4.952286496017763,4.952286496017763,45.750766056487585,67.00152194185844,9.238311655288266,13.529411514405673,68.31172351735108,1.9220837474480832,26,cube,full_whitened_action_matched,10
995,26,interaction,True,10,3.386227023483557,3.386227023483557,72.69089917544432,79.63289679522445,21.466634892265454,23.516703470549555,58.09973139564646,1.5940558535526115,26,cube,full_whitened_action_matched,10
996,26,interaction,True,10,4.218154450279437,4.218154450279437,562.7333633157409,555.7217420737438,133.40748186175637,131.74523328251513,551.2967658906309,1.6776083776926503,26,cube,full_whitened_action_matched,10
997,26,interaction,True,10,26.311147346310698,26.311147346310698,518.1499040802817,296.49695679398127,19.693170246828316,11.268872196694819,184.3466300606328,1.1449336494692863,26,cube,full_whitened_action_matched,10
998,26,interaction,True,10,23.54910169153083,23.54910169153083,408.1299988624447,184.65685845851493,17.331021973089705,7.841354667253601,107.69180026581984,1.0324352955808869,26,cube,full_whitened_action_matched,10
999,26,interaction,True,10,24.573845783667515,24.573845783667515,404.9806244963121,138.10712605002004,16.480148368371136,5.620085975383227,52.62777594750708,1.0866845345325964,26,cube,full_whitened_action_matched,10
1000,26,static,True,10,24.61797164335782,24.61797164335782,426.9583954729476,110.93027001205661,17.34336206322446,4.506068640386412,102.00911573765204,1.315846829921189,26,cube,full_whitened_action_matched,10
1001,26,transport_free,True,10,27.612837367568062,27.612837367568062,433.3598430030512,170.89372560635547,15.69414389526093,6.188923048055694,169.63564975921764,0.9915585504693071,26,cube,full_whitened_action_matched,10
1002,26,transport_free,True,10,27.41354099593183,27.41354099593183,454.3907099587469,170.81453898241037,16.575411035961334,6.231027907257922,174.60117266730128,1.5477065415108027,26,cube,full_whitened_action_matched,10
1003,26,static,True,10,30.036255320386545,30.036255320386545,440.31178439972734,83.45370319990019,14.659343506807721,2.778432341506218,83.46666159178577,1.7254509626940093,26,cube,full_whitened_action_matched,10
1004,26,transport_free,True,10,29.799615297646426,29.799615297646426,435.1898740356252,84.51215618099639,14.603875576541302,2.8360150068001433,83.68075331119573,1.0213093058420528,26,cube,full_whitened_action_matched,10
1005,26,transport_free,True,10,29.029406351264992,29.029406351264992,411.7194008089982,73.30712273310021,14.182839146865883,2.5252711628360864,77.24349432659427,0.8240823656922645,26,cube,full_whitened_action_matched,10
1006,26,transport_free,True,10,27.935963838890892,27.935963838890892,414.5001572432082,69.15027228094601,14.837510516324631,2.4753136379951517,51.10113109497123,0.8635686127465914,26,cube,full_whitened_action_matched,10
1007,26,transport_free,True,10,28.67713803406469,28.67713803406469,387.1249780832467,89.25937162152269,13.499428625806132,3.112562052583289,56.62558868025279,0.7483908535675599,26,cube,full_whitened_action_matched,10
1008,26,interaction,True,10,27.41738287258419,27.41738287258419,413.75065565181524,144.26905674955196,15.09081510713928,5.261955797167378,66.63512115870678,0.8165764165347886,26,cube,full_whitened_action_matched,10
1009,26,interaction,True,10,28.974988349171813,28.974988349171813,392.9233963881118,153.09407786926704,13.560778408366216,5.283663138164571,112.25042877018666,0.6914601448409944,26,cube,full_whitened_action_matched,10
1010,26,interaction,True,10,27.863983045356147,27.863983045356147,473.053795095428,184.43177138661582,16.977249603023566,6.619002426408435,174.82609382537441,0.7637641514470355,26,cube,full_whitened_action_matched,10
1011,26,interaction,True,10,25.33018966594819,25.33018966594819,735.8791318672129,395.88651993400526,29.05146552678474,15.629038911864223,416.800666657165,1.104734757748182,26,cube,full_whitened_action_matched,10
1012,26,interaction,True,10,18.604304772194016,18.604304772194016,406.52643722209615,161.50209164448563,21.851202837189074,8.680899051162964,43.61254011093539,1.1568348662307613,26,cube,full_whitened_action_matched,10
1013,26,interaction,True,10,17.81540824093593,17.81540824093593,446.129506626273,313.17966336735316,25.04177847584567,17.57914604773044,318.98859729775035,1.0631339047037824,26,cube,full_whitened_action_matched,10
1014,26,interaction,True,10,22.82405040303942,22.82405040303942,450.471818870138,178.44814150044766,19.736716792833136,7.818425667193768,134.56434633908074,0.4586079941591212,26,cube,full_whitened_action_matched,10
1015,26,interaction,True,10,21.38389172326636,21.38389172326636,383.850249857481,234.36015349218854,17.950439275739487,10.959658631136689,65.53519111876781,1.2283215162211771,26,cube,full_whitened_action_matched,10
1016,26,interaction,True,10,22.24583617763422,22.24583617763422,334.91950217077346,130.58688796051638,15.05537933015522,5.870172148970842,80.35924709531706,1.0092516325081942,26,cube,full_whitened_action_matched,10
1017,26,transport_free,True,10,20.359951466762936,20.359951466762936,263.52723875470303,118.22592777542822,12.943411932238838,5.806788290651322,156.43306045799542,1.1448399217003598,26,cube,full_whitened_action_matched,10
1018,26,transport_free,True,10,18.597881574896483,18.597881574896483,297.63922298547845,169.1426761756294,16.003931511599333,9.094728100857415,231.16342884447266,0.9267867424151384,26,cube,full_whitened_action_matched,10
1019,26,transport_free,True,10,19.14515577905206,19.14515577905206,253.26353381755257,89.32169987097936,13.228596138907598,4.665498724680629,137.6082120255777,1.284262546717402,26,cube,full_whitened_action_matched,10
1020,26,transport_free,True,10,16.40556784718297,16.40556784718297,206.58742565674743,70.30686955756656,12.592519050916055,4.285549285003206,78.46795055500023,1.8459544684664957,26,cube,full_whitened_action_matched,10
1021,26,transport_free,True,10,14.77994881180167,14.77994881180167,242.73609503737237,62.156444450663,16.423338005308214,4.205457355916658,64.8289330653963,1.7313406005307983,26,cube,full_whitened_action_matched,10
1022,26,transport_free,True,10,16.995396836433663,16.995396836433663,248.9905177656644,59.40090438375766,14.650468015662582,3.495117234121756,66.41267042421357,1.3107924991965763,26,cube,full_whitened_action_matched,10
1023,26,transport_free,True,10,16.12447236930944,16.12447236930944,288.5678274675562,62.563474419485885,17.896264811542146,3.880032349992813,47.66893699970573,1.0267485728300418,26,cube,full_whitened_action_matched,10
1024,26,transport_free,True,10,17.12874278618684,17.12874278618684,208.39367183568334,81.45896397188082,12.16631450638272,4.755688434855354,61.11131757710907,0.7824944127246086,26,cube,full_whitened_action_matched,10
1025,26,transport_free,True,10,15.069096827867995,15.069096827867995,267.3334242158463,146.0884115093379,17.74050742851781,9.69456983242484,55.12971025415652,0.8447366777723729,26,cube,full_whitened_action_matched,10
1026,27,transport_free,True,10,3.1411034847821324,3.1411034847821324,57.10438803796292,40.42728601972672,18.179721971790972,12.870408827848843,38.75763217341524,1.1756968826998653,27,cube,full_whitened_action_matched,10
1027,27,transport_free,True,10,3.346719054153956,3.346719054153956,61.302661241911736,36.297342135219154,18.317241528183466,10.845649589309506,38.510621114401445,1.0068163742116503,27,cube,full_whitened_action_matched,10
1028,27,transport_free,True,10,3.4569335789386137,3.4569335789386137,68.48500015389891,53.618880338152934,19.810910042109036,15.510532416597833,40.80855908461777,1.1004921462896435,27,cube,full_whitened_action_matched,10
1029,27,interaction,True,10,3.2714574293671994,3.2714574293671994,68.27826601475113,53.740102584675356,20.870901574885615,16.42696068799842,40.33988676463324,1.0990528543254752,27,cube,full_whitened_action_matched,10
1030,27,interaction,True,10,3.8043141920615184,3.8043141920615184,70.88155460959604,55.36590423391488,18.631887649423103,14.553452064881284,44.681431742514285,1.4371570761767463,27,cube,full_whitened_action_matched,10
1031,27,interaction,True,10,4.632747166902998,4.632747166902998,66.43394376786247,50.085357689407104,14.340075418420408,10.811157156864503,32.99677456164618,1.4628629508383448,27,cube,full_whitened_action_matched,10
1032,27,interaction,True,10,3.937969359592447,3.937969359592447,44.8404648876547,47.012624434327236,11.386697252589943,11.938291068672186,37.85518447329392,1.4269660588879456,27,cube,full_whitened_action_matched,10
1033,27,interaction,True,10,2.863549072463691,2.863549072463691,85.66386904554724,75.46806287449138,29.91527886471498,26.354730079607634,66.84069724444598,1.4935141923886408,27,cube,full_whitened_action_matched,10
1034,27,interaction,True,10,5.291151092551992,5.291151092551992,626.2073132487726,593.4535848420227,118.34992089533102,112.15963680897121,587.705121309778,1.387576326337063,27,cube,full_whitened_action_matched,10
1035,27,interaction,True,10,25.345924406871116,25.345924406871116,354.8995275295705,250.14899513701744,14.002232541708343,9.869397190705882,175.1004781335846,0.7055097550388374,27,cube,full_whitened_action_matched,10
1036,27,interaction,True,10,15.598123082829446,15.598123082829446,129.61262641965612,116.46275476191876,8.309501452923838,7.466459531283094,110.10107778291395,0.9118381570130367,27,cube,full_whitened_action_matched,10
1037,27,interaction,True,10,8.609187158005408,8.609187158005408,141.37707769371355,79.97442692983836,16.421652253459435,9.289428312111056,67.91433472035989,0.6429365584319557,27,cube,full_whitened_action_matched,10
1038,27,static,True,10,9.914190977582289,9.914190977582289,191.0943661321071,112.607010867442,19.274832062868743,11.35816438497766,112.40195403015454,0.8979225558429034,27,cube,full_whitened_action_matched,10
1039,27,transport_free,True,10,12.401093979489,12.401093979489,298.33846892580743,202.96215248449369,24.057431499128175,16.366471604858926,229.73793451369664,0.8173415411312706,27,cube,full_whitened_action_matched,10
1040,27,transport_free,True,10,14.304783803580017,14.304783803580017,196.79358439188405,117.2945901688557,13.757186902931947,8.199675841273514,112.54049254560542,1.4217363404819534,27,cube,full_whitened_action_matched,10
1041,27,transport_free,True,10,12.903917367432715,12.903917367432715,228.31055065794132,71.00964499384826,17.693119395987313,5.502952550910197,53.48225885634722,1.6512150536326917,27,cube,full_whitened_action_matched,10
1042,27,transport_free,True,10,13.662157620405537,13.662157620405537,185.42958488711747,63.95049077088415,13.57249638301372,4.680848556114513,56.32670631136024,1.2650701382328111,27,cube,full_whitened_action_matched,10
1043,27,transport_free,True,10,13.223122156760198,13.223122156760198,202.96782653072395,52.233244657076526,15.349463169479876,3.950144605627255,41.05274853234205,0.867280822077716,27,cube,full_whitened_action_matched,10
1044,27,transport_free,True,10,13.405990731276082,13.405990731276082,222.4580049442774,50.69172753504101,16.593925014828216,3.781274249039839,45.028211756648034,0.7635095472822118,27,cube,full_whitened_action_matched,10
1045,27,transport_free,True,10,12.673128279708227,12.673128279708227,195.84696681520654,107.6315833681857,15.453719278513887,8.492897806496732,67.90634992334779,0.7794738534953758,27,cube,full_whitened_action_matched,10
1046,27,interaction,True,10,12.182006124004147,12.182006124004147,180.0279182158584,102.95971264990337,14.778183197685372,8.45178631514767,69.70521749930596,0.7774680939614362,27,cube,full_whitened_action_matched,10
1047,27,interaction,True,10,11.956649759875262,11.956649759875262,183.2913529816595,146.96680045014386,15.32965811181975,12.291637156032001,103.45740682425328,0.8787269415688731,27,cube,full_whitened_action_matched,10
1048,27,interaction,True,10,12.035265765386804,12.035265765386804,427.6172570734392,201.7052963980878,35.53035432780042,16.75952158681767,193.68817816158565,0.9266137212613392,27,cube,full_whitened_action_matched,10
1049,27,interaction,True,10,20.28080233398881,20.28080233398881,826.7973246290837,241.91829793069712,40.76748597088022,11.928438231719447,230.1298015592708,0.9815789274210089,27,cube,full_whitened_action_matched,10
1050,27,interaction,True,10,15.801914173132978,15.801914173132978,318.34739111814093,257.15888033440024,20.14612835066573,16.27390691512751,111.50617949212266,1.4600346251344385,27,cube,full_whitened_action_matched,10
1051,27,interaction,True,10,11.951112316217955,11.951112316217955,391.60200368056223,297.2756133348032,32.766992169352186,24.87430504116281,288.67661327656276,1.1553723384577228,27,cube,full_whitened_action_matched,10
1052,27,interaction,True,10,23.47879729691724,23.47879729691724,700.8064520790978,241.244730598344,29.848481726579475,10.275003763928716,144.13312257104022,1.0614581015996731,27,cube,full_whitened_action_matched,10
1053,27,interaction,True,10,20.291303731614683,20.291303731614683,221.01646192839638,147.76209200646963,10.892176513234272,7.282040324311455,141.96411494412763,0.7037255249405228,27,cube,full_whitened_action_matched,10
1054,27,interaction,True,10,15.265561539898297,15.265561539898297,148.38995374972922,107.87341765374562,9.720569620835438,7.066455915939028,64.74001746426468,1.0018724185021055,27,cube,full_whitened_action_matched,10
1055,27,transport_free,True,10,7.8489335026200875,7.8489335026200875,175.68335425560426,101.64730635663561,22.383086083855673,12.950460890349532,84.23468524159273,0.8357561142900934,27,cube,full_whitened_action_matched,10
1056,27,transport_free,True,10,10.075848403142754,10.075848403142754,265.85394945564525,185.14717059622356,26.38526690940714,18.375343017117487,210.38483456160444,0.8757095619797397,27,cube,full_whitened_action_matched,10
1057,27,transport_free,True,10,10.84942395913134,10.84942395913134,198.6418272427441,130.74652581016835,18.30897455855789,12.051010846536832,129.55972697609775,1.2421080103180322,27,cube,full_whitened_action_matched,10
1058,27,transport_free,True,10,12.210297257194682,12.210297257194682,171.10543783972497,120.0621161951899,14.013208215623449,9.832857764739972,88.79683400378585,1.9172220586472375,27,cube,full_whitened_action_matched,10
1059,27,transport_free,True,10,12.561231204694398,12.561231204694398,172.17037798189955,69.28082242698179,13.706489051611106,5.515448390209558,54.09352110782463,1.944446590360093,27,cube,full_whitened_action_matched,10
1060,27,transport_free,True,10,12.245654716029968,12.245654716029968,173.17553466571167,63.82649074644527,14.141794675871365,5.212174622471943,50.0101492050848,1.726693972399477,27,cube,full_whitened_action_matched,10
1061,27,transport_free,True,10,11.034832985123433,11.034832985123433,199.08158499150588,48.94978827165143,18.041196025340568,4.435933768788607,44.46268418882183,0.8550276272604652,27,cube,full_whitened_action_matched,10
1062,27,transport_free,True,10,12.242985176281675,12.242985176281675,233.80050670350676,76.1330135076245,19.09669115310605,6.2185008322248825,58.814133145328526,0.7509922467410013,27,cube,full_whitened_action_matched,10
1063,27,transport_free,True,10,11.786358209765162,11.786358209765162,209.6847567176859,106.71882363339975,17.790461903996704,9.054435792133122,55.922981769928946,0.7705789565723737,27,cube,full_whitened_action_matched,10
1064,28,transport_free,True,10,43.63405825889385,43.63405825889385,657.3489348402449,96.96327725760901,15.065042333215903,2.222192505732495,53.28851221016875,1.0859286295056925,28,cube,full_whitened_action_matched,10
1065,28,transport_free,True,10,43.526551421825985,43.526551421825985,638.2401605845968,166.0005244113717,14.663237489211175,3.813776166244411,61.03680355241115,0.8818812756011667,28,cube,full_whitened_action_matched,10
1066,28,static,True,10,44.8603100799986,44.8603100799986,660.0406472404655,150.63630493573652,14.713243088677423,3.357897095831693,38.487092714901365,0.8162951770570077,28,cube,full_whitened_action_matched,10
1067,28,interaction,True,10,45.103591606965566,45.103591606965566,651.5456773472446,136.41846264845003,14.445538684032941,3.0245587499373836,55.97994467484781,0.7348314736285797,28,cube,full_whitened_action_matched,10
1068,28,interaction,True,10,44.83952966040491,44.83952966040491,653.5252197557397,158.22931690137654,14.574756352380488,3.528790736649928,80.7353814047788,0.9780171210026041,28,cube,full_whitened_action_matched,10
1069,28,interaction,True,10,43.343904982096554,43.343904982096554,673.4965991535473,215.0332262104415,15.5384384363093,4.961094905944958,152.78626874378708,1.0648381839998033,28,cube,full_whitened_action_matched,10
1070,28,interaction,True,10,38.34197750820344,38.34197750820344,250.33900164584037,224.18597618391087,6.529110335852636,5.847011311191376,218.0130378327257,1.0787157546574977,28,cube,full_whitened_action_matched,10
1071,28,interaction,True,10,14.890930387580052,14.890930387580052,89.29578695880257,209.03960249426478,5.996655993589274,14.038048466643602,202.8662930750562,1.582004347800991,28,cube,full_whitened_action_matched,10
1072,28,interaction,True,10,5.632933853179341,5.632933853179341,168.22239393684373,108.67997107713694,29.86408119134856,19.293670742431278,108.79962222772517,1.1146050581615634,28,cube,full_whitened_action_matched,10
1073,28,interaction,True,10,8.164987557599808,8.164987557599808,166.84202310829187,52.64223797083662,20.433836785580723,6.447313924175949,44.33198300338128,0.7415599010946821,28,cube,full_whitened_action_matched,10
1074,28,interaction,True,10,12.109874559709336,12.109874559709336,205.70172029495893,48.16832199499635,16.986280021375897,3.977607014630587,42.59958297934358,0.8527485061350153,28,cube,full_whitened_action_matched,10
1075,28,interaction,True,10,14.855831901541032,14.855831901541032,191.1205133535282,47.66449719412171,12.86501588199196,3.2084704182185417,46.135564500947474,0.9042193382776844,28,cube,full_whitened_action_matched,10
1076,28,transport_free,True,10,13.919090279194439,13.919090279194439,165.38508633597564,60.25684903261573,11.881889047245064,4.32907954643305,69.81246050040595,1.0780524585885247,28,cube,full_whitened_action_matched,10
1077,28,transport_free,True,10,11.995667270894538,11.995667270894538,148.76956491419077,82.19229592798887,12.401941597292799,6.851831921631788,90.17688049588183,1.010577028110805,28,cube,full_whitened_action_matched,10
1078,28,transport_free,True,10,9.965962294883418,9.965962294883418,150.05269827590388,59.347125997507206,15.05651876216126,5.954981991852042,67.80655652138933,1.8252287646445533,28,cube,full_whitened_action_matched,10
1079,28,static,True,10,9.937809316819967,9.937809316819967,145.79633023372793,41.62194338648993,14.67087217974331,4.188241297409868,39.20641365316627,1.8743188587410011,28,cube,full_whitened_action_matched,10
1080,28,transport_free,True,10,10.00665446517407,10.00665446517407,144.9458897965967,44.161388577383406,14.484950020113972,4.413202107765115,40.85707077064363,1.2559572818320088,28,cube,full_whitened_action_matched,10
1081,28,transport_free,True,10,10.359845654076068,10.359845654076068,168.2648132692802,43.54861803982173,16.242019320343505,4.203597186092013,43.24451319128869,1.0255882504739344,28,cube,full_whitened_action_matched,10
1082,28,transport_free,True,10,11.380226483879172,11.380226483879172,176.6887783676847,45.81168587880027,15.525945693433766,4.02555133183821,41.500179272736716,0.7969671532974414,28,cube,full_whitened_action_matched,10
1083,28,transport_free,True,10,12.637894626304883,12.637894626304883,199.9566420099586,41.72457724595151,15.821989969259834,3.301544955051671,37.040200056648715,0.7539104270941711,28,cube,full_whitened_action_matched,10
1084,28,interaction,True,10,14.479439342869671,14.479439342869671,195.25699169728182,39.0273984799933,13.485121010119439,2.6953666889880066,34.424722103836565,0.6583286519891123,28,cube,full_whitened_action_matched,10
1085,28,interaction,True,10,14.194358302477387,14.194358302477387,186.44262813125425,45.133762972569144,13.134981107156765,3.179697314297879,41.34201326049401,0.9961397761536737,28,cube,full_whitened_action_matched,10
1086,28,interaction,True,10,13.520413553611796,13.520413553611796,128.4047561301138,82.25355984442335,9.497102704806853,6.083657095122687,87.73050830756132,1.1918642061169167,28,cube,full_whitened_action_matched,10
1087,28,interaction,True,10,9.243969597535866,9.243969597535866,176.05957600748087,121.47698655451904,19.045884362753906,13.141214417981292,121.0086460988149,1.189357838968081,28,cube,full_whitened_action_matched,10
1088,28,interaction,True,10,8.729919056870843,8.729919056870843,144.62792715130433,135.24836909617255,16.566926475392183,15.492511238088278,50.38035829757487,1.1767822701029838,28,cube,full_whitened_action_matched,10
1089,28,interaction,True,10,9.254552993952334,9.254552993952334,163.85700999900024,215.26927406376862,17.705556400841566,23.26090457361288,143.9550385900332,1.4263923533437408,28,cube,full_whitened_action_matched,10
1090,28,interaction,True,10,7.437110552789564,7.437110552789564,168.10152039735675,74.18963788719228,22.6030686520189,9.97559971182151,59.854663574437076,0.7102810746928261,28,cube,full_whitened_action_matched,10
1091,28,interaction,True,10,11.084765551694304,11.084765551694304,189.53640249773832,47.771034787123774,17.09881924104094,4.309611652528094,42.84228425860024,0.8282742328935451,28,cube,full_whitened_action_matched,10
1092,28,interaction,True,10,13.698003368667752,13.698003368667752,206.19149242367098,42.92648650816689,15.05266766799787,3.133776898197818,38.88189441907751,0.6802058662351862,28,cube,full_whitened_action_matched,10
1093,28,interaction,True,10,14.92211632537559,14.92211632537559,180.192455475287,50.27010819792983,12.075529472241367,3.3688323493661363,53.04506224772027,0.8583725093283631,28,cube,full_whitened_action_matched,10
1094,28,transport_free,True,10,13.09909321915645,13.09909321915645,158.41864082063606,89.53026812088517,12.093863152982268,6.834844719629433,99.56712408013215,0.9617855913869298,28,cube,full_whitened_action_matched,10
1095,28,transport_free,True,10,11.50035671766646,11.50035671766646,162.95125406635094,66.70160133697458,14.169234752173447,5.799959338175122,73.62888521286693,1.4449113893008634,28,cube,full_whitened_action_matched,10
1096,28,transport_free,True,10,10.878757429717739,10.878757429717739,148.09861074749173,45.158839008411306,13.61355942572334,4.151102669598084,48.602849559728476,1.72394103871586,28,cube,full_whitened_action_matched,10
1097,28,transport_free,True,10,10.58203345758177,10.58203345758177,151.67252318500016,50.09197819328904,14.333022456693374,4.733681706269729,43.77265288766636,1.6362835816903742,28,cube,full_whitened_action_matched,10
1098,28,transport_free,True,10,10.692667058058678,10.692667058058678,161.71893316329866,42.87259205046899,15.124283986885846,4.009532123059743,42.31000781728624,1.1960215840805088,28,cube,full_whitened_action_matched,10
1099,28,transport_free,True,10,11.236703412291249,11.236703412291249,174.850356537092,42.12531819073729,15.560645335342059,3.74890362814583,38.99567491594829,0.772890637752863,28,cube,full_whitened_action_matched,10
1100,28,transport_free,True,10,12.191904950379596,12.191904950379596,207.0809268614933,46.89444573183796,16.985116575654228,3.8463591967535717,40.14320571749961,0.7386283604984052,28,cube,full_whitened_action_matched,10
1101,28,interaction,True,10,14.850813812563734,14.850813812563734,200.6613505128373,45.41409790872206,13.511808379354841,3.058020825114776,39.47382460777643,0.5729486496039992,28,cube,full_whitened_action_matched,10
1102,29,transport_free,True,10,40.23708356488098,40.23708356488098,577.3150174519694,57.46806451991014,14.347834542259204,1.4282363289885254,44.90348495787749,1.5221816754235822,29,cube,full_whitened_action_matched,10
1103,29,transport_free,True,10,40.356560266661766,40.356560266661766,592.970367868468,100.10830932486955,14.693283172558095,2.4805956866340817,49.40710142067768,1.4134402647607054,29,cube,full_whitened_action_matched,10
1104,29,transport_free,True,10,40.802793678490524,40.802793678490524,602.1712021213674,102.93365008740332,14.758087567881562,2.522710844225,33.821974554850755,0.8900101070144806,29,cube,full_whitened_action_matched,10
1105,29,interaction,True,10,41.09693119310553,41.09693119310553,619.4357635063768,157.35069260141844,15.072555188994112,3.828769887027861,59.66834508308684,0.6952469029176397,29,cube,full_whitened_action_matched,10
1106,29,interaction,True,10,40.883415622373604,40.883415622373604,597.2108035057142,190.59365561728723,14.607654336466162,4.661881907757827,100.40002738033422,1.0051321462515452,29,cube,full_whitened_action_matched,10
1107,29,interaction,True,10,39.43684761966212,39.43684761966212,659.2058071117227,217.11557574090057,16.715479225653446,5.505398855273938,117.28791793759419,1.067374681502014,29,cube,full_whitened_action_matched,10
1108,29,interaction,True,10,37.51985495714331,37.51985495714331,466.6874522564955,302.2631961625589,12.438413015976867,8.056086477621413,319.21556354114983,1.3917262169538156,29,cube,full_whitened_action_matched,10
1109,29,interaction,True,10,22.92548936442686,22.92548936442686,81.29353731238572,212.14291586966687,3.545989183486207,9.2535828787518,208.68616224312288,2.0786463690833434,29,cube,full_whitened_action_matched,10
1110,29,interaction,True,10,3.6549576853042325,3.6549576853042325,140.62142439334627,159.1162445478126,38.47415934765909,43.534360243781606,150.83198397601956,1.5096922001979869,29,cube,full_whitened_action_matched,10
1111,29,interaction,True,10,9.093117869817103,9.093117869817103,177.79610771457817,77.6819302928069,19.552821184111004,8.542936691787256,74.1818665839578,0.9809364292926462,29,cube,full_whitened_action_matched,10
1112,29,interaction,True,10,12.436073595919833,12.436073595919833,190.5053564009403,48.35371940224637,15.31877042472983,3.8881821524529094,37.00305215872307,0.6223260811364543,29,cube,full_whitened_action_matched,10
1113,29,interaction,True,10,13.30813176372797,13.30813176372797,187.9211346238526,51.41222453831878,14.120775023887408,3.863218778645217,31.995269478490886,1.0968558844816847,29,cube,full_whitened_action_matched,10
1114,29,transport_free,True,10,13.158815410425225,13.158815410425225,160.11147328335244,62.84009700411053,12.167620586614678,4.775513223958194,50.39588158671832,1.5201951485638818,29,cube,full_whitened_action_matched,10
1115,29,transport_free,True,10,11.148112405096262,11.148112405096262,109.65179888333506,77.0285033455177,9.835907183103814,6.909555676017835,65.59917061509705,1.4667632057154523,29,cube,full_whitened_action_matched,10
1116,29,transport_free,True,10,7.710519960848455,7.710519960848455,78.87938026812438,58.00834536790266,10.23009870522981,7.523272835353572,60.746146123882355,2.0162529328864998,29,cube,full_whitened_action_matched,10
1117,29,transport_free,True,10,5.411567393853382,5.411567393853382,84.8115540006927,70.78642820707341,15.672271604161146,13.080577780011524,56.85805465512771,2.1649344410474427,29,cube,full_whitened_action_matched,10
1118,29,transport_free,True,10,6.0508097732796,6.0508097732796,70.20370597076655,52.8131079365898,11.602365402526187,8.728271077007362,51.59090441788983,2.102888460735713,29,cube,full_whitened_action_matched,10
1119,29,transport_free,True,10,4.707660301153073,4.707660301153073,82.63371606930718,52.78782395735732,17.553032883249298,11.213176096080618,45.04213167451976,1.7615029400643252,29,cube,full_whitened_action_matched,10
1120,29,transport_free,True,10,5.170756048896919,5.170756048896919,107.34564481898286,56.27799472369916,20.760144900257473,10.88390057305159,39.38700907600739,1.2123668352814265,29,cube,full_whitened_action_matched,10
1121,29,transport_free,True,10,7.290344719931406,7.290344719931406,155.35820304761629,53.79073640858321,21.310131278549203,7.378352941462735,38.958766024318884,0.930327267398241,29,cube,full_whitened_action_matched,10
1122,29,transport_free,True,10,10.716875695582576,10.716875695582576,201.258439716442,65.47254119500298,18.7795814221676,6.109293702267193,54.88152300882059,0.9362656926484421,29,cube,full_whitened_action_matched,10
1123,29,interaction,True,10,14.165384604287446,14.165384604287446,197.6766054726981,50.90928573445747,13.954905637568583,3.593921884694096,39.88346859334028,0.873589018260718,29,cube,full_whitened_action_matched,10
1124,29,interaction,True,10,13.70304688201249,13.70304688201249,177.918607551177,60.772722678596274,12.983872060214908,4.434978819080777,58.97519223805151,1.0831183044420891,29,cube,full_whitened_action_matched,10
1125,29,interaction,True,10,12.278005014293582,12.278005014293582,126.70328159521725,62.10752999650251,10.319533299401177,5.058438233589195,52.137528276995354,1.0813700995038416,29,cube,full_whitened_action_matched,10
1126,29,interaction,True,10,8.5306101258032,8.5306101258032,98.25044423312997,56.70425829584897,11.517399433827624,6.647151547147981,55.93798772133307,0.996531601437823,29,cube,full_whitened_action_matched,10
1127,29,interaction,True,10,6.823146376051461,6.823146376051461,107.76660707288812,57.90822483954351,15.79426867509948,8.487026607372135,47.83911614060307,0.8290572449640389,29,cube,full_whitened_action_matched,10
1128,29,interaction,True,10,7.383127340497314,7.383127340497314,140.06995477077422,61.428030347215994,18.97162927184991,8.320055650439087,59.907241332316225,0.7731352974697663,29,cube,full_whitened_action_matched,10
1129,29,interaction,True,10,9.43925441168056,9.43925441168056,157.03397639199613,52.96844862227376,16.636269088973297,5.611507679751508,47.566663159669,0.9810078224032999,29,cube,full_whitened_action_matched,10
1130,29,interaction,True,10,11.200938442508196,11.200938442508196,173.59282417729062,52.70113425616447,15.498060726634835,4.705064180708349,44.41867029151274,0.7644830751701559,29,cube,full_whitened_action_matched,10
1131,29,interaction,True,10,12.116702001771692,12.116702001771692,174.92539189730525,49.017382496742584,14.43671651508206,4.045439302672898,31.3247911971753,1.097110160098849,29,cube,full_whitened_action_matched,10
1132,29,transport_free,True,10,12.20508710086738,12.20508710086738,151.23326331582467,61.368746495270955,12.391002380071255,5.028128516256936,47.81923207809741,1.444515186552509,29,cube,full_whitened_action_matched,10
1133,29,transport_free,True,10,10.414748915825973,10.414748915825973,89.09069039141875,81.67571637374522,8.554281155644466,7.842312573626522,78.91600773875979,1.7245446892997842,29,cube,full_whitened_action_matched,10
1134,29,transport_free,True,10,5.6995246151414065,5.6995246151414065,63.144664271411116,50.00332889660241,11.078935268331056,8.773245537665218,49.636290960042956,2.0170721783331134,29,cube,full_whitened_action_matched,10
1135,29,static,True,10,4.463245247017055,4.463245247017055,72.05707285764547,38.66939742066228,16.144547043612214,8.663964286189831,38.847537690071675,1.590409292704668,29,cube,full_whitened_action_matched,10
1136,29,transport_free,True,10,4.5949760544229115,4.5949760544229115,76.74507892826847,39.640489374153745,16.70195405140299,8.62691968459719,42.55374433458696,1.5485641241614745,29,cube,full_whitened_action_matched,10
1137,29,transport_free,True,10,5.048858614429594,5.048858614429594,108.5733950248832,38.31655826516749,21.504542574153565,7.589152557304555,39.15065367246909,1.2193410031461527,29,cube,full_whitened_action_matched,10
1138,29,transport_free,True,10,7.240629440541755,7.240629440541755,154.86345896738314,47.87041097320255,21.388121052055386,6.6113604302364095,36.42183429733626,1.0789088026890568,29,cube,full_whitened_action_matched,10
1139,29,transport_free,True,10,10.52688835767842,10.52688835767842,179.42886903795178,58.77571748704287,17.04481542326556,5.5833894584976065,30.796099877454328,1.0394302676590979,29,cube,full_whitened_action_matched,10
