row_id,episode_key,regime,valid_neighbors,n_neighbors,neighbor_radius,input_spread,successor_spread,residual_spread,local_expansion,model_sensitivity,residual_norm,action_neighbor_distance,episode_ordinal,dataset,scale,k
380,10,transport_free,True,10,425.79636347426833,425.79636347426833,426.17627250566,62.17113545222307,1.0008922317426383,0.1460114289021639,56.232862857370144,,10,cube,full_whitened,10
381,10,transport_free,True,10,399.1611277765579,399.1611277765579,405.25165508822545,67.52907634963483,1.0152583177264618,0.16917748660995918,55.7521510951146,,10,cube,full_whitened,10
382,10,transport_free,True,10,382.6154191619855,382.6154191619855,402.1078100103058,84.33259982735112,1.0509451262863714,0.2204108763103657,51.08901773181607,,10,cube,full_whitened,10
383,10,interaction,True,10,394.4082805203219,394.4082805203219,302.97104561542415,129.513790262428,0.7681660365135603,0.3283749268437451,114.7120058193595,,10,cube,full_whitened,10
384,10,interaction,True,10,300.1153202932256,300.1153202932256,397.14177414400933,132.20319312583635,1.3232972370620224,0.44050797872187314,109.31401704497549,,10,cube,full_whitened,10
385,10,interaction,True,10,378.76478588662667,378.76478588662667,442.7940309973586,270.32142525830136,1.1690475131178046,0.7136920731042168,275.2953998093482,,10,cube,full_whitened,10
386,10,interaction,True,10,325.1424131906142,325.1424131906142,390.4172092052056,275.94131482050057,1.2007575553556717,0.8486783133356719,275.8527933060247,,10,cube,full_whitened,10
387,10,interaction,True,10,162.9424284614131,162.9424284614131,295.6542422468522,170.46147110407932,1.8144705773601932,1.04614539450323,140.81424689126658,,10,cube,full_whitened,10
388,10,interaction,True,10,269.963589852861,269.963589852861,700.6514722386561,360.32191100152704,2.59535544263778,1.3347055845490656,310.28125884310094,,10,cube,full_whitened,10
389,10,interaction,True,10,441.8704409123745,441.8704409123745,573.2528414799291,173.1531971066412,1.2973324042592125,0.3918641779909838,146.78621774324438,,10,cube,full_whitened,10
390,10,interaction,True,10,540.3806015011007,540.3806015011007,546.3992598069647,98.98369721181349,1.011137813402526,0.1831740386994848,76.86125009195545,,10,cube,full_whitened,10
391,10,interaction,True,10,539.9096823572038,539.9096823572038,661.3090548969394,154.06742531420514,1.2248512603250887,0.2853577743624799,114.13818896580358,,10,cube,full_whitened,10
392,10,static,True,10,624.1701254552834,624.1701254552834,683.1785323648631,154.4632409857456,1.0945389798438971,0.2474697757651838,139.75861916346688,,10,cube,full_whitened,10
393,10,transport_free,True,10,634.2584983392387,634.2584983392387,734.0824747910867,193.35951087321763,1.1573868962153917,0.3048591566049425,176.98123872345568,,10,cube,full_whitened,10
394,10,transport_free,True,10,694.8472655119165,694.8472655119165,698.37830703752,195.4600633055639,1.00508175206389,0.2812993200190003,180.986670721833,,10,cube,full_whitened,10
395,10,transport_free,True,10,656.0069925366881,656.0069925366881,659.1222263057405,101.90790116471473,1.004748781346074,0.1553457544265664,71.87893206723962,,10,cube,full_whitened,10
396,10,transport_free,True,10,598.0066792365614,598.0066792365614,690.6260465147229,132.17867776780014,1.1548801551788737,0.2210321094348722,75.7445434765232,,10,cube,full_whitened,10
397,10,transport_free,True,10,659.1680597220052,659.1680597220052,758.1186145344528,122.42478696453193,1.1501143044676325,0.18572621224420804,67.40321142863903,,10,cube,full_whitened,10
398,10,transport_free,True,10,715.6378287228947,715.6378287228947,729.841591680457,122.05077919129536,1.0198476972394122,0.17054824981667532,65.38821587863802,,10,cube,full_whitened,10
399,10,transport_free,True,10,708.0388907072033,708.0388907072033,679.1600116212167,150.79482278127995,0.9592128632127228,0.2129753390109166,141.37438442490307,,10,cube,full_whitened,10
400,10,interaction,True,10,644.2138632055439,644.2138632055439,643.2619243885333,110.7690027230345,0.9985223248498971,0.1719444567241366,42.47500001456329,,10,cube,full_whitened,10
401,10,interaction,True,10,627.2472108728214,627.2472108728214,621.5891123237382,113.23715160674557,0.9909794759530139,0.1805303389857642,52.93513891750133,,10,cube,full_whitened,10
402,10,interaction,True,10,607.5989014253366,607.5989014253366,567.5565326157623,213.5774773740423,0.9340973646995725,0.35151063781224967,206.0551000735683,,10,cube,full_whitened,10
403,10,interaction,True,10,518.4379353349246,518.4379353349246,541.9431061311302,359.0033775764507,1.0453384468885762,0.6924712740099256,335.19318374021503,,10,cube,full_whitened,10
404,10,interaction,True,10,181.46443612307056,181.46443612307056,136.7356338408612,134.93815969414038,0.7535120201080395,0.7436066403811725,90.1245948848188,,10,cube,full_whitened,10
405,10,interaction,True,10,57.6554665305034,57.6554665305034,387.0176222105872,358.5116378343856,6.712591979562429,6.218172523930757,353.91863846723396,,10,cube,full_whitened,10
406,10,interaction,True,10,333.6588310490263,333.6588310490263,645.2044862544066,222.04183749579676,1.9337251893674687,0.6654756800462774,194.90568823321112,,10,cube,full_whitened,10
407,10,interaction,True,10,461.17982612048496,461.17982612048496,520.0261287511295,170.1429261276412,1.1275994726952143,0.36892968098563517,152.75971697653623,,10,cube,full_whitened,10
408,10,interaction,True,10,486.150075653403,486.150075653403,599.2538166252364,149.17081211969946,1.2326519044964004,0.3068410756065575,100.42118106548322,,10,cube,full_whitened,10
409,10,interaction,True,10,580.2789857389043,580.2789857389043,609.5177040085027,107.69574971835938,1.0503873464112559,0.18559305500478165,80.77126526295477,,10,cube,full_whitened,10
410,10,transport_free,True,10,598.0533679481598,598.0533679481598,666.9666255826997,192.70792466041485,1.1152292777331427,0.3222252979221063,161.2275150392972,,10,cube,full_whitened,10
411,10,transport_free,True,10,637.3764155468839,637.3764155468839,642.3144304579571,224.82583650000961,1.007747407639544,0.3527363595766307,234.83965432154818,,10,cube,full_whitened,10
412,10,transport_free,True,10,603.580236167595,603.580236167595,622.836430449119,171.1256402582667,1.031903288291529,0.2835176336203801,164.33391828559218,,10,cube,full_whitened,10
413,10,static,True,10,568.0124364759484,568.0124364759484,610.7041012823969,94.02280362999034,1.07515973606373,0.16552948068060755,68.49027625253855,,10,cube,full_whitened,10
414,10,transport_free,True,10,567.3880687762909,567.3880687762909,683.2598550653424,119.10202327406944,1.204219638490032,0.20991280893682107,85.95689438080183,,10,cube,full_whitened,10
415,10,transport_free,True,10,631.2791711614627,631.2791711614627,707.0114619138167,99.8587421057124,1.1199664018900186,0.15818475670912235,57.007613932099986,,10,cube,full_whitened,10
416,10,transport_free,True,10,674.9905961983943,674.9905961983943,665.4345492899542,150.50261797368822,0.9858426962356801,0.22296994776124593,62.74576221243625,,10,cube,full_whitened,10
417,10,transport_free,True,10,641.7784686213524,641.7784686213524,606.6966243126957,161.51293067042133,0.9453365202730805,0.2516646141422883,84.31854286230089,,10,cube,full_whitened,10
418,11,transport_free,True,10,163.2863596488448,163.2863596488448,167.3374758822015,40.296342247145475,1.024809887623613,0.24678327285760246,42.715805918484804,,11,cube,full_whitened,10
419,11,transport_free,True,10,165.13304008225847,165.13304008225847,173.03269787025982,49.28929831620578,1.0478381418041252,0.2984823527239193,43.64173361129747,,11,cube,full_whitened,10
420,11,transport_free,True,10,168.1735300377784,168.1735300377784,153.94558760130963,41.32358121651413,0.9153972540549479,0.2457198894929019,42.62922129742345,,11,cube,full_whitened,10
421,11,interaction,True,10,151.38259266666768,151.38259266666768,136.572237519035,42.78655837868242,0.9021660622483598,0.2826385624990252,47.34616636037242,,11,cube,full_whitened,10
422,11,interaction,True,10,136.275599757909,136.275599757909,100.20588893292536,48.6720128170208,0.7353179080549945,0.3571586762669598,57.26678582009173,,11,cube,full_whitened,10
423,11,interaction,True,10,93.92331253886016,93.92331253886016,83.48890563340221,66.15232144842938,0.8889050372755882,0.7043227039193202,72.51377196852685,,11,cube,full_whitened,10
424,11,interaction,True,10,62.664450437044586,62.664450437044586,90.02342436445875,61.381575193817184,1.436594811517579,0.9795278625396031,59.97429786154964,,11,cube,full_whitened,10
425,11,interaction,True,10,82.5117794857412,82.5117794857412,97.13797022220847,71.18673918103818,1.1772618507033266,0.8627463814828997,51.82424932097623,,11,cube,full_whitened,10
426,11,interaction,True,10,77.41933909819447,77.41933909819447,87.71051900509319,75.21428890510109,1.132927767490316,0.9715180958817458,54.86894226534852,,11,cube,full_whitened,10
427,11,interaction,True,10,69.09174860496789,69.09174860496789,86.91593014116654,68.37142740987022,1.2579784402057679,0.989574425171722,48.6703933808168,,11,cube,full_whitened,10
428,11,interaction,True,10,82.84916677660047,82.84916677660047,103.77101850283009,61.102871677458154,1.2525294162902636,0.7375194471444674,50.08146148705467,,11,cube,full_whitened,10
429,11,interaction,True,10,99.19734900126707,99.19734900126707,92.90971143457632,46.00932255891121,0.9366148628970877,0.4638160497446713,42.204494732763116,,11,cube,full_whitened,10
430,11,transport_free,True,10,90.8940671295504,90.8940671295504,92.16265658955338,53.8721319977778,1.0139567905812255,0.5926914010899567,44.07055481194577,,11,cube,full_whitened,10
431,11,transport_free,True,10,88.97988235655806,88.97988235655806,81.46923602627751,61.245626932814176,0.9155916356442901,0.6883086975479711,49.26144434469043,,11,cube,full_whitened,10
432,11,transport_free,True,10,77.69064609713504,77.69064609713504,79.49197668715942,61.25726960538212,1.0231859391125697,0.7884767688608664,46.41786327046845,,11,cube,full_whitened,10
433,11,static,True,10,73.97240430970797,73.97240430970797,80.02661200267497,62.1572503676633,1.0818441383575856,0.8402761941794277,43.99989288942492,,11,cube,full_whitened,10
434,11,transport_free,True,10,73.22438140416543,73.22438140416543,81.14744974484162,58.41392518490497,1.1082025984889439,0.7977387321647219,42.81549277393031,,11,cube,full_whitened,10
435,11,transport_free,True,10,75.88863262833364,75.88863262833364,87.0040194779693,56.65285980459575,1.1464697210196622,0.7465262957372609,42.75947001382815,,11,cube,full_whitened,10
436,11,transport_free,True,10,81.9668112661596,81.9668112661596,90.8823286724916,51.96582093725003,1.1087698456071673,0.6339861235849292,40.34169266695836,,11,cube,full_whitened,10
437,11,transport_free,True,10,86.33985162805268,86.33985162805268,92.62020674068772,51.85281720706294,1.072739934042167,0.6005664386642916,39.465171749417536,,11,cube,full_whitened,10
438,11,interaction,True,10,89.1129437791599,89.1129437791599,98.07273563930116,55.23716775266442,1.1005442248922384,0.6198557180374763,40.2180695940318,,11,cube,full_whitened,10
439,11,interaction,True,10,93.58762537441058,93.58762537441058,83.86476902336761,54.68844768634722,0.8961095944881036,0.5843555434552199,42.034130061346886,,11,cube,full_whitened,10
440,11,interaction,True,10,79.75482825121023,79.75482825121023,73.34619111668354,59.133751780689806,0.9196457785058368,0.7414441617807946,42.535873858102285,,11,cube,full_whitened,10
441,11,interaction,True,10,63.50132334608939,63.50132334608939,54.61782433719515,66.80131512995571,0.8601052932317935,1.0519672915457365,47.93208224516963,,11,cube,full_whitened,10
442,11,interaction,True,10,37.47664581313542,37.47664581313542,62.774105430916826,55.45268922946654,1.6750193105305797,1.4796598795410498,39.93313779082237,,11,cube,full_whitened,10
443,11,interaction,True,10,40.103938835151254,40.103938835151254,78.89441854655173,71.73390912560187,1.9672486253993704,1.7886998436853496,51.880720304326694,,11,cube,full_whitened,10
444,11,interaction,True,10,63.82949733861358,63.82949733861358,85.33749960574289,72.16634052384471,1.3369602325556476,1.1306111364312401,53.25156012040588,,11,cube,full_whitened,10
445,11,interaction,True,10,75.38593123393623,75.38593123393623,96.63281819193978,67.05457953569517,1.2818415400623042,0.8894839983817754,48.2403780375353,,11,cube,full_whitened,10
446,11,interaction,True,10,90.37209331018178,90.37209331018178,103.01808556870063,58.27290577092188,1.1399324923803007,0.6448108441055282,44.67906572320748,,11,cube,full_whitened,10
447,11,transport_free,True,10,98.91274380145191,98.91274380145191,88.71144131467433,44.28684181507079,0.8968656404148012,0.4477364605714306,42.59309825758102,,11,cube,full_whitened,10
448,11,transport_free,True,10,84.95662453135958,84.95662453135958,85.65515763026627,55.65649346816902,1.0082222322598144,0.6551165818461259,49.07704762318905,,11,cube,full_whitened,10
449,11,transport_free,True,10,80.49183607531299,80.49183607531299,75.28893513513131,63.94566300696006,0.9353611348197657,0.794436630158724,49.87481756976041,,11,cube,full_whitened,10
450,11,transport_free,True,10,66.08669400572415,66.08669400572415,76.50558373908777,56.664475762157466,1.1576548787939245,0.8574263944455963,50.001066653600525,,11,cube,full_whitened,10
451,11,transport_free,True,10,70.00938422075448,70.00938422075448,77.68043769799326,54.13408264623533,1.109571789019745,0.7732403769691653,45.19154177828548,,11,cube,full_whitened,10
452,11,transport_free,True,10,67.84385037675298,67.84385037675298,74.27470212473077,50.56148410625737,1.0947890149551616,0.7452625967641497,43.64278383583917,,11,cube,full_whitened,10
453,11,transport_free,True,10,67.91928182318003,67.91928182318003,81.3825829230502,50.30410879013532,1.1982250215030292,0.7406454756264389,43.17291783434667,,11,cube,full_whitened,10
454,11,transport_free,True,10,76.97295225838957,76.97295225838957,90.64421108198115,51.60188081537501,1.1776112052672567,0.6703897837015954,41.620024572427454,,11,cube,full_whitened,10
455,11,transport_free,True,10,84.96320993754668,84.96320993754668,95.85119112516594,51.11243700491576,1.1281493624784493,0.6015831680851822,40.66263516433825,,11,cube,full_whitened,10
456,12,transport_free,True,10,390.4073614878174,390.4073614878174,460.8993608908113,60.051183240290676,1.1805601183705998,0.1538167287917919,55.303148402495005,,12,cube,full_whitened,10
457,12,transport_free,True,10,378.2509749361012,378.2509749361012,439.2071620724249,73.46113482975304,1.161152756173652,0.19421267808275441,78.12051741867197,,12,cube,full_whitened,10
458,12,transport_free,True,10,346.4152495576558,346.4152495576558,406.0717023489166,56.139459303343216,1.1722108159714022,0.16205827940608492,51.81230947861182,,12,cube,full_whitened,10
459,12,interaction,True,10,357.87309531048174,357.87309531048174,405.18526350574234,56.91876539127691,1.1322037583021258,0.15904734426010878,34.663326911980334,,12,cube,full_whitened,10
460,12,interaction,True,10,383.6713977578313,383.6713977578313,424.68331200759053,141.0664806357259,1.1068933323918126,0.3676752592455832,128.37378735050737,,12,cube,full_whitened,10
461,12,interaction,True,10,394.30967451879235,394.30967451879235,239.20946813925895,127.77705083432967,0.6066538144953846,0.32405253812315465,126.20207287718696,,12,cube,full_whitened,10
462,12,interaction,True,10,227.87432279045095,227.87432279045095,93.63197600257828,131.73813485718347,0.4108930521701672,0.5781175046138368,110.01880748196665,,12,cube,full_whitened,10
463,12,interaction,True,10,84.15073245828009,84.15073245828009,107.62763460400181,118.99384294101472,1.278986307782419,1.4140559382535263,111.69019411611885,,12,cube,full_whitened,10
464,12,interaction,True,10,86.29428703305848,86.29428703305848,60.11718021762279,231.1634029743232,0.6966530726952121,2.678779916053618,230.62425146251937,,12,cube,full_whitened,10
465,12,interaction,True,10,33.92079311199572,33.92079311199572,75.68492329668587,84.88529550553503,2.231225049685549,2.5024560960373377,82.49178444635392,,12,cube,full_whitened,10
466,12,interaction,True,10,54.54270701786831,54.54270701786831,94.77373745819204,68.72520165672478,1.7376060456101667,1.2600254995449758,46.17804473530123,,12,cube,full_whitened,10
467,12,interaction,True,10,74.34918275273478,74.34918275273478,96.66860603724021,61.30592388848547,1.3001972914582502,0.8245675556700112,39.6544763265114,,12,cube,full_whitened,10
468,12,static,True,10,74.50956444217607,74.50956444217607,91.28459012785949,69.73312372987994,1.2251392262358727,0.9358949317707669,41.39045363325546,,12,cube,full_whitened,10
469,12,transport_free,True,10,69.32108121076493,69.32108121076493,96.77296482696492,73.74696167153526,1.3960106094239189,1.0638460967928907,47.8253844132756,,12,cube,full_whitened,10
470,12,transport_free,True,10,62.126993870317165,62.126993870317165,88.73408282060288,69.3997112064699,1.428269376848088,1.117062115564994,56.217308020154064,,12,cube,full_whitened,10
471,12,transport_free,True,10,77.409454300688,77.409454300688,107.49781140736124,67.27281612081357,1.388690985855533,0.8690516775832079,68.05577169539079,,12,cube,full_whitened,10
472,12,transport_free,True,10,103.22955903607209,103.22955903607209,84.92465472134978,51.02773183686584,0.8226776856779373,0.4943131823224676,53.555027262718525,,12,cube,full_whitened,10
473,12,transport_free,True,10,77.70542196848335,77.70542196848335,71.70727294776455,52.7485287788084,0.9228091313479825,0.6788268751722724,48.78749362307288,,12,cube,full_whitened,10
474,12,transport_free,True,10,62.99803985658857,62.99803985658857,73.74501213139615,41.83848150491578,1.1705921692051444,0.6641235441635753,38.76495350924385,,12,cube,full_whitened,10
475,12,transport_free,True,10,64.23998374547176,64.23998374547176,94.77823876118313,61.40101779797312,1.47537768902166,0.955806870083482,42.12860701332993,,12,cube,full_whitened,10
476,12,transport_free,True,10,74.20303367526796,74.20303367526796,101.60458562569437,64.21800231647052,1.36927805499628,0.865436345871052,39.514839851739076,,12,cube,full_whitened,10
477,12,interaction,True,10,71.02204883775764,71.02204883775764,84.47428104030132,64.67090983526782,1.1894092387178787,0.910575108625797,40.97596925204826,,12,cube,full_whitened,10
478,12,interaction,True,10,62.79656936784019,62.79656936784019,81.33291076836841,61.4488921932727,1.2951807970901859,0.9785390000101235,40.6940856334213,,12,cube,full_whitened,10
479,12,interaction,True,10,48.54202430272383,48.54202430272383,86.69369324776618,66.95030101897083,1.78595133789881,1.3792235074797665,47.825313360746584,,12,cube,full_whitened,10
480,12,interaction,True,10,49.28486269271367,49.28486269271367,57.324049428449385,50.26999452332649,1.1631167522137427,1.0199885274461453,40.34067967326163,,12,cube,full_whitened,10
481,12,interaction,True,10,46.4279162332125,46.4279162332125,64.49645925058817,49.278310000942426,1.3891741108219333,1.0613939629211893,37.129954112292076,,12,cube,full_whitened,10
482,12,interaction,True,10,53.47579984913325,53.47579984913325,62.25630839288509,51.19764099160078,1.1641959272890456,0.95739832103569,48.12729987353563,,12,cube,full_whitened,10
483,12,interaction,True,10,50.82163038096257,50.82163038096257,78.52864087441293,58.706764412104654,1.545181456906373,1.1551531104381059,39.17708265218554,,12,cube,full_whitened,10
484,12,interaction,True,10,60.82604019340164,60.82604019340164,97.1273614921428,65.48135974581827,1.5968055981174836,1.0765349764280996,42.508787227361196,,12,cube,full_whitened,10
485,12,interaction,True,10,77.8186942164704,77.8186942164704,87.29024508511876,59.132705942485714,1.1217130531938904,0.7598779000068369,39.34826645749154,,12,cube,full_whitened,10
486,12,transport_free,True,10,67.92748521288999,67.92748521288999,77.4208512587592,63.54219845719973,1.1397573606047136,0.935441644248327,41.83684919588187,,12,cube,full_whitened,10
487,12,transport_free,True,10,56.15541357302401,56.15541357302401,67.38334825125415,55.026976863086524,1.199943940643041,0.9799051126483098,39.84445977161454,,12,cube,full_whitened,10
488,12,transport_free,True,10,43.62899835783743,43.62899835783743,72.0407882747933,56.75104757995346,1.651213435704559,1.3007643933168318,41.25943280990232,,12,cube,full_whitened,10
489,12,transport_free,True,10,50.012581511991826,50.012581511991826,55.936195931306116,57.4358704122599,1.1184424846754601,1.1484284289241928,40.348823185738,,12,cube,full_whitened,10
490,12,transport_free,True,10,50.80794009398699,50.80794009398699,50.40567222062525,56.94155647974824,0.9920825785769388,1.1207216111185572,38.04843188961251,,12,cube,full_whitened,10
491,12,transport_free,True,10,42.88394609234831,42.88394609234831,67.61732442542969,51.85828087600096,1.5767514556570739,1.2092702654817935,34.081807896900116,,12,cube,full_whitened,10
492,12,transport_free,True,10,45.528714685766815,45.528714685766815,73.21062484574148,55.6896412905412,1.608009919696428,1.223176223508697,39.0846652597559,,12,cube,full_whitened,10
493,12,transport_free,True,10,51.995694842093464,51.995694842093464,79.98617791250118,57.00628785093851,1.5383230891598323,1.0963655361095144,38.91298511415327,,12,cube,full_whitened,10
494,13,transport_free,True,10,215.76760794873763,215.76760794873763,226.53197516111754,62.3599336021479,1.0498887081092234,0.2890143436959428,49.10169897624364,,13,cube,full_whitened,10
495,13,transport_free,True,10,226.53197516111754,226.53197516111754,231.28416621804826,51.6215071923704,1.0209780144880245,0.22787735442493431,40.849402565859194,,13,cube,full_whitened,10
496,13,transport_free,True,10,231.28416621804826,231.28416621804826,246.8814860231347,44.94183346247776,1.0674379057595396,0.19431435449025877,35.518456826231414,,13,cube,full_whitened,10
497,13,interaction,True,10,234.23166318264208,234.23166318264208,276.06213450974644,85.25739415812049,1.178585895513567,0.36398748572109596,87.21068407769427,,13,cube,full_whitened,10
498,13,interaction,True,10,185.49803885897848,185.49803885897848,195.606304529549,136.9318099590984,1.0544925743298836,0.7381846773226445,136.422202450982,,13,cube,full_whitened,10
499,13,interaction,True,10,193.36601813229623,193.36601813229623,127.10744573435875,81.52671627446544,0.6573411758802159,0.4216186332113789,76.39914663878285,,13,cube,full_whitened,10
500,13,interaction,True,10,62.68333063199694,62.68333063199694,55.27270175333165,70.90919103521989,0.8817767211163074,1.131228834209777,55.99569116240778,,13,cube,full_whitened,10
501,13,interaction,True,10,39.32497610593423,39.32497610593423,52.257834267617476,54.63231652001956,1.3288713546028486,1.3892523767299991,46.55402172841162,,13,cube,full_whitened,10
502,13,interaction,True,10,36.89356732382956,36.89356732382956,72.64301996317141,62.732783210438825,1.9689887758902425,1.7003718469349456,52.61597110832762,,13,cube,full_whitened,10
503,13,interaction,True,10,66.62945872301397,66.62945872301397,101.99944942800587,61.17926418204971,1.5308461359716108,0.9182014285359675,47.52254570578149,,13,cube,full_whitened,10
504,13,interaction,True,10,96.35211923770937,96.35211923770937,145.5555995940382,71.90200867678486,1.5106631877492949,0.7462421091060396,57.26808143247589,,13,cube,full_whitened,10
505,13,interaction,True,10,139.52861317223147,139.52861317223147,160.55811630782773,68.5693452599879,1.150718212253983,0.4914357256267372,47.745990622106284,,13,cube,full_whitened,10
506,13,static,True,10,154.04501058893055,154.04501058893055,166.69343615141207,71.19722964923848,1.082108635093894,0.4621845873296633,53.34703191649008,,13,cube,full_whitened,10
507,13,transport_free,True,10,159.92990577683122,159.92990577683122,182.93566695715822,91.66313634911447,1.1438490260378795,0.5731456909442734,85.59550905605687,,13,cube,full_whitened,10
508,13,transport_free,True,10,173.69730213212165,173.69730213212165,180.74165028825334,49.76923081923681,1.0405553112780845,0.2865285194894978,48.55160884099517,,13,cube,full_whitened,10
509,13,transport_free,True,10,175.05374080751523,175.05374080751523,174.3566390992259,43.81421445871254,0.9960177845667644,0.2502900781017275,43.32690534793608,,13,cube,full_whitened,10
510,13,transport_free,True,10,174.26629522968835,174.26629522968835,184.04708650053198,48.294795928027455,1.0561255477311446,0.27713216640299504,51.86868795797218,,13,cube,full_whitened,10
511,13,transport_free,True,10,183.01685877191994,183.01685877191994,185.7427430325206,44.958805136967825,1.0148941702906054,0.24565390007593005,44.95606035768949,,13,cube,full_whitened,10
512,13,transport_free,True,10,183.85206034037026,183.85206034037026,171.6602472696024,46.66840716945178,0.9336868292463145,0.2538367374456033,40.25410839321908,,13,cube,full_whitened,10
513,13,transport_free,True,10,165.459465411398,165.459465411398,171.05039497416257,50.84913631093964,1.0337903277329181,0.3073208062440458,46.502426140495885,,13,cube,full_whitened,10
514,13,interaction,True,10,164.56816828225743,164.56816828225743,174.64509903073522,59.232118308453394,1.0612325630992894,0.35992451594200175,41.13752400150837,,13,cube,full_whitened,10
515,13,interaction,True,10,168.5899499069929,168.5899499069929,122.18626463943264,74.13751047848444,0.724754142858693,0.4397504745649688,61.827218125153266,,13,cube,full_whitened,10
516,13,interaction,True,10,117.31259783399574,117.31259783399574,43.222782948312144,85.56732323910171,0.3684411030559134,0.7293958604529799,72.25464257909509,,13,cube,full_whitened,10
517,13,interaction,True,10,35.25417059425266,35.25417059425266,54.559171693554404,64.49279719910342,1.5475948171207,1.829366458265718,47.41386102900114,,13,cube,full_whitened,10
518,13,interaction,True,10,39.70505762723676,39.70505762723676,55.77268491993452,43.38199547934097,1.4046745742959388,1.0926062842327149,31.41653418679691,,13,cube,full_whitened,10
519,13,interaction,True,10,46.83883432522667,46.83883432522667,81.36594201624953,81.3583415121876,1.7371470316977358,1.736984762414748,75.53097813384494,,13,cube,full_whitened,10
520,13,interaction,True,10,56.75736867678957,56.75736867678957,108.86305122879162,78.71915761273868,1.918042604277922,1.3869416332707862,71.20732610545011,,13,cube,full_whitened,10
521,13,interaction,True,10,101.39080295717064,101.39080295717064,151.75851286345406,68.57190366259067,1.4967680345480614,0.6763128574053874,54.254604773238455,,13,cube,full_whitened,10
522,13,interaction,True,10,146.08302239063417,146.08302239063417,141.44566504242096,72.60053224594398,0.9682553299327785,0.4969813128031134,55.400315289424476,,13,cube,full_whitened,10
523,13,static,True,10,136.33127380193258,136.33127380193258,160.62629316059815,82.48679420385056,1.178205768061423,0.6050467504887441,64.9450375314726,,13,cube,full_whitened,10
524,13,transport_free,True,10,151.74770074740874,151.74770074740874,176.17909373714804,74.37567522353962,1.1610000867848833,0.49012719703306384,61.48861982124757,,13,cube,full_whitened,10
525,13,transport_free,True,10,167.896617527412,167.896617527412,169.37593394120609,53.88162278775341,1.0088108768096686,0.32092143118342636,52.47169564224824,,13,cube,full_whitened,10
526,13,transport_free,True,10,163.9519089843174,163.9519089843174,176.0229612393918,48.05712602965045,1.07362556697177,0.29311720935342866,48.18929774315374,,13,cube,full_whitened,10
527,13,transport_free,True,10,173.218630077037,173.218630077037,168.70170551290926,53.7288007952463,0.9739235637522424,0.3101791116310701,55.03391338052052,,13,cube,full_whitened,10
528,13,transport_free,True,10,168.38755946457218,168.38755946457218,175.9319826483859,51.51174582641874,1.0448039226163917,0.3059118262074256,55.23531907584592,,13,cube,full_whitened,10
529,13,transport_free,True,10,174.92624941274977,174.92624941274977,164.34227829883753,42.36417967470552,0.939494666183926,0.2421830903991116,40.51403062250424,,13,cube,full_whitened,10
530,13,transport_free,True,10,161.21441269442536,161.21441269442536,147.4255537689795,47.24077944027049,0.9144688201570289,0.2930307448988029,36.38553285325792,,13,cube,full_whitened,10
531,13,interaction,True,10,140.60710068777985,140.60710068777985,145.55976484364766,59.23606921612577,1.0352234284871948,0.4212878931886971,39.6028749956511,,13,cube,full_whitened,10
532,14,transport_free,True,10,116.74833675441865,116.74833675441865,128.0336049573308,61.461452660205936,1.0966632032338999,0.5264439251883369,42.04128380173858,,14,cube,full_whitened,10
533,14,transport_free,True,10,119.6964318803966,119.6964318803966,124.06524959848846,66.3410577006754,1.0364991474637881,0.5542442381821783,41.796707979781104,,14,cube,full_whitened,10
534,14,static,True,10,116.18197378447005,116.18197378447005,129.14955596958993,72.2432390985644,1.1116144076634136,0.621811084330374,40.80424604060875,,14,cube,full_whitened,10
535,14,interaction,True,10,109.38178834942366,109.38178834942366,117.4024483021877,67.3321498469009,1.0733271970937408,0.6155700218742646,37.06246740559013,,14,cube,full_whitened,10
536,14,interaction,True,10,108.78837822716687,108.78837822716687,105.71707869006786,71.85481880552416,0.9717681282950494,0.6605008731307699,43.747809729339366,,14,cube,full_whitened,10
537,14,interaction,True,10,95.84256953209362,95.84256953209362,80.29949369861365,67.91881884509974,0.8378270124709537,0.7086498116304842,41.71372321710922,,14,cube,full_whitened,10
538,14,interaction,True,10,65.17034846323412,65.17034846323412,55.088988394879536,59.35399703828671,0.8453075623181302,0.9107515678203146,46.490628340187385,,14,cube,full_whitened,10
539,14,interaction,True,10,28.700534135991177,28.700534135991177,45.49887966465917,56.15116158787714,1.585297313599556,1.9564500549647332,46.11561679790726,,14,cube,full_whitened,10
540,14,interaction,True,10,35.10101904980026,35.10101904980026,314.0957283794287,301.1340361894414,8.94833645524078,8.579068196345002,293.3172560291402,,14,cube,full_whitened,10
541,14,interaction,True,10,251.0133412347845,251.0133412347845,454.83953794414714,310.536988520353,1.8120134001910062,1.2371334009290498,300.68355731607977,,14,cube,full_whitened,10
542,14,interaction,True,10,303.32367419803484,303.32367419803484,375.1855182977969,139.22595455324063,1.2369147224982007,0.459001279479235,101.9306813376893,,14,cube,full_whitened,10
543,14,interaction,True,10,318.4399238280695,318.4399238280695,256.6860108853607,117.36862630575433,0.8060735846173276,0.36857384242160357,96.68802285722431,,14,cube,full_whitened,10
544,14,transport_free,True,10,253.7995688649675,253.7995688649675,254.03981003166476,114.79133129606296,1.000946578308906,0.45229127775680733,152.51056009238047,,14,cube,full_whitened,10
545,14,transport_free,True,10,235.33522652003208,235.33522652003208,240.11598853379792,162.163445241307,1.0203146893240773,0.6890742522454597,212.33232692808008,,14,cube,full_whitened,10
546,14,transport_free,True,10,236.99063335618467,236.99063335618467,252.3278367662864,68.77115967897139,1.0647164961454434,0.2901851381426197,113.98987983751222,,14,cube,full_whitened,10
547,14,transport_free,True,10,196.81293553848263,196.81293553848263,223.36446691073348,66.3548265099048,1.1349074505677461,0.3371466734559757,55.46587707896723,,14,cube,full_whitened,10
548,14,transport_free,True,10,223.3644669107335,223.3644669107335,206.02861357421835,50.40217188833657,0.9223875955908272,0.22564991014653885,57.23654491864305,,14,cube,full_whitened,10
549,14,transport_free,True,10,195.44609404574982,195.44609404574982,232.47492690898866,68.8469268082115,1.189458034677179,0.35225532208433846,50.96522884487193,,14,cube,full_whitened,10
550,14,transport_free,True,10,217.97015354626393,217.97015354626393,286.30896047342685,68.46413349458834,1.3135236903554233,0.3140986615860547,47.207611079461884,,14,cube,full_whitened,10
551,14,transport_free,True,10,196.77932137212312,196.77932137212312,301.7822117329829,50.68874319888982,1.5336073405919117,0.2575918183142524,43.88169229845007,,14,cube,full_whitened,10
552,14,interaction,True,10,258.38070562619595,258.38070562619595,275.6861571675234,103.4825189047781,1.066976562740577,0.4005040494567274,49.059826005432214,,14,cube,full_whitened,10
553,14,interaction,True,10,252.77161345992363,252.77161345992363,234.4983351113051,136.7135281532529,0.9277083447049496,0.5408579162902266,41.3630238696956,,14,cube,full_whitened,10
554,14,interaction,True,10,234.49833511130512,234.49833511130512,355.3785211770974,206.54345428211835,1.5154841973970359,0.8807885744011021,198.48872893632083,,14,cube,full_whitened,10
555,14,interaction,True,10,261.1152125745215,261.1152125745215,450.40450155029936,257.66334409515775,1.7249263155119898,0.9867802858158692,227.1107244523226,,14,cube,full_whitened,10
556,14,interaction,True,10,213.45366991719501,213.45366991719501,248.56884822137857,148.32992562071223,1.1645096020968193,0.6949045461633608,149.9424700613778,,14,cube,full_whitened,10
557,14,interaction,True,10,221.79501056689716,221.79501056689716,213.5635016000878,115.45345176734259,0.9628868614051775,0.5205412487514901,105.03233313559151,,14,cube,full_whitened,10
558,14,interaction,True,10,152.48616186860755,152.48616186860755,360.26173521918656,147.72137983313473,2.3625864196753312,0.9687526921978764,136.54469497008213,,14,cube,full_whitened,10
559,14,interaction,True,10,298.37295110489015,298.37295110489015,321.27316335030116,132.78249477339256,1.0767502957644464,0.44502189049540936,131.41010423634498,,14,cube,full_whitened,10
560,14,interaction,True,10,269.5399967365143,269.5399967365143,319.0897301935207,121.73108026487233,1.183830726634026,0.4516252939776843,78.80135483727935,,14,cube,full_whitened,10
561,14,interaction,True,10,271.1822626289786,271.1822626289786,263.06758247413086,98.36832945475992,0.9700766559133333,0.3627388034199854,71.33706360336299,,14,cube,full_whitened,10
562,14,transport_free,True,10,274.19788151697514,274.19788151697514,282.9591970248465,113.65554605498478,1.0319525280771689,0.41450191163474964,155.60923349824816,,14,cube,full_whitened,10
563,14,transport_free,True,10,246.73460887516416,246.73460887516416,295.50912005410174,144.97569366645243,1.1976800555110416,0.5875774554991722,196.75426573906526,,14,cube,full_whitened,10
564,14,transport_free,True,10,295.50912005410174,295.50912005410174,329.3848449307351,62.933172802746085,1.1146351248666415,0.2129652472019283,72.09113552578262,,14,cube,full_whitened,10
565,14,transport_free,True,10,317.40315487660166,317.40315487660166,330.83409833144026,45.16823296864186,1.0423150912285677,0.14230555769428987,66.89611675106855,,14,cube,full_whitened,10
566,14,transport_free,True,10,318.2396341095466,318.2396341095466,318.0643142424775,56.214506092458784,0.999449094806938,0.1766420648696078,84.3629840915371,,14,cube,full_whitened,10
567,14,transport_free,True,10,315.3981215637663,315.3981215637663,319.58358310402537,38.791986734815126,1.0132704073172891,0.12299371518917644,64.56298127759744,,14,cube,full_whitened,10
568,14,transport_free,True,10,310.86718580475986,310.86718580475986,285.324451774196,74.92014774877703,0.9178339329561598,0.24100371853280977,55.60356719553098,,14,cube,full_whitened,10
569,14,transport_free,True,10,279.9471417077919,279.9471417077919,294.65154546182157,116.7866379325586,1.0525256434637154,0.4171738893996646,85.61780090456017,,14,cube,full_whitened,10
570,15,transport_free,True,10,387.0758066100291,387.0758066100291,409.2818932285634,57.11208885407511,1.057368831219427,0.14754755497187239,48.91106729093432,,15,cube,full_whitened,10
571,15,transport_free,True,10,385.5723985448748,385.5723985448748,415.32277553781887,52.16858660189402,1.0771589903873309,0.1353016626676984,43.546530079379636,,15,cube,full_whitened,10
572,15,transport_free,True,10,362.9157955123536,362.9157955123536,389.55148909138506,58.378008488751064,1.073393591318967,0.16085827404215006,40.24277210383608,,15,cube,full_whitened,10
573,15,interaction,True,10,362.0339481645537,362.0339481645537,373.0518148712313,65.61286855654369,1.0304332418618092,0.18123402208325767,38.44320097014851,,15,cube,full_whitened,10
574,15,interaction,True,10,367.68542665669224,367.68542665669224,314.7513648684729,99.74880651876228,0.8560343762614125,0.2712884419319064,104.0661962956177,,15,cube,full_whitened,10
575,15,interaction,True,10,306.90642656148293,306.90642656148293,171.86942424582404,197.14771067120878,0.5600059476479983,0.6423707475923902,201.9020085282676,,15,cube,full_whitened,10
576,15,interaction,True,10,127.78388888702483,127.78388888702483,56.246213838977745,74.93237011383235,0.4401667090340759,0.5863991991985852,63.89167402759988,,15,cube,full_whitened,10
577,15,interaction,True,10,38.59281095979502,38.59281095979502,67.14071202517923,181.6131866627382,1.7397206981145963,4.705881280633797,175.50645154748727,,15,cube,full_whitened,10
578,15,interaction,True,10,54.951573582784064,54.951573582784064,282.8653077393102,236.76000923029943,5.147537901042562,4.308521008477083,234.83220365162504,,15,cube,full_whitened,10
579,15,interaction,True,10,263.99516313639174,263.99516313639174,374.9604017617375,67.33196291608172,1.4203305746477488,0.25504998696243164,61.42526616316612,,15,cube,full_whitened,10
580,15,interaction,True,10,326.90401667301785,326.90401667301785,416.48054833289166,57.04129923351093,1.2740147783178564,0.1744894413168556,41.178904294247765,,15,cube,full_whitened,10
581,15,interaction,True,10,372.21012588524775,372.21012588524775,383.80946219948794,48.85822440135158,1.031163408804779,0.13126516718251385,36.8957725074627,,15,cube,full_whitened,10
582,15,static,True,10,339.54468153668165,339.54468153668165,364.4136197230125,66.2325921593664,1.0732420195002943,0.19506296449591473,52.62382253121659,,15,cube,full_whitened,10
583,15,transport_free,True,10,315.2567235078962,315.2567235078962,395.9158195014984,141.13095824749075,1.255852103949123,0.447669939207358,137.75998507369522,,15,cube,full_whitened,10
584,15,transport_free,True,10,342.5268141681302,342.5268141681302,361.0898111862523,101.65329621115905,1.0541942885937403,0.29677471078588974,96.405032757029,,15,cube,full_whitened,10
585,15,transport_free,True,10,317.7183045339058,317.7183045339058,331.06433235080146,52.36160316922623,1.0420058511783712,0.16480511957295296,48.5414588201734,,15,cube,full_whitened,10
586,15,transport_free,True,10,299.9415910893116,299.9415910893116,356.94587413711844,59.635464319703615,1.190051279119984,0.19882359129696808,49.761200773258736,,15,cube,full_whitened,10
587,15,transport_free,True,10,319.3660469859908,319.3660469859908,391.9573127131117,60.568734013911126,1.227298006197588,0.18965301598440742,51.093150040839845,,15,cube,full_whitened,10
588,15,transport_free,True,10,344.8849276423387,344.8849276423387,413.07612984469665,47.498860152029835,1.1977216072285863,0.13772379232904114,41.83167331665883,,15,cube,full_whitened,10
589,15,transport_free,True,10,356.1831748336149,356.1831748336149,444.2023619764589,43.10376895302039,1.247117756710324,0.12101573571844208,33.391132003030094,,15,cube,full_whitened,10
590,15,interaction,True,10,394.12413532894686,394.12413532894686,407.84594830588014,60.20990272077658,1.034815967221801,0.15276887996347582,52.34298854970096,,15,cube,full_whitened,10
591,15,interaction,True,10,376.7225929094361,376.7225929094361,377.52638383273813,60.75587528564056,1.0021336414073134,0.16127483838020365,45.14766120672729,,15,cube,full_whitened,10
592,15,interaction,True,10,353.8706369779225,353.8706369779225,362.06400027329784,123.97049666316829,1.023153555110837,0.3503271639655783,116.22841383116086,,15,cube,full_whitened,10
593,15,interaction,True,10,347.7107969423455,347.7107969423455,369.54766980359096,210.64285528851315,1.0628018256932823,0.6057990063605652,210.64982231392372,,15,cube,full_whitened,10
594,15,interaction,True,10,334.6964079490058,334.6964079490058,437.61662513875,142.05626701931078,1.3075032021419994,0.4244331987003411,140.15607751005584,,15,cube,full_whitened,10
595,15,interaction,True,10,416.43262313427783,416.43262313427783,347.38304297414993,324.7196639982911,0.8341878701999218,0.7797651911953736,320.3712331917521,,15,cube,full_whitened,10
596,15,interaction,True,10,321.2681085590601,321.2681085590601,386.60994637225474,115.19203665242944,1.2033872521809383,0.3585542217965067,112.85264673124594,,15,cube,full_whitened,10
597,15,interaction,True,10,344.43398506563994,344.43398506563994,346.39070103098544,108.73855696495212,1.0056809607941928,0.31570217132966555,106.66086219788508,,15,cube,full_whitened,10
598,15,interaction,True,10,319.69179254522555,319.69179254522555,379.19564843459295,52.54224853393568,1.1861288193094592,0.164352822809809,36.77422873126446,,15,cube,full_whitened,10
599,15,static,True,10,337.96759491351673,337.96759491351673,384.51211888139835,49.53988875107554,1.1377188957414452,0.14658177143803508,37.32361113720128,,15,cube,full_whitened,10
600,15,transport_free,True,10,335.8892304307493,335.8892304307493,371.1959638316421,105.90773707101437,1.1051142168375416,0.31530554562644575,95.70590447484838,,15,cube,full_whitened,10
601,15,transport_free,True,10,311.328627470796,311.328627470796,314.4835874850555,92.58546595267003,1.010133857717776,0.2973882186961909,87.95414901811453,,15,cube,full_whitened,10
602,15,transport_free,True,10,264.8554138580676,264.8554138580676,283.20194490059725,80.38488477535313,1.069269986878053,0.3035047824940074,74.55256195162995,,15,cube,full_whitened,10
603,15,transport_free,True,10,240.44953354424547,240.44953354424547,291.6240409415296,62.847513188776276,1.212828474411939,0.2613750680336072,49.738228827346845,,15,cube,full_whitened,10
604,15,transport_free,True,10,246.28539200174117,246.28539200174117,307.26646638685986,63.65314844524507,1.24760329424933,0.25845279708995106,51.76297670461018,,15,cube,full_whitened,10
605,15,transport_free,True,10,257.5168611688976,257.5168611688976,337.0992590613945,50.254574510802286,1.3090376200271452,0.195150617643797,40.32595472333909,,15,cube,full_whitened,10
606,15,transport_free,True,10,283.11228110151416,283.11228110151416,351.4640308445487,54.94617267338876,1.2414298294552824,0.1940790857238969,45.91217436143094,,15,cube,full_whitened,10
607,15,transport_free,True,10,298.3962178827825,298.3962178827825,365.302152138823,56.11555501242477,1.2242184392642765,0.1880571925830118,46.37679618497492,,15,cube,full_whitened,10
608,16,transport_free,True,10,403.55243759995096,403.55243759995096,417.0193490338411,80.0293197794125,1.0333709084102725,0.1983120713019879,47.77212655621628,,16,cube,full_whitened,10
609,16,transport_free,True,10,405.09372035610374,405.09372035610374,425.38539442251346,74.48346942930519,1.0500913073857872,0.1838672526541003,34.43181253857893,,16,cube,full_whitened,10
610,16,transport_free,True,10,413.6538685933832,413.6538685933832,408.62803503793805,83.91153509265888,0.9878501473404918,0.20285446713697464,73.32534039775067,,16,cube,full_whitened,10
611,16,interaction,True,10,399.50422174568587,399.50422174568587,391.8260495944078,48.603770212248335,0.9807807484042914,0.12166021675532693,35.31574535653605,,16,cube,full_whitened,10
612,16,interaction,True,10,388.27494663496,388.27494663496,382.3508141584814,109.78708371633022,0.9847424292300574,0.28275603323834203,104.71698250208101,,16,cube,full_whitened,10
613,16,interaction,True,10,373.9562538534404,373.9562538534404,126.74199761932088,134.1337747168862,0.33892198970683124,0.3586884116382646,125.12707938237054,,16,cube,full_whitened,10
614,16,interaction,True,10,101.51501304851433,101.51501304851433,66.02888173789496,66.09233278448781,0.6504346475958148,0.6510596886088375,51.75047540734403,,16,cube,full_whitened,10
615,16,interaction,True,10,48.16719261848456,48.16719261848456,51.3722608153013,63.584886859671684,1.0665404816552826,1.3200870427160925,44.47877769184695,,16,cube,full_whitened,10
616,16,interaction,True,10,35.58669762758683,35.58669762758683,113.86051328139297,97.77615846289652,3.199524565975131,2.7475479598056434,85.37270650989541,,16,cube,full_whitened,10
617,16,interaction,True,10,88.22492960221561,88.22492960221561,118.17954580831059,59.01573246180249,1.3395255325354516,0.6689235426754074,40.98319865228345,,16,cube,full_whitened,10
618,16,interaction,True,10,103.62449959482225,103.62449959482225,129.52896886848458,51.98199314305462,1.2499840228416088,0.501638061909174,42.36439146305828,,16,cube,full_whitened,10
619,16,interaction,True,10,117.8586815788306,117.8586815788306,140.0867411900129,46.22628255540874,1.1885992555950569,0.3922178827742101,38.946211676666074,,16,cube,full_whitened,10
620,16,static,True,10,125.8540538785922,125.8540538785922,124.18895392510036,57.843233585162245,0.9867695961935552,0.4596056448126968,48.312768883938126,,16,cube,full_whitened,10
621,16,transport_free,True,10,114.05414651956991,114.05414651956991,87.0127308429293,58.21818001338167,0.7629072111639472,0.5104433445862693,54.311589379895686,,16,cube,full_whitened,10
622,16,transport_free,True,10,82.53939462457198,82.53939462457198,72.65402448020555,51.72991698145822,0.8802345208693406,0.6267300265134028,50.163803945758744,,16,cube,full_whitened,10
623,16,static,True,10,63.39434370009424,63.39434370009424,70.03631412437772,31.212830143569366,1.1047722878196404,0.49235985928383336,35.47157326539095,,16,cube,full_whitened,10
624,16,transport_free,True,10,64.1165006702214,64.1165006702214,68.44902011125438,30.83632824814014,1.067572612287701,0.4809421588171908,35.41492992302136,,16,cube,full_whitened,10
625,16,transport_free,True,10,64.90844697743651,64.90844697743651,89.62187187888256,32.19104605963369,1.3807428162629887,0.495945405546738,31.47127413425377,,16,cube,full_whitened,10
626,16,transport_free,True,10,87.78168066918556,87.78168066918556,100.78481152790337,36.450908117877425,1.1481303474664772,0.41524504703033066,35.33104293627026,,16,cube,full_whitened,10
627,16,transport_free,True,10,97.00247825847396,97.00247825847396,93.71361128143889,49.36447406440443,0.966095021116146,0.5088991018648747,48.92130499007513,,16,cube,full_whitened,10
628,16,interaction,True,10,87.37991327280872,87.37991327280872,117.95906745847307,37.98961244020779,1.3499563348179713,0.43476367756970036,39.592670598571694,,16,cube,full_whitened,10
629,16,interaction,True,10,109.72029193845354,109.72029193845354,115.14021750617634,40.64655142016093,1.0493976590106326,0.370456099797485,42.21105573079474,,16,cube,full_whitened,10
630,16,interaction,True,10,107.78457317773987,107.78457317773987,100.08933629490916,68.89049383032929,0.9286053963386667,0.6391498504774601,61.51027596910704,,16,cube,full_whitened,10
631,16,interaction,True,10,86.60289177728565,86.60289177728565,53.20453436365251,56.74271199226298,0.6143505519478172,0.6552057422999997,49.258235124883925,,16,cube,full_whitened,10
632,16,interaction,True,10,42.09712415726711,42.09712415726711,52.153486501770644,59.54270520523785,1.2388847824125662,1.4144126563799764,31.02815704966493,,16,cube,full_whitened,10
633,16,interaction,True,10,41.16377670304824,41.16377670304824,109.85429509194253,94.50719209400228,2.6687127346069692,2.295882439936661,64.78799456524048,,16,cube,full_whitened,10
634,16,interaction,True,10,88.38063032951375,88.38063032951375,132.35224051558185,60.999857162442446,1.4975254195645205,0.6901948643612718,52.69848929209374,,16,cube,full_whitened,10
635,16,interaction,True,10,113.87834539253413,113.87834539253413,150.5047849156909,54.55475516155728,1.3216277809174948,0.47906171251004054,40.16130537684373,,16,cube,full_whitened,10
636,16,interaction,True,10,131.82387221268385,131.82387221268385,144.5326978279259,59.67012376317303,1.0964076187561664,0.4526503641684991,47.51329676054756,,16,cube,full_whitened,10
637,16,interaction,True,10,123.4174925545214,123.4174925545214,143.9982384995202,46.64525351628977,1.16675712266563,0.37794685786282345,36.92805177447495,,16,cube,full_whitened,10
638,16,transport_free,True,10,128.54062660957663,128.54062660957663,116.95135873278618,69.93586233956663,0.9098396500587229,0.5440759406906159,63.291509284530186,,16,cube,full_whitened,10
639,16,transport_free,True,10,108.99466856204592,108.99466856204592,116.40497968728783,57.4598839974926,1.0679878311756466,0.527180684666087,54.93419495755114,,16,cube,full_whitened,10
640,16,transport_free,True,10,109.47669916618992,109.47669916618992,117.15347365646574,41.353848846293715,1.070122451158508,0.3777411007205922,40.80853407701422,,16,cube,full_whitened,10
641,16,transport_free,True,10,113.92429691322702,113.92429691322702,115.96847825867522,45.107900480346885,1.0179433307980403,0.3959462704843754,41.82835586164801,,16,cube,full_whitened,10
642,16,transport_free,True,10,112.19752328217818,112.19752328217818,108.06067806231084,49.00027768965869,0.9631289078506383,0.43673225804122584,45.72689058940646,,16,cube,full_whitened,10
643,16,transport_free,True,10,104.85395488275009,104.85395488275009,117.51068696559085,39.79796243076214,1.1207081992948553,0.3795561404933659,34.73894646931118,,16,cube,full_whitened,10
644,16,transport_free,True,10,113.11592105966852,113.11592105966852,136.72282618564054,37.696893908321684,1.208696573433897,0.33325895731721633,35.24669063082046,,16,cube,full_whitened,10
645,16,interaction,True,10,128.90334306582258,128.90334306582258,154.88573382453754,39.3141018116914,1.201564910116004,0.3049890008796454,38.19699253717468,,16,cube,full_whitened,10
646,17,transport_free,True,10,451.72355807341864,451.72355807341864,529.0764430114258,91.79129992526416,1.1712394307436917,0.2032023751799664,37.49422312535956,,17,cube,full_whitened,10
647,17,transport_free,True,10,473.380948979177,473.380948979177,527.6800547443476,99.09915079257925,1.1147048817284768,0.20934334388885265,37.67198093274853,,17,cube,full_whitened,10
648,17,transport_free,True,10,475.24877765119095,475.24877765119095,492.19365260060283,66.38160101748662,1.0356547470425028,0.13967758390786944,44.14841824033751,,17,cube,full_whitened,10
649,17,interaction,True,10,448.63838129180544,448.63838129180544,491.2405042803275,67.01167119895254,1.0949587123282984,0.14936678178536514,50.72008058590706,,17,cube,full_whitened,10
650,17,interaction,True,10,443.5975900391867,443.5975900391867,389.1361843893668,91.55370360764255,0.8772279045857556,0.20638909151773083,89.92443235964916,,17,cube,full_whitened,10
651,17,interaction,True,10,356.29171167272114,356.29171167272114,392.5140534040887,222.94304804491918,1.1016648452508497,0.6257317830893242,226.06310498830297,,17,cube,full_whitened,10
652,17,interaction,True,10,331.41999065670905,331.41999065670905,315.7794073963928,363.80937699559297,0.9528073631607906,1.097729126944649,360.5497856181429,,17,cube,full_whitened,10
653,17,interaction,True,10,186.21958744669138,186.21958744669138,169.7348683499078,174.59507687835222,0.9114769862676094,0.9375763273470527,148.6545570502841,,17,cube,full_whitened,10
654,17,interaction,True,10,59.08696970849462,59.08696970849462,57.43522596536516,67.44917557147905,0.9720455499532582,1.141523687950818,61.488745495652026,,17,cube,full_whitened,10
655,17,interaction,True,10,43.786742377211056,43.786742377211056,52.10679287860829,53.04236235675474,1.1900130050717688,1.2113795061484363,36.57381579822831,,17,cube,full_whitened,10
656,17,interaction,True,10,41.60588173342991,41.60588173342991,62.649471642115664,50.50167827131418,1.5057840149504016,1.2138110326535054,32.32114174493384,,17,cube,full_whitened,10
657,17,interaction,True,10,53.5575168536305,53.5575168536305,67.08444275069212,60.48866071173384,1.2525682050202196,1.1294149591932303,28.110318544091736,,17,cube,full_whitened,10
658,17,static,True,10,51.94095361433463,51.94095361433463,68.7240802984033,59.87859898757741,1.3231193406398465,1.1528205552824535,30.01007740940596,,17,cube,full_whitened,10
659,17,transport_free,True,10,53.309839459246575,53.309839459246575,72.33900547844627,66.53845926874482,1.356954104762345,1.2481459322272213,47.185248030734996,,17,cube,full_whitened,10
660,17,transport_free,True,10,58.921057676120185,58.921057676120185,77.78516743707962,70.46836376675724,1.320159048478941,1.1959792737277526,47.46346767285398,,17,cube,full_whitened,10
661,17,transport_free,True,10,66.87441564778064,66.87441564778064,75.2645280802648,55.65410262578851,1.125460721431554,0.8322181522887895,38.6355660234519,,17,cube,full_whitened,10
662,17,transport_free,True,10,67.30933366012704,67.30933366012704,70.45664392509454,54.70590874578114,1.0467588979688847,0.8127536817109814,39.18761208990527,,17,cube,full_whitened,10
663,17,transport_free,True,10,63.55113730991847,63.55113730991847,64.8745255132389,59.27784223012685,1.02082398929962,0.9327581651457766,33.75326003223302,,17,cube,full_whitened,10
664,17,transport_free,True,10,56.252476752481066,56.252476752481066,61.16126051041468,62.555568332485876,1.0872634244983197,1.1120500277301444,32.71560642994949,,17,cube,full_whitened,10
665,17,transport_free,True,10,51.40350487264179,51.40350487264179,68.22344511149828,64.82516058220762,1.3272138792973331,1.2611039022109398,28.982166754880993,,17,cube,full_whitened,10
666,17,interaction,True,10,52.84548921664457,52.84548921664457,56.8686680485289,59.950514664066034,1.0761309790394968,1.1344490429125145,30.053207547007396,,17,cube,full_whitened,10
667,17,interaction,True,10,37.46254653527887,37.46254653527887,56.69080207348619,61.684105605480156,1.5132661101962162,1.6465539935303541,36.922117146008816,,17,cube,full_whitened,10
668,17,interaction,True,10,38.15454450367838,38.15454450367838,54.89224775994816,60.941400017261856,1.4386817736654187,1.5972252010867711,36.408784481561966,,17,cube,full_whitened,10
669,17,interaction,True,10,39.372769465459,39.372769465459,85.3995847422668,75.8915328870035,2.1690012133179066,1.9275132005530304,70.70252353157609,,17,cube,full_whitened,10
670,17,interaction,True,10,76.4968308014621,76.4968308014621,75.47568634695551,52.65581389090475,0.986651153468608,0.6883398088420982,43.55663928192332,,17,cube,full_whitened,10
671,17,interaction,True,10,63.740217843722796,63.740217843722796,55.74495558975577,65.69738656211959,0.8745648740396577,1.0307053973865503,58.46533442504826,,17,cube,full_whitened,10
672,17,interaction,True,10,40.23098185769024,40.23098185769024,49.0917311896476,58.286340119575456,1.2202469073039441,1.4487923840823163,31.91536459338616,,17,cube,full_whitened,10
673,17,interaction,True,10,35.77980135008035,35.77980135008035,54.10410790560582,58.53065063381439,1.5121410925744092,1.6358573392046782,31.41050059109045,,17,cube,full_whitened,10
674,17,interaction,True,10,43.860426078162774,43.860426078162774,65.16418389966681,59.429093862048646,1.4857170740553007,1.3549593375162672,27.78884702593137,,17,cube,full_whitened,10
675,17,interaction,True,10,50.36014724170845,50.36014724170845,64.45824587644867,59.0864488203612,1.279945540410655,1.1732779202723538,28.564183059662337,,17,cube,full_whitened,10
676,17,transport_free,True,10,48.38034295118112,48.38034295118112,67.92164665175673,63.8067569527646,1.403909987167599,1.3188570617853976,37.30736483319172,,17,cube,full_whitened,10
677,17,transport_free,True,10,52.01749163721793,52.01749163721793,63.60555228344791,65.53814549186251,1.2227723844711278,1.2599251411225432,43.444759335449184,,17,cube,full_whitened,10
678,17,transport_free,True,10,54.72870422287414,54.72870422287414,68.3825762224046,56.207587999615065,1.249482829776623,1.027022086448793,44.08885025049406,,17,cube,full_whitened,10
679,17,static,True,10,61.94072274267663,61.94072274267663,69.8838639711805,57.83921629399178,1.1282377873035556,0.9337833614611839,35.45216818447863,,17,cube,full_whitened,10
680,17,transport_free,True,10,61.52371123580012,61.52371123580012,63.733682778493275,60.584397769127634,1.0359206474756222,0.9847324966617763,32.26404921261325,,17,cube,full_whitened,10
681,17,transport_free,True,10,55.07792657977839,55.07792657977839,62.32595865515243,59.2109258821405,1.1315959500558816,1.0750391229120728,32.786459642965255,,17,cube,full_whitened,10
682,17,transport_free,True,10,52.38259020531345,52.38259020531345,59.89514026070799,61.45753773245525,1.143416925851683,1.1732435813420559,30.98495031332811,,17,cube,full_whitened,10
683,17,transport_free,True,10,49.319595077851474,49.319595077851474,56.31094827740644,59.1115169332354,1.141756094885188,1.1985401915795797,26.925116587369835,,17,cube,full_whitened,10
684,18,transport_free,True,10,200.1135254657628,200.1135254657628,228.22707878242602,36.31606101373558,1.140488021742804,0.18147729359727288,38.165659952374554,,18,cube,full_whitened,10
685,18,transport_free,True,10,225.570043483519,225.570043483519,259.7420511620584,36.52032339565423,1.151491781225977,0.16190236447918468,33.88628590737027,,18,cube,full_whitened,10
686,18,transport_free,True,10,255.56210903025365,255.56210903025365,203.83527454761133,77.85993695710847,0.7975958381353049,0.30466150577858686,77.99956977573625,,18,cube,full_whitened,10
687,18,interaction,True,10,197.15325402422428,197.15325402422428,297.6888670467076,112.86353567335,1.5099363615379664,0.5724660048445481,101.90150071163355,,18,cube,full_whitened,10
688,18,interaction,True,10,291.90462597336455,291.90462597336455,232.10140805920213,101.75752881767079,0.7951275430639483,0.34859854816742736,73.28265090227863,,18,cube,full_whitened,10
689,18,interaction,True,10,217.4144268251217,217.4144268251217,107.03500342357486,49.71457590282762,0.4923086521285405,0.22866272780883934,35.03431950524991,,18,cube,full_whitened,10
690,18,interaction,True,10,83.04763056594709,83.04763056594709,74.18699431366886,76.75994630878733,0.8933065736867459,0.9242882161199436,57.24634010151201,,18,cube,full_whitened,10
691,18,interaction,True,10,61.84378648843799,61.84378648843799,239.15558792165245,231.72444476633092,3.8670916109957756,3.746931711719381,230.6696168813,,18,cube,full_whitened,10
692,18,interaction,True,10,228.9779165881044,228.9779165881044,628.7878790815181,440.29803407699205,2.7460634127989274,1.9228842704033318,443.1215133932371,,18,cube,full_whitened,10
693,18,interaction,True,10,391.9967087802511,391.9967087802511,439.03112401787394,110.74647734391607,1.1199867605622928,0.2825188958563407,56.91470298517194,,18,cube,full_whitened,10
694,18,interaction,True,10,439.03112401787394,439.03112401787394,498.6517166173918,126.22974051276526,1.1358003780093973,0.2875188878582243,94.91041538039259,,18,cube,full_whitened,10
695,18,interaction,True,10,498.6517166173918,498.6517166173918,493.91003386742693,104.29990760040982,0.9904909928273583,0.20916383945878927,42.46490385438636,,18,cube,full_whitened,10
696,18,static,True,10,493.91003386742693,493.91003386742693,514.3297063122925,119.91294292862818,1.0413428985942539,0.24278296593750648,94.8013674732075,,18,cube,full_whitened,10
697,18,transport_free,True,10,514.3297063122925,514.3297063122925,542.5094975594172,139.41929518481413,1.054789351852087,0.27106988663836,128.27729789524574,,18,cube,full_whitened,10
698,18,transport_free,True,10,542.5094975594174,542.5094975594174,545.50705234578,118.37152728106857,1.0055253498783852,0.2181925437500827,96.23855472412008,,18,cube,full_whitened,10
699,18,transport_free,True,10,527.4024775819838,527.4024775819838,533.3643325021376,119.1325285864543,1.0113041845148083,0.22588541702088488,44.26147488605981,,18,cube,full_whitened,10
700,18,transport_free,True,10,512.7770791854161,512.7770791854161,562.7913095293841,116.60269264550078,1.0975360100405018,0.22739450997055616,67.79092240825632,,18,cube,full_whitened,10
701,18,transport_free,True,10,542.5937699316779,542.5937699316779,526.8867682534815,104.20699459079499,0.9710520051120856,0.19205342996090147,42.83084147482633,,18,cube,full_whitened,10
702,18,transport_free,True,10,526.8867682534815,526.8867682534815,497.5650624935706,108.98210040603942,0.9443491324386336,0.20684159666277463,38.61676687458331,,18,cube,full_whitened,10
703,18,transport_free,True,10,497.5650624935706,497.5650624935706,503.2498568719777,105.69861433431483,1.0114252281900933,0.21243174471415108,63.372396495909285,,18,cube,full_whitened,10
704,18,interaction,True,10,503.2498568719777,503.2498568719777,510.5453916232766,107.20741407596935,1.0144968441653324,0.21303019287940297,75.8929099937821,,18,cube,full_whitened,10
705,18,interaction,True,10,510.5453916232766,510.5453916232766,466.34685030573166,144.5862423953556,0.9134287723624027,0.28319958375423654,107.83048266014319,,18,cube,full_whitened,10
706,18,interaction,True,10,466.34685030573166,466.34685030573166,352.169876379995,146.7659362212782,0.7551672669154225,0.31471411488050177,107.157416033092,,18,cube,full_whitened,10
707,18,interaction,True,10,344.7074357838798,344.7074357838798,434.52153549436935,255.13287628749657,1.260551674802861,0.7401432339494308,261.8824164865015,,18,cube,full_whitened,10
708,18,interaction,True,10,252.72233498132283,252.72233498132283,299.0164529202684,142.82026041227124,1.1831817434828897,0.5651271796884364,97.75051402701983,,18,cube,full_whitened,10
709,18,interaction,True,10,271.44004510520267,271.44004510520267,461.0173729624887,291.879346768717,1.6984132639080984,1.075299507320641,288.6749970418317,,18,cube,full_whitened,10
710,18,interaction,True,10,313.190307653602,313.190307653602,516.3277719848568,205.35160900331613,1.6486071227846903,0.6556767689964443,163.99014614041087,,18,cube,full_whitened,10
711,18,interaction,True,10,397.3180241184309,397.3180241184309,465.01412394131194,111.10690212938417,1.1703826549854743,0.2796422396791792,60.426481577300905,,18,cube,full_whitened,10
712,18,interaction,True,10,465.01412394131194,465.01412394131194,520.6343359076402,120.41460276881236,1.1196097260334998,0.25894826967451323,96.02721111187084,,18,cube,full_whitened,10
713,18,interaction,True,10,520.6343359076402,520.6343359076402,515.5548413826195,109.41011012123255,0.9902436428512433,0.21014770362867835,48.89050675911753,,18,cube,full_whitened,10
714,18,transport_free,True,10,515.5548413826195,515.5548413826195,488.4153087425598,143.01716596899672,0.9473585922163456,0.27740436998991613,116.53235793391728,,18,cube,full_whitened,10
715,18,transport_free,True,10,488.4153087425597,488.4153087425597,513.4108312610756,126.38873352678874,1.0511767794151818,0.25877307951747136,105.05814960886815,,18,cube,full_whitened,10
716,18,transport_free,True,10,503.7076273500272,503.7076273500272,503.197711760528,109.019460248419,0.9989876754652658,0.21643400720763992,75.74098957637787,,18,cube,full_whitened,10
717,18,transport_free,True,10,494.22587324991434,494.22587324991434,514.8552856488263,86.97491666839623,1.0417408588167547,0.17598211946385853,53.55016680623623,,18,cube,full_whitened,10
718,18,transport_free,True,10,503.41710217896025,503.41710217896025,512.968881792732,117.7453212888077,1.018973887800848,0.23389217565149445,72.71611730065544,,18,cube,full_whitened,10
719,18,transport_free,True,10,502.53062437550045,502.53062437550045,498.7275493722109,104.68487436611778,0.9924321527508584,0.2083154126103472,41.9677478152807,,18,cube,full_whitened,10
720,18,transport_free,True,10,498.7275493722109,498.7275493722109,490.18572615787093,98.85475484794598,0.9828727664531621,0.1982139446124092,51.25362811047461,,18,cube,full_whitened,10
721,18,transport_free,True,10,490.1857261578709,490.1857261578709,474.6296088476967,108.40521008480012,0.968264850484112,0.22115129898720626,36.503454991175424,,18,cube,full_whitened,10
722,19,transport_free,True,10,116.70811822393513,116.70811822393513,127.77148806434462,36.286832863712654,1.094795203699382,0.31091952655844257,37.352937266879806,,19,cube,full_whitened,10
723,19,transport_free,True,10,124.03345899338753,124.03345899338753,130.28598872565738,41.389461195042486,1.050410024706343,0.3336959360074691,39.110013491759446,,19,cube,full_whitened,10
724,19,transport_free,True,10,125.22524862171133,125.22524862171133,124.90847788802049,40.48399143282603,0.9974703924553764,0.32328936758690524,41.24233680513127,,19,cube,full_whitened,10
725,19,interaction,True,10,121.54075984025214,121.54075984025214,121.81617324951529,40.32437156451155,1.0022660168459137,0.33177653009173336,43.231695597939506,,19,cube,full_whitened,10
726,19,interaction,True,10,119.44406564095597,119.44406564095597,110.99000130831314,58.95345215675762,0.9292215625173426,0.49356535078075214,43.43598353764798,,19,cube,full_whitened,10
727,19,interaction,True,10,102.00575792818373,102.00575792818373,83.86174198767506,53.20805449386405,0.8221275317293089,0.5216181475885383,52.40874118501213,,19,cube,full_whitened,10
728,19,interaction,True,10,76.19129772753325,76.19129772753325,54.428648838753034,75.87362543552868,0.7143683132080864,0.9958305961247622,72.79661549624426,,19,cube,full_whitened,10
729,19,interaction,True,10,44.93544369515375,44.93544369515375,70.18914852569088,65.17780054890392,1.5619996767331514,1.4504763987883642,45.23978630449799,,19,cube,full_whitened,10
730,19,interaction,True,10,62.38460669580844,62.38460669580844,92.73896652541728,59.10023868180426,1.4865681044944108,0.9473529098288783,50.90746124518575,,19,cube,full_whitened,10
731,19,interaction,True,10,83.58194728035791,83.58194728035791,110.58693720628581,58.37581079924028,1.3230959651531615,0.6984260680530809,43.17033233143821,,19,cube,full_whitened,10
732,19,interaction,True,10,106.74375014848921,106.74375014848921,134.94714707117478,58.76634859275373,1.2642159085047355,0.5505366685263069,41.39852458125017,,19,cube,full_whitened,10
733,19,interaction,True,10,130.94649009679807,130.94649009679807,138.33953773736945,53.83054272638135,1.056458539935712,0.4110880916822499,37.16699597406302,,19,cube,full_whitened,10
734,19,static,True,10,134.18159144577226,134.18159144577226,148.6225409606686,57.683468497151495,1.107622434339158,0.42989107429437157,39.292125047214626,,19,cube,full_whitened,10
735,19,transport_free,True,10,143.56091260040614,143.56091260040614,162.31482342715628,75.97070090569036,1.1306338228634045,0.5291879212077079,53.99107660423398,,19,cube,full_whitened,10
736,19,transport_free,True,10,155.35771062722284,155.35771062722284,151.81415220732183,78.58201863273986,0.9771909716898204,0.5058134437967843,55.33612645995971,,19,cube,full_whitened,10
737,19,transport_free,True,10,144.200035442483,144.200035442483,146.92179459800184,59.31348422498482,1.0188748854822887,0.41132780614775344,35.825887561182974,,19,cube,full_whitened,10
738,19,transport_free,True,10,141.07268367427378,141.07268367427378,156.72973072143424,50.09319307631379,1.1109856751808267,0.3550878297032699,37.76988725299155,,19,cube,full_whitened,10
739,19,transport_free,True,10,149.39300830159326,149.39300830159326,163.61686010652835,54.724467367673384,1.0952109604501712,0.36631210516355706,34.75732447116797,,19,cube,full_whitened,10
740,19,transport_free,True,10,154.73929768495594,154.73929768495594,165.07140625972298,58.68218217182791,1.0667710706287608,0.3792325740763208,46.51770415115557,,19,cube,full_whitened,10
741,19,transport_free,True,10,156.55512408160644,156.55512408160644,145.2372534033167,57.405888317682184,0.9277068013922679,0.36668163149842736,44.8592809463767,,19,cube,full_whitened,10
742,19,interaction,True,10,138.62524992275138,138.62524992275138,134.07575420730473,55.78188569663864,0.9671813344395639,0.4023934003922299,39.5380715336587,,19,cube,full_whitened,10
743,19,interaction,True,10,127.45814214779504,127.45814214779504,94.64989031407725,60.13357740296608,0.7425958728028945,0.4717907886436768,41.4800985004784,,19,cube,full_whitened,10
744,19,interaction,True,10,90.95715017306703,90.95715017306703,77.08188806520272,71.25729032260276,0.8474527612016931,0.7834160391681056,56.709156957031055,,19,cube,full_whitened,10
745,19,interaction,True,10,71.60011441428655,71.60011441428655,63.291687032416505,66.57745509714493,0.883960696853129,0.9298512389508217,51.659760927639,,19,cube,full_whitened,10
746,19,interaction,True,10,55.97888860628918,55.97888860628918,80.41359505304729,69.72539717150136,1.4364985989381163,1.2455659429377768,36.823024962018366,,19,cube,full_whitened,10
747,19,interaction,True,10,65.41365395503556,65.41365395503556,89.84050055243097,81.01638413179342,1.3734212220308941,1.2385240577981314,65.83511604684665,,19,cube,full_whitened,10
748,19,interaction,True,10,82.72388167698512,82.72388167698512,104.64604851611765,56.6210036139077,1.2650040882357623,0.6844577704295569,42.21900563745056,,19,cube,full_whitened,10
749,19,interaction,True,10,100.53479951567829,100.53479951567829,115.27160323381625,57.61674369794882,1.1465841060919386,0.5731024876511894,42.449040814691486,,19,cube,full_whitened,10
750,19,interaction,True,10,111.60120970901599,111.60120970901599,137.75871558020307,61.89702325691322,1.2343837126800776,0.5546268129019457,42.0068651965682,,19,cube,full_whitened,10
751,19,transport_free,True,10,133.56198521445387,133.56198521445387,153.60251066004065,62.431698922382836,1.1500466275146233,0.46743614077118834,45.70416090890625,,19,cube,full_whitened,10
752,19,transport_free,True,10,148.77869741635539,148.77869741635539,158.81406284811516,74.27161024539582,1.0674516285330549,0.49920863359589457,53.297874032518955,,19,cube,full_whitened,10
753,19,transport_free,True,10,151.82536298643004,151.82536298643004,143.8284964759032,72.60732344043231,0.9473285203919348,0.47822921027313375,54.103319444890744,,19,cube,full_whitened,10
754,19,transport_free,True,10,135.9270182789164,135.9270182789164,148.18262147881097,79.28141302545535,1.0901631136699153,0.5832645638027114,65.92519305181104,,19,cube,full_whitened,10
755,19,transport_free,True,10,139.83582427271335,139.83582427271335,142.66071867508214,55.31697200272312,1.0202015071392547,0.39558512484498803,46.55585937071887,,19,cube,full_whitened,10
756,19,transport_free,True,10,136.58712908233676,136.58712908233676,160.60252711281214,57.46524906726794,1.1758247515107998,0.4207222851329354,48.48504348834408,,19,cube,full_whitened,10
757,19,transport_free,True,10,154.25551590395173,154.25551590395173,159.53784738445546,56.39226814196461,1.0342440362637846,0.3655769961385215,39.848634438211356,,19,cube,full_whitened,10
758,19,transport_free,True,10,153.50837433399033,153.50837433399033,147.6378289595586,55.284181624972376,0.9617574910821535,0.36013788736170055,40.474266965335794,,19,cube,full_whitened,10
759,19,static,True,10,141.32060028327038,141.32060028327038,141.30412947145777,55.567722115770444,0.9998834507369796,0.39320326975959347,40.32967626203092,,19,cube,full_whitened,10
760,20,transport_free,True,10,100.9538008774523,100.9538008774523,101.4366491925683,35.45485357228286,1.004782864150921,0.35119879850112296,34.42822569330066,,20,cube,full_whitened,10
761,20,transport_free,True,10,96.6515219359062,96.6515219359062,98.09542234487583,38.31465363542026,1.014939241307831,0.3964205929507076,36.45509629957215,,20,cube,full_whitened,10
762,20,transport_free,True,10,90.95014777261255,90.95014777261255,89.58217971051461,34.09467034326683,0.9849591441509469,0.3748720719894599,36.561468272249606,,20,cube,full_whitened,10
763,20,interaction,True,10,87.6552862879119,87.6552862879119,88.41276360069509,39.18149039051558,1.0086415474167203,0.44699517906792685,35.80360211310253,,20,cube,full_whitened,10
764,20,interaction,True,10,85.71682127281571,85.71682127281571,68.11556575831887,52.55574464550152,0.7946580933224723,0.6131322168169235,53.35499358757866,,20,cube,full_whitened,10
765,20,interaction,True,10,64.27674520682945,64.27674520682945,87.87179090498938,65.61435465874732,1.3670852595637177,1.020810161553976,62.21699979035905,,20,cube,full_whitened,10
766,20,interaction,True,10,64.44974500296681,64.44974500296681,55.97606579544873,56.890768508274874,0.8685226883810323,0.8827151838328612,56.82116188325286,,20,cube,full_whitened,10
767,20,interaction,True,10,36.12659718228616,36.12659718228616,64.25330289380445,63.209737750736224,1.7785595075450273,1.749673168269766,45.9244975589262,,20,cube,full_whitened,10
768,20,interaction,True,10,35.72364364680652,35.72364364680652,85.57837169266818,68.78380727870896,2.395566715947755,1.9254420954022091,51.5385455652692,,20,cube,full_whitened,10
769,20,interaction,True,10,65.6821971953384,65.6821971953384,89.78023197732497,51.03150708815429,1.366888377840333,0.776945797601547,46.85554253635444,,20,cube,full_whitened,10
770,20,interaction,True,10,78.10496348101046,78.10496348101046,92.35530916100515,50.56994327827168,1.182451217501169,0.6474613267128237,44.670449942589826,,20,cube,full_whitened,10
771,20,interaction,True,10,85.00624956697985,85.00624956697985,85.40132531371086,44.31001835095448,1.0046476082493172,0.5212560085484166,42.17730015368704,,20,cube,full_whitened,10
772,20,transport_free,True,10,79.69740682538534,79.69740682538534,79.89319261980863,44.69628713694692,1.0024566143645333,0.5608248614020173,40.60743866023907,,20,cube,full_whitened,10
773,20,transport_free,True,10,76.55165845620684,76.55165845620684,70.89552443921664,48.81009829471567,0.9261135012479721,0.6376099392103781,48.899907521211475,,20,cube,full_whitened,10
774,20,transport_free,True,10,66.37312858103192,66.37312858103192,72.08981744843219,60.75959001389967,1.0861295676370148,0.9154245296682235,64.10120916074916,,20,cube,full_whitened,10
775,20,transport_free,True,10,64.01474143256829,64.01474143256829,95.7901791201372,68.66783448138871,1.4963768809570286,1.0726878363434755,54.84339833877839,,20,cube,full_whitened,10
776,20,transport_free,True,10,76.94720840503606,76.94720840503606,80.18161295027514,60.26110935338995,1.0420340726100648,0.7831487405779097,48.6518586945586,,20,cube,full_whitened,10
777,20,transport_free,True,10,67.7688604002156,67.7688604002156,74.03960056891512,67.07972062739805,1.0925312913876233,0.9898310260974175,48.96733566868572,,20,cube,full_whitened,10
778,20,transport_free,True,10,62.2428210805159,62.2428210805159,78.90540386288168,66.74918599796936,1.2677028851377325,1.0723997537262029,48.16700984655436,,20,cube,full_whitened,10
779,20,transport_free,True,10,67.80857408338287,67.80857408338287,83.91749731726388,38.96138280380539,1.2375646951972799,0.5745790017040522,43.02248803645456,,20,cube,full_whitened,10
780,20,interaction,True,10,78.79761463211119,78.79761463211119,82.04681327911155,46.61994145971886,1.0412347335914944,0.5916415322643606,43.64158923846817,,20,cube,full_whitened,10
781,20,interaction,True,10,75.72006269275059,75.72006269275059,86.12412292528771,49.605974196095346,1.1374016325733074,0.6551232583810922,44.09027901677328,,20,cube,full_whitened,10
782,20,interaction,True,10,80.20726352809817,80.20726352809817,76.9253640248194,48.829400815379316,0.9590822656338468,0.6087902599778064,43.32837034118802,,20,cube,full_whitened,10
783,20,interaction,True,10,72.22262955931456,72.22262955931456,83.56914642945125,62.772806807912744,1.1571047321230266,0.8691570383263196,58.00936443573889,,20,cube,full_whitened,10
784,20,interaction,True,10,64.08774762873736,64.08774762873736,89.30550790992821,73.94725016950173,1.3934880100214826,1.1538437986287304,71.95216727666578,,20,cube,full_whitened,10
785,20,interaction,True,10,83.79164523560779,83.79164523560779,76.55076038160314,82.75210629834058,0.9135846439863483,0.9875937638610126,68.60279784522032,,20,cube,full_whitened,10
786,20,interaction,True,10,67.69415650210397,67.69415650210397,84.49722375824197,57.36645763378888,1.2482203505352159,0.8474358880888915,59.53317853626258,,20,cube,full_whitened,10
787,20,interaction,True,10,70.39789022615068,70.39789022615068,105.36971595894646,46.80692275501491,1.4967737757545014,0.6648909875658114,42.28415815889689,,20,cube,full_whitened,10
788,20,interaction,True,10,90.29941311173596,90.29941311173596,88.12533701148246,51.25029749947328,0.9759236962308568,0.5675595857534141,49.04390024558586,,20,cube,full_whitened,10
789,20,interaction,True,10,81.91423169173896,81.91423169173896,78.57143395147843,41.977052335864485,0.9591914900350869,0.5124512733493399,41.120355478636746,,20,cube,full_whitened,10
790,20,transport_free,True,10,76.15783586787077,76.15783586787077,71.94887514840211,45.62913314459328,0.9447337142461486,0.5991390462270627,43.649341600916365,,20,cube,full_whitened,10
791,20,transport_free,True,10,67.83523425670444,67.83523425670444,69.86800908952466,49.995868694594535,1.02996635679222,0.7370191795225243,51.92525247521602,,20,cube,full_whitened,10
792,20,transport_free,True,10,60.78442147639399,60.78442147639399,90.44209545658151,66.6336253620909,1.4879157070155757,1.096228667537265,43.973420364587284,,20,cube,full_whitened,10
793,20,static,True,10,77.20833213363315,77.20833213363315,86.30644966662805,58.2393948934332,1.117838545161781,0.7543148943125947,41.18116526186607,,20,cube,full_whitened,10
794,20,transport_free,True,10,76.36076780560217,76.36076780560217,77.311653347259,60.07022346661906,1.0124525403421503,0.7866634293089447,47.47511123744638,,20,cube,full_whitened,10
795,20,transport_free,True,10,62.80592174788383,62.80592174788383,72.39963006105194,49.15076918100762,1.1527516521718966,0.782581766386761,49.121153877950114,,20,cube,full_whitened,10
796,20,transport_free,True,10,58.21952348949199,58.21952348949199,76.65735218671482,48.995365609940535,1.3166949434162005,0.8415624634712732,44.38114902719806,,20,cube,full_whitened,10
797,20,transport_free,True,10,70.27309238415253,70.27309238415253,86.87647483183403,41.78603931788015,1.236269415282282,0.594623602010482,41.39528002358848,,20,cube,full_whitened,10
798,21,transport_free,True,10,353.2026346549342,353.2026346549342,349.7215847541279,51.6592855873006,0.9901443263462427,0.14625962696390926,49.22297631711516,,21,cube,full_whitened,10
799,21,transport_free,True,10,347.9999558921876,347.9999558921876,327.31334619644696,63.70882547439744,0.9405557117307525,0.18307136077377784,57.44188928890865,,21,cube,full_whitened,10
800,21,transport_free,True,10,327.31334619644696,327.31334619644696,294.1820889137474,53.81215138777341,0.8987781657310887,0.16440561319328675,47.658132332753894,,21,cube,full_whitened,10
801,21,interaction,True,10,293.4818301643578,293.4818301643578,293.78609869779496,70.69468750718303,1.0010367542456267,0.24088267225126708,58.96380955703724,,21,cube,full_whitened,10
802,21,interaction,True,10,291.81648657654637,291.81648657654637,168.49693610452596,85.26731178241116,0.5774071851842666,0.29219497768178593,88.43104745519338,,21,cube,full_whitened,10
803,21,interaction,True,10,164.19902098478343,164.19902098478343,225.82012209404948,210.05465910620455,1.3752829994947202,1.2792686451259088,213.54463995072283,,21,cube,full_whitened,10
804,21,interaction,True,10,212.3686510252677,212.3686510252677,371.0485273276407,179.29948195497843,1.7471906777968527,0.8442841308703577,177.51831737445892,,21,cube,full_whitened,10
805,21,interaction,True,10,363.0987335451621,363.0987335451621,230.34968692768788,216.26342000072037,0.6343995878989677,0.5956049967159184,205.60487945176874,,21,cube,full_whitened,10
806,21,interaction,True,10,204.6451225384244,204.6451225384244,204.07703098402246,171.31538980131572,0.9972240161536453,0.8371339989749784,173.5700296518381,,21,cube,full_whitened,10
807,21,interaction,True,10,199.52171706020857,199.52171706020857,310.31994678614285,120.83091651951449,1.5553191470004206,0.6056028301072209,115.73259154972719,,21,cube,full_whitened,10
808,21,interaction,True,10,299.70182165534106,299.70182165534106,391.0248318733065,140.3397277907333,1.3047128966836492,0.46826451376103023,143.57265979276013,,21,cube,full_whitened,10
809,21,interaction,True,10,383.62377751302665,383.62377751302665,422.4926954108738,88.13179363390492,1.1013204086301123,0.22973496117797923,79.47563973606293,,21,cube,full_whitened,10
810,21,transport_free,True,10,415.9407560253592,415.9407560253592,413.2500375891104,91.26855435605995,0.9935310055644445,0.2194268126744845,72.08463983745288,,21,cube,full_whitened,10
811,21,transport_free,True,10,407.3944634591514,407.3944634591514,356.1239489565691,109.9949561818988,0.8741501932371669,0.26999619790593393,97.93068348728471,,21,cube,full_whitened,10
812,21,transport_free,True,10,353.59386527415086,353.59386527415086,310.3471358319588,75.37080623722053,0.8776937789668332,0.21315643069424725,63.54332844685604,,21,cube,full_whitened,10
813,21,transport_free,True,10,307.361246737658,307.361246737658,319.83062732818814,53.1653365034524,1.0405691372054238,0.172973454095957,43.024777601195915,,21,cube,full_whitened,10
814,21,transport_free,True,10,318.3820555586034,318.3820555586034,361.4807627199771,58.95292563907776,1.1353678902718207,0.18516409643641654,53.53405603633165,,21,cube,full_whitened,10
815,21,transport_free,True,10,359.1191939525428,359.1191939525428,391.5909493508341,56.97798033626562,1.0904205510178953,0.15866035927836036,47.78594020026164,,21,cube,full_whitened,10
816,21,transport_free,True,10,389.50341563880437,389.50341563880437,410.25339832700934,57.333021702992376,1.0532729158592204,0.1471951705711321,43.57308114976447,,21,cube,full_whitened,10
817,21,transport_free,True,10,405.63411422443073,405.63411422443073,428.8995999538819,86.61029821798903,1.0573558409255952,0.21351827960423703,78.72504398193769,,21,cube,full_whitened,10
818,21,interaction,True,10,422.7532196154897,422.7532196154897,415.15002066529314,92.18054361532867,0.9820150418792506,0.21804811728972856,82.15257854268471,,21,cube,full_whitened,10
819,21,interaction,True,10,410.2122379719795,410.2122379719795,371.521107468954,72.07309029375068,0.9056802139928639,0.17569707488510813,63.1105372462195,,21,cube,full_whitened,10
820,21,interaction,True,10,365.73497159458026,365.73497159458026,311.4177248348018,100.44104232730069,0.8514846788564986,0.27462794134611845,87.20527990897304,,21,cube,full_whitened,10
821,21,interaction,True,10,306.6038083555659,306.6038083555659,108.13171178575192,222.58957078914827,0.35267569690573597,0.7259843639352744,209.39539033171113,,21,cube,full_whitened,10
822,21,interaction,True,10,42.65818381307753,42.65818381307753,78.10568913918596,75.87948053106518,1.8309661161720965,1.7787789762348756,65.05647153451719,,21,cube,full_whitened,10
823,21,interaction,True,10,61.79373570115554,61.79373570115554,241.76653252532614,144.1514958257041,3.912476398814081,2.332784936693971,140.24760207327537,,21,cube,full_whitened,10
824,21,interaction,True,10,228.443687421849,228.443687421849,289.61617420921743,64.64679341487516,1.2677792828409655,0.2829878739240319,61.406939851733306,,21,cube,full_whitened,10
825,21,interaction,True,10,280.5741855140226,280.5741855140226,383.8127082359995,130.71370004819082,1.3679544592915418,0.4658792818331392,135.6330366847719,,21,cube,full_whitened,10
826,21,interaction,True,10,377.5197759552309,377.5197759552309,415.1799303470289,99.07746807552613,1.099756772467104,0.2624431205619159,91.35380505192963,,21,cube,full_whitened,10
827,21,transport_free,True,10,409.5662972712922,409.5662972712922,408.12166876520155,79.38120170111114,0.9964727847097883,0.19381770968456885,57.67474351076966,,21,cube,full_whitened,10
828,21,transport_free,True,10,402.92060356492703,402.92060356492703,369.6410623089265,117.06890243777053,0.917404220678832,0.29055079686165997,100.34099722361454,,21,cube,full_whitened,10
829,21,transport_free,True,10,365.4878449526941,365.4878449526941,324.2028951882656,97.0812776966973,0.8870415245416107,0.2656210843598991,81.02366919844117,,21,cube,full_whitened,10
830,21,transport_free,True,10,321.72671773799266,321.72671773799266,311.0297394325909,91.7281258250852,0.966751352263777,0.28511193123782347,71.68606761728644,,21,cube,full_whitened,10
831,21,transport_free,True,10,308.42174238576945,308.42174238576945,325.53990120503346,69.64095203669044,1.0555024385986798,0.22579780367619007,57.78825938019819,,21,cube,full_whitened,10
832,21,transport_free,True,10,323.7373960219,323.7373960219,345.3169782302785,67.35804631851352,1.0666576752440384,0.2080638417007497,51.56899582205642,,21,cube,full_whitened,10
833,21,transport_free,True,10,344.21104961479875,344.21104961479875,372.65999789261923,56.01752180043262,1.0826497240854331,0.16274178839732473,40.06062058921311,,21,cube,full_whitened,10
834,21,transport_free,True,10,371.0863463709402,371.0863463709402,401.30275824300736,56.49232324210795,1.0814269028423447,0.15223498195117607,43.065808168935455,,21,cube,full_whitened,10
835,21,transport_free,True,10,398.5865060899366,398.5865060899366,401.18525696018804,54.6721329523226,1.0065199168324706,0.13716503724284745,37.47171420910257,,21,cube,full_whitened,10
836,22,transport_free,True,10,250.51715297077038,250.51715297077038,267.76111743950264,43.89335347313417,1.068833468144771,0.17521097039712694,39.389610834059106,,22,cube,full_whitened,10
837,22,transport_free,True,10,241.84553813780548,241.84553813780548,270.8491435750162,53.6289528914104,1.119926154770258,0.22174877942487492,41.88881865985718,,22,cube,full_whitened,10
838,22,transport_free,True,10,225.07331061353017,225.07331061353017,245.744590377091,42.78180951593683,1.0918424299496583,0.1900794430015596,43.832745729806064,,22,cube,full_whitened,10
839,22,interaction,True,10,216.11637798511714,216.11637798511714,218.5094202502616,53.75724129994182,1.0110729334234412,0.24874209812846212,51.77104574408307,,22,cube,full_whitened,10
840,22,interaction,True,10,216.1825223442624,216.1825223442624,148.3227588723441,65.8725615118829,0.68609967755,0.30470808091961926,63.007773231061215,,22,cube,full_whitened,10
841,22,interaction,True,10,126.71046272671518,126.71046272671518,62.9445069503161,64.76636510096672,0.4967585595995547,0.5111366789075076,54.375129824675575,,22,cube,full_whitened,10
842,22,interaction,True,10,33.79646195592968,33.79646195592968,59.42644452521367,66.75162496095236,1.7583628902547634,1.9751068927864683,54.854358065721634,,22,cube,full_whitened,10
843,22,interaction,True,10,45.70052759425978,45.70052759425978,123.4739308684206,136.99884724421725,2.701805370052873,2.997751983533446,133.50138860863294,,22,cube,full_whitened,10
844,22,interaction,True,10,117.02953529963719,117.02953529963719,180.58233594146012,354.2278859198975,1.543049243758041,3.0268246815895514,344.14484190823646,,22,cube,full_whitened,10
845,22,interaction,True,10,138.22941616952508,138.22941616952508,288.3391749314219,152.37834242491164,2.0859465584214116,1.102358287023612,139.211789446195,,22,cube,full_whitened,10
846,22,interaction,True,10,261.7964516350295,261.7964516350295,420.7678555164929,131.26998254008535,1.6072328440229797,0.5014200220065964,119.16461228753607,,22,cube,full_whitened,10
847,22,interaction,True,10,253.47235347687536,253.47235347687536,234.24336559400103,172.82712189913804,0.9241377309236661,0.6818381552404897,159.71924956336042,,22,cube,full_whitened,10
848,22,static,True,10,234.24336559400103,234.24336559400103,255.75542426024043,136.56939716332576,1.0918363626294751,0.5830235439838783,152.0818904253231,,22,cube,full_whitened,10
849,22,transport_free,True,10,227.46239560318494,227.46239560318494,371.6689608632867,169.05557467756182,1.6339798052231653,0.7432242777064759,224.07055817272166,,22,cube,full_whitened,10
850,22,transport_free,True,10,271.7443790612573,271.7443790612573,294.7156314073161,110.62313319487185,1.0845325758914062,0.4070852673274059,128.51982070335973,,22,cube,full_whitened,10
851,22,transport_free,True,10,294.7156314073161,294.7156314073161,349.45082554093995,65.8863569439018,1.1857220598454659,0.22355908517401504,60.3090231911859,,22,cube,full_whitened,10
852,22,transport_free,True,10,312.4664915056216,312.4664915056216,322.3646500722142,80.87959284328005,1.0316775041025943,0.2588424520452138,94.33316484341569,,22,cube,full_whitened,10
853,22,transport_free,True,10,280.28502936370023,280.28502936370023,305.0943052484324,80.84695600911846,1.088514452381042,0.288445502040035,82.43976471795038,,22,cube,full_whitened,10
854,22,transport_free,True,10,287.8654671022348,287.8654671022348,324.85907370224356,59.51762856357151,1.1285100535760706,0.2067550135926306,49.22350321146588,,22,cube,full_whitened,10
855,22,transport_free,True,10,317.8848984178778,317.8848984178778,372.8280867568034,63.18364440674321,1.1728398820213837,0.19876264874868232,53.91342309239771,,22,cube,full_whitened,10
856,22,transport_free,True,10,293.4448282726626,293.4448282726626,400.9246121500695,133.40179733268013,1.3662691365531205,0.45460606042348123,70.95194602738756,,22,cube,full_whitened,10
857,22,interaction,True,10,362.4367301266483,362.4367301266483,387.06086921793684,107.67360249669332,1.0679405177358376,0.29708247963463397,57.19752432589996,,22,cube,full_whitened,10
858,22,interaction,True,10,365.770302737964,365.770302737964,367.9611046477587,176.48559042467872,1.0059895565424406,0.4825038804506557,165.73940429568498,,22,cube,full_whitened,10
859,22,interaction,True,10,323.101355628084,323.101355628084,599.41625716196,379.12147957568254,1.8551957357057238,1.1733825097660138,381.68478552244267,,22,cube,full_whitened,10
860,22,interaction,True,10,126.1790099619597,126.1790099619597,292.46583267130416,138.24697847683848,2.317864379816234,1.09564164846845,132.60571026406134,,22,cube,full_whitened,10
861,22,interaction,True,10,253.818433071621,253.818433071621,290.75978896531615,192.70303933576315,1.1455424471999291,0.759216093976072,132.34407489859544,,22,cube,full_whitened,10
862,22,interaction,True,10,93.01288365491504,93.01288365491504,348.1359385948755,241.3193196562616,3.742878673523193,2.594471971770866,225.41309295548703,,22,cube,full_whitened,10
863,22,interaction,True,10,311.544030240325,311.544030240325,377.2810090313674,109.60912587489358,1.211003814582269,0.3518254732415868,36.92711667263842,,22,cube,full_whitened,10
864,22,interaction,True,10,346.5661640378107,346.5661640378107,365.2283394476311,106.32750051417355,1.053848809682945,0.3068028894551088,87.92060629372762,,22,cube,full_whitened,10
865,22,interaction,True,10,357.1730739690386,357.1730739690386,367.8302460299858,138.14703668342383,1.0298375573010607,0.3867789784607309,139.81252032184955,,22,cube,full_whitened,10
866,22,transport_free,True,10,352.0099746961894,352.0099746961894,381.74759725886634,151.7902269310926,1.084479488367745,0.4312100163130286,117.21719234670036,,22,cube,full_whitened,10
867,22,transport_free,True,10,338.72143667320057,338.72143667320057,406.40274112996326,201.14965648419837,1.1998140570065596,0.5938497972251698,207.5329174762258,,22,cube,full_whitened,10
868,22,transport_free,True,10,274.90734899659253,274.90734899659253,332.8077779223629,115.48343148398233,1.2106179741542233,0.4200812815863054,130.19423031038045,,22,cube,full_whitened,10
869,22,transport_free,True,10,282.347119199319,282.347119199319,333.93350921743934,57.96703739312968,1.1827055652786866,0.20530415737023566,62.35379303735292,,22,cube,full_whitened,10
870,22,transport_free,True,10,290.67504633439023,290.67504633439023,321.1958103225186,59.44808020143049,1.1049996013521488,0.20451731564546446,61.079673350848445,,22,cube,full_whitened,10
871,22,transport_free,True,10,278.0261698847567,278.0261698847567,322.5388671842654,57.62175482229649,1.1601025447279278,0.20725298933615136,67.07173896633186,,22,cube,full_whitened,10
872,22,transport_free,True,10,283.49773697500893,283.49773697500893,342.05222965261873,56.03505655183942,1.206543069099601,0.19765609824525357,44.94767419647668,,22,cube,full_whitened,10
873,22,transport_free,True,10,318.05601026778004,318.05601026778004,409.1076359958489,87.37436082603026,1.2862754445401299,0.2747137548272312,54.562835892106506,,22,cube,full_whitened,10
874,23,transport_free,True,10,42.10881790805282,42.10881790805282,53.583685603272336,71.106125826712,1.272505101432094,1.6886279254377687,33.824488556335616,,23,cube,full_whitened,10
875,23,transport_free,True,10,32.71612894831697,32.71612894831697,60.58422162624076,61.407355461719845,1.8518151008008366,1.8769749794887898,36.319158674264685,,23,cube,full_whitened,10
876,23,transport_free,True,10,45.24615119799492,45.24615119799492,74.85829696688515,62.03672589855496,1.6544677278584192,1.3710939882396918,39.815787994069396,,23,cube,full_whitened,10
877,23,interaction,True,10,60.46930225482299,60.46930225482299,79.6137505068746,57.90278127247318,1.3165978031526675,0.9575566297832532,34.533512755784386,,23,cube,full_whitened,10
878,23,interaction,True,10,69.56757584727944,69.56757584727944,75.99141098450431,56.160382429469635,1.0923394995295943,0.807278128430946,33.68160827176134,,23,cube,full_whitened,10
879,23,interaction,True,10,65.29178798285015,65.29178798285015,125.09185784543035,81.65919875001914,1.9158896043448461,1.2506810009777667,73.43842010764337,,23,cube,full_whitened,10
880,23,interaction,True,10,110.85217117663774,110.85217117663774,110.9985892033008,86.41844481095984,1.0013208404049185,0.7795827893461473,80.82402804607594,,23,cube,full_whitened,10
881,23,interaction,True,10,99.21487150076948,99.21487150076948,73.93442254710007,84.4288863576327,0.7451949635043035,0.8509700721325624,45.85522604454571,,23,cube,full_whitened,10
882,23,interaction,True,10,31.75176186165746,31.75176186165746,186.26199005690987,163.587947481332,5.866193846768378,5.152090400340153,158.46252513998684,,23,cube,full_whitened,10
883,23,interaction,True,10,149.04136992640653,149.04136992640653,345.22846259893345,204.86362015801063,2.316326418425971,1.374541982935127,197.6851679271697,,23,cube,full_whitened,10
884,23,interaction,True,10,336.142640114677,336.142640114677,359.7286411317616,81.23043249096605,1.0701666441634363,0.24165465132080183,74.95406814967873,,23,cube,full_whitened,10
885,23,interaction,True,10,350.4557397571764,350.4557397571764,333.4105771674966,60.40851156028242,0.951362866530621,0.17237130030211018,51.44498102144596,,23,cube,full_whitened,10
886,23,static,True,10,326.521507640663,326.521507640663,318.94787583545445,69.58889813392173,0.9768051058567838,0.21312194298240325,64.8772116000957,,23,cube,full_whitened,10
887,23,transport_free,True,10,310.43676687143443,310.43676687143443,285.1008488823646,114.63358904744095,0.918386220020251,0.36926550357650056,119.40005949358066,,23,cube,full_whitened,10
888,23,transport_free,True,10,275.14733938195116,275.14733938195116,244.47954202263765,69.08328910979947,0.8885404546225998,0.2510774382371917,68.67291262878443,,23,cube,full_whitened,10
889,23,transport_free,True,10,239.90572344566937,239.90572344566937,242.61476229037044,53.287846629174716,1.0112920976031428,0.22211994721852743,47.27963531761698,,23,cube,full_whitened,10
890,23,transport_free,True,10,238.38111527455078,238.38111527455078,248.18257977980332,49.924458939552764,1.0411167826527026,0.20943126674297688,47.80647889710896,,23,cube,full_whitened,10
891,23,transport_free,True,10,243.0688179480715,243.0688179480715,267.7178655902478,49.81824114449216,1.1014076912466915,0.20495529441022411,47.001321060814334,,23,cube,full_whitened,10
892,23,transport_free,True,10,262.7667737656683,262.7667737656683,287.08414285921174,53.654847846922564,1.09254354629794,0.20419190401436066,43.19741336576499,,23,cube,full_whitened,10
893,23,transport_free,True,10,283.33719744258815,283.33719744258815,318.852693548944,59.33360097070556,1.12534710029929,0.20940985336995213,42.32808995509776,,23,cube,full_whitened,10
894,23,interaction,True,10,310.4987835750701,310.4987835750701,312.29573086046196,54.374010218796414,1.0057872925127174,0.17511827129477392,45.59225382243116,,23,cube,full_whitened,10
895,23,interaction,True,10,304.35029101690736,304.35029101690736,310.51424357117526,52.674022913204695,1.020252822935285,0.17307038786527243,39.322397138261934,,23,cube,full_whitened,10
896,23,interaction,True,10,304.2992068060423,304.2992068060423,260.69591290307903,72.24662166233286,0.8567091437384007,0.23741968446333225,61.56006979399729,,23,cube,full_whitened,10
897,23,interaction,True,10,254.58277456607846,254.58277456607846,115.99137741027619,122.58372944387727,0.4556136117534925,0.4815083410604434,123.91903782713496,,23,cube,full_whitened,10
898,23,interaction,True,10,102.43674231539833,102.43674231539833,100.67741538765972,54.05827500289901,0.9828252354773083,0.5277234884769754,55.94153573081849,,23,cube,full_whitened,10
899,23,interaction,True,10,86.88625932874612,86.88625932874612,231.63586693876107,208.74635175217674,2.665966618062528,2.4025243273778907,207.0881437548091,,23,cube,full_whitened,10
900,23,interaction,True,10,223.7516264017475,223.7516264017475,307.0069991023359,93.21989106457357,1.372088346527157,0.41662218310403093,80.62967830286382,,23,cube,full_whitened,10
901,23,interaction,True,10,301.6031599917436,301.6031599917436,367.048301185981,69.1782762597452,1.216990900214802,0.22936853931384193,64.54030110848561,,23,cube,full_whitened,10
902,23,interaction,True,10,358.6721023221796,358.6721023221796,371.72244900200434,54.10054935298635,1.0363851735201366,0.15083567693924008,41.17457313953397,,23,cube,full_whitened,10
903,23,transport_free,True,10,364.4151697982328,364.4151697982328,354.99098312614024,78.19689521302502,0.9741388738638117,0.21458188816980533,74.81909224089245,,23,cube,full_whitened,10
904,23,transport_free,True,10,347.65524245376923,347.65524245376923,330.8003042034678,110.26519905348705,0.9515182393588016,0.3171682333199678,109.20227304544214,,23,cube,full_whitened,10
905,23,transport_free,True,10,325.2653729099786,325.2653729099786,287.8362957138253,84.47101548886981,0.8849275689530213,0.25969876452925794,85.90141431418054,,23,cube,full_whitened,10
906,23,transport_free,True,10,282.36433112077657,282.36433112077657,250.11281882359646,58.59304709333773,0.8857805014919357,0.2075086710165086,54.22097708195066,,23,cube,full_whitened,10
907,23,static,True,10,243.48307958761848,243.48307958761848,250.62986815471618,53.015823194885115,1.0293523006986853,0.2177392502373338,45.80130566952535,,23,cube,full_whitened,10
908,23,transport_free,True,10,244.87313314101715,244.87313314101715,279.8017498173198,57.84615210572828,1.1426396445713298,0.23622906834951113,50.49019617470592,,23,cube,full_whitened,10
909,23,transport_free,True,10,275.94711217609506,275.94711217609506,327.270675260636,61.4563695731069,1.1859905787011422,0.2227106820885614,47.63422823832613,,23,cube,full_whitened,10
910,23,transport_free,True,10,323.31109482620195,323.31109482620195,361.38666024070193,61.17582033057293,1.1177675805866414,0.18921658213881712,44.80906498122615,,23,cube,full_whitened,10
911,23,transport_free,True,10,352.9091366746179,352.9091366746179,358.4994709304908,59.08222342033832,1.0158407184028992,0.16741483084585626,45.293459428637995,,23,cube,full_whitened,10
912,24,transport_free,True,10,41.687617766874055,41.687617766874055,56.978486187033624,28.021876402445784,1.3667964071650562,0.6721870402657696,47.426693144617765,,24,cube,full_whitened,10
913,24,transport_free,True,10,42.763248960506765,42.763248960506765,51.34588596280095,34.26211207158849,1.2007012378835042,0.8012046068630251,42.93794538438517,,24,cube,full_whitened,10
914,24,transport_free,True,10,40.47487081007549,40.47487081007549,45.393428054012816,28.758561511724004,1.121521258635196,0.7105288030855205,41.62975026564687,,24,cube,full_whitened,10
915,24,interaction,True,10,43.44848446328434,43.44848446328434,75.69394036311235,40.83951046998823,1.7421537551459747,0.9399524741651047,46.110380280796534,,24,cube,full_whitened,10
916,24,interaction,True,10,63.07401543362898,63.07401543362898,67.58201788436006,65.32980218402297,1.071471626148088,1.0357641214830804,50.792022357295735,,24,cube,full_whitened,10
917,24,interaction,True,10,56.68707199852477,56.68707199852477,55.49019380963813,72.67189744545132,0.9788862231424161,1.2819836143123169,55.21327874571793,,24,cube,full_whitened,10
918,24,interaction,True,10,43.36691462541527,43.36691462541527,50.88840138866731,62.46335064076823,1.1734383648968207,1.4403457377657543,57.99045696122467,,24,cube,full_whitened,10
919,24,interaction,True,10,39.58245199591951,39.58245199591951,75.06907799893415,99.60574770734638,1.8965241973052325,2.516411760383479,73.46083682428349,,24,cube,full_whitened,10
920,24,interaction,True,10,44.47792261081041,44.47792261081041,668.2866597845275,460.36062425029957,15.025132033079704,10.350317578420544,452.3160060362148,,24,cube,full_whitened,10
921,24,interaction,True,10,341.2440651685444,341.2440651685444,235.20844210697112,166.79128221613655,0.6892674953652276,0.48877416266201257,147.79758900274405,,24,cube,full_whitened,10
922,24,interaction,True,10,228.97342884863932,228.97342884863932,174.14809590123622,110.0928556777618,0.7605602832473419,0.48081061733384634,41.57608901373232,,24,cube,full_whitened,10
923,24,interaction,True,10,162.98900488153004,162.98900488153004,167.95050377585906,104.95202530102102,1.0304406968920101,0.6439208913343959,50.222828163985845,,24,cube,full_whitened,10
924,24,static,True,10,167.95050377585906,167.95050377585906,131.97047106932894,106.20911783410492,0.7857700221337363,0.6323834430163302,93.57238610224692,,24,cube,full_whitened,10
925,24,transport_free,True,10,126.8657947569904,126.8657947569904,234.34574294399332,185.69474449707633,1.8471940635604673,1.4637100950084452,204.82600109919068,,24,cube,full_whitened,10
926,24,transport_free,True,10,182.38476576387677,182.38476576387677,234.21119477351823,171.54650190182377,1.2841598572807238,0.9405747304789442,193.39201282635293,,24,cube,full_whitened,10
927,24,transport_free,True,10,136.5006629449099,136.5006629449099,188.8237258797862,75.20831653639611,1.3833172807079575,0.5509740019852455,68.4612510235069,,24,cube,full_whitened,10
928,24,transport_free,True,10,177.12453474228153,177.12453474228153,164.71582795766892,60.66252720472468,0.9299436026597476,0.34248517458628436,64.49672594903438,,24,cube,full_whitened,10
929,24,transport_free,True,10,163.4755721919761,163.4755721919761,171.78587293836736,52.97987204441269,1.0508351225504942,0.3240843346441769,50.37019196537003,,24,cube,full_whitened,10
930,24,transport_free,True,10,164.04691507329636,164.04691507329636,183.05499828327572,60.28427602585256,1.1158697998160254,0.3674819242953607,45.00171218933034,,24,cube,full_whitened,10
931,24,transport_free,True,10,164.10550936665354,164.10550936665354,199.65900655716712,86.77616029746079,1.2166502351306074,0.5287827363771239,72.12818000251738,,24,cube,full_whitened,10
932,24,interaction,True,10,156.47393336712173,156.47393336712173,162.71204534829837,108.09207440486819,1.039866780663976,0.690799240990899,48.698803979464806,,24,cube,full_whitened,10
933,24,interaction,True,10,138.96144180932055,138.96144180932055,325.4069709872974,186.98021518552224,2.3417069278383913,1.345554657111948,186.36799049537623,,24,cube,full_whitened,10
934,24,interaction,True,10,272.4462072046149,272.4462072046149,617.7420818852737,266.8780531692678,2.2673910135270545,0.9795623727249568,248.65630309152218,,24,cube,full_whitened,10
935,24,interaction,True,10,312.8986690634323,312.8986690634323,434.1551957093378,326.9221047839955,1.3875265018187848,1.044817818377234,258.6796438924863,,24,cube,full_whitened,10
936,24,interaction,True,10,195.10452449888027,195.10452449888027,275.98987201387604,86.32459800179981,1.4145744324625336,0.44245308110368936,75.52533476381336,,24,cube,full_whitened,10
937,24,interaction,True,10,254.3717778963583,254.3717778963583,534.1762529358001,568.0112529962753,2.09998238544154,2.232996355545806,572.0689140515788,,24,cube,full_whitened,10
938,24,interaction,True,10,362.35874186752915,362.35874186752915,269.3829114425903,252.53479406377025,0.7434149651095519,0.6969192815999227,173.4064049944124,,24,cube,full_whitened,10
939,24,interaction,True,10,243.56106287834052,243.56106287834052,175.19451388423005,104.4960017224219,0.7193042755431734,0.4290341012948279,56.139130877737195,,24,cube,full_whitened,10
940,24,interaction,True,10,175.19451388423005,175.19451388423005,203.10993053714532,155.08335174369637,1.159339559407448,0.8852066671800962,100.02540540007683,,24,cube,full_whitened,10
941,24,interaction,True,10,199.85449671076407,199.85449671076407,165.25190796582058,111.94950031112948,0.8268610948743301,0.5601550235476885,88.48777419509118,,24,cube,full_whitened,10
942,24,transport_free,True,10,159.7866543694563,159.7866543694563,211.90276370328453,129.24857697491797,1.3261605891899217,0.8088821778323949,145.05708750900428,,24,cube,full_whitened,10
943,24,transport_free,True,10,177.9424218918723,177.9424218918723,283.6769115633359,139.13097670767505,1.5942061962926062,0.7818876197617382,174.84989532337553,,24,cube,full_whitened,10
944,24,transport_free,True,10,167.6628966410115,167.6628966410115,251.35107520117973,123.2892905139395,1.4991454891737657,0.735340334587671,120.98540400659815,,24,cube,full_whitened,10
945,24,transport_free,True,10,203.59522035429984,203.59522035429984,159.78062793875898,56.82724369247293,0.7847955745754053,0.2791187513812024,56.47019004461548,,24,cube,full_whitened,10
946,24,transport_free,True,10,159.78062793875898,159.78062793875898,184.12038139074497,68.49480599118522,1.1523323181663485,0.4286802904382003,64.14231534587097,,24,cube,full_whitened,10
947,24,transport_free,True,10,169.2599041138019,169.2599041138019,222.91809575992784,62.613608932644894,1.3170165546711456,0.36992582065121954,53.630802914346404,,24,cube,full_whitened,10
948,24,transport_free,True,10,187.90184507917886,187.90184507917886,214.39155876879602,74.73773347242559,1.1409763362273255,0.3977488003959317,52.71623603847915,,24,cube,full_whitened,10
949,24,static,True,10,171.67148963165664,171.67148963165664,189.35345749191322,106.16224281920942,1.1029988607787788,0.6184034579474683,49.46332068494196,,24,cube,full_whitened,10
950,25,transport_free,True,10,438.3446072285793,438.3446072285793,482.93624545799764,70.03731913836452,1.1017273567281862,0.1597768467625811,49.99178235565811,,25,cube,full_whitened,10
951,25,transport_free,True,10,465.2520666871011,465.2520666871011,500.32608480751105,71.01728914301694,1.0753871301854925,0.15264260865879967,52.212915842299836,,25,cube,full_whitened,10
952,25,transport_free,True,10,429.3588244226682,429.3588244226682,425.98111244050745,102.51538487231966,0.9921331255117383,0.23876389406964127,53.611883842606964,,25,cube,full_whitened,10
953,25,interaction,True,10,395.72096380479854,395.72096380479854,449.97983597800487,97.90573670365302,1.137113969529224,0.2474110437877838,59.16968547896029,,25,cube,full_whitened,10
954,25,interaction,True,10,398.87781728002153,398.87781728002153,396.5476689991641,136.09155890239398,0.9941582404939264,0.3411860800643485,130.3987159206507,,25,cube,full_whitened,10
955,25,interaction,True,10,331.35760073640984,331.35760073640984,455.1773048338731,150.89464692322127,1.3736739517134542,0.4553830863932884,155.96826477689476,,25,cube,full_whitened,10
956,25,interaction,True,10,421.9243430005833,421.9243430005833,447.61351143293916,183.9051847449585,1.0608857224251704,0.4358724207214189,200.7921368433422,,25,cube,full_whitened,10
957,25,interaction,True,10,254.84201689480585,254.84201689480585,314.42687014360104,129.53636044611216,1.233810946777237,0.5083006406262371,108.55751062392352,,25,cube,full_whitened,10
958,25,interaction,True,10,290.9751140255685,290.9751140255685,413.8300124649661,204.80245908125266,1.4222178891511739,0.7038487114855339,153.51986638628426,,25,cube,full_whitened,10
959,25,interaction,True,10,346.4064320175909,346.4064320175909,372.9736097502827,111.77269819121904,1.0766936617716807,0.32266346077991737,90.30385241008673,,25,cube,full_whitened,10
960,25,interaction,True,10,367.038964528334,367.038964528334,447.9328173203103,82.642657832038,1.2203958179097674,0.22516044839609473,40.78444255486334,,25,cube,full_whitened,10
961,25,interaction,True,10,440.43798543775165,440.43798543775165,475.3589323070998,93.41657654246407,1.079286864493852,0.21209927306705226,84.99144659526465,,25,cube,full_whitened,10
962,25,transport_free,True,10,457.85905100554737,457.85905100554737,441.8043403914389,63.73603985838976,0.9649352555576892,0.1392044991103988,57.34180318301918,,25,cube,full_whitened,10
963,25,transport_free,True,10,439.290924032969,439.290924032969,464.4806646446776,110.85217826949349,1.057341818903179,0.2523434293879789,107.25440046766585,,25,cube,full_whitened,10
964,25,transport_free,True,10,462.054367089959,462.054367089959,469.79740857086483,96.46306735868832,1.016757858019332,0.20876995052815417,92.83225121800626,,25,cube,full_whitened,10
965,25,static,True,10,465.9446899359709,465.9446899359709,469.15043847466916,68.06031175825692,1.0068801053170897,0.14606950830925794,54.5541361286148,,25,cube,full_whitened,10
966,25,transport_free,True,10,465.52413297898727,465.52413297898727,477.4775051938561,65.99109541968423,1.025677234257173,0.14175655083098113,56.556069997430356,,25,cube,full_whitened,10
967,25,transport_free,True,10,469.3152177194494,469.3152177194494,478.8237825407282,52.164821409280705,1.0202605082091392,0.11115092679663366,42.6896069917269,,25,cube,full_whitened,10
968,25,transport_free,True,10,473.6137420959828,473.6137420959828,473.18039822738217,60.786840977322235,0.9990850268265383,0.12834686913498203,56.452015640646344,,25,cube,full_whitened,10
969,25,transport_free,True,10,471.4390581895175,471.4390581895175,477.07251105952935,46.9926985922975,1.0119494827001525,0.09967926453265256,41.51660973764624,,25,cube,full_whitened,10
970,25,interaction,True,10,475.1143081633958,475.1143081633958,428.1554712822033,65.40944618123825,0.9011630757601958,0.1376709668754985,62.66959055186839,,25,cube,full_whitened,10
971,25,interaction,True,10,425.7526887504205,425.7526887504205,328.7696165573486,91.21669151635963,0.7722079630836481,0.21424806918795894,90.30288669937148,,25,cube,full_whitened,10
972,25,interaction,True,10,310.71139462791166,310.71139462791166,361.1147223013362,223.57265990822538,1.1622191156966881,0.7195508879742305,220.81098713536016,,25,cube,full_whitened,10
973,25,interaction,True,10,328.7155742705131,328.7155742705131,273.8900913039107,161.24735325940048,0.8332130046217879,0.49053761330670514,161.1060427283711,,25,cube,full_whitened,10
974,25,interaction,True,10,230.7091330708768,230.7091330708768,264.49061922561737,70.2945674872283,1.146424572382934,0.3046891406142683,58.560362853212695,,25,cube,full_whitened,10
975,25,interaction,True,10,253.86481493228,253.86481493228,376.3674141349419,133.34267725287998,1.482550522944033,0.5252507216821282,119.62932258693627,,25,cube,full_whitened,10
976,25,interaction,True,10,345.4519560076567,345.4519560076567,371.6393342709243,155.42239276214667,1.07580613688199,0.44991029883965067,87.12091993700646,,25,cube,full_whitened,10
977,25,interaction,True,10,363.75132804809624,363.75132804809624,448.426577815358,124.59746302636653,1.232783341910069,0.34253473023716874,100.46322782430413,,25,cube,full_whitened,10
978,25,interaction,True,10,440.91213917054966,440.91213917054966,487.9350456789774,79.80131116328468,1.1066491537222993,0.18099141319494644,61.264430122881336,,25,cube,full_whitened,10
979,25,static,True,10,481.1558545071266,481.1558545071266,463.0887319095315,67.37386121486006,0.9624505813898862,0.1400250263687941,58.083837153953425,,25,cube,full_whitened,10
980,25,transport_free,True,10,459.11762482638454,459.11762482638454,469.1629066825211,104.84508738226253,1.021879538734622,0.2283621488543589,101.07612884874686,,25,cube,full_whitened,10
981,25,transport_free,True,10,466.6802044208646,466.6802044208646,447.31585365266136,69.34776106658822,0.958506166353823,0.1485980343919807,66.18368178748048,,25,cube,full_whitened,10
982,25,transport_free,True,10,443.1163964811311,443.1163964811311,426.37461848525743,67.72736943163538,0.9622181031240928,0.15284329347654677,48.23719257201898,,25,cube,full_whitened,10
983,25,transport_free,True,10,417.55193630235453,417.55193630235453,442.13213029805456,72.12793582762885,1.0588673931520252,0.17274003436880273,51.486835395524785,,25,cube,full_whitened,10
984,25,transport_free,True,10,432.97246624816546,432.97246624816546,464.25919588191437,62.36653678311605,1.0722603215508313,0.14404273168578258,50.50532824852008,,25,cube,full_whitened,10
985,25,transport_free,True,10,458.1506919191819,458.1506919191819,481.3482425430003,56.255874559292664,1.050633014492774,0.12278902018817914,44.875698892434166,,25,cube,full_whitened,10
986,25,transport_free,True,10,478.97994497936895,478.97994497936895,444.4201354531383,88.26954652113234,0.9278470635597922,0.1842865185617205,84.9032506924144,,25,cube,full_whitened,10
987,25,static,True,10,442.01315819294837,442.01315819294837,463.83645945181456,72.07466620538926,1.0493725149452222,0.16306000142630844,69.78181639796848,,25,cube,full_whitened,10
988,26,transport_free,True,10,251.38865350161308,251.38865350161308,267.0845458147237,51.50884232439923,1.0624367571665676,0.2048972441951073,44.844838557413674,,26,cube,full_whitened,10
989,26,transport_free,True,10,233.44179961575878,233.44179961575878,258.96868885339177,48.321338595924374,1.1093501218704183,0.20699522825586708,42.643306183700545,,26,cube,full_whitened,10
990,26,transport_free,True,10,231.8097323376572,231.8097323376572,246.91525387787254,44.50654491493454,1.065163448436291,0.19199601529285965,40.713585139999,,26,cube,full_whitened,10
991,26,interaction,True,10,234.32847865750475,234.32847865750475,246.7688097455855,41.80680325367939,1.053089283724082,0.1784111068923225,42.745903206207196,,26,cube,full_whitened,10
992,26,interaction,True,10,238.747264679284,238.747264679284,197.86662466045783,77.58592479908668,0.8287702266505867,0.3249709474297436,78.67572645104927,,26,cube,full_whitened,10
993,26,interaction,True,10,190.15043112328334,190.15043112328334,77.03889713441765,110.22314155382341,0.40514710736821713,0.5796628537873818,112.23297499778273,,26,cube,full_whitened,10
994,26,interaction,True,10,62.5481297878525,62.5481297878525,48.91396718795376,67.00152194185844,0.7820212587307984,1.0711994454368297,68.31172351735108,,26,cube,full_whitened,10
995,26,interaction,True,10,36.85773020933679,36.85773020933679,63.22293182078749,72.49572398831627,1.7153235281094945,1.9669069032892228,58.09973139564646,,26,cube,full_whitened,10
996,26,interaction,True,10,49.54413615104335,49.54413615104335,563.8968753341411,561.9360897258903,11.381707688171408,11.342131145706867,551.2967658906309,,26,cube,full_whitened,10
997,26,interaction,True,10,364.14524217842995,364.14524217842995,518.1499040802817,296.49695679398127,1.4229209778508927,0.8142271886356235,184.3466300606328,,26,cube,full_whitened,10
998,26,interaction,True,10,326.0616115243889,326.0616115243889,408.1299988624447,184.65685845851493,1.251695950818538,0.5663250500272489,107.69180026581984,,26,cube,full_whitened,10
999,26,interaction,True,10,340.3343268384467,340.3343268384467,404.9806244963121,138.10712605002004,1.1899493896440023,0.40579840221517854,52.62777594750708,,26,cube,full_whitened,10
1000,26,static,True,10,340.63776723963133,340.63776723963133,426.9583954729476,110.93027001205661,1.2534088598948323,0.3256546416182312,102.00911573765204,,26,cube,full_whitened,10
1001,26,transport_free,True,10,382.3404140261273,382.3404140261273,433.3598430030512,170.89372560635547,1.1334398015623781,0.44696746495304424,169.63564975921764,,26,cube,full_whitened,10
1002,26,transport_free,True,10,379.25300109066495,379.25300109066495,454.3907099587469,170.81453898241037,1.198120274993208,0.4503973297275903,174.60117266730128,,26,cube,full_whitened,10
1003,26,static,True,10,415.47176309254803,415.47176309254803,440.31178439972734,83.45370319990019,1.0597875078736605,0.2008649217908716,83.46666159178577,,26,cube,full_whitened,10
1004,26,transport_free,True,10,412.2756786221116,412.2756786221116,435.1898740356252,84.51215618099639,1.0555797894508265,0.20498942955705982,83.68075331119573,,26,cube,full_whitened,10
1005,26,transport_free,True,10,401.5735523186517,401.5735523186517,411.7194008089982,73.30712273310021,1.025265230819523,0.1825496781594084,77.24349432659427,,26,cube,full_whitened,10
1006,26,transport_free,True,10,386.99147180249895,386.99147180249895,414.5001572432082,69.15027228094601,1.0710834409672685,0.17868681177614384,51.10113109497123,,26,cube,full_whitened,10
1007,26,transport_free,True,10,396.9247048241433,396.9247048241433,387.1249780832467,89.25937162152269,0.9753108672204256,0.22487733954748138,56.62558868025279,,26,cube,full_whitened,10
1008,26,interaction,True,10,379.72045558972206,379.72045558972206,413.75065565181524,144.26905674955196,1.0896190857277963,0.37993490902536703,66.63512115870678,,26,cube,full_whitened,10
1009,26,interaction,True,10,401.0434187566335,401.0434187566335,392.9233963881118,153.09407786926704,0.9797527599537815,0.3817394095230612,112.25042877018666,,26,cube,full_whitened,10
1010,26,interaction,True,10,385.9962774398747,385.9962774398747,473.053795095428,184.43177138661582,1.225539785598357,0.4778071244879923,174.82609382537441,,26,cube,full_whitened,10
1011,26,interaction,True,10,350.6964735336161,350.6964735336161,735.8791318672129,395.88651993400526,2.098336274820497,1.1288580006096283,416.800666657165,,26,cube,full_whitened,10
1012,26,interaction,True,10,257.3463233490212,257.3463233490212,406.52643722209615,161.50209164448563,1.5796862062441521,0.6275671225559007,43.61254011093539,,26,cube,full_whitened,10
1013,26,interaction,True,10,245.8486033750566,245.8486033750566,446.129506626273,313.17966336735316,1.8146513769113262,1.2738720459175399,318.98859729775035,,26,cube,full_whitened,10
1014,26,interaction,True,10,316.20900552546755,316.20900552546755,450.471818870138,178.44814150044766,1.42460148508913,0.5643360510998331,134.56434633908074,,26,cube,full_whitened,10
1015,26,interaction,True,10,295.48213582855567,295.48213582855567,383.850249857481,234.36015349218854,1.299064150802667,0.7931449149540761,65.53519111876781,,26,cube,full_whitened,10
1016,26,interaction,True,10,307.9702457309734,307.9702457309734,334.91950217077346,130.58688796051638,1.0875060393442733,0.42402436524530435,80.35924709531706,,26,cube,full_whitened,10
1017,26,transport_free,True,10,281.64705217274457,281.64705217274457,263.52723875470303,118.22592777542822,0.9356648213490693,0.4197662530581569,156.43306045799542,,26,cube,full_whitened,10
1018,26,transport_free,True,10,257.4857588631081,257.4857588631081,297.63922298547845,169.1426761756294,1.1559444075651495,0.6569010920155542,231.16342884447266,,26,cube,full_whitened,10
1019,26,transport_free,True,10,264.6115037962283,264.6115037962283,253.66543009701385,104.4505170049996,0.9586334171335054,0.394731580095757,137.6082120255777,,26,cube,full_whitened,10
1020,26,transport_free,True,10,225.73438012924268,225.73438012924268,206.58742565674743,70.30686955756656,0.9151792719322028,0.3114584030900071,78.46795055500023,,26,cube,full_whitened,10
1021,26,transport_free,True,10,203.6172144878011,203.6172144878011,242.73609503737237,62.156444450663,1.1921197117246436,0.3052612452587443,64.8289330653963,,26,cube,full_whitened,10
1022,26,transport_free,True,10,234.69712248287732,234.69712248287732,248.9905177656644,59.40090438375766,1.0609014509064971,0.25309600627119466,66.41267042421357,,26,cube,full_whitened,10
1023,26,transport_free,True,10,223.0968562092396,223.0968562092396,288.5678274675562,62.563474419485885,1.2934643381837359,0.28043189618417763,47.66893699970573,,26,cube,full_whitened,10
1024,26,transport_free,True,10,237.1155438217146,237.1155438217146,208.39367183568334,81.45896397188082,0.8788697209676518,0.3435412232322028,61.11131757710907,,26,cube,full_whitened,10
1025,26,transport_free,True,10,208.39367183568334,208.39367183568334,267.3334242158463,146.0884115093379,1.2828288971588182,0.7010213420709214,55.12971025415652,,26,cube,full_whitened,10
1026,27,transport_free,True,10,39.09590701555065,39.09590701555065,59.228962929102394,55.627374854153956,1.5149658225231528,1.422843952233358,38.75763217341524,,27,cube,full_whitened,10
1027,27,transport_free,True,10,42.42426127936862,42.42426127936862,62.38664032360473,55.97787417167295,1.4705415826284294,1.3194778761862755,38.510621114401445,,27,cube,full_whitened,10
1028,27,transport_free,True,10,43.35532897630085,43.35532897630085,63.987592553136324,55.97114482607129,1.4758876028391714,1.2909865095630246,40.80855908461777,,27,cube,full_whitened,10
1029,27,interaction,True,10,41.95382547464176,41.95382547464176,65.22373756906734,57.14287465632508,1.5546553104791518,1.362042054802942,40.33988676463324,,27,cube,full_whitened,10
1030,27,interaction,True,10,47.61820905460386,47.61820905460386,74.71905429779152,58.502045054866535,1.5691277723635317,1.2285645809942614,44.681431742514285,,27,cube,full_whitened,10
1031,27,interaction,True,10,60.774908838950715,60.774908838950715,66.43394376786247,50.085357689407104,1.0931146592734151,0.824112428076689,32.99677456164618,,27,cube,full_whitened,10
1032,27,interaction,True,10,50.89998428170425,50.89998428170425,45.80379688080542,50.27167412228452,0.8998784091426404,0.9876559851975127,37.85518447329392,,27,cube,full_whitened,10
1033,27,interaction,True,10,33.85371962177315,33.85371962177315,87.34668856922883,80.24660627266732,2.5801208713577064,2.3703925940550534,66.84069724444598,,27,cube,full_whitened,10
1034,27,interaction,True,10,71.26132340974506,71.26132340974506,625.7493580800993,593.4535848420227,8.781051601892191,8.32784961668095,587.705121309778,,27,cube,full_whitened,10
1035,27,interaction,True,10,351.1426292822131,351.1426292822131,354.8995275295705,250.14899513701744,1.0106990662313973,0.7123857210056169,175.1004781335846,,27,cube,full_whitened,10
1036,27,interaction,True,10,215.97527266498093,215.97527266498093,129.61262641965612,116.46275476191876,0.6001271572450341,0.53924115165987,110.10107778291395,,27,cube,full_whitened,10
1037,27,interaction,True,10,118.96668109990705,118.96668109990705,141.37707769371355,79.97442692983836,1.1883754038240881,0.6722422294245278,67.91433472035989,,27,cube,full_whitened,10
1038,27,static,True,10,136.6413879817652,136.6413879817652,191.0943661321071,112.607010867442,1.3985101363110322,0.8241061696655877,112.40195403015454,,27,cube,full_whitened,10
1039,27,transport_free,True,10,171.52755875485093,171.52755875485093,298.33846892580743,202.96215248449369,1.7393034162644152,1.1832626427953157,229.73793451369664,,27,cube,full_whitened,10
1040,27,transport_free,True,10,196.95439936571066,196.95439936571066,196.79358439188405,117.2945901688557,0.9991834913343164,0.5955418642416801,112.54049254560542,,27,cube,full_whitened,10
1041,27,transport_free,True,10,177.07372554137567,177.07372554137567,228.31055065794132,71.00964499384826,1.289353064436392,0.40101739982454876,53.48225885634722,,27,cube,full_whitened,10
1042,27,transport_free,True,10,188.6143225135176,188.6143225135176,185.42958488711747,63.95049077088415,0.9831150806367216,0.3390542664982451,56.32670631136024,,27,cube,full_whitened,10
1043,27,transport_free,True,10,182.73952010070772,182.73952010070772,202.96782653072395,52.233244657076526,1.1106947551294237,0.28583441955134165,41.05274853234205,,27,cube,full_whitened,10
1044,27,transport_free,True,10,185.3745115198546,185.3745115198546,222.4580049442774,50.69172753504101,1.2000463446694016,0.2734557578570431,45.028211756648034,,27,cube,full_whitened,10
1045,27,transport_free,True,10,175.36379515510447,175.36379515510447,195.84696681520654,107.6315833681857,1.1168038798543638,0.613761713317099,67.90634992334779,,27,cube,full_whitened,10
1046,27,interaction,True,10,168.18048594201144,168.18048594201144,180.0279182158584,102.95971264990337,1.0704447499214145,0.6121977355054369,69.70521749930596,,27,cube,full_whitened,10
1047,27,interaction,True,10,165.3902435026975,165.3902435026975,183.2913529816595,146.96680045014386,1.108235583307972,0.8886062281403367,103.45740682425328,,27,cube,full_whitened,10
1048,27,interaction,True,10,166.2876151643322,166.2876151643322,427.6172570734392,201.7052963980878,2.571552046439841,1.2129904936020304,193.68817816158565,,27,cube,full_whitened,10
1049,27,interaction,True,10,280.8022876079533,280.8022876079533,826.7973246290837,241.91829793069712,2.9444109293847003,0.8615253814044966,230.1298015592708,,27,cube,full_whitened,10
1050,27,interaction,True,10,218.17839573929575,218.17839573929575,318.34739111814093,257.15888033440024,1.4591150972552682,1.1786633569424665,111.50617949212266,,27,cube,full_whitened,10
1051,27,interaction,True,10,164.61493525296078,164.61493525296078,391.60200368056223,297.2756133348032,2.378897170410416,1.805884823743272,288.67661327656276,,27,cube,full_whitened,10
1052,27,interaction,True,10,325.2510014142331,325.2510014142331,700.8064520790978,241.244730598344,2.154663472308775,0.7417186405249514,144.13312257104022,,27,cube,full_whitened,10
1053,27,interaction,True,10,281.08354619446584,281.08354619446584,221.01646192839638,147.76209200646963,0.7863016705200082,0.5256874477606077,141.96411494412763,,27,cube,full_whitened,10
1054,27,interaction,True,10,211.25062548988782,211.25062548988782,148.38995374972922,107.87341765374562,0.7024355710455985,0.5106418852185094,64.74001746426468,,27,cube,full_whitened,10
1055,27,transport_free,True,10,107.96165380645303,107.96165380645303,175.68335425560426,101.64730635663561,1.6272755007121187,0.9415130536890682,84.23468524159273,,27,cube,full_whitened,10
1056,27,transport_free,True,10,139.3228375842457,139.3228375842457,265.85394945564525,185.14717059622356,1.9081864399645805,1.3289075488738078,210.38483456160444,,27,cube,full_whitened,10
1057,27,transport_free,True,10,148.47914088327397,148.47914088327397,198.6418272427441,130.74652581016835,1.3378433230490285,0.8805716751348527,129.55972697609775,,27,cube,full_whitened,10
1058,27,transport_free,True,10,165.48525626600355,165.48525626600355,171.10543783972497,120.0621161951899,1.033961826573163,0.7255154864201329,88.79683400378585,,27,cube,full_whitened,10
1059,27,transport_free,True,10,171.105437839725,171.105437839725,172.17037798189955,69.28082242698179,1.006223882511391,0.4049013479739747,54.09352110782463,,27,cube,full_whitened,10
1060,27,transport_free,True,10,167.1692387393686,167.1692387393686,173.17553466571167,63.82649074644527,1.0359294327810358,0.38180762936868023,50.0101492050848,,27,cube,full_whitened,10
1061,27,transport_free,True,10,151.62737872926982,151.62737872926982,199.08158499150588,48.94978827165143,1.3129659475744508,0.32282948291977737,44.46268418882183,,27,cube,full_whitened,10
1062,27,transport_free,True,10,168.49303353331092,168.49303353331092,233.80050670350676,76.1330135076245,1.3875974679824647,0.45184665449431216,58.814133145328526,,27,cube,full_whitened,10
1063,27,transport_free,True,10,162.82218194064706,162.82218194064706,209.6847567176859,106.71882363339975,1.2878144379254264,0.6554317253425676,55.922981769928946,,27,cube,full_whitened,10
1064,28,transport_free,True,10,603.9487672776229,603.9487672776229,652.1272724989874,98.38894881652183,1.079772503615721,0.16290942899018196,53.28851221016875,,28,cube,full_whitened,10
1065,28,transport_free,True,10,602.8709367105207,602.8709367105207,638.2401605845968,166.0005244113717,1.0586679863306452,0.27535001988506846,61.03680355241115,,28,cube,full_whitened,10
1066,28,static,True,10,621.4165776756358,621.4165776756358,660.0406472404655,150.63630493573652,1.0621548747690321,0.24240792786568524,38.487092714901365,,28,cube,full_whitened,10
1067,28,interaction,True,10,624.8662490070529,624.8662490070529,651.5456773472446,136.41846264845003,1.042696222403733,0.21831626026405895,55.97994467484781,,28,cube,full_whitened,10
1068,28,interaction,True,10,621.1836719360042,621.1836719360042,653.5252197557397,158.22931690137654,1.0520643881687015,0.2547222730569095,80.7353814047788,,28,cube,full_whitened,10
1069,28,interaction,True,10,600.466424455786,600.466424455786,673.4965991535473,215.0332262104415,1.1216224117176077,0.3581103246619162,152.78626874378708,,28,cube,full_whitened,10
1070,28,interaction,True,10,530.9961921155565,530.9961921155565,250.33900164584037,224.18597618391087,0.47145159487577093,0.4221988396766564,218.0130378327257,,28,cube,full_whitened,10
1071,28,interaction,True,10,205.65078905976236,205.65078905976236,90.12464246967167,209.03960249426478,0.43824117029515186,1.0164784849598492,202.8662930750562,,28,cube,full_whitened,10
1072,28,interaction,True,10,76.25329927949537,76.25329927949537,168.60409716793612,112.48754145906268,2.211105601476237,1.4751826153351868,108.79962222772517,,28,cube,full_whitened,10
1073,28,interaction,True,10,112.32269940032481,112.32269940032481,166.84202310829187,52.64223797083662,1.485381174055094,0.4686696300203447,44.33198300338128,,28,cube,full_whitened,10
1074,28,interaction,True,10,166.84202310829187,166.84202310829187,205.70172029495893,48.16832199499635,1.232913126217874,0.28870617304689367,42.59958297934358,,28,cube,full_whitened,10
1075,28,interaction,True,10,205.7017202949589,205.7017202949589,191.1205133535282,47.66449719412171,0.9291148031211286,0.23171657060414877,46.135564500947474,,28,cube,full_whitened,10
1076,28,transport_free,True,10,192.1004197030903,192.1004197030903,165.38508633597564,60.25684903261573,0.8609303748091452,0.3136736979843589,69.81246050040595,,28,cube,full_whitened,10
1077,28,transport_free,True,10,165.22633877363182,165.22633877363182,148.76956491419077,82.19229592798887,0.9003986048375275,0.4974527459607777,90.17688049588183,,28,cube,full_whitened,10
1078,28,transport_free,True,10,135.7554730537915,135.7554730537915,150.05269827590388,58.57672922467165,1.1053160134210374,0.4314870546800078,67.80655652138933,,28,cube,full_whitened,10
1079,28,static,True,10,135.25072627220976,135.25072627220976,145.79633023372793,41.62194338648993,1.077970775109139,0.3077391488657912,39.20641365316627,,28,cube,full_whitened,10
1080,28,transport_free,True,10,136.34655766724364,136.34655766724364,144.9458897965967,44.161388577383406,1.0630696680318097,0.3238907482003331,40.85707077064363,,28,cube,full_whitened,10
1081,28,transport_free,True,10,142.94449643739722,142.94449643739722,168.2648132692802,43.54861803982173,1.1771339048577647,0.3046540379320859,43.24451319128869,,28,cube,full_whitened,10
1082,28,transport_free,True,10,156.5672174454943,156.5672174454943,176.6887783676847,50.49265444367879,1.1285170756080871,0.3224982551743744,41.500179272736716,,28,cube,full_whitened,10
1083,28,transport_free,True,10,174.82947310584785,174.82947310584785,199.9566420099586,41.72457724595151,1.1437238725126049,0.23865871414421067,37.040200056648715,,28,cube,full_whitened,10
1084,28,interaction,True,10,200.44802196669036,200.44802196669036,195.25699169728182,39.0273984799933,0.9741028610884912,0.19470084113116723,34.424722103836565,,28,cube,full_whitened,10
1085,28,interaction,True,10,196.25505636007318,196.25505636007318,186.44262813125425,45.133762972569144,0.9500016539150162,0.22997503254011098,41.34201326049401,,28,cube,full_whitened,10
1086,28,interaction,True,10,186.44262813125425,186.44262813125425,128.4047561301138,82.25355984442335,0.6887092153609731,0.44117356995481444,87.73050830756132,,28,cube,full_whitened,10
1087,28,interaction,True,10,126.9201129425725,126.9201129425725,176.05957600748087,121.47698655451904,1.3871684473456345,0.9571137602870216,121.0086460988149,,28,cube,full_whitened,10
1088,28,interaction,True,10,119.23375059212376,119.23375059212376,213.40292792688706,210.8781756424979,1.7897862548742458,1.7686114426096726,50.38035829757487,,28,cube,full_whitened,10
1089,28,interaction,True,10,126.00534103800337,126.00534103800337,163.85700999900024,215.26927406376862,1.300397337519056,1.708413883811823,143.9550385900332,,28,cube,full_whitened,10
1090,28,interaction,True,10,102.3775338781073,102.3775338781073,168.10152039735675,74.18963788719228,1.6419766527830384,0.7246671713691005,59.854663574437076,,28,cube,full_whitened,10
1091,28,interaction,True,10,152.89694144060155,152.89694144060155,189.53640249773832,47.771034787123774,1.2396350163183003,0.3124394401681488,42.84228425860024,,28,cube,full_whitened,10
1092,28,interaction,True,10,189.53640249773832,189.53640249773832,206.19149242367098,42.92648650816689,1.087872776450589,0.2264814882126884,38.88189441907751,,28,cube,full_whitened,10
1093,28,interaction,True,10,206.32563601803116,206.32563601803116,180.192455475287,50.27010819792983,0.8733401188184858,0.24364450859386488,53.04506224772027,,28,cube,full_whitened,10
1094,28,transport_free,True,10,180.7307922533834,180.7307922533834,158.41864082063606,89.53026812088517,0.8765448258453609,0.4953791603777419,99.56712408013215,,28,cube,full_whitened,10
1095,28,transport_free,True,10,158.0646654949823,158.0646654949823,162.95125406635094,66.70160133697458,1.0309151229723998,0.4219893239776096,73.62888521286693,,28,cube,full_whitened,10
1096,28,transport_free,True,10,148.26431187811653,148.26431187811653,148.09861074749173,45.158839008411306,0.9988823936891771,0.3045833379345866,48.602849559728476,,28,cube,full_whitened,10
1097,28,transport_free,True,10,144.6531436270141,144.6531436270141,151.67252318500016,50.09197819328904,1.048525592890573,0.34629028403593104,43.77265288766636,,28,cube,full_whitened,10
1098,28,transport_free,True,10,145.5379659898181,145.5379659898181,161.71893316329866,42.87259205046899,1.1111803855676572,0.29458012387962307,42.31000781728624,,28,cube,full_whitened,10
1099,28,transport_free,True,10,154.41847682964217,154.41847682964217,174.850356537092,42.12531819073729,1.1323149931726806,0.27279972614424153,38.99567491594829,,28,cube,full_whitened,10
1100,28,transport_free,True,10,168.49654691144613,168.49654691144613,207.0809268614933,46.89444573183796,1.2289921108610333,0.27831101937349184,40.14320571749961,,28,cube,full_whitened,10
1101,28,interaction,True,10,205.3411992355809,205.3411992355809,200.6613505128373,45.41409790872206,0.9772094020091187,0.22116408240423313,39.47382460777643,,28,cube,full_whitened,10
1102,29,transport_free,True,10,556.7481738433153,556.7481738433153,577.3150174519694,57.46806451991014,1.0369410167377437,0.10322093043107725,44.90348495787749,,29,cube,full_whitened,10
1103,29,transport_free,True,10,558.7578343537507,558.7578343537507,592.970367868468,100.10830932486955,1.0612296265237817,0.179162247345763,49.40710142067768,,29,cube,full_whitened,10
1104,29,transport_free,True,10,564.8384196880496,564.8384196880496,602.1712021213674,102.93365008740332,1.0660946230497848,0.18223556772970892,33.821974554850755,,29,cube,full_whitened,10
1105,29,interaction,True,10,569.3194752925353,569.3194752925353,619.4357635063768,157.35069260141844,1.0880284100383006,0.27638382214233304,59.66834508308684,,29,cube,full_whitened,10
1106,29,interaction,True,10,566.3664153857076,566.3664153857076,597.2108035057142,190.59365561728723,1.0544601291356603,0.3365200521070602,100.40002738033422,,29,cube,full_whitened,10
1107,29,interaction,True,10,546.3125346644513,546.3125346644513,659.2058071117227,217.11557574090057,1.206645949495944,0.397420088254527,117.28791793759419,,29,cube,full_whitened,10
1108,29,interaction,True,10,519.529398597242,519.529398597242,466.6874522564955,302.2631961625589,0.898288823532561,0.5818019095332935,319.21556354114983,,29,cube,full_whitened,10
1109,29,interaction,True,10,316.0712342237436,316.0712342237436,77.70652119943877,212.14291586966687,0.24585129168835124,0.6711870391833666,208.68616224312288,,29,cube,full_whitened,10
1110,29,interaction,True,10,43.58184466885582,43.58184466885582,143.8994324042371,159.25405053557506,3.3018205974899817,3.6541374452050253,150.83198397601956,,29,cube,full_whitened,10
1111,29,interaction,True,10,124.91143915133239,124.91143915133239,178.31073664482972,74.29086976342168,1.4274972561064094,0.5947483294417655,74.1818665839578,,29,cube,full_whitened,10
1112,29,interaction,True,10,172.22177805316102,172.22177805316102,190.5053564009403,53.04817875227984,1.106162986786349,0.3080224774819422,37.00305215872307,,29,cube,full_whitened,10
1113,29,interaction,True,10,183.27959330438276,183.27959330438276,187.9211346238526,52.48864367285991,1.02532492153538,0.286385640247952,31.995269478490886,,29,cube,full_whitened,10
1114,29,transport_free,True,10,180.7940459638137,180.7940459638137,160.11147328335244,62.84009700411053,0.8856014722708241,0.34757835452550306,50.39588158671832,,29,cube,full_whitened,10
1115,29,transport_free,True,10,153.366434635207,153.366434635207,109.65179888333506,77.0285033455177,0.7149660820123365,0.5022513793760381,65.59917061509705,,29,cube,full_whitened,10
1116,29,transport_free,True,10,102.99375362853209,102.99375362853209,79.69149032109165,67.94292157903106,0.7737507131598991,0.659680021218384,60.746146123882355,,29,cube,full_whitened,10
1117,29,transport_free,True,10,66.62907510696039,66.62907510696039,88.39336862915627,72.52481119696796,1.3266485912832713,1.0884859362154298,56.85805465512771,,29,cube,full_whitened,10
1118,29,transport_free,True,10,77.41075652912048,77.41075652912048,72.91960224138666,65.58148674426107,0.9419828136410948,0.8471882937817633,51.59090441788983,,29,cube,full_whitened,10
1119,29,transport_free,True,10,58.92720693169663,58.92720693169663,78.89823935660576,59.00241926427364,1.3389102159221264,1.0012763600464585,45.04213167451976,,29,cube,full_whitened,10
1120,29,transport_free,True,10,67.9460960096751,67.9460960096751,107.42508964009426,58.69279220131032,1.581034024748053,0.863814047431847,39.38700907600739,,29,cube,full_whitened,10
1121,29,transport_free,True,10,99.69148530414394,99.69148530414394,156.11887381708434,64.28586828959342,1.5660201404441794,0.6448481341557584,38.958766024318884,,29,cube,full_whitened,10
1122,29,transport_free,True,10,148.2057575716509,148.2057575716509,202.81694322418392,67.0775518057803,1.3684822138312065,0.45259747600123623,54.88152300882059,,29,cube,full_whitened,10
1123,29,interaction,True,10,195.0990068610174,195.0990068610174,197.6766054726981,50.90928573445747,1.0132117464519792,0.26094077337217664,39.88346859334028,,29,cube,full_whitened,10
1124,29,interaction,True,10,189.43559894759488,189.43559894759488,177.918607551177,60.772722678596274,0.9392036583387691,0.32080940972139205,58.97519223805151,,29,cube,full_whitened,10
1125,29,interaction,True,10,169.25689541096574,169.25689541096574,126.70328159521725,62.10752999650251,0.7485856412973557,0.3669423915977057,52.137528276995354,,29,cube,full_whitened,10
1126,29,interaction,True,10,117.66879869439464,117.66879869439464,98.25044423312997,56.70425829584897,0.8349744819635887,0.4818971462700093,55.93798772133307,,29,cube,full_whitened,10
1127,29,interaction,True,10,91.66534742482901,91.66534742482901,107.76660707288812,57.90822483954351,1.1756526331966732,0.6317351809202673,47.83911614060307,,29,cube,full_whitened,10
1128,29,interaction,True,10,99.95773051615804,99.95773051615804,140.06995477077422,61.428030347215994,1.401291866546851,0.6145400663862235,59.907241332316225,,29,cube,full_whitened,10
1129,29,interaction,True,10,129.77908736504173,129.77908736504173,158.0773662085648,51.38406276613401,1.2180496058192014,0.39593484442991395,47.566663159669,,29,cube,full_whitened,10
1130,29,interaction,True,10,154.78393167840107,154.78393167840107,173.59282417729062,52.70113425616447,1.1215170870447284,0.34048194592745645,44.41867029151274,,29,cube,full_whitened,10
1131,29,interaction,True,10,167.1507597196898,167.1507597196898,174.92539189730525,50.53547251867205,1.0465126942327598,0.30233468638383426,31.3247911971753,,29,cube,full_whitened,10
1132,29,transport_free,True,10,167.88622914265565,167.88622914265565,151.23326331582467,61.368746495270955,0.9008080298671746,0.3655377025778865,47.81923207809741,,29,cube,full_whitened,10
1133,29,transport_free,True,10,142.10169239531174,142.10169239531174,90.96688560080742,81.67571637374522,0.6401534286287545,0.5747694837196737,78.91600773875979,,29,cube,full_whitened,10
1134,29,transport_free,True,10,73.51799002290177,73.51799002290177,66.12038531676473,61.74961253448882,0.8993769456451054,0.8399252008284372,49.636290960042956,,29,cube,full_whitened,10
1135,29,static,True,10,56.17722837632027,56.17722837632027,68.40448698343846,56.45529870463453,1.2176550705778892,1.0049498762461457,38.847537690071675,,29,cube,full_whitened,10
1136,29,transport_free,True,10,57.8983458246463,57.8983458246463,79.47013427991797,64.06774166264634,1.372580393239645,1.1065556493908302,42.55374433458696,,29,cube,full_whitened,10
1137,29,transport_free,True,10,65.73829193449261,65.73829193449261,111.38851980880438,60.30808529389629,1.6944236993532118,0.9173965967048938,39.15065367246909,,29,cube,full_whitened,10
1138,29,transport_free,True,10,98.43023601001943,98.43023601001943,154.86345896738314,58.32106454002063,1.5733321918644922,0.5925116803954834,36.42183429733626,,29,cube,full_whitened,10
1139,29,transport_free,True,10,145.15895006849854,145.15895006849854,179.42886903795178,61.45351097547335,1.2360854701227981,0.4233532341372976,30.796099877454328,,29,cube,full_whitened,10
380,10,transport_free,True,10,78.5867440800114,78.5867440800114,72.74356608896703,11.302227639644158,0.9256467733910027,0.14381849982405479,9.086495407222088,,10,cube,floor_1e-3,10
381,10,transport_free,True,10,66.27693236203922,66.27693236203922,62.63648940504808,13.82005243160831,0.9450722472020109,0.20851979624096006,11.098238473207415,,10,cube,floor_1e-3,10
382,10,transport_free,True,10,62.63648940504807,62.63648940504807,68.27543084409503,12.620309231734815,1.090026460496244,0.20148493875708343,7.960484246393335,,10,cube,floor_1e-3,10
383,10,interaction,True,10,66.45272292045244,66.45272292045244,52.05866580642082,21.371028643681942,0.7833940208701139,0.3215974862198534,18.141396034065778,,10,cube,floor_1e-3,10
384,10,interaction,True,10,51.48217048509056,51.48217048509056,73.34307664343794,24.27569666871803,1.4246306236190718,0.4715359985793211,17.891269900258816,,10,cube,floor_1e-3,10
385,10,interaction,True,10,68.76569612663809,68.76569612663809,77.66412852430966,43.963960205770604,1.1294022004995676,0.6393298211481361,42.203679789591064,,10,cube,floor_1e-3,10
386,10,interaction,True,10,51.59261640521382,51.59261640521382,71.70386933572316,47.40839852060735,1.3898087426416494,0.9188989011190442,43.77768322850692,,10,cube,floor_1e-3,10
387,10,interaction,True,10,47.513696343116976,47.513696343116976,66.03104310645597,50.36872701094043,1.3897265039035738,1.060088582610076,18.63580068625683,,10,cube,floor_1e-3,10
388,10,interaction,True,10,45.276469173383774,45.276469173383774,84.9191906367515,53.53539681007422,1.8755700739728196,1.182411035742724,40.26678585596767,,10,cube,floor_1e-3,10
389,10,interaction,True,10,75.56515401032419,75.56515401032419,95.31404228804097,32.970743979813115,1.2613491434824384,0.43632206420579045,20.453682579030374,,10,cube,floor_1e-3,10
390,10,interaction,True,10,88.37652673755892,88.37652673755892,88.03773997635899,27.85115244228891,0.996166552661591,0.3151419666558645,10.429850518644953,,10,cube,floor_1e-3,10
391,10,interaction,True,10,83.76072825547115,83.76072825547115,105.45244607891462,25.92063792893007,1.2589724119552004,0.3094605129252439,18.136941454144946,,10,cube,floor_1e-3,10
392,10,static,True,10,100.72372395600786,100.72372395600786,102.62642766386816,34.904488873756506,1.018890323283632,0.3465369180452602,21.565487064278354,,10,cube,floor_1e-3,10
393,10,transport_free,True,10,98.84353659667003,98.84353659667003,116.07384579992873,38.00935905739844,1.174319027794066,0.3845406626079681,31.291015391281086,,10,cube,floor_1e-3,10
394,10,transport_free,True,10,106.89663862046083,106.89663862046083,106.94359590913538,38.65338978612279,1.000439277504705,0.3615959330897448,24.010519304400706,,10,cube,floor_1e-3,10
395,10,transport_free,True,10,99.74088303082449,99.74088303082449,91.63902923324578,15.508575417381016,0.9187709838594985,0.15548865165539147,9.064231049863649,,10,cube,floor_1e-3,10
396,10,transport_free,True,10,90.24310981138069,90.24310981138069,101.9263785018774,15.735336216528449,1.129464384759304,0.17436606794044726,11.0928775339853,,10,cube,floor_1e-3,10
397,10,transport_free,True,10,100.57331323086586,100.57331323086586,109.30954692500288,15.604332759883164,1.0868643322317821,0.15515381027632494,9.086427491940263,,10,cube,floor_1e-3,10
398,10,transport_free,True,10,106.11698686525185,106.11698686525185,110.93744313954217,30.161749429595258,1.045425868342939,0.28423111436338533,10.381255146983284,,10,cube,floor_1e-3,10
399,10,transport_free,True,10,105.06533573467858,105.06533573467858,107.64078447172434,27.759329741264615,1.0245128302216588,0.2642101654856482,17.238570900027387,,10,cube,floor_1e-3,10
400,10,interaction,True,10,102.76233505515458,102.76233505515458,102.94724052087446,28.13164777449048,1.0017993505657559,0.2737544622686091,5.8753021775118075,,10,cube,floor_1e-3,10
401,10,interaction,True,10,98.95452829141176,98.95452829141176,100.12334567777279,28.118655516836295,1.0118116614423038,0.28415733976346697,8.138508338692619,,10,cube,floor_1e-3,10
402,10,interaction,True,10,94.50766749624128,94.50766749624128,88.0667658135572,46.65289815787244,0.9318478399338312,0.4936414091452199,30.115899722859883,,10,cube,floor_1e-3,10
403,10,interaction,True,10,70.00826926050915,70.00826926050915,75.68512134427863,55.038888613073354,1.0810883077632618,0.7861769644421155,49.2710032337794,,10,cube,floor_1e-3,10
404,10,interaction,True,10,47.21767674235973,47.21767674235973,44.78195620810497,40.31279496166889,0.948415070323237,0.8537648978714711,23.082504853600902,,10,cube,floor_1e-3,10
405,10,interaction,True,10,22.358322897322182,22.358322897322182,69.70356774974607,62.66545869426231,3.117566915454752,2.802779930410954,61.96543930683299,,10,cube,floor_1e-3,10
406,10,interaction,True,10,54.541872946114566,54.541872946114566,89.7181983998972,47.5744903027921,1.6449416485667003,0.8722562635462483,31.534388345919208,,10,cube,floor_1e-3,10
407,10,interaction,True,10,71.41499394748442,71.41499394748442,97.41146847284455,28.90107918733358,1.3640198379695563,0.4046920344008741,20.9425364086741,,10,cube,floor_1e-3,10
408,10,interaction,True,10,79.31199449364425,79.31199449364425,99.1036389414034,24.541421881038886,1.2495416307976617,0.30942888320637985,15.784079507994294,,10,cube,floor_1e-3,10
409,10,interaction,True,10,93.54596940844556,93.54596940844556,97.69537191156263,24.502203281304126,1.0443568282990336,0.2619268733463145,10.466147944525646,,10,cube,floor_1e-3,10
410,10,transport_free,True,10,92.59772716241156,92.59772716241156,103.65898456184887,34.10167512395071,1.11945495573597,0.3682776691066959,28.64458791792522,,10,cube,floor_1e-3,10
411,10,transport_free,True,10,100.15008085544653,100.15008085544653,109.18809309853475,37.566317404211595,1.090244682439482,0.375100220422524,34.898088620910414,,10,cube,floor_1e-3,10
412,10,transport_free,True,10,94.3299630695603,94.3299630695603,104.41563129574214,23.790559680207878,1.1069190307934766,0.25220575632648523,22.190262112670304,,10,cube,floor_1e-3,10
413,10,static,True,10,89.76145856938427,89.76145856938427,93.09227838769121,16.87420562442084,1.0371074609458608,0.18798943213893218,7.354574268032627,,10,cube,floor_1e-3,10
414,10,transport_free,True,10,91.95760332656974,91.95760332656974,107.08237685062436,20.243529604950822,1.1644755080266924,0.22013981305123645,13.177352610766885,,10,cube,floor_1e-3,10
415,10,transport_free,True,10,100.42116288808614,100.42116288808614,109.54446135846794,15.857536848750055,1.0908503567176295,0.15791030887007756,7.900168024779139,,10,cube,floor_1e-3,10
416,10,transport_free,True,10,102.54179862731021,102.54179862731021,105.40073554035135,16.01314785470094,1.0278806979330641,0.1561621511331294,9.277913890862466,,10,cube,floor_1e-3,10
417,10,transport_free,True,10,100.3529395345338,100.3529395345338,94.61967409407242,24.775478632580032,0.9428689835389582,0.2468834370721568,9.555673181442144,,10,cube,floor_1e-3,10
418,11,transport_free,True,10,56.930721754036455,56.930721754036455,57.77965061574645,5.3816719460833955,1.0149116124924202,0.09453019003227073,4.760116245257915,,11,cube,floor_1e-3,10
419,11,transport_free,True,10,57.29755667341401,57.29755667341401,56.59685190322192,8.730984252835555,0.987770773993279,0.15237969574515417,6.188308640214505,,11,cube,floor_1e-3,10
420,11,transport_free,True,10,55.769519481870596,55.769519481870596,53.06179969775897,5.846073312985319,0.9514480345309082,0.10482559949051999,4.042063117947485,,11,cube,floor_1e-3,10
421,11,interaction,True,10,52.22924903381294,52.22924903381294,50.22094358397133,6.840642993734047,0.9615482610415966,0.13097341279606473,5.3055983528011526,,11,cube,floor_1e-3,10
422,11,interaction,True,10,49.33664823636103,49.33664823636103,38.147403531490006,13.645204877852855,0.7732062248885289,0.2765734066992488,13.41569867473708,,11,cube,floor_1e-3,10
423,11,interaction,True,10,36.39511129876187,36.39511129876187,32.942125268012674,19.151035213235716,0.9051250042236672,0.5261980120359522,21.794849438483446,,11,cube,floor_1e-3,10
424,11,interaction,True,10,26.669792465644136,26.669792465644136,33.66568168864718,15.591428154147327,1.2623150979526785,0.5846100292768348,15.190799175239201,,11,cube,floor_1e-3,10
425,11,interaction,True,10,29.574275653447415,29.574275653447415,34.42242482231228,17.75452547876354,1.1639312903442058,0.600336782101168,9.1958893690049,,11,cube,floor_1e-3,10
426,11,interaction,True,10,29.147029956411895,29.147029956411895,32.75179678363433,20.858184124889792,1.123675270949157,0.7156195384600864,14.901753570923885,,11,cube,floor_1e-3,10
427,11,interaction,True,10,27.370588961723193,27.370588961723193,40.19141299312297,18.271297732410765,1.4684160815585388,0.6675522312640965,6.0396796561573725,,11,cube,floor_1e-3,10
428,11,interaction,True,10,33.85245901164313,33.85245901164313,40.661498218511156,8.207977971462672,1.2011386884635513,0.24246327183025732,5.966662307865841,,11,cube,floor_1e-3,10
429,11,interaction,True,10,40.39950414928653,40.39950414928653,38.82330815815888,9.225284095710906,0.9609847688896577,0.22835141890903204,4.686081021144165,,11,cube,floor_1e-3,10
430,11,transport_free,True,10,38.113548365317826,38.113548365317826,40.37244615521178,9.788222003109464,1.0592675803428864,0.25681738969275425,7.515679600197077,,11,cube,floor_1e-3,10
431,11,transport_free,True,10,39.63084314994346,39.63084314994346,40.19014184310314,12.831900215495239,1.0141127124407516,0.32378569809745633,9.251174118683943,,11,cube,floor_1e-3,10
432,11,transport_free,True,10,37.09589752709773,37.09589752709773,35.80826090220112,11.84389540495939,0.9652889750421587,0.3192777690931372,5.070125798678385,,11,cube,floor_1e-3,10
433,11,static,True,10,34.223951070283675,34.223951070283675,35.449599548713095,10.834366519239229,1.0358125943995298,0.3165726393480794,3.2460078398473926,,11,cube,floor_1e-3,10
434,11,transport_free,True,10,34.386137567529744,34.386137567529744,37.10403565991197,10.79042236682222,1.0790405170410502,0.3138015238155575,3.7411410086202057,,11,cube,floor_1e-3,10
435,11,transport_free,True,10,36.16207513783421,36.16207513783421,40.25669857550983,10.60975447764842,1.1132297696431603,0.2933945144798416,3.8813563586516717,,11,cube,floor_1e-3,10
436,11,transport_free,True,10,38.77591467617969,38.77591467617969,42.51812434333932,11.15764137657612,1.0965086110388649,0.28774669713801326,4.191512552983742,,11,cube,floor_1e-3,10
437,11,transport_free,True,10,39.59323389401139,39.59323389401139,42.16401994289162,9.023112139444706,1.0649299336286109,0.22789530563729682,3.785866514852752,,11,cube,floor_1e-3,10
438,11,interaction,True,10,39.011432762219464,39.011432762219464,41.661932062420775,9.220907108139542,1.0679416035898117,0.2363642259524882,4.915871843306818,,11,cube,floor_1e-3,10
439,11,interaction,True,10,39.383426150095886,39.383426150095886,37.259419579351174,10.079239423659011,0.9460685171815724,0.2559259162787307,4.92109393508821,,11,cube,floor_1e-3,10
440,11,interaction,True,10,34.363873592605145,34.363873592605145,31.801596323718286,12.656315902525984,0.9254368905187033,0.36830294665178637,6.9125147352374805,,11,cube,floor_1e-3,10
441,11,interaction,True,10,27.81572669865534,27.81572669865534,26.387057487787814,16.56155131854277,0.9486380770725437,0.5954024317956569,13.186923369534856,,11,cube,floor_1e-3,10
442,11,interaction,True,10,20.456906934915118,20.456906934915118,27.452715741682947,17.882018489440252,1.3419778380488026,0.874131096471865,5.658970122899356,,11,cube,floor_1e-3,10
443,11,interaction,True,10,21.47143565545615,21.47143565545615,28.537653913083822,23.43779465274224,1.329098546134341,1.0915802291397507,13.095301654738112,,11,cube,floor_1e-3,10
444,11,interaction,True,10,23.839863132472466,23.839863132472466,35.66486858286164,19.540334251706255,1.4960181769786354,0.8196495987886026,11.296704377013652,,11,cube,floor_1e-3,10
445,11,interaction,True,10,32.02389555318458,32.02389555318458,41.8006905248291,11.439121945796995,1.3052968666915439,0.35720582234597764,5.4507824065414905,,11,cube,floor_1e-3,10
446,11,interaction,True,10,37.23639767902803,37.23639767902803,38.89954900596883,8.0202312329245,1.0446646676533242,0.2153868723300693,5.709716184213325,,11,cube,floor_1e-3,10
447,11,transport_free,True,10,38.861308357550826,38.861308357550826,36.63051381521339,7.249471614515625,0.9425960000674042,0.18654728625746433,4.815168499120086,,11,cube,floor_1e-3,10
448,11,transport_free,True,10,36.53974628578098,36.53974628578098,40.47171308930929,11.37777610047807,1.107607939386771,0.3113808183420693,10.630813536031088,,11,cube,floor_1e-3,10
449,11,transport_free,True,10,38.16649085262229,38.16649085262229,36.835774878182875,13.210277777520975,0.9651339186623706,0.3461224095380344,6.5746811140426695,,11,cube,floor_1e-3,10
450,11,transport_free,True,10,34.03260797701613,34.03260797701613,34.460676947569596,16.648697948772227,1.0125782006140278,0.4891984170010098,4.879560649238902,,11,cube,floor_1e-3,10
451,11,transport_free,True,10,32.09485447541277,32.09485447541277,37.79152670323867,17.23027321684858,1.177494876388675,0.5368546920830675,4.7613462478820985,,11,cube,floor_1e-3,10
452,11,transport_free,True,10,33.2124007897452,33.2124007897452,37.089521580711605,17.78321365462893,1.116737143319176,0.5354389695345284,4.816168366676579,,11,cube,floor_1e-3,10
453,11,transport_free,True,10,34.90689732008711,34.90689732008711,41.04788432698837,19.99738463459708,1.1759247449176022,0.5728777453700997,3.598206294572168,,11,cube,floor_1e-3,10
454,11,transport_free,True,10,37.53337107705006,37.53337107705006,42.521757548516014,16.72163908016237,1.1329053673656326,0.4455139146930206,3.8530356200461595,,11,cube,floor_1e-3,10
455,11,transport_free,True,10,38.54243827718502,38.54243827718502,42.91218123380872,8.082798080589132,1.1133748447671599,0.20971164362929523,2.9794032710619085,,11,cube,floor_1e-3,10
456,12,transport_free,True,10,78.78029755695854,78.78029755695854,78.61326662137108,9.742258735874142,0.9978797879575576,0.12366364481970178,8.359626463887206,,12,cube,floor_1e-3,10
457,12,transport_free,True,10,72.79144439153515,72.79144439153515,72.74084751993419,11.566815344534856,0.9993049063385966,0.1589035008334022,11.51190451777027,,12,cube,floor_1e-3,10
458,12,transport_free,True,10,62.10025921722158,62.10025921722158,69.24714555670823,7.6425770508460005,1.1150862561537374,0.12306835989384356,6.764777884502322,,12,cube,floor_1e-3,10
459,12,interaction,True,10,58.426301598390125,58.426301598390125,67.23214954289543,9.266309396005344,1.1507171890672596,0.15859825356908552,3.014414871953611,,12,cube,floor_1e-3,10
460,12,interaction,True,10,65.06853199862928,65.06853199862928,68.89086543457691,21.221902337206963,1.0587431945756536,0.32614693593600697,18.80932581291567,,12,cube,floor_1e-3,10
461,12,interaction,True,10,68.85332388774529,68.85332388774529,47.44377916825506,29.16525967297971,0.6890557563438015,0.4235853554510914,22.911573541300513,,12,cube,floor_1e-3,10
462,12,interaction,True,10,39.70948800765011,39.70948800765011,29.52720775957168,30.303936953444655,0.7435806715484019,0.7631409638826505,26.88787091936182,,12,cube,floor_1e-3,10
463,12,interaction,True,10,25.603411447327087,25.603411447327087,36.62363400671437,39.56163657025586,1.4304200860912133,1.5451705196256558,33.607944424060626,,12,cube,floor_1e-3,10
464,12,interaction,True,10,31.01005846197965,31.01005846197965,23.254680250975756,52.95342380104592,0.7499076559138871,1.7076208955223438,51.74096234187361,,12,cube,floor_1e-3,10
465,12,interaction,True,10,20.982524262132664,20.982524262132664,28.799052104392736,35.4917980042891,1.3725256191585407,1.6914932427049039,31.689556914146216,,12,cube,floor_1e-3,10
466,12,interaction,True,10,25.49129339361791,25.49129339361791,31.73537894839587,11.300563617448386,1.2449497347333993,0.44331071958387314,8.951125649058561,,12,cube,floor_1e-3,10
467,12,interaction,True,10,30.787080193765696,30.787080193765696,32.65583562382345,8.768281621318728,1.0606993394078394,0.2848039361359861,4.095737483473791,,12,cube,floor_1e-3,10
468,12,static,True,10,30.18056599453012,30.18056599453012,28.89764784740384,8.914397225918465,0.9574919122670266,0.29536878889329304,5.752218884505539,,12,cube,floor_1e-3,10
469,12,transport_free,True,10,28.150724324556595,28.150724324556595,27.814868984173945,14.559248812427562,0.9880693890320372,0.5171891367543662,12.650892663845491,,12,cube,floor_1e-3,10
470,12,transport_free,True,10,26.90268774761534,26.90268774761534,35.63220197619433,13.578649568507196,1.324484836254057,0.5047320808944381,13.379342265374058,,12,cube,floor_1e-3,10
471,12,transport_free,True,10,31.21517097829546,31.21517097829546,33.44904443289687,12.432059485433438,1.0715637103559248,0.3982697866392499,11.912820638303467,,12,cube,floor_1e-3,10
472,12,transport_free,True,10,32.456590950736796,32.456590950736796,31.14968992003142,9.893931268037296,0.9597338786230195,0.30483581233329415,9.04260309953289,,12,cube,floor_1e-3,10
473,12,transport_free,True,10,29.47445486591077,29.47445486591077,27.168399565639955,9.959345658051351,0.9217608837631829,0.33789753545433737,8.827473543250232,,12,cube,floor_1e-3,10
474,12,transport_free,True,10,25.369033828249208,25.369033828249208,29.39748048794568,5.904005377640662,1.1587938542306908,0.2327248809557094,4.19851122858161,,12,cube,floor_1e-3,10
475,12,transport_free,True,10,27.10932828977203,27.10932828977203,33.34931935732854,7.176392770840614,1.230178741459661,0.2647204200020023,6.055329481051459,,12,cube,floor_1e-3,10
476,12,transport_free,True,10,30.08297217606102,30.08297217606102,31.023890272053755,8.283871526354849,1.0312774313151638,0.27536745630961507,3.774580661579318,,12,cube,floor_1e-3,10
477,12,interaction,True,10,29.1969961560547,29.1969961560547,29.63951870727986,7.25264379070707,1.0151564410550977,0.2484037656457019,3.5488391815260423,,12,cube,floor_1e-3,10
478,12,interaction,True,10,27.28035257832996,27.28035257832996,25.43725175437148,8.739764858869805,0.9324385262739405,0.32036847155018816,6.109434528266724,,12,cube,floor_1e-3,10
479,12,interaction,True,10,23.886333752542036,23.886333752542036,23.530869362548692,12.014070713134089,0.9851185035897142,0.5029683850856989,10.368945173105347,,12,cube,floor_1e-3,10
480,12,interaction,True,10,21.58256494893095,21.58256494893095,25.113049414639207,19.0153976928733,1.1635803934361904,0.8810536531625353,9.041004540172587,,12,cube,floor_1e-3,10
481,12,interaction,True,10,20.40687621087963,20.40687621087963,26.738131028474278,20.101391321185062,1.3102510522516537,0.985030296330621,9.092716251557343,,12,cube,floor_1e-3,10
482,12,interaction,True,10,22.64542713249663,22.64542713249663,28.933939559023806,19.955469081392824,1.2776945822100674,0.8812140731386928,10.489695624399577,,12,cube,floor_1e-3,10
483,12,interaction,True,10,25.121325567085883,25.121325567085883,30.329637133646656,9.315992379997994,1.2073263034091137,0.3708400002667003,5.447684452868075,,12,cube,floor_1e-3,10
484,12,interaction,True,10,27.462535409594118,27.462535409594118,36.1375134792893,10.3196214662747,1.3158840922846675,0.37577089341392383,6.302850466212276,,12,cube,floor_1e-3,10
485,12,interaction,True,10,31.619213859667116,31.619213859667116,30.8552504520568,9.438524444269145,0.975838633718063,0.29850598076724333,5.514519227737666,,12,cube,floor_1e-3,10
486,12,transport_free,True,10,28.181515260497076,28.181515260497076,27.912532056896083,11.03653463952497,0.9904553321170053,0.39162318056741363,8.244895846883583,,12,cube,floor_1e-3,10
487,12,transport_free,True,10,25.61475610271662,25.61475610271662,23.793641016131314,10.671852452834106,0.9289036725830013,0.4166290871573938,8.809441462671188,,12,cube,floor_1e-3,10
488,12,transport_free,True,10,21.54232497028847,21.54232497028847,22.746628075016535,8.901146691631505,1.0559040450085615,0.4131934089708568,7.514636234499706,,12,cube,floor_1e-3,10
489,12,transport_free,True,10,19.98872138699192,19.98872138699192,22.08821540625902,6.4138588112315125,1.1050339328174033,0.32087389118372855,5.1596934656441436,,12,cube,floor_1e-3,10
490,12,transport_free,True,10,19.573071816028815,19.573071816028815,22.414438750743237,7.135690924274229,1.1451671439935946,0.3645667369610659,5.597054076266127,,12,cube,floor_1e-3,10
491,12,transport_free,True,10,20.74907764500426,20.74907764500426,23.345040905232985,5.0144576733666195,1.125112224487422,0.24167135326007838,3.6417678593258094,,12,cube,floor_1e-3,10
492,12,transport_free,True,10,22.346395655807726,22.346395655807726,26.770082305506264,6.950770198729425,1.197959738914264,0.31104659139618124,5.147020456008768,,12,cube,floor_1e-3,10
493,12,transport_free,True,10,24.021524054559237,24.021524054559237,30.0920608055916,7.131189172513816,1.2527123898235837,0.2968666416134546,3.9940546671988586,,12,cube,floor_1e-3,10
494,13,transport_free,True,10,46.45806988658768,46.45806988658768,50.32924605338927,12.42448910819288,1.0833262375353048,0.26743446592859416,5.954450748619529,,13,cube,floor_1e-3,10
495,13,transport_free,True,10,50.32924605338927,50.32924605338927,55.110093321060425,11.76712272679406,1.0949914342567268,0.23380288101895058,4.716972704694833,,13,cube,floor_1e-3,10
496,13,transport_free,True,10,55.110093321060425,55.110093321060425,56.2122080363099,6.887934775347388,1.019998418598727,0.1249849956743795,3.3135049908761793,,13,cube,floor_1e-3,10
497,13,interaction,True,10,56.21220803630989,56.21220803630989,65.94948155490155,19.23693605583205,1.173223466196203,0.3422198972046443,15.758421683416357,,13,cube,floor_1e-3,10
498,13,interaction,True,10,60.90487524742545,60.90487524742545,59.798879160007516,25.712291820979253,0.981840598426237,0.4221713239953833,25.257883487245763,,13,cube,floor_1e-3,10
499,13,interaction,True,10,54.805390602553246,54.805390602553246,38.04705379555713,21.39773780517381,0.6942210132480037,0.3904312617776862,19.937906432536188,,13,cube,floor_1e-3,10
500,13,interaction,True,10,30.44392838968362,30.44392838968362,22.79466951787353,22.50095712710096,0.7487427123760363,0.7390950615534145,21.580480402570483,,13,cube,floor_1e-3,10
501,13,interaction,True,10,17.412312502495453,17.412312502495453,28.960383634864584,25.52659801667933,1.663212949498472,1.4660084933015631,17.279559790370346,,13,cube,floor_1e-3,10
502,13,interaction,True,10,19.37901835368222,19.37901835368222,33.5928364120969,18.081740842473558,1.7334642962301496,0.9330576251318651,13.321342705657779,,13,cube,floor_1e-3,10
503,13,interaction,True,10,29.569119139572354,29.569119139572354,42.19103520374222,12.071706520535583,1.4268614159451896,0.4082538429215505,8.635768112154155,,13,cube,floor_1e-3,10
504,13,interaction,True,10,39.70739008368878,39.70739008368878,55.909293195682324,18.273955350939673,1.4080324362252419,0.4602154740572171,14.784146553356837,,13,cube,floor_1e-3,10
505,13,interaction,True,10,53.29221282947539,53.29221282947539,59.15381190692351,11.455742264577985,1.1099897858661656,0.21496090434889822,7.85590880541681,,13,cube,floor_1e-3,10
506,13,static,True,10,57.39041378522432,57.39041378522432,60.90664695798354,10.703536983953729,1.0612686499511614,0.18650391725716137,6.590236615186528,,13,cube,floor_1e-3,10
507,13,transport_free,True,10,59.01115335963047,59.01115335963047,64.70816967057353,21.115307188093247,1.0965413483146795,0.35781892042357927,19.14565378690446,,13,cube,floor_1e-3,10
508,13,transport_free,True,10,62.441217359726636,62.441217359726636,63.338274781207765,16.50775534839523,1.0143664306913356,0.2643727340114674,11.576340903120228,,13,cube,floor_1e-3,10
509,13,transport_free,True,10,60.1161695994911,60.1161695994911,61.5628837820417,9.880500704263435,1.024065308754516,0.16435679069524542,4.984030982026196,,13,cube,floor_1e-3,10
510,13,transport_free,True,10,59.77826016587939,59.77826016587939,64.32505988004553,11.169558532120979,1.0760610914661815,0.18684984308888283,7.39097169303447,,13,cube,floor_1e-3,10
511,13,transport_free,True,10,62.597600070980505,62.597600070980505,64.94008605843851,10.213064571369173,1.03742133859448,0.163154251277819,5.71694879370131,,13,cube,floor_1e-3,10
512,13,transport_free,True,10,63.309162690191634,63.309162690191634,61.87203075212997,10.302806489611008,0.9772997797318158,0.16273799955353385,7.015336230187364,,13,cube,floor_1e-3,10
513,13,transport_free,True,10,60.28451758203961,60.28451758203961,62.03648627163548,16.783336087017894,1.0290616688971868,0.27840209659433524,10.46777037434716,,13,cube,floor_1e-3,10
514,13,interaction,True,10,59.73325819469416,59.73325819469416,61.49803456151852,10.37892426158497,1.029544284376256,0.1737545309809818,5.797028437293479,,13,cube,floor_1e-3,10
515,13,interaction,True,10,58.45491350283441,58.45491350283441,47.86835330919892,19.205724992521585,0.8188935786703002,0.3285562126713321,14.584228454795277,,13,cube,floor_1e-3,10
516,13,interaction,True,10,44.41534197524882,44.41534197524882,23.38380998545034,27.20296548258581,0.5264804670080296,0.6124677706578305,25.180532488558725,,13,cube,floor_1e-3,10
517,13,interaction,True,10,21.19249172954857,21.19249172954857,24.322242183122086,19.726449049194628,1.1476820419946052,0.9308225432354493,15.236076202881792,,13,cube,floor_1e-3,10
518,13,interaction,True,10,18.84852990060373,18.84852990060373,25.790840460753614,18.4687556015093,1.368321062531647,0.9798512509412066,6.066256489972852,,13,cube,floor_1e-3,10
519,13,interaction,True,10,21.591556606936436,21.591556606936436,30.522628542260808,31.704226130613122,1.4136372424605645,1.4683622263912146,30.88321338077821,,13,cube,floor_1e-3,10
520,13,interaction,True,10,27.133336150596232,27.133336150596232,45.23910140117863,22.69114787710338,1.6672885763140681,0.8362830044621977,20.488206990746914,,13,cube,floor_1e-3,10
521,13,interaction,True,10,41.47726000182431,41.47726000182431,56.7847002419482,15.05775445825017,1.3690562066889331,0.36303638325163906,12.605394843455928,,13,cube,floor_1e-3,10
522,13,interaction,True,10,54.410095314126735,54.410095314126735,55.43779362852338,13.382740595408158,1.0188880079783618,0.24596061664926983,10.387256367216116,,13,cube,floor_1e-3,10
523,13,static,True,10,53.473335759028416,53.473335759028416,59.829130616615686,13.199101147608266,1.118859142923661,0.24683519290976222,9.807174103670096,,13,cube,floor_1e-3,10
524,13,transport_free,True,10,57.72954374733604,57.72954374733604,63.959033203009696,14.750976975868582,1.1079081706056464,0.25551868278102013,11.650508580985974,,13,cube,floor_1e-3,10
525,13,transport_free,True,10,61.63942813585463,61.63942813585463,60.564243964000795,17.872414419167512,0.9825568762662089,0.28995100960015924,13.508446706944248,,13,cube,floor_1e-3,10
526,13,transport_free,True,10,57.5267613792495,57.5267613792495,58.28778504691981,10.407476280274786,1.01322903722414,0.18091538669564095,6.478337964376639,,13,cube,floor_1e-3,10
527,13,transport_free,True,10,56.64389482577721,56.64389482577721,62.04233887078799,13.985490151032256,1.0953049584887316,0.24690198641968758,6.982157104805001,,13,cube,floor_1e-3,10
528,13,transport_free,True,10,59.01589498087249,59.01589498087249,63.723806752842265,12.832922482554125,1.0797736232500692,0.21744857867043066,8.619986496545057,,13,cube,floor_1e-3,10
529,13,transport_free,True,10,61.62845536095128,61.62845536095128,61.20978324184244,10.102799253245443,0.9932065128574662,0.16393075559129996,6.503061941518406,,13,cube,floor_1e-3,10
530,13,transport_free,True,10,59.56100455828535,59.56100455828535,56.63228949826201,12.5314969900156,0.9508283132270319,0.21039767685168068,5.4077843020647265,,13,cube,floor_1e-3,10
531,13,interaction,True,10,54.564014041104286,54.564014041104286,55.38171827037819,9.254555876224853,1.0149861450562985,0.16960914695999435,4.54062137325355,,13,cube,floor_1e-3,10
532,14,transport_free,True,10,39.80772943794851,39.80772943794851,47.3287731525977,21.889357259086108,1.1889342552524338,0.5498770607654676,5.037109633507982,,14,cube,floor_1e-3,10
533,14,transport_free,True,10,41.203596875015535,41.203596875015535,47.65102901631559,22.066249769701336,1.156477410476015,0.5355418323462329,5.26005398164695,,14,cube,floor_1e-3,10
534,14,static,True,10,41.51306209478592,41.51306209478592,46.20307280125982,21.620778195277367,1.1129767468312814,0.5208186798148277,3.3887029405119677,,14,cube,floor_1e-3,10
535,14,interaction,True,10,40.277798255875084,40.277798255875084,43.03996638454621,21.278881411249372,1.0685779324660138,0.5283029940234022,2.762065835222246,,14,cube,floor_1e-3,10
536,14,interaction,True,10,39.80969674871338,39.80969674871338,39.71130926449399,22.78506286544604,0.9975285547930589,0.5723495712431529,6.182655801635673,,14,cube,floor_1e-3,10
537,14,interaction,True,10,36.52008285085138,36.52008285085138,32.14857347107981,23.32590968282777,0.88029848131438,0.6387145883017618,8.29957251796096,,14,cube,floor_1e-3,10
538,14,interaction,True,10,27.09699029510628,27.09699029510628,22.27493663354025,18.959529668289687,0.8220446769530381,0.699691348072475,11.382403044857806,,14,cube,floor_1e-3,10
539,14,interaction,True,10,17.01570235986479,17.01570235986479,22.265685943576344,21.021418926768213,1.308537577390562,1.2354129428328373,17.948811669967867,,14,cube,floor_1e-3,10
540,14,interaction,True,10,16.089415569714696,16.089415569714696,58.2108570773174,62.72429087313752,3.6179596968635956,3.898481619879607,60.06911515992966,,14,cube,floor_1e-3,10
541,14,interaction,True,10,43.741339009304085,43.741339009304085,88.56306941496271,62.51163570107929,2.0246995501469387,1.4291203039710934,58.4328889493752,,14,cube,floor_1e-3,10
542,14,interaction,True,10,59.10461528065349,59.10461528065349,65.97046096891054,23.729292627176996,1.1161642903122733,0.40147952092235717,15.742575439657031,,14,cube,floor_1e-3,10
543,14,interaction,True,10,54.35484678021557,54.35484678021557,49.318705756309875,21.15821014329442,0.9073469741480574,0.38926078163457767,15.862524230152513,,14,cube,floor_1e-3,10
544,14,transport_free,True,10,45.524764940779576,45.524764940779576,43.46823507640328,19.468813620260534,0.954826128876195,0.42765324863481097,23.73434535581158,,14,cube,floor_1e-3,10
545,14,transport_free,True,10,41.98656978174362,41.98656978174362,40.95441013879314,26.49218239593681,0.9754169095423634,0.6309680103340093,30.596774151494788,,14,cube,floor_1e-3,10
546,14,transport_free,True,10,40.954410138793136,40.954410138793136,40.91599679023936,12.643431947462915,0.9990620461038605,0.3087196691300093,14.985894124929569,,14,cube,floor_1e-3,10
547,14,transport_free,True,10,37.73039703265519,37.73039703265519,44.59788652907626,11.392893684179448,1.182014768900453,0.30195530872148096,8.174360146011436,,14,cube,floor_1e-3,10
548,14,transport_free,True,10,42.64924608316547,42.64924608316547,39.32422006497992,8.741698783817517,0.9220378711571643,0.20496725233480842,8.620841360966917,,14,cube,floor_1e-3,10
549,14,transport_free,True,10,37.53757511053618,37.53757511053618,44.39458025465747,10.207505573715586,1.1826704341963912,0.2719276762992212,7.9395681254845005,,14,cube,floor_1e-3,10
550,14,transport_free,True,10,40.81432818696071,40.81432818696071,50.24257903680402,11.36308916758885,1.231003455616242,0.27840931536438007,7.384964077056925,,14,cube,floor_1e-3,10
551,14,transport_free,True,10,39.28822830945808,39.28822830945808,52.4819984423986,10.162984157305164,1.3358199313295152,0.2586775885452328,5.877530834486741,,14,cube,floor_1e-3,10
552,14,interaction,True,10,47.38304583642327,47.38304583642327,47.43848868260287,16.66716034404555,1.001170098823343,0.3517536715892909,5.519747550105113,,14,cube,floor_1e-3,10
553,14,interaction,True,10,43.61565812921178,43.61565812921178,46.33686566164908,18.749447328725225,1.0623906103715253,0.4298788126314595,4.969776746356382,,14,cube,floor_1e-3,10
554,14,interaction,True,10,41.65619601735156,41.65619601735156,59.872491391586536,28.736445802216913,1.4373009807867987,0.6898480550227624,26.45679709817258,,14,cube,floor_1e-3,10
555,14,interaction,True,10,52.86466736192517,52.86466736192517,97.48512812523396,41.279560250450814,1.844050724046471,0.7808534946004726,35.02413400647664,,14,cube,floor_1e-3,10
556,14,interaction,True,10,48.41660144782338,48.41660144782338,61.62085744877293,34.23802900408522,1.2727216617048027,0.7071547357776065,20.86740465745108,,14,cube,floor_1e-3,10
557,14,interaction,True,10,52.43479553654919,52.43479553654919,55.23599438837998,33.135550980373324,1.0534225188287087,0.631938212809021,26.05820444242004,,14,cube,floor_1e-3,10
558,14,interaction,True,10,37.64153857222375,37.64153857222375,64.91051576231092,27.631804223130217,1.7244384322326651,0.7340774386815351,22.90237471032803,,14,cube,floor_1e-3,10
559,14,interaction,True,10,59.38993249952961,59.38993249952961,50.97586578304735,28.13516642530408,0.8583250331771483,0.47373629235101294,21.347857953205803,,14,cube,floor_1e-3,10
560,14,interaction,True,10,46.54713201160746,46.54713201160746,56.725286690337,17.201506122415232,1.2186634114469483,0.3695502897606171,10.045016846013887,,14,cube,floor_1e-3,10
561,14,interaction,True,10,50.641577885275694,50.641577885275694,48.94245044378913,14.469422268954492,0.9664479759035984,0.28572218467864036,9.674191267053773,,14,cube,floor_1e-3,10
562,14,transport_free,True,10,49.75932677497081,49.75932677497081,46.350896328167636,18.713170771152214,0.9315016768169454,0.37607363250270165,23.073738900536,,14,cube,floor_1e-3,10
563,14,transport_free,True,10,46.243144491600574,46.243144491600574,43.90080528058694,23.833731988531248,0.9493473197645742,0.515400331239592,27.568054260228173,,14,cube,floor_1e-3,10
564,14,transport_free,True,10,43.90080528058694,43.90080528058694,53.676480495647404,10.129373411528238,1.2226764441467615,0.2307332028828974,9.586742064979886,,14,cube,floor_1e-3,10
565,14,transport_free,True,10,46.31467766492804,46.31467766492804,53.7637203671095,7.452749323926585,1.1608354646462815,0.16091549590056214,9.240864384744429,,14,cube,floor_1e-3,10
566,14,transport_free,True,10,46.460066511948554,46.460066511948554,55.46241865060104,9.342298706351485,1.1937653734597489,0.20108233603042394,11.145964055553602,,14,cube,floor_1e-3,10
567,14,transport_free,True,10,49.26832906956261,49.26832906956261,53.23279116598994,6.496521899287081,1.0804667454995247,0.13186000057185934,7.8450967337259145,,14,cube,floor_1e-3,10
568,14,transport_free,True,10,46.09385733020388,46.09385733020388,52.55957929535779,12.73356808387382,1.140272963463119,0.27625303720307015,9.33447819055969,,14,cube,floor_1e-3,10
569,14,transport_free,True,10,51.152575256941475,51.152575256941475,51.68000244075412,17.513099737625467,1.0103108627701218,0.3423698542968062,12.825275816702929,,14,cube,floor_1e-3,10
570,15,transport_free,True,10,68.14095060619249,68.14095060619249,74.41152178711822,9.95495411308999,1.0920235354092034,0.14609356084012873,8.121323401540248,,15,cube,floor_1e-3,10
571,15,transport_free,True,10,66.57242757310885,66.57242757310885,72.59450989194318,7.268963999221354,1.0904591065455884,0.10918880780242969,5.313064307314267,,15,cube,floor_1e-3,10
572,15,transport_free,True,10,61.74923237760363,61.74923237760363,73.1821562122895,10.732577372332845,1.1851508657593057,0.17380908165306255,6.181462769047311,,15,cube,floor_1e-3,10
573,15,interaction,True,10,70.86139733398511,70.86139733398511,73.88060790473864,13.430711595876488,1.0426072683343137,0.1895349527553717,3.084689951029413,,15,cube,floor_1e-3,10
574,15,interaction,True,10,73.88060790473862,73.88060790473862,66.25657601472986,22.610682116804433,0.8968060482144494,0.30604353101640097,16.47782883686471,,15,cube,floor_1e-3,10
575,15,interaction,True,10,63.68379173975853,63.68379173975853,44.77313982444721,53.69477766217243,0.7030539263021743,0.8431466813658671,51.63607292234951,,15,cube,floor_1e-3,10
576,15,interaction,True,10,35.153225921305975,35.153225921305975,33.39612676546104,39.13754873237387,0.950015991141798,1.113341598292777,29.626908775117855,,15,cube,floor_1e-3,10
577,15,interaction,True,10,23.455135959544034,23.455135959544034,26.401540894170488,45.96645828819917,1.1256187531681112,1.95976089703693,43.825232051290826,,15,cube,floor_1e-3,10
578,15,interaction,True,10,22.251674937642896,22.251674937642896,65.50476994463571,50.24369682538529,2.943812999614787,2.257973701583633,48.17666959763918,,15,cube,floor_1e-3,10
579,15,interaction,True,10,62.282900121904554,62.282900121904554,79.7695657522779,22.228025318028195,1.2807619040883964,0.35688809086477846,13.464836876173049,,15,cube,floor_1e-3,10
580,15,interaction,True,10,73.93998388300093,73.93998388300093,86.13955916217739,10.339035925531515,1.164992939388254,0.13983010791416328,7.25774430619515,,15,cube,floor_1e-3,10
581,15,interaction,True,10,75.52905611952357,75.52905611952357,78.97967251903324,14.846332582550513,1.0456859462674752,0.19656451894561505,4.788609998231347,,15,cube,floor_1e-3,10
582,15,static,True,10,73.34785441559175,73.34785441559175,76.49703171078735,19.917155869635195,1.0429348250236774,0.27154381035856656,12.325707597221255,,15,cube,floor_1e-3,10
583,15,transport_free,True,10,70.098364808334,70.098364808334,81.36343741469031,34.49977732913667,1.1607037858466138,0.4921623695997398,30.702998874089232,,15,cube,floor_1e-3,10
584,15,transport_free,True,10,73.3729373834604,73.3729373834604,76.60768140980389,28.26554169521021,1.0440863367570816,0.38523115883298115,19.623617418942022,,15,cube,floor_1e-3,10
585,15,transport_free,True,10,72.94601495835195,72.94601495835195,73.41628658825483,17.998511787292802,1.0064468446997603,0.2467374235257256,6.646045114550738,,15,cube,floor_1e-3,10
586,15,transport_free,True,10,68.44671241364202,68.44671241364202,78.89156578710808,20.89222150370781,1.1525983207249602,0.30523338180876325,6.255935077494985,,15,cube,floor_1e-3,10
587,15,transport_free,True,10,73.14218863890021,73.14218863890021,83.26165514823558,22.60029444825214,1.138353345690744,0.30899122474757773,7.3487973753984175,,15,cube,floor_1e-3,10
588,15,transport_free,True,10,75.89398813038923,75.89398813038923,81.05415702975802,23.783085233393926,1.0679918004902231,0.3133724530661577,5.122976540898253,,15,cube,floor_1e-3,10
589,15,transport_free,True,10,73.72644676618515,73.72644676618515,83.96647709788601,22.174160462860826,1.13889222634282,0.30076263587181407,4.102364056844311,,15,cube,floor_1e-3,10
590,15,interaction,True,10,77.50756903461922,77.50756903461922,83.26974311814428,18.967439275767713,1.0743433725930862,0.2447172516441045,10.704732793934445,,15,cube,floor_1e-3,10
591,15,interaction,True,10,82.3701071273946,82.3701071273946,82.51476727160421,18.180396909810103,1.0017562213921354,0.22071595562807853,8.464747997818622,,15,cube,floor_1e-3,10
592,15,interaction,True,10,78.51192150026785,78.51192150026785,85.87250332618957,31.42979454853211,1.093751135945598,0.4003187534828693,24.901036549329763,,15,cube,floor_1e-3,10
593,15,interaction,True,10,73.93061482062657,73.93061482062657,83.7485219384483,45.96374184885813,1.1327989377829784,0.6217145895563997,43.654105968901206,,15,cube,floor_1e-3,10
594,15,interaction,True,10,75.9614011977327,75.9614011977327,89.22705253070488,39.421090223824436,1.1746367381828673,0.5189621255301579,26.318001289475276,,15,cube,floor_1e-3,10
595,15,interaction,True,10,81.2997577923492,81.2997577923492,100.52731234768561,62.34227975924548,1.2365019906264203,0.7668199937135884,61.26682050230564,,15,cube,floor_1e-3,10
596,15,interaction,True,10,70.47410508080915,70.47410508080915,80.07521828784411,37.743825901986625,1.136236042955435,0.5355701340046484,25.068616866975635,,15,cube,floor_1e-3,10
597,15,interaction,True,10,72.75004282894719,72.75004282894719,74.82539727394834,17.76851699405219,1.0285271920716363,0.24424063963550152,18.9180738477292,,15,cube,floor_1e-3,10
598,15,interaction,True,10,71.60535658989892,71.60535658989892,79.88423019202683,9.14708643555126,1.1156180765852897,0.12774304704519276,5.760061117185437,,15,cube,floor_1e-3,10
599,15,static,True,10,72.93681782178297,72.93681782178297,77.23368919838319,9.534597261610326,1.0589122408260172,0.1307240642840709,6.188276872128287,,15,cube,floor_1e-3,10
600,15,transport_free,True,10,71.86903585754592,71.86903585754592,74.58594482235566,25.97820345602669,1.0378036094736962,0.36146586838202444,22.54651603098383,,15,cube,floor_1e-3,10
601,15,transport_free,True,10,63.27718966233205,63.27718966233205,69.02279268120614,21.259410653722696,1.0908005404401575,0.33597273784075943,19.54635667370201,,15,cube,floor_1e-3,10
602,15,transport_free,True,10,59.607815309073516,59.607815309073516,64.57209775059799,16.506180642606164,1.0832824087879096,0.2769130282165129,15.560065154575568,,15,cube,floor_1e-3,10
603,15,transport_free,True,10,57.38656137644752,57.38656137644752,66.06363738731562,8.624209634832315,1.151203971848875,0.1502827391635953,5.534224470475954,,15,cube,floor_1e-3,10
604,15,transport_free,True,10,58.163885587396834,58.163885587396834,69.13375447668972,8.640264038984034,1.1886027520085398,0.14855032382596253,6.220906004942597,,15,cube,floor_1e-3,10
605,15,transport_free,True,10,59.30729143816382,59.30729143816382,72.59028795008852,12.705067099350764,1.2239690296053072,0.2142243692345583,4.834817637499017,,15,cube,floor_1e-3,10
606,15,transport_free,True,10,60.91604816465461,60.91604816465461,73.22586682423092,9.322163904314912,1.202078418256929,0.15303297218357514,7.046566199770075,,15,cube,floor_1e-3,10
607,15,transport_free,True,10,62.368593427743455,62.368593427743455,73.87898595613663,8.940689126076895,1.1845543068359947,0.14335242523041739,7.706617623918323,,15,cube,floor_1e-3,10
608,16,transport_free,True,10,76.90633304053003,76.90633304053003,77.01526188766786,14.222247652931726,1.0014163833176186,0.18492947317403013,6.777249780020338,,16,cube,floor_1e-3,10
609,16,transport_free,True,10,76.10780399993169,76.10780399993169,80.81395868644354,23.676224094466694,1.0618353761266857,0.3110879942678144,5.21397359116611,,16,cube,floor_1e-3,10
610,16,transport_free,True,10,78.20813411361063,78.20813411361063,85.14353705257014,31.084427567005886,1.088678793038134,0.39745773146627517,11.22858442335735,,16,cube,floor_1e-3,10
611,16,interaction,True,10,80.25816631557021,80.25816631557021,85.8290698314051,24.673644692257895,1.0694122949922684,0.3074284627341551,4.9886631619907185,,16,cube,floor_1e-3,10
612,16,interaction,True,10,81.14790944292187,81.14790944292187,83.07635435394502,32.33719613411146,1.02376456675547,0.39849697122335503,21.920639076763244,,16,cube,floor_1e-3,10
613,16,interaction,True,10,75.14960244595784,75.14960244595784,58.974220218371954,41.29428885925002,0.7847575808638768,0.549494441955909,25.23647796805926,,16,cube,floor_1e-3,10
614,16,interaction,True,10,36.69206072146935,36.69206072146935,30.079271414109854,27.35049029678174,0.8197760175543859,0.7454062202829167,18.145549089449773,,16,cube,floor_1e-3,10
615,16,interaction,True,10,19.60554300562049,19.60554300562049,21.373123742614748,18.317009067348685,1.0901571936307772,0.9342770594059848,15.063405056127147,,16,cube,floor_1e-3,10
616,16,interaction,True,10,15.594636623850764,15.594636623850764,42.233906734781755,31.839677834131614,2.708232820903844,2.0417069407975394,29.807862300145704,,16,cube,floor_1e-3,10
617,16,interaction,True,10,30.57440477739051,30.57440477739051,44.92496980790226,13.558977916534367,1.4693653117696623,0.44347479583841665,7.843349489382552,,16,cube,floor_1e-3,10
618,16,interaction,True,10,35.849365882756686,35.849365882756686,49.5477596987582,13.256197695909487,1.38210979409793,0.36977495611116606,7.7245312237670625,,16,cube,floor_1e-3,10
619,16,interaction,True,10,42.29810515914417,42.29810515914417,51.507828599561705,11.652457083755802,1.217733711847528,0.27548413906282815,5.978894856552287,,16,cube,floor_1e-3,10
620,16,static,True,10,43.710274324682146,43.710274324682146,44.24393271743169,15.809230409497324,1.012208992073248,0.3616822509981419,11.576598521349867,,16,cube,floor_1e-3,10
621,16,transport_free,True,10,39.094076638453195,39.094076638453195,31.19501233884911,17.408229721468626,0.7979472856551749,0.4452907247934787,15.103764598041058,,16,cube,floor_1e-3,10
622,16,transport_free,True,10,28.82978546394535,28.82978546394535,25.428204791393775,12.025709476850441,0.8820115856635282,0.41712795580424433,10.99574716015247,,16,cube,floor_1e-3,10
623,16,static,True,10,23.0156874740117,23.0156874740117,23.853001651339454,5.121687702020765,1.0363801506373953,0.2225302940789385,3.906181748042069,,16,cube,floor_1e-3,10
624,16,transport_free,True,10,23.117982976352245,23.117982976352245,24.882302091171937,7.131986002273237,1.076318038499485,0.30850381755054757,6.585065472552685,,16,cube,floor_1e-3,10
625,16,transport_free,True,10,23.783637900923225,23.783637900923225,31.654140301734373,6.963844762284353,1.3309208807163027,0.2927998143637241,5.3375308531493095,,16,cube,floor_1e-3,10
626,16,transport_free,True,10,30.05309795301906,30.05309795301906,36.87317669597577,7.936494928034717,1.226934299872123,0.26408242306472224,5.121027280545955,,16,cube,floor_1e-3,10
627,16,transport_free,True,10,33.49833071626096,33.49833071626096,37.12842507857518,11.782827360575887,1.1083664255709338,0.35174371703412066,9.203227886762589,,16,cube,floor_1e-3,10
628,16,interaction,True,10,31.93968097013329,31.93968097013329,43.31743575700797,9.715881423545458,1.3562263128900376,0.30419469225853424,5.660937713963775,,16,cube,floor_1e-3,10
629,16,interaction,True,10,39.431654018201485,39.431654018201485,46.42352774203172,11.83761007358012,1.177316267803598,0.3002057704228164,5.294214289856669,,16,cube,floor_1e-3,10
630,16,interaction,True,10,38.63795289325672,38.63795289325672,38.04883414834861,21.686351131858938,0.9847528478919254,0.5612707068557906,19.55280864943009,,16,cube,floor_1e-3,10
631,16,interaction,True,10,30.637788038012165,30.637788038012165,24.776092733681494,20.577722888768896,0.8086775945751015,0.6716451874149076,16.910051870745242,,16,cube,floor_1e-3,10
632,16,interaction,True,10,20.92120650946896,20.92120650946896,22.658635237243157,7.851490282217377,1.0830462969230688,0.3752885990902955,5.692405297784036,,16,cube,floor_1e-3,10
633,16,interaction,True,10,20.099605104187386,20.099605104187386,39.7639154125265,21.11317851613447,1.9783431170119066,1.0504275286351734,20.077614571440396,,16,cube,floor_1e-3,10
634,16,interaction,True,10,30.936237096654793,30.936237096654793,48.07670202516597,20.428464465666348,1.5540578472733717,0.6603409587869795,14.24823528409896,,16,cube,floor_1e-3,10
635,16,interaction,True,10,39.23738946925212,39.23738946925212,52.888702173154044,17.45379699243726,1.347915926328371,0.44482564279957265,7.923165664301693,,16,cube,floor_1e-3,10
636,16,interaction,True,10,44.490585502558204,44.490585502558204,52.375277129710035,21.742092860542087,1.17722157481381,0.4886897444694658,8.247589905830294,,16,cube,floor_1e-3,10
637,16,interaction,True,10,42.92357659186583,42.92357659186583,50.54991681959369,10.836960526787621,1.1776725248280704,0.2524710517445851,5.58609170210925,,16,cube,floor_1e-3,10
638,16,transport_free,True,10,44.525916311301074,44.525916311301074,41.716841302757025,21.195073387119297,0.9369114609814087,0.47601655716492913,17.793920907170506,,16,cube,floor_1e-3,10
639,16,transport_free,True,10,37.24172537723261,37.24172537723261,39.36274730727571,16.456997962338445,1.0569528374037087,0.44189676486898966,15.457661993350271,,16,cube,floor_1e-3,10
640,16,transport_free,True,10,36.006910679524,36.006910679524,35.77744934193447,6.983213597242207,0.9936272972810185,0.1939409259349023,5.914883250628357,,16,cube,floor_1e-3,10
641,16,transport_free,True,10,34.91220046303009,34.91220046303009,37.24648690405153,6.756857757804246,1.066861624591475,0.19353858159010487,5.470824772613954,,16,cube,floor_1e-3,10
642,16,transport_free,True,10,36.460731286801774,36.460731286801774,37.17387221661957,9.47846912779092,1.0195591504791333,0.2599637690542422,8.450639724841079,,16,cube,floor_1e-3,10
643,16,transport_free,True,10,35.77590641361394,35.77590641361394,40.30466597588816,6.463640630313238,1.1265868573647342,0.18067021295241326,4.968958633573343,,16,cube,floor_1e-3,10
644,16,transport_free,True,10,38.85182133687397,38.85182133687397,48.07842863196724,8.415355851652892,1.2374819758150275,0.21660132169057264,4.181289890802159,,16,cube,floor_1e-3,10
645,16,interaction,True,10,43.9197087491301,43.9197087491301,54.385787560934155,11.632736261858463,1.2383002781641022,0.26486369316119085,4.731810737347768,,16,cube,floor_1e-3,10
646,17,transport_free,True,10,81.06085832292393,81.06085832292393,84.84736386654356,11.648467025418798,1.0467118856370266,0.14370026750783396,5.052807244227122,,17,cube,floor_1e-3,10
647,17,transport_free,True,10,74.93139860602008,74.93139860602008,80.57909750825263,13.346568421510892,1.0753715933146724,0.1781171667659038,6.0334793813480765,,17,cube,floor_1e-3,10
648,17,transport_free,True,10,70.28526484130873,70.28526484130873,76.6081467003931,13.683102109132768,1.0899602765012024,0.19467952692540477,7.5804768162789875,,17,cube,floor_1e-3,10
649,17,interaction,True,10,69.74734842270902,69.74734842270902,77.85041432137302,13.922460176833333,1.1161774043301942,0.19961275219317617,7.75004051650576,,17,cube,floor_1e-3,10
650,17,interaction,True,10,73.43338047514546,73.43338047514546,69.57471682323457,22.701490226583413,0.9474535473248857,0.309144017062745,21.872437936309883,,17,cube,floor_1e-3,10
651,17,interaction,True,10,69.57471682323457,69.57471682323457,78.55483101565142,54.961067740756235,1.1290715162410538,0.7899574766562603,55.10307705375447,,17,cube,floor_1e-3,10
652,17,interaction,True,10,65.31710420563343,65.31710420563343,77.13679213654824,68.16113662041505,1.1809585417887432,1.0435419244219393,69.7960912683613,,17,cube,floor_1e-3,10
653,17,interaction,True,10,38.18961408432249,38.18961408432249,65.02132620672862,53.81829179747322,1.702591863409822,1.4092389537805405,49.30565263460392,,17,cube,floor_1e-3,10
654,17,interaction,True,10,20.135309013915013,20.135309013915013,34.43013351788176,23.982852916334064,1.709938173488569,1.1910844228792372,22.309100039290687,,17,cube,floor_1e-3,10
655,17,interaction,True,10,19.44348543281633,19.44348543281633,23.921623147343297,20.096325534946224,1.230315584620896,1.0335762898265166,9.658416340919526,,17,cube,floor_1e-3,10
656,17,interaction,True,10,20.64386122526976,20.64386122526976,29.623577077726882,20.390115618504865,1.4349823782706512,0.9877084231483648,4.868636060771084,,17,cube,floor_1e-3,10
657,17,interaction,True,10,25.929336135464,25.929336135464,28.137071547996932,20.103687002615338,1.0851443091716249,0.7753259434636732,4.6138730015674385,,17,cube,floor_1e-3,10
658,17,static,True,10,23.614777311137452,23.614777311137452,27.036267859444983,20.49470095291234,1.1448876905857526,0.867876104986449,5.456029746628229,,17,cube,floor_1e-3,10
659,17,transport_free,True,10,23.32090707910684,23.32090707910684,28.395979232877323,20.564835713196747,1.2176189861121325,0.8818197183942621,7.797000448035198,,17,cube,floor_1e-3,10
660,17,transport_free,True,10,23.738816027661166,23.738816027661166,27.95369680675754,20.418770823011243,1.1775522744767504,0.8601427636162937,5.7830684969276716,,17,cube,floor_1e-3,10
661,17,transport_free,True,10,22.730366728863586,22.730366728863586,27.254269699931793,19.56440542500552,1.199024636295183,0.8607166641162085,3.7700538610637304,,17,cube,floor_1e-3,10
662,17,transport_free,True,10,22.66070987974611,22.66070987974611,27.714925949023854,21.309311931243833,1.2230387351543275,0.9403638299208736,4.299128269121196,,17,cube,floor_1e-3,10
663,17,transport_free,True,10,23.13671325679639,23.13671325679639,28.59714094657886,19.421357360043,1.2360070606908038,0.8394172994445523,3.2808998028784355,,17,cube,floor_1e-3,10
664,17,transport_free,True,10,23.09261397015866,23.09261397015866,28.782113940461883,20.018547388362915,1.2463774771299367,0.8668809609094841,3.765759781902638,,17,cube,floor_1e-3,10
665,17,transport_free,True,10,23.266587109428727,23.266587109428727,28.302309499502137,18.017171597465826,1.2164357998183883,0.7743796506434935,3.4404924225815976,,17,cube,floor_1e-3,10
666,17,interaction,True,10,23.74190353095058,23.74190353095058,24.36860066691918,20.32372322029746,1.0263962464151881,0.856027537716296,5.6320105515398975,,17,cube,floor_1e-3,10
667,17,interaction,True,10,18.63953544924826,18.63953544924826,24.903457642227174,21.584058654758564,1.3360557032139737,1.1579719201440215,7.671012965180977,,17,cube,floor_1e-3,10
668,17,interaction,True,10,19.083102348497757,19.083102348497757,23.236172997721404,21.486421056043795,1.2176307904962098,1.125939622586326,6.706473823716145,,17,cube,floor_1e-3,10
669,17,interaction,True,10,19.027825418328483,19.027825418328483,31.45662949917814,27.508084413195455,1.6531909878087097,1.4456767291284054,21.946610983049162,,17,cube,floor_1e-3,10
670,17,interaction,True,10,23.27151837759959,23.27151837759959,27.045892821926238,19.29334564082973,1.1621885767436533,0.8290540104766383,9.11588937999647,,17,cube,floor_1e-3,10
671,17,interaction,True,10,19.822991962028862,19.822991962028862,27.956009727134813,26.38390363625843,1.4102820492832175,1.3309748441000764,14.629730261931842,,17,cube,floor_1e-3,10
672,17,interaction,True,10,19.37254779009224,19.37254779009224,24.825323207978514,22.22310277843612,1.281469194293329,1.1471440421379033,6.005069411618089,,17,cube,floor_1e-3,10
673,17,interaction,True,10,18.292029568812076,18.292029568812076,25.948263581731453,20.30086883713279,1.4185557422219162,1.1098204691154547,3.5919888469442767,,17,cube,floor_1e-3,10
674,17,interaction,True,10,21.69955881751917,21.69955881751917,26.80201618921651,20.47103049825903,1.2351410650606345,0.9433846406928659,5.825789069821225,,17,cube,floor_1e-3,10
675,17,interaction,True,10,22.974167984017306,22.974167984017306,26.234561513502435,20.542459943403806,1.1419156302745468,0.894154685283698,4.779270171509219,,17,cube,floor_1e-3,10
676,17,transport_free,True,10,22.27504803093861,22.27504803093861,26.285964610487,20.38433805948386,1.1800632067763663,0.9151198251591343,6.744307338640666,,17,cube,floor_1e-3,10
677,17,transport_free,True,10,22.72987626841421,22.72987626841421,25.447162594579037,21.086210414456914,1.1195469035588554,0.9276869863017531,6.509586392995668,,17,cube,floor_1e-3,10
678,17,transport_free,True,10,21.29241970681145,21.29241970681145,27.17393174969306,18.804785263310265,1.2762256297719001,0.8831680721235553,6.882845007925708,,17,cube,floor_1e-3,10
679,17,static,True,10,22.761354563430427,22.761354563430427,25.9650297716997,17.627179074385623,1.1407506393936881,0.7744345366293078,3.4651544754034087,,17,cube,floor_1e-3,10
680,17,transport_free,True,10,22.608215285254715,22.608215285254715,25.325196357704513,18.188534492535528,1.1201767162143859,0.8045099652071279,4.625237296742731,,17,cube,floor_1e-3,10
681,17,transport_free,True,10,21.159437741245007,21.159437741245007,26.54969534885049,18.07179888125101,1.2547448412156308,0.8540774618989322,4.180845408709063,,17,cube,floor_1e-3,10
682,17,transport_free,True,10,21.509655794174257,21.509655794174257,27.504291718794406,19.83119001100837,1.2786951117201864,0.9219668692410927,3.141808095996772,,17,cube,floor_1e-3,10
683,17,transport_free,True,10,22.405372282590875,22.405372282590875,25.924523439223663,19.817213243686535,1.1570672922657568,0.8844848902191481,3.352548512580419,,17,cube,floor_1e-3,10
684,18,transport_free,True,10,55.03062902792464,55.03062902792464,58.46910016402979,7.187677544475977,1.0624828608511878,0.13061230938917082,4.9408969468804615,,18,cube,floor_1e-3,10
685,18,transport_free,True,10,57.53875087719806,57.53875087719806,61.5330401543404,8.442545150462994,1.0694191169646199,0.1467279880385564,3.888327021429075,,18,cube,floor_1e-3,10
686,18,transport_free,True,10,58.32286882531104,58.32286882531104,54.01621690850844,13.43821561685257,0.9261584348722298,0.2304107443188843,12.394883551624485,,18,cube,floor_1e-3,10
687,18,interaction,True,10,50.12047536127609,50.12047536127609,64.42054277097843,17.267030463443504,1.2853138823330237,0.34451050870886785,15.7650486285756,,18,cube,floor_1e-3,10
688,18,interaction,True,10,58.93055219659212,58.93055219659212,48.61375541776536,16.673865461497112,0.8249329694992513,0.2829409336921391,13.114270200751072,,18,cube,floor_1e-3,10
689,18,interaction,True,10,48.61375541776536,48.61375541776536,29.83280595724966,17.751238370281428,0.6136700549233354,0.36514846914695326,9.76578230148596,,18,cube,floor_1e-3,10
690,18,interaction,True,10,26.79338207607707,26.79338207607707,29.09543213762811,22.18853866797342,1.0859186068789153,0.8281350448768032,13.872657465549283,,18,cube,floor_1e-3,10
691,18,interaction,True,10,22.738691460729015,22.738691460729015,62.65164375126247,64.09564180752606,2.75528800148704,2.8187920100073836,58.01663419486436,,18,cube,floor_1e-3,10
692,18,interaction,True,10,59.469008622034224,59.469008622034224,80.14316719144568,61.5767787685414,1.3476459259781801,1.0354431693977528,61.35506669698735,,18,cube,floor_1e-3,10
693,18,interaction,True,10,72.68074369827121,72.68074369827121,85.31933792967175,26.9310176939058,1.1738919222382855,0.3705385542793556,10.842512913795716,,18,cube,floor_1e-3,10
694,18,interaction,True,10,84.587617075763,84.587617075763,97.21450270533423,25.81369529316532,1.1492758167931558,0.3051710898776666,16.916960732831154,,18,cube,floor_1e-3,10
695,18,interaction,True,10,90.37412795764028,90.37412795764028,92.91245935386499,16.74728999623664,1.0280869254684755,0.18531066771771612,5.8758359680480705,,18,cube,floor_1e-3,10
696,18,static,True,10,90.71969979064144,90.71969979064144,94.03501246000842,26.502094047786464,1.0365445727556186,0.2921316330295043,15.938770642724585,,18,cube,floor_1e-3,10
697,18,transport_free,True,10,91.57348052058359,91.57348052058359,95.96973720867484,31.827210827542572,1.0480079676244596,0.3475592567477934,26.156959556016798,,18,cube,floor_1e-3,10
698,18,transport_free,True,10,93.88702135711875,93.88702135711875,91.55389753455873,18.577699129064634,0.9751496661749923,0.19787292067133008,13.941543580982364,,18,cube,floor_1e-3,10
699,18,transport_free,True,10,89.80404173180077,89.80404173180077,88.70306064246486,13.878969626720652,0.9877401833135309,0.15454727158238726,5.4936067328924665,,18,cube,floor_1e-3,10
700,18,transport_free,True,10,87.24086732352059,87.24086732352059,95.22797770098688,11.960534732493048,1.0915523953681847,0.13709784301133865,8.185590061708929,,18,cube,floor_1e-3,10
701,18,transport_free,True,10,93.05817160955459,93.05817160955459,95.89432255358211,22.41348128431269,1.030477183195982,0.24085452031395194,4.8860185851369415,,18,cube,floor_1e-3,10
702,18,transport_free,True,10,93.45138465540367,93.45138465540367,93.5569146594391,10.24039204504615,1.0011292502986935,0.1095798856572,4.364118887455132,,18,cube,floor_1e-3,10
703,18,transport_free,True,10,91.63528203667477,91.63528203667477,92.66095584670792,20.40278160895959,1.011193001071603,0.2226520304787612,7.96952998271376,,18,cube,floor_1e-3,10
704,18,interaction,True,10,91.29960334014788,91.29960334014788,92.70283307699464,22.34566842054528,1.0153695052936742,0.24475099127532624,10.114201359511874,,18,cube,floor_1e-3,10
705,18,interaction,True,10,91.10754814190686,91.10754814190686,90.85814685632033,26.495101658879083,0.9972625617671319,0.29081126865153883,19.38433922602419,,18,cube,floor_1e-3,10
706,18,interaction,True,10,88.29756921392286,88.29756921392286,81.07761425937642,26.61033014157328,0.9182315547435479,0.3013710386194565,20.090864689203492,,18,cube,floor_1e-3,10
707,18,interaction,True,10,74.05799518195539,74.05799518195539,67.70105657816929,45.47066641091314,0.914162696570876,0.6139872717212348,43.26945918052761,,18,cube,floor_1e-3,10
708,18,interaction,True,10,60.920218911555935,60.920218911555935,67.77762950375629,29.976653694134768,1.1125637877656998,0.4920641164742845,15.719613433355573,,18,cube,floor_1e-3,10
709,18,interaction,True,10,63.443757955209534,63.443757955209534,71.62514400862061,42.7215923703812,1.1289549408341641,0.6733773935734085,42.16641190693501,,18,cube,floor_1e-3,10
710,18,interaction,True,10,63.98819969416324,63.98819969416324,79.18140153820013,33.79871789273065,1.2374375574973828,0.5282023569075915,23.633447020989262,,18,cube,floor_1e-3,10
711,18,interaction,True,10,73.86225957826045,73.86225957826045,88.56135478220335,27.958172916308932,1.1990068444679591,0.37851770411499486,10.765953764510654,,18,cube,floor_1e-3,10
712,18,interaction,True,10,85.2145983315006,85.2145983315006,94.64649335225144,23.92999576508727,1.1106840283874722,0.28082037859282216,16.13807579641971,,18,cube,floor_1e-3,10
713,18,interaction,True,10,90.98062558973673,90.98062558973673,92.88937588045704,18.198384486496984,1.0209797446252735,0.20002483351301437,8.549803086817006,,18,cube,floor_1e-3,10
714,18,transport_free,True,10,90.61534579745658,90.61534579745658,93.06135656292662,28.538849138754372,1.026993339195961,0.31494498958867745,26.142363882167043,,18,cube,floor_1e-3,10
715,18,transport_free,True,10,91.20599057831885,91.20599057831885,95.1621864381325,23.59522407416707,1.0433764913327317,0.2587025690369075,19.337605328589266,,18,cube,floor_1e-3,10
716,18,transport_free,True,10,92.35854732190705,92.35854732190705,88.1679282151878,13.255795303291382,0.9546266238671637,0.14352537678066277,9.567853756164828,,18,cube,floor_1e-3,10
717,18,transport_free,True,10,85.80182832784652,85.80182832784652,90.1347313674465,23.192365397317083,1.0504989593350398,0.2703015291084436,6.324736729691182,,18,cube,floor_1e-3,10
718,18,transport_free,True,10,88.15839001079964,88.15839001079964,94.56113754397836,16.969349422472128,1.072627772948149,0.19248706130401586,10.230120558861781,,18,cube,floor_1e-3,10
719,18,transport_free,True,10,92.12432519333258,92.12432519333258,94.12380644225942,10.77052977739385,1.0217041616829292,0.11691298421769453,4.712677553709144,,18,cube,floor_1e-3,10
720,18,transport_free,True,10,92.41085301987789,92.41085301987789,92.42317025841447,12.51838078781555,1.0001332877917914,0.1354644003245247,7.382606272875161,,18,cube,floor_1e-3,10
721,18,transport_free,True,10,90.31603547003132,90.31603547003132,88.53861899384931,20.000462985239146,0.980320034344601,0.22144974456806954,3.3646851162245217,,18,cube,floor_1e-3,10
722,19,transport_free,True,10,36.57370717780881,36.57370717780881,42.82586746290039,6.1880000001968485,1.1709468568416028,0.1691925833526505,5.502231884605786,,19,cube,floor_1e-3,10
723,19,transport_free,True,10,42.43933657576582,42.43933657576582,49.02394412878698,6.2476766192523545,1.155153404466298,0.1472142856922031,5.509595536013769,,19,cube,floor_1e-3,10
724,19,transport_free,True,10,48.64381656944444,48.64381656944444,49.36483052822557,6.183367025496923,1.0148223147283644,0.1271151702636137,4.397173036249014,,19,cube,floor_1e-3,10
725,19,interaction,True,10,47.89580325780571,47.89580325780571,48.2317965369745,8.09453697789525,1.0070150880936324,0.16900305303003896,5.192699413889961,,19,cube,floor_1e-3,10
726,19,interaction,True,10,46.94252516584294,46.94252516584294,40.46889551089629,9.00412492127139,0.86209455856761,0.19181168651368408,7.223745306987061,,19,cube,floor_1e-3,10
727,19,interaction,True,10,39.149703668356636,39.149703668356636,32.579060687890184,20.462644426879148,0.8321662141780839,0.5226768662215546,20.242596002375535,,19,cube,floor_1e-3,10
728,19,interaction,True,10,28.337227720776134,28.337227720776134,26.84933274428265,28.748089724981284,0.9474932766481388,1.0144990190379108,28.539488386334927,,19,cube,floor_1e-3,10
729,19,interaction,True,10,21.282129173031457,21.282129173031457,27.05591473461424,9.271665284036393,1.2712973647814938,0.43565496706905493,6.819781782577963,,19,cube,floor_1e-3,10
730,19,interaction,True,10,25.005083436351672,25.005083436351672,34.294612737228825,12.818301430447576,1.3715056310259017,0.5126278207819414,11.212636089450639,,19,cube,floor_1e-3,10
731,19,interaction,True,10,32.75286871228879,32.75286871228879,42.79721905606239,9.470916877859484,1.3066708578111508,0.2891629725950088,7.612185421166282,,19,cube,floor_1e-3,10
732,19,interaction,True,10,42.02034971046545,42.02034971046545,50.071788038669666,10.051564685828868,1.191608075222633,0.23920706883896917,6.98939855230093,,19,cube,floor_1e-3,10
733,19,interaction,True,10,49.125858028146304,49.125858028146304,50.95922066675557,15.22888402057625,1.0373197072213753,0.30999731367238353,3.2519171633167603,,19,cube,floor_1e-3,10
734,19,static,True,10,49.597373359660196,49.597373359660196,53.434616313443144,16.239200933815244,1.0773678663576962,0.32742058366791105,6.649602276860992,,19,cube,floor_1e-3,10
735,19,transport_free,True,10,52.016561682980424,52.016561682980424,56.142085453583164,17.975604222243035,1.0793117352843526,0.3455746331677391,14.52479252666842,,19,cube,floor_1e-3,10
736,19,transport_free,True,10,53.369494887822235,53.369494887822235,48.13248945426001,14.9691976522167,0.9018726813028692,0.2804822808175452,12.514975884808305,,19,cube,floor_1e-3,10
737,19,transport_free,True,10,46.67459633199192,46.67459633199192,46.76012602351534,10.0349423372131,1.0018324677285917,0.21499794590263874,3.787105095026147,,19,cube,floor_1e-3,10
738,19,transport_free,True,10,44.98712589672081,44.98712589672081,50.67688873437915,11.579091567162374,1.1264753576550013,0.25738678202615284,6.066891590273377,,19,cube,floor_1e-3,10
739,19,transport_free,True,10,48.723898126682435,48.723898126682435,53.6529396663576,9.243053992107882,1.1011627092491578,0.18970267871580973,4.287928221278905,,19,cube,floor_1e-3,10
740,19,transport_free,True,10,51.65432992424249,51.65432992424249,55.68906626021837,9.018336116734826,1.0781103218625296,0.174590128842274,6.15493491176997,,19,cube,floor_1e-3,10
741,19,transport_free,True,10,54.02069139852632,54.02069139852632,53.85041319731416,9.45476310746783,0.9968479077774854,0.1750211421345443,5.787942004381661,,19,cube,floor_1e-3,10
742,19,interaction,True,10,51.372669015743185,51.372669015743185,50.784683548435765,12.335287502492593,0.9885545080959833,0.24011381419004016,3.118608316662243,,19,cube,floor_1e-3,10
743,19,interaction,True,10,49.10361489683928,49.10361489683928,40.06923071311517,13.645493682389947,0.8160138677630098,0.2778918356837367,8.68683606879181,,19,cube,floor_1e-3,10
744,19,interaction,True,10,38.090349436633524,38.090349436633524,30.1474380054431,20.880508369577765,0.7914718150747312,0.5481836916280917,18.1399024255595,,19,cube,floor_1e-3,10
745,19,interaction,True,10,28.409972097914,28.409972097914,24.491391167334356,14.933425774766405,0.8620702295280549,0.5256402830421256,14.468669198750693,,19,cube,floor_1e-3,10
746,19,interaction,True,10,22.763423177445077,22.763423177445077,27.89760237142972,7.78223569463937,1.2255451279872438,0.34187457808851546,4.039578704325551,,19,cube,floor_1e-3,10
747,19,interaction,True,10,24.505577371850777,24.505577371850777,33.799299495378264,16.702875504884467,1.379249261606995,0.6815948570169513,14.488357599078851,,19,cube,floor_1e-3,10
748,19,interaction,True,10,31.107084397731683,31.107084397731683,39.82195586707219,8.948198005745109,1.28015712941506,0.2876578817652743,7.220577442241243,,19,cube,floor_1e-3,10
749,19,interaction,True,10,38.44642010060659,38.44642010060659,45.91117260842275,10.803506258460098,1.194159885062963,0.28100161810096974,8.034300460698391,,19,cube,floor_1e-3,10
750,19,interaction,True,10,44.90428288314426,44.90428288314426,51.05817640214476,13.00049450252267,1.1370446898131066,0.2895156913284695,7.875670244140474,,19,cube,floor_1e-3,10
751,19,transport_free,True,10,50.34948371127386,50.34948371127386,54.51934530227787,11.373262255970381,1.0828183584744548,0.2258863729604395,9.630313838614292,,19,cube,floor_1e-3,10
752,19,transport_free,True,10,53.43057742945027,53.43057742945027,54.227878183921064,15.885929587973543,1.0149221811335196,0.2973190699454694,12.29883621734367,,19,cube,floor_1e-3,10
753,19,transport_free,True,10,51.81720225340147,51.81720225340147,43.54357143579397,12.98261781953546,0.8403304219871426,0.2505464836956386,11.27931430887479,,19,cube,floor_1e-3,10
754,19,transport_free,True,10,43.11332118276545,43.11332118276545,40.02000540166989,10.08923247737715,0.9282515079740107,0.23401659163781427,7.4269754911619925,,19,cube,floor_1e-3,10
755,19,transport_free,True,10,39.355879261567736,39.355879261567736,44.85797061763311,10.71546417756718,1.139803542934393,0.2722709892046846,8.275676175689215,,19,cube,floor_1e-3,10
756,19,transport_free,True,10,43.86739392668088,43.86739392668088,53.93049363070094,12.69312799929391,1.2293981657729502,0.289352224125941,9.910400141148477,,19,cube,floor_1e-3,10
757,19,transport_free,True,10,52.16593667207467,52.16593667207467,55.01584083052174,8.573052773471002,1.0546315151276229,0.16434196949942442,4.706420809780955,,19,cube,floor_1e-3,10
758,19,transport_free,True,10,53.44332879736156,53.44332879736156,54.7269770383306,10.38183363463247,1.0240188676464408,0.19425873852275852,3.9249802898913657,,19,cube,floor_1e-3,10
759,19,static,True,10,52.46139764499509,52.46139764499509,52.28058807421871,9.518564065863742,0.9965534740038778,0.18143939149840455,4.188287691151996,,19,cube,floor_1e-3,10
760,20,transport_free,True,10,42.3829327412689,42.3829327412689,45.195691163022744,12.481988426417647,1.0663653560484978,0.2945050665232457,3.038105113747555,,20,cube,floor_1e-3,10
761,20,transport_free,True,10,42.164788071560565,42.164788071560565,47.231127436095846,20.340988343762216,1.1201556937968447,0.4824164729404123,4.937693002489642,,20,cube,floor_1e-3,10
762,20,transport_free,True,10,41.79205996181062,41.79205996181062,44.4536898078525,14.645653166222122,1.0636874527954367,0.35044104501202494,3.712244358969974,,20,cube,floor_1e-3,10
763,20,interaction,True,10,39.22424251606066,39.22424251606066,39.222100899262585,6.147108125157888,0.9999454006843548,0.15671706401062832,3.5988197172862977,,20,cube,floor_1e-3,10
764,20,interaction,True,10,38.90715139447291,38.90715139447291,32.1968314595144,14.766819567422818,0.8275299091695577,0.3795399827066386,14.563893908095016,,20,cube,floor_1e-3,10
765,20,interaction,True,10,30.946590984965418,30.946590984965418,28.11561671388349,22.00066084164544,0.9085206421457769,0.71092356674549,21.273667260695188,,20,cube,floor_1e-3,10
766,20,interaction,True,10,21.978802518026022,21.978802518026022,24.553543347600638,21.334403342648883,1.1171465473363678,0.9706808787763286,20.005130038680267,,20,cube,floor_1e-3,10
767,20,interaction,True,10,18.619719754315028,18.619719754315028,25.14937395069449,22.144418852488677,1.3506848804674543,1.1892992560941642,6.595078249809593,,20,cube,floor_1e-3,10
768,20,interaction,True,10,18.545318040486464,18.545318040486464,33.8125764131517,21.98021170309339,1.823240579608025,1.18521621765171,9.611810947091255,,20,cube,floor_1e-3,10
769,20,interaction,True,10,23.127392259867378,23.127392259867378,32.52078230777411,10.30313860198597,1.4061586339851617,0.44549504268429146,6.686578984964521,,20,cube,floor_1e-3,10
770,20,interaction,True,10,27.471984413597028,27.471984413597028,31.540878197766588,12.415176811339343,1.148110661498326,0.4519213692184011,6.38337666866177,,20,cube,floor_1e-3,10
771,20,interaction,True,10,29.029371291305225,29.029371291305225,32.31724652356927,11.0883183157617,1.1132602976230772,0.3819689446420369,4.041103609237865,,20,cube,floor_1e-3,10
772,20,transport_free,True,10,30.411050959731895,30.411050959731895,32.0132712040493,13.125940134545997,1.0526854611647243,0.4316174456425861,5.401108687030157,,20,cube,floor_1e-3,10
773,20,transport_free,True,10,30.21354597774034,30.21354597774034,29.740518972225253,13.156493775441293,0.9843438765557811,0.43545017142755327,9.585332576806682,,20,cube,floor_1e-3,10
774,20,transport_free,True,10,26.08808487767645,26.08808487767645,29.79475223463995,14.039685475781603,1.1420827697526885,0.5381646656552911,12.014612935986147,,20,cube,floor_1e-3,10
775,20,transport_free,True,10,24.92586079618795,24.92586079618795,30.744822478664766,7.699904515564464,1.2334507815018665,0.3089122810451566,5.825506842861783,,20,cube,floor_1e-3,10
776,20,transport_free,True,10,26.550661353192673,26.550661353192673,30.394381726500143,7.181125700589778,1.1447692892533265,0.2704688069747935,4.828400429392541,,20,cube,floor_1e-3,10
777,20,transport_free,True,10,25.64145547425976,25.64145547425976,30.606167754651047,7.422477332492976,1.1936205331782015,0.2894717634084402,5.313029771532042,,20,cube,floor_1e-3,10
778,20,transport_free,True,10,25.914584316476414,25.914584316476414,32.40326354000573,6.327632804133371,1.2503871620816944,0.24417265300722116,4.408035417147303,,20,cube,floor_1e-3,10
779,20,transport_free,True,10,27.06968260072171,27.06968260072171,34.12720446295124,8.224520167413509,1.2607168309406542,0.3038277281904382,4.695217892080767,,20,cube,floor_1e-3,10
780,20,interaction,True,10,30.604757486857412,30.604757486857412,29.149429328170562,10.72460082398357,0.952447649378963,0.3504226696973185,3.1571206848804856,,20,cube,floor_1e-3,10
781,20,interaction,True,10,29.14942932817056,29.14942932817056,28.586353159862355,13.583883382346189,0.9806831152003365,0.46600855301199556,5.8397897335472635,,20,cube,floor_1e-3,10
782,20,interaction,True,10,25.545856737589403,25.545856737589403,26.898998764589603,12.89707984238256,1.0529691386317501,0.5048599455819063,8.59641147432532,,20,cube,floor_1e-3,10
783,20,interaction,True,10,23.093938735498355,23.093938735498355,30.893089071677622,23.183174585230724,1.3377141693110568,1.003864037692072,21.992947260081717,,20,cube,floor_1e-3,10
784,20,interaction,True,10,26.508047195516433,26.508047195516433,34.26968935200594,19.840076972381357,1.2928032419454236,0.7484548682913581,19.889239529566446,,20,cube,floor_1e-3,10
785,20,interaction,True,10,32.80563837931827,32.80563837931827,30.676882086542395,23.827009578560663,0.9351100482129954,0.7263083651370729,22.28916095263245,,20,cube,floor_1e-3,10
786,20,interaction,True,10,25.48115574213658,25.48115574213658,31.391927707151368,15.407344696631139,1.2319663999871293,0.6046564313075088,14.835644043338823,,20,cube,floor_1e-3,10
787,20,interaction,True,10,24.97678414907207,24.97678414907207,37.292825679983984,11.447497112281113,1.4930995702811274,0.45832550115169274,5.3387205529270005,,20,cube,floor_1e-3,10
788,20,interaction,True,10,33.16614979898223,33.16614979898223,34.19862771197561,12.597214407577555,1.0311304724621688,0.37982142889447257,8.420478233965236,,20,cube,floor_1e-3,10
789,20,interaction,True,10,31.610669363033345,31.610669363033345,32.57480628374325,12.262757870015214,1.0305003639637382,0.38793097764502654,4.483216609838189,,20,cube,floor_1e-3,10
790,20,transport_free,True,10,30.41210778902782,30.41210778902782,30.45732827393196,12.997062309853074,1.0014869237350412,0.4273647324945427,7.445616131353014,,20,cube,floor_1e-3,10
791,20,transport_free,True,10,25.68749442616624,25.68749442616624,29.812274631286094,13.689165241980255,1.16057541995681,0.5329116579013624,10.169620210040266,,20,cube,floor_1e-3,10
792,20,transport_free,True,10,25.063898496023725,25.063898496023725,29.543306379964797,8.036512790627885,1.178719519018628,0.32064097258863544,6.994779765626802,,20,cube,floor_1e-3,10
793,20,static,True,10,25.07585942224899,25.07585942224899,29.297808454770482,5.840723309682447,1.1683670721481034,0.23292215877156197,3.9007592421152486,,20,cube,floor_1e-3,10
794,20,transport_free,True,10,25.142265440332856,25.142265440332856,29.445073227020444,5.742114262388846,1.1711384281141621,0.2283849192514462,3.9831669118548994,,20,cube,floor_1e-3,10
795,20,transport_free,True,10,25.086344771934215,25.086344771934215,29.487385941155352,5.557381532958546,1.1754357284503592,0.2215301425329992,3.7049238875602617,,20,cube,floor_1e-3,10
796,20,transport_free,True,10,24.82565416925238,24.82565416925238,32.242715361531324,5.961351020946316,1.2987659918933894,0.24012865805283395,3.824618316161124,,20,cube,floor_1e-3,10
797,20,transport_free,True,10,27.56771712739385,27.56771712739385,32.07941669895459,11.42693300704046,1.1636588024576577,0.41450414462086876,3.7526525732541076,,20,cube,floor_1e-3,10
798,21,transport_free,True,10,72.71085409212796,72.71085409212796,77.26493739939647,6.52085036969914,1.06263278521661,0.08968193884006542,5.6800369905635195,,21,cube,floor_1e-3,10
799,21,transport_free,True,10,75.98505425501266,75.98505425501266,78.0678956006208,11.91497298764279,1.0274111977155131,0.15680679713217116,8.82316126536136,,21,cube,floor_1e-3,10
800,21,transport_free,True,10,76.53065613932775,76.53065613932775,74.792524210557,10.8289693493135,0.9772884224903757,0.1414984516740434,5.967891537531937,,21,cube,floor_1e-3,10
801,21,interaction,True,10,73.69403211516523,73.69403211516523,75.36946589453567,15.425924247917763,1.0227349994467958,0.20932392766636687,8.596204940417218,,21,cube,floor_1e-3,10
802,21,interaction,True,10,72.17761187153823,72.17761187153823,56.2216930889108,17.719822070131606,0.7789353461704193,0.24550302525483053,15.203652578337554,,21,cube,floor_1e-3,10
803,21,interaction,True,10,52.76292407785436,52.76292407785436,43.07359624619351,34.947121860463824,0.8163610527467402,0.6623424018141524,32.41534660286477,,21,cube,floor_1e-3,10
804,21,interaction,True,10,38.33098330577985,38.33098330577985,83.49906555315476,60.70038690928119,2.1783700378112685,1.5835854359658001,60.582961167877976,,21,cube,floor_1e-3,10
805,21,interaction,True,10,82.28888196690161,82.28888196690161,74.33567565196986,33.267497739484824,0.9033501716777401,0.40427694415468834,30.905965263950446,,21,cube,floor_1e-3,10
806,21,interaction,True,10,69.39577569473039,69.39577569473039,53.23213933010773,50.75909838068334,0.7670803993066388,0.7314436343210695,49.947374653647074,,21,cube,floor_1e-3,10
807,21,interaction,True,10,50.79198181969561,50.79198181969561,77.7363403774476,22.849201089461292,1.530484489725183,0.4498584278631368,21.734068840098143,,21,cube,floor_1e-3,10
808,21,interaction,True,10,76.82177559758074,76.82177559758074,94.6346527644036,26.189993256911503,1.231872760402375,0.3409188742799154,24.80683855264076,,21,cube,floor_1e-3,10
809,21,interaction,True,10,93.1533020290496,93.1533020290496,96.89355344576275,16.160666447944322,1.0401515709614542,0.17348463335099665,14.542299934868051,,21,cube,floor_1e-3,10
810,21,transport_free,True,10,95.37605054823358,95.37605054823358,94.39048732913078,18.855709535171155,0.9896665545130287,0.1976985776490655,17.970036883956734,,21,cube,floor_1e-3,10
811,21,transport_free,True,10,93.25346403368485,93.25346403368485,84.78081225125739,23.307618751392084,0.9091438385670372,0.24993836950628395,22.191730361595678,,21,cube,floor_1e-3,10
812,21,transport_free,True,10,84.44689502051574,84.44689502051574,77.50965294200884,15.004259318715818,0.9178508330374782,0.1776768620690038,12.106639991637566,,21,cube,floor_1e-3,10
813,21,transport_free,True,10,76.75185653190738,76.75185653190738,79.28693924657077,7.894389886178483,1.0330295947122725,0.10285601212651602,4.873632507517345,,21,cube,floor_1e-3,10
814,21,transport_free,True,10,78.57756026011174,78.57756026011174,86.24439323968485,9.921486527747199,1.0975702599341841,0.1262636113275158,7.949679006587347,,21,cube,floor_1e-3,10
815,21,transport_free,True,10,85.42404546396746,85.42404546396746,91.84775979048115,10.922565880805955,1.0751979643626601,0.12786289646529536,6.002459371135501,,21,cube,floor_1e-3,10
816,21,transport_free,True,10,90.47535729424379,90.47535729424379,94.76069981013285,10.362144273494708,1.047364748192729,0.11453001771294433,4.7194614080068655,,21,cube,floor_1e-3,10
817,21,transport_free,True,10,93.52214079381007,93.52214079381007,96.66695585423301,13.64435069134208,1.033626422938247,0.14589433663012508,11.947465512492109,,21,cube,floor_1e-3,10
818,21,interaction,True,10,96.29385496999006,96.29385496999006,95.18048585260527,15.614203104787684,0.988437796807161,0.1621516046860295,14.784922072978283,,21,cube,floor_1e-3,10
819,21,interaction,True,10,94.65427035711926,94.65427035711926,90.97352893649244,11.912285369917182,0.9611138366315665,0.12585048012069136,11.449909064291315,,21,cube,floor_1e-3,10
820,21,interaction,True,10,89.63681635689399,89.63681635689399,76.7509612147094,16.07695396773554,0.8562437214316176,0.17935659276121824,15.047425083918593,,21,cube,floor_1e-3,10
821,21,interaction,True,10,75.68905156736054,75.68905156736054,23.459055760365988,51.23990000111963,0.309939882645884,0.6769790206119568,50.40231751969188,,21,cube,floor_1e-3,10
822,21,interaction,True,10,18.681339050907205,18.681339050907205,27.77324155254174,24.8448737734377,1.486683662068272,1.329930028341902,17.914908477270913,,21,cube,floor_1e-3,10
823,21,interaction,True,10,25.43908396474599,25.43908396474599,56.984198693870084,38.06640295206461,2.2400255753249594,1.4963747517331134,35.16731259557811,,21,cube,floor_1e-3,10
824,21,interaction,True,10,55.000722665462945,55.000722665462945,72.3258205919686,13.304863180789837,1.3149976416107119,0.2419034248279881,11.804800827847066,,21,cube,floor_1e-3,10
825,21,interaction,True,10,72.02431263416952,72.02431263416952,93.57846000505737,23.897208667850435,1.299262104455853,0.3317936373684073,22.82060933659495,,21,cube,floor_1e-3,10
826,21,interaction,True,10,92.244808630531,92.244808630531,95.78595406822217,18.573189848907706,1.0383885607251304,0.20134672210442844,17.170596411240158,,21,cube,floor_1e-3,10
827,21,transport_free,True,10,94.03545354973613,94.03545354973613,92.79916386276508,14.764417859208955,0.9868529406696894,0.15700905671072168,13.893813553356587,,21,cube,floor_1e-3,10
828,21,transport_free,True,10,92.12186487001304,92.12186487001304,87.24142535761173,24.523638836055845,0.9470219201566559,0.2662086668638276,23.75831648837658,,21,cube,floor_1e-3,10
829,21,transport_free,True,10,84.96711248134993,84.96711248134993,78.33981900071538,17.906713243200812,0.9220016629129392,0.21074875584516647,15.881637448969617,,21,cube,floor_1e-3,10
830,21,transport_free,True,10,77.63331609894664,77.63331609894664,73.77757882131627,14.790764076893218,0.9503339871155821,0.19052083332421124,12.496625160624093,,21,cube,floor_1e-3,10
831,21,transport_free,True,10,73.01689906295171,73.01689906295171,78.7860795677326,18.148634168875315,1.0790115792209551,0.2485538882338515,11.740780896910236,,21,cube,floor_1e-3,10
832,21,transport_free,True,10,77.65099613662193,77.65099613662193,82.7372975981583,16.573328087971056,1.0655020761432006,0.2134335541402631,9.478959940505952,,21,cube,floor_1e-3,10
833,21,transport_free,True,10,81.57370558436831,81.57370558436831,87.121253975266,10.093444484482802,1.0680065757851356,0.12373404410375313,4.56630467160201,,21,cube,floor_1e-3,10
834,21,transport_free,True,10,85.95256802054446,85.95256802054446,92.0543792725105,10.39690506581352,1.0709904473186604,0.12096095911094178,4.770311992664277,,21,cube,floor_1e-3,10
835,21,transport_free,True,10,90.7187071013852,90.7187071013852,92.38280674013633,5.883430576320132,1.0183435114092991,0.06485355407176317,3.62417681669716,,21,cube,floor_1e-3,10
836,22,transport_free,True,10,64.89492667302409,64.89492667302409,72.59202386700085,7.377154934637378,1.11860861223804,0.1136784539692524,5.101076828323884,,22,cube,floor_1e-3,10
837,22,transport_free,True,10,65.1790549491164,65.1790549491164,69.4053665582797,13.988129662390586,1.0648415601064278,0.21461080823142886,6.499793070435486,,22,cube,floor_1e-3,10
838,22,transport_free,True,10,59.25352095585764,59.25352095585764,67.31342905497925,14.822789229042142,1.1360241209147055,0.25015879208401376,5.498233833326443,,22,cube,floor_1e-3,10
839,22,interaction,True,10,59.90954870805011,59.90954870805011,62.12792654238899,13.163206481084202,1.0370287855972582,0.2197180043073075,7.11654557567732,,22,cube,floor_1e-3,10
840,22,interaction,True,10,59.32976427529174,59.32976427529174,46.901907030547704,18.944349262295457,0.7905291315994711,0.31930599242554136,14.202832593266445,,22,cube,floor_1e-3,10
841,22,interaction,True,10,41.75006838790485,41.75006838790485,22.22714762377877,22.392047377218297,0.5323858973658127,0.5363355855892528,20.097654029385453,,22,cube,floor_1e-3,10
842,22,interaction,True,10,16.765890748718537,16.765890748718537,25.557664556534988,22.101320341701182,1.5243845340271247,1.3182312036353003,21.157335733594085,,22,cube,floor_1e-3,10
843,22,interaction,True,10,17.040184272419417,17.040184272419417,47.65958692723592,52.134256553566146,2.7968938695326133,3.0594890125659404,45.87937504125874,,22,cube,floor_1e-3,10
844,22,interaction,True,10,35.555316626199925,35.555316626199925,61.53283608431134,68.00335263880098,1.7306226444618176,1.9126071454723261,65.9191762267317,,22,cube,floor_1e-3,10
845,22,interaction,True,10,35.1295836327876,35.1295836327876,65.6350123805064,29.3327230537599,1.8683686395658579,0.8349863568090429,20.87258943525004,,22,cube,floor_1e-3,10
846,22,interaction,True,10,60.27834184577314,60.27834184577314,84.70901582384761,32.87676131706029,1.4052977110847253,0.5454158211779956,21.929105027589795,,22,cube,floor_1e-3,10
847,22,interaction,True,10,64.62686257995456,64.62686257995456,47.72025669712788,35.39433269084719,0.7383966170118456,0.5476721486681844,33.00786749994866,,22,cube,floor_1e-3,10
848,22,static,True,10,45.380132043933216,45.380132043933216,48.59838083247847,26.25982831482805,1.0709175721531532,0.5786635501502176,27.60295248483754,,22,cube,floor_1e-3,10
849,22,transport_free,True,10,42.41159132094866,42.41159132094866,65.3771751787005,29.319048460058983,1.541493095223906,0.6912980047880735,32.93817117650053,,22,cube,floor_1e-3,10
850,22,transport_free,True,10,49.613979636730086,49.613979636730086,53.941542479278894,17.208381709373626,1.0872246668022785,0.34684542210425634,18.30808800273054,,22,cube,floor_1e-3,10
851,22,transport_free,True,10,51.328091554476906,51.328091554476906,56.33036327048754,10.157380074212686,1.0974568031757326,0.19789124759162696,8.594690942098776,,22,cube,floor_1e-3,10
852,22,transport_free,True,10,52.747349442712434,52.747349442712434,53.248628080957516,13.328427440844486,1.00950339009526,0.25268430701565686,12.595857310086627,,22,cube,floor_1e-3,10
853,22,transport_free,True,10,49.02657201369065,49.02657201369065,55.13753657326902,13.157980669743154,1.1246459686773917,0.2683846764988748,11.23568082537618,,22,cube,floor_1e-3,10
854,22,transport_free,True,10,51.91746407056009,51.91746407056009,60.149524452551,10.704057409038773,1.1585605254294176,0.20617450410311033,6.9326675130999655,,22,cube,floor_1e-3,10
855,22,transport_free,True,10,59.03975442574807,59.03975442574807,74.65759043166764,11.711055808751127,1.2645308429519553,0.1983588164053028,7.9199014494032856,,22,cube,floor_1e-3,10
856,22,transport_free,True,10,68.25391612974485,68.25391612974485,87.67559401013334,17.54031161431828,1.2845503815996366,0.25698615711625467,10.679364160664878,,22,cube,floor_1e-3,10
857,22,interaction,True,10,77.87519952617916,77.87519952617916,84.38038386313792,20.12581357219569,1.0835334532243726,0.2584367512975685,6.4504210551349495,,22,cube,floor_1e-3,10
858,22,interaction,True,10,79.90468998495443,79.90468998495443,85.14122664617159,25.997799648628956,1.065534784781759,0.3253601215839043,22.711486802732807,,22,cube,floor_1e-3,10
859,22,interaction,True,10,74.03038717689347,74.03038717689347,47.783782829586926,61.55871927526515,0.6454617441809262,0.8315331260955365,56.259672349045694,,22,cube,floor_1e-3,10
860,22,interaction,True,10,32.80472540155414,32.80472540155414,60.30510102987829,33.72361339494127,1.838305313996663,1.028010842405759,28.04362767377521,,22,cube,floor_1e-3,10
861,22,interaction,True,10,50.972061957294564,50.972061957294564,73.8342383275681,42.373397589475516,1.4485236714462904,0.8313063266888597,31.296621576067018,,22,cube,floor_1e-3,10
862,22,interaction,True,10,29.837614639523416,29.837614639523416,70.93705756120998,40.89494354081932,2.377437285728784,1.3705835414419882,35.84209510676616,,22,cube,floor_1e-3,10
863,22,interaction,True,10,67.59123500984884,67.59123500984884,81.65704663239816,20.735566820670208,1.2081011187397266,0.3067789309908125,3.721534814204119,,22,cube,floor_1e-3,10
864,22,interaction,True,10,75.94395126484389,75.94395126484389,90.7477978767258,30.990540833699544,1.1949312139456054,0.40807121986087314,12.927538200420594,,22,cube,floor_1e-3,10
865,22,interaction,True,10,84.74968412071803,84.74968412071803,80.25185302619371,35.94425880029778,0.9469280488630781,0.4241226285763913,23.048095887316517,,22,cube,floor_1e-3,10
866,22,transport_free,True,10,76.76824041545527,76.76824041545527,81.87690558855226,27.230547212790746,1.066546597205431,0.3547111027349872,21.549182962503487,,22,cube,floor_1e-3,10
867,22,transport_free,True,10,74.65255509942463,74.65255509942463,63.574239401965684,34.41619775862779,0.8516016540531735,0.46101834977772976,36.436583906282465,,22,cube,floor_1e-3,10
868,22,transport_free,True,10,58.041995171939575,58.041995171939575,58.50070933581907,22.14009973299862,1.007903142587029,0.3814496670455991,24.000910643888915,,22,cube,floor_1e-3,10
869,22,transport_free,True,10,52.328657753462174,52.328657753462174,59.24807935316072,9.289888614669652,1.1322300608645124,0.17752965609088286,9.225133495283067,,22,cube,floor_1e-3,10
870,22,transport_free,True,10,52.94990393373535,52.94990393373535,58.01768576492633,8.314475163822067,1.0957089900962445,0.15702531158937125,8.153582592913049,,22,cube,floor_1e-3,10
871,22,transport_free,True,10,52.00505145482231,52.00505145482231,61.66887596992142,9.407914218485185,1.1858247274977556,0.18090385367002287,8.346892875113141,,22,cube,floor_1e-3,10
872,22,transport_free,True,10,56.69823810066849,56.69823810066849,71.19701122453615,9.99842630142955,1.255718230575788,0.176344567950722,5.961080827131007,,22,cube,floor_1e-3,10
873,22,transport_free,True,10,69.1890207259404,69.1890207259404,85.83442248923751,12.458048157490873,1.2405786581259766,0.18005816568552896,8.030330288717835,,22,cube,floor_1e-3,10
874,23,transport_free,True,10,17.71256153678613,17.71256153678613,23.683637410464087,19.838353743538047,1.337109675598134,1.1200160802454795,3.6800085466065173,,23,cube,floor_1e-3,10
875,23,transport_free,True,10,17.28542021073187,17.28542021073187,28.003687622980323,22.11969578615888,1.620075606006609,1.2796735929176652,4.586550604222132,,23,cube,floor_1e-3,10
876,23,transport_free,True,10,23.17104269455936,23.17104269455936,30.72485533836866,21.143614969829024,1.3260022754859866,0.9125016620332591,9.711132825783318,,23,cube,floor_1e-3,10
877,23,interaction,True,10,27.361613501463808,27.361613501463808,33.91093628004738,19.922467308712307,1.2393617166704438,0.7281174155773555,3.8568705816930042,,23,cube,floor_1e-3,10
878,23,interaction,True,10,30.643590977595828,30.643590977595828,31.420714510583373,21.25595293395953,1.0253600674136303,0.6936508501728862,7.96667951329971,,23,cube,floor_1e-3,10
879,23,interaction,True,10,28.377912762903684,28.377912762903684,37.245524883707816,24.793691233807237,1.3124828874798746,0.8736967880956407,17.3947366246755,,23,cube,floor_1e-3,10
880,23,interaction,True,10,33.56937719295594,33.56937719295594,35.6168364867977,30.228856076511292,1.060991876080185,0.9004890350737395,28.051841909250594,,23,cube,floor_1e-3,10
881,23,interaction,True,10,30.64706305433623,30.64706305433623,26.91614321351577,30.095768514429928,0.8782617494470625,0.9820115050199468,15.848810544898365,,23,cube,floor_1e-3,10
882,23,interaction,True,10,16.463296020172876,16.463296020172876,50.850373246466305,46.93351831134055,3.0887115911757954,2.850797206940322,44.02624259681241,,23,cube,floor_1e-3,10
883,23,interaction,True,10,38.96407017254777,38.96407017254777,75.28065342058318,41.877065900589635,1.9320531219457238,1.0747610738596354,40.63591478489031,,23,cube,floor_1e-3,10
884,23,interaction,True,10,74.96015090682263,74.96015090682263,78.40246773430022,18.73062459273207,1.045921957010952,0.24987442482626152,14.778237671308675,,23,cube,floor_1e-3,10
885,23,interaction,True,10,77.6371301394649,77.6371301394649,75.37828210311207,14.361668152185365,0.970905054935762,0.1849845315815579,7.661659503412545,,23,cube,floor_1e-3,10
886,23,static,True,10,74.06436011982778,74.06436011982778,72.07929910081441,15.683857359736969,0.9731981614935744,0.21175984419985883,10.589599971205965,,23,cube,floor_1e-3,10
887,23,transport_free,True,10,70.6253612559866,70.6253612559866,65.25641715324076,23.82606012798888,0.9239799413799,0.3373584177733215,23.186970141508503,,23,cube,floor_1e-3,10
888,23,transport_free,True,10,63.9043290194741,63.9043290194741,58.89442888147612,12.130700462022789,0.9216031180536881,0.18982595777394204,11.626770806891729,,23,cube,floor_1e-3,10
889,23,transport_free,True,10,58.47511086616992,58.47511086616992,58.12246742366687,8.594189972767534,0.9939693411901324,0.14697176021498748,5.997905209677113,,23,cube,floor_1e-3,10
890,23,transport_free,True,10,57.71068227259125,57.71068227259125,59.88200843435337,9.295780884575088,1.0376243370595768,0.16107556726963126,7.557190568572703,,23,cube,floor_1e-3,10
891,23,transport_free,True,10,59.34347956537082,59.34347956537082,63.257435078572286,7.634946052517082,1.0659542639202675,0.12865686522656086,6.553630173388805,,23,cube,floor_1e-3,10
892,23,transport_free,True,10,62.28382382358298,62.28382382358298,66.38187424060683,6.3449989722778435,1.065796384445365,0.10187234152883513,5.147769368051904,,23,cube,floor_1e-3,10
893,23,transport_free,True,10,65.63820029279483,65.63820029279483,72.33096139582774,6.9141430916031865,1.1019644212238948,0.10533718262781434,5.027198291378346,,23,cube,floor_1e-3,10
894,23,interaction,True,10,71.13497552992045,71.13497552992045,72.70877469932095,8.278113965493091,1.0221241261092238,0.11637192399133096,5.6177006400297556,,23,cube,floor_1e-3,10
895,23,interaction,True,10,71.36881887493239,71.36881887493239,73.9738544989095,10.463654230036822,1.03650103315486,0.1466138069115794,5.882845233032594,,23,cube,floor_1e-3,10
896,23,interaction,True,10,71.52799368068256,71.52799368068256,63.92537092775594,16.325053850027437,0.89371122602898,0.22823307365373952,14.163363517604838,,23,cube,floor_1e-3,10
897,23,interaction,True,10,61.308860730535706,61.308860730535706,33.6992118059341,37.560364119469284,0.5496629916848178,0.6126416911342448,32.995591532436414,,23,cube,floor_1e-3,10
898,23,interaction,True,10,28.06624236702634,28.06624236702634,30.805395625769755,14.691295726052928,1.0975960095734623,0.5234507538961829,11.042860735791843,,23,cube,floor_1e-3,10
899,23,interaction,True,10,24.705777402709707,24.705777402709707,55.78949258636119,51.28725118861455,2.258155721108466,2.0759213665945766,50.76713412326756,,23,cube,floor_1e-3,10
900,23,interaction,True,10,54.633513266161174,54.633513266161174,70.38349482410096,19.70226561608591,1.2882842529494618,0.3606260047766152,14.929662645218928,,23,cube,floor_1e-3,10
901,23,interaction,True,10,69.44035843097501,69.44035843097501,79.3531929509853,14.673941204556897,1.1427532164866896,0.21131718695177912,9.78826976221276,,23,cube,floor_1e-3,10
902,23,interaction,True,10,78.70282034541057,78.70282034541057,80.42296069622584,12.923524193466251,1.0218561462380373,0.16420662101748768,4.08623429964508,,23,cube,floor_1e-3,10
903,23,transport_free,True,10,79.19099656528792,79.19099656528792,77.08885049776312,22.10188917546674,0.9734547340139644,0.2790959848225315,12.73814304269311,,23,cube,floor_1e-3,10
904,23,transport_free,True,10,75.46021362516336,75.46021362516336,71.6128332870544,22.645191457581262,0.9490144520764251,0.3000944520256417,22.04969793789898,,23,cube,floor_1e-3,10
905,23,transport_free,True,10,70.31288673579215,70.31288673579215,64.17318302356217,16.039750691467805,0.9126802497058535,0.22811964400976462,15.747106130794217,,23,cube,floor_1e-3,10
906,23,transport_free,True,10,63.30752654789629,63.30752654789629,58.268121557400626,9.715422410481331,0.9203980116537482,0.1534639392858127,8.602460400827164,,23,cube,floor_1e-3,10
907,23,static,True,10,57.9443577175814,57.9443577175814,58.37027450598084,8.102164131265525,1.0073504445501897,0.1398266276546746,5.492451239360354,,23,cube,floor_1e-3,10
908,23,transport_free,True,10,58.246247693840324,58.246247693840324,62.93200149931904,10.645811144359167,1.0804473076121306,0.18277248004569718,8.858849709611452,,23,cube,floor_1e-3,10
909,23,transport_free,True,10,62.15415767849955,62.15415767849955,70.36669487937175,7.886635379133246,1.132131743194922,0.12688829957165362,5.943561112022133,,23,cube,floor_1e-3,10
910,23,transport_free,True,10,69.41735530185821,69.41735530185821,76.66888584836119,7.616157924523417,1.1044627890960412,0.10971547232539905,6.704410488167787,,23,cube,floor_1e-3,10
911,23,transport_free,True,10,75.33917263006072,75.33917263006072,77.69751531869161,9.920549528812495,1.0313030075364793,0.13167850379145452,6.813105603155486,,23,cube,floor_1e-3,10
912,24,transport_free,True,10,13.777004944915527,13.777004944915527,15.996608747469475,4.461150517286338,1.1611093130494305,0.3238113461614709,4.276491838188307,,24,cube,floor_1e-3,10
913,24,transport_free,True,10,12.737761993076052,12.737761993076052,15.731010113686656,3.966959346170987,1.2349901122534448,0.3114329933568654,3.3091208280564524,,24,cube,floor_1e-3,10
914,24,transport_free,True,10,13.466457146307523,13.466457146307523,14.363070673849233,6.537030274076452,1.0665812483417407,0.4854305926981614,4.052196239805876,,24,cube,floor_1e-3,10
915,24,interaction,True,10,13.918859418794424,13.918859418794424,30.349143307075614,13.870629725980994,2.1804332089233998,0.9965349392962252,11.41626193987392,,24,cube,floor_1e-3,10
916,24,interaction,True,10,23.659614910157778,23.659614910157778,27.550442203091194,18.17749091565923,1.1644501530438252,0.7682919178813469,12.439308178659665,,24,cube,floor_1e-3,10
917,24,interaction,True,10,20.677686167113063,20.677686167113063,34.70656969982039,20.0481937039682,1.6784551917138408,0.96955691956743,16.609591580897394,,24,cube,floor_1e-3,10
918,24,interaction,True,10,16.386766124698163,16.386766124698163,23.842233972095222,22.086910139098894,1.4549688322066283,1.3478504526777535,21.172234566259977,,24,cube,floor_1e-3,10
919,24,interaction,True,10,16.126187606411666,16.126187606411666,34.6151859371071,39.35073131338963,2.146520106422694,2.4401757113221256,28.55055985924042,,24,cube,floor_1e-3,10
920,24,interaction,True,10,21.860252330294493,21.860252330294493,90.03352616645816,77.74838101936359,4.118595010071655,3.556609495839072,73.94268472949986,,24,cube,floor_1e-3,10
921,24,interaction,True,10,48.808127787770054,48.808127787770054,37.72721562595973,24.246587160584156,0.7729699403756501,0.4967735551343903,21.505208806906793,,24,cube,floor_1e-3,10
922,24,interaction,True,10,34.601448559326684,34.601448559326684,30.35690333544884,18.06942326869129,0.8773304182164436,0.5222158037028408,6.5938636244887885,,24,cube,floor_1e-3,10
923,24,interaction,True,10,28.444623825051174,28.444623825051174,26.649828831171682,18.15094792482605,0.9369021364136018,0.6381152388044771,7.514462837804539,,24,cube,floor_1e-3,10
924,24,static,True,10,26.649828831171682,26.649828831171682,22.998079986485166,19.303265755407097,0.8629728968309488,0.7243298213168453,18.621181809237896,,24,cube,floor_1e-3,10
925,24,transport_free,True,10,21.411331977564387,21.411331977564387,43.73341180609169,34.43990037937644,2.042535786746814,1.6084893931617092,40.22441834170502,,24,cube,floor_1e-3,10
926,24,transport_free,True,10,31.76912999970355,31.76912999970355,39.61670465741318,35.064813244129624,1.2470188720239697,1.1037385425555193,35.78306835248894,,24,cube,floor_1e-3,10
927,24,transport_free,True,10,21.828161058038845,21.828161058038845,29.051016809901952,11.865797290223519,1.3308962093810044,0.543600409520233,11.934633901365824,,24,cube,floor_1e-3,10
928,24,transport_free,True,10,27.623947093754722,27.623947093754722,23.282318356587698,9.856482246689755,0.8428309784104463,0.35680933695815426,11.80806983244612,,24,cube,floor_1e-3,10
929,24,transport_free,True,10,22.909780644928578,22.909780644928578,24.890344644131687,8.042891942834252,1.0864505876288928,0.3510680467651997,8.929347177092101,,24,cube,floor_1e-3,10
930,24,transport_free,True,10,24.567758711388016,24.567758711388016,30.432634343462283,10.58672081192788,1.238722453316659,0.4309192766135628,4.96051379468467,,24,cube,floor_1e-3,10
931,24,transport_free,True,10,24.912486830316908,24.912486830316908,54.473443862655785,13.566837357846847,2.186591978299215,0.5445798105284644,9.742157819353654,,24,cube,floor_1e-3,10
932,24,interaction,True,10,23.896055139178426,23.896055139178426,29.66346737995012,17.612313568122893,1.241354156875702,0.7370385390200612,5.781658974541301,,24,cube,floor_1e-3,10
933,24,interaction,True,10,27.50544016416405,27.50544016416405,52.26111916802773,28.206012332400743,1.9000284618646845,1.0254703129292018,25.24453378005788,,24,cube,floor_1e-3,10
934,24,interaction,True,10,40.58219084247821,40.58219084247821,71.16285964056985,30.970061675330008,1.753548986963075,0.7631441534426231,29.47179390828194,,24,cube,floor_1e-3,10
935,24,interaction,True,10,53.990717408342164,53.990717408342164,77.4289764605206,54.57455589364247,1.4341164588518132,1.0108136826722383,49.08266397112007,,24,cube,floor_1e-3,10
936,24,interaction,True,10,45.07713112727315,45.07713112727315,75.6747470848791,29.36289105989752,1.6787835692385797,0.6513921876925305,14.089056706323316,,24,cube,floor_1e-3,10
937,24,interaction,True,10,50.12052828202448,50.12052828202448,92.26120534631096,77.92416633128653,1.8407867695879825,1.5547355345660574,78.4896372544457,,24,cube,floor_1e-3,10
938,24,interaction,True,10,48.907174052128504,48.907174052128504,35.83393792184613,34.837077505841656,0.7326928741303259,0.7123101708700239,24.135276448744857,,24,cube,floor_1e-3,10
939,24,interaction,True,10,35.83393792184613,35.83393792184613,26.515258997496478,17.945108142957235,0.7399482316268532,0.5007852662494293,9.15756608158841,,24,cube,floor_1e-3,10
940,24,interaction,True,10,26.515258997496474,26.515258997496474,34.086991290117055,24.274393479240153,1.2855613174789464,0.9154877001779278,15.621098608082908,,24,cube,floor_1e-3,10
941,24,interaction,True,10,34.086991290117055,34.086991290117055,27.99196964249306,18.996014685224964,0.8211921493525555,0.557280474640557,14.110300461555353,,24,cube,floor_1e-3,10
942,24,transport_free,True,10,26.94844311838488,26.94844311838488,37.79882814636892,25.903392299261895,1.4026349492739951,0.9612203638432075,30.054349510191212,,24,cube,floor_1e-3,10
943,24,transport_free,True,10,31.94720882071189,31.94720882071189,51.74571758328003,21.072457942438863,1.6197257755341823,0.6596024729639995,35.272114658997765,,24,cube,floor_1e-3,10
944,24,transport_free,True,10,26.616703209679528,26.616703209679528,37.660047245647334,20.608069051170403,1.414902775485423,0.7742532532607569,21.393093008688492,,24,cube,floor_1e-3,10
945,24,transport_free,True,10,34.36555297546734,34.36555297546734,30.19347369349111,7.286310190053185,0.8785970566236905,0.21202365622501956,7.827238243171861,,24,cube,floor_1e-3,10
946,24,transport_free,True,10,30.193473693491114,30.193473693491114,30.287241476039334,14.210796484830755,1.003105564583264,0.4706578855116698,9.153435125200005,,24,cube,floor_1e-3,10
947,24,transport_free,True,10,28.224628309091912,28.224628309091912,40.319643614651554,12.654443285641374,1.4285270003595942,0.4483475618194425,8.94989866572469,,24,cube,floor_1e-3,10
948,24,transport_free,True,10,32.670985597579474,32.670985597579474,40.34464141973981,11.496383287080914,1.2348767777219694,0.3518835773332977,7.587353102849742,,24,cube,floor_1e-3,10
949,24,static,True,10,30.565147471561172,30.565147471561172,32.26617505349515,18.189966785187792,1.0556525233034346,0.5951211850723881,6.135286298653756,,24,cube,floor_1e-3,10
950,25,transport_free,True,10,79.24779077930867,79.24779077930867,83.16361137124264,9.131519275629412,1.0494123628359413,0.11522743013819914,5.441721308287151,,25,cube,floor_1e-3,10
951,25,transport_free,True,10,81.29023572871294,81.29023572871294,84.70102278924855,9.559916055823084,1.041958139621077,0.11760226760477184,6.129784062180342,,25,cube,floor_1e-3,10
952,25,transport_free,True,10,82.70745696317111,82.70745696317111,85.76748578874037,9.081544058283505,1.0369982216589233,0.10980320749466926,4.701454196121407,,25,cube,floor_1e-3,10
953,25,interaction,True,10,83.99925542522604,83.99925542522604,86.8663821375599,9.858146574055437,1.034132763413434,0.11735992806306365,5.990816889767495,,25,cube,floor_1e-3,10
954,25,interaction,True,10,85.10571806668389,85.10571806668389,84.7440370377629,23.7353141350998,0.9957502147078108,0.27889211999248026,19.747443070487765,,25,cube,floor_1e-3,10
955,25,interaction,True,10,74.22258865135024,74.22258865135024,88.04123505574418,28.64256460442509,1.186178448575878,0.38590091136499366,23.99053652319253,,25,cube,floor_1e-3,10
956,25,interaction,True,10,72.52769648191315,72.52769648191315,72.35746372548006,32.52765697259469,0.9976528586362101,0.4484860067313235,26.987551217792554,,25,cube,floor_1e-3,10
957,25,interaction,True,10,58.5710605313639,58.5710605313639,63.249356820391355,28.20170290788134,1.0798738531722898,0.48149551420158704,20.828172753006424,,25,cube,floor_1e-3,10
958,25,interaction,True,10,61.221424100770456,61.221424100770456,73.35392503019804,43.535193937817624,1.19817410502339,0.7111104417655933,39.778763167898774,,25,cube,floor_1e-3,10
959,25,interaction,True,10,70.34411526615563,70.34411526615563,83.58177170763878,27.349022683653857,1.1881842765581292,0.38878906330935376,13.589961151111892,,25,cube,floor_1e-3,10
960,25,interaction,True,10,76.37787145467021,76.37787145467021,91.31165559020302,18.79206595507693,1.1955250107276938,0.2460407130647769,7.099350149832294,,25,cube,floor_1e-3,10
961,25,interaction,True,10,87.44985059283812,87.44985059283812,97.04527599312763,30.885478588450354,1.1097248918693448,0.3531793179642068,20.73468650011126,,25,cube,floor_1e-3,10
962,25,transport_free,True,10,93.64875798026141,93.64875798026141,95.2562198536136,32.08504274741653,1.0171647965015298,0.342610446090264,11.394243254337015,,25,cube,floor_1e-3,10
963,25,transport_free,True,10,91.8398615644175,91.8398615644175,100.25734454365576,32.44197929665445,1.0916539162391283,0.35324508055687004,26.280993550534788,,25,cube,floor_1e-3,10
964,25,transport_free,True,10,96.51128700856174,96.51128700856174,98.3269794209643,24.96866472506457,1.018813264942177,0.2587123796499527,17.697850637754474,,25,cube,floor_1e-3,10
965,25,static,True,10,94.77973785188036,94.77973785188036,100.75522387494236,25.07922290094659,1.0630460281753507,0.2646053203917892,8.986958986550846,,25,cube,floor_1e-3,10
966,25,transport_free,True,10,94.58151831923436,94.58151831923436,102.33935167946785,25.016406552274038,1.0820227196400996,0.26449571752314144,8.78552543916354,,25,cube,floor_1e-3,10
967,25,transport_free,True,10,96.28677958960316,96.28677958960316,103.19231738691072,23.50666470672848,1.0717184417917036,0.24413179885046937,4.1794187080639835,,25,cube,floor_1e-3,10
968,25,transport_free,True,10,96.98398455816175,96.98398455816175,100.19465778851628,21.62796227785578,1.0331051899443158,0.2230055031909458,9.806859125094059,,25,cube,floor_1e-3,10
969,25,transport_free,True,10,97.58681563900441,97.58681563900441,101.35675792885795,28.418530123160167,1.0386316764735863,0.29121280305207115,3.52158156245606,,25,cube,floor_1e-3,10
970,25,interaction,True,10,94.73771210401078,94.73771210401078,92.20468466543716,31.61733436907531,0.9732627336852651,0.33373546465174525,7.812678110968664,,25,cube,floor_1e-3,10
971,25,interaction,True,10,88.73411377171163,88.73411377171163,75.96940775914906,29.194746682147468,0.8561465768914689,0.32901378558034045,15.19575128748507,,25,cube,floor_1e-3,10
972,25,interaction,True,10,73.25482240597319,73.25482240597319,71.25748280770912,46.4654929334006,0.9727343602419108,0.6342994414195974,42.34960151117404,,25,cube,floor_1e-3,10
973,25,interaction,True,10,64.61692987986257,64.61692987986257,59.83528285739951,36.083273657167794,0.9260000895840577,0.5584182616576605,34.35642404486439,,25,cube,floor_1e-3,10
974,25,interaction,True,10,54.31387532378685,54.31387532378685,58.60224135153389,20.477392657358095,1.0789552577896968,0.37701954676008886,6.522658999215041,,25,cube,floor_1e-3,10
975,25,interaction,True,10,56.80853777493725,56.80853777493725,68.30936377471326,32.94753129963608,1.2024489002927645,0.5799749930224722,26.77908543977987,,25,cube,floor_1e-3,10
976,25,interaction,True,10,64.75906608743526,64.75906608743526,80.58520965631841,28.910847586967535,1.2443849876944688,0.4464370679455629,20.868297125191397,,25,cube,floor_1e-3,10
977,25,interaction,True,10,73.95591116733269,73.95591116733269,96.59438320377492,27.834028987090136,1.306107675223153,0.3763597601294215,15.272036331563099,,25,cube,floor_1e-3,10
978,25,interaction,True,10,87.55610974175748,87.55610974175748,97.6121080856292,26.968029668271186,1.1148520460026308,0.3080085415833582,14.914495091073146,,25,cube,floor_1e-3,10
979,25,static,True,10,94.34053771816673,94.34053771816673,97.96886478939163,33.98782207914481,1.0384598939012217,0.36026741951249164,13.649104357253549,,25,cube,floor_1e-3,10
980,25,transport_free,True,10,94.4107751894498,94.4107751894498,99.66136955111232,30.48935307260954,1.0556143549412278,0.32294357303420024,24.149185184295956,,25,cube,floor_1e-3,10
981,25,transport_free,True,10,97.10594074619291,97.10594074619291,96.40575658522904,21.786554409095636,0.9927894817187967,0.22435861536051066,13.194000798366307,,25,cube,floor_1e-3,10
982,25,transport_free,True,10,94.46800512042552,94.46800512042552,93.92691942432975,23.200609417200994,0.9942722862051971,0.24559224456603504,5.785554829434684,,25,cube,floor_1e-3,10
983,25,transport_free,True,10,89.30766404384158,89.30766404384158,99.38670567787847,20.601017892216937,1.112857521713803,0.23067469195145215,7.355477945636614,,25,cube,floor_1e-3,10
984,25,transport_free,True,10,93.61710306650633,93.61710306650633,102.77951947179619,19.921488469898257,1.097871180640794,0.21279753183289463,6.438458433786629,,25,cube,floor_1e-3,10
985,25,transport_free,True,10,96.62556912865651,96.62556912865651,100.82217558193511,19.58596809731242,1.0434316350332782,0.2026996402084193,6.228581938354511,,25,cube,floor_1e-3,10
986,25,transport_free,True,10,97.8737143952446,97.8737143952446,97.3818194633437,22.164830918418886,0.994974187554439,0.22646357150511712,14.214129157360237,,25,cube,floor_1e-3,10
987,25,static,True,10,95.23801389252327,95.23801389252327,98.84838810591245,30.198526370385224,1.037908961619711,0.3170847977202093,12.202306304703447,,25,cube,floor_1e-3,10
988,26,transport_free,True,10,62.84127930007613,62.84127930007613,62.457864490843015,13.011046343150541,0.9938986791245568,0.20704617232601086,6.966552602362784,,26,cube,floor_1e-3,10
989,26,transport_free,True,10,60.426794567546295,60.426794567546295,61.1302800423327,13.120454124152637,1.0116419459251647,0.2171297388526265,6.614895504422876,,26,cube,floor_1e-3,10
990,26,transport_free,True,10,57.99119346184379,57.99119346184379,62.723885489069175,11.494377441392144,1.0816105298874272,0.19820901683899728,4.530729777837641,,26,cube,floor_1e-3,10
991,26,interaction,True,10,61.204250997471505,61.204250997471505,65.22669602080555,7.082988537384079,1.0657216607960813,0.11572706833184992,3.9427178474167266,,26,cube,floor_1e-3,10
992,26,interaction,True,10,61.82076413773399,61.82076413773399,56.71624628769585,16.03841280547921,0.9174303662978754,0.2594340757378269,16.726716210514315,,26,cube,floor_1e-3,10
993,26,interaction,True,10,54.785805105832914,54.785805105832914,26.688894217230768,38.80075461117754,0.4871498039624367,0.7082264198951512,38.26534859231816,,26,cube,floor_1e-3,10
994,26,interaction,True,10,22.282648541446967,22.282648541446967,25.843526012715486,22.26868866264605,1.159804947093479,0.9993735089984949,21.64223960243865,,26,cube,floor_1e-3,10
995,26,interaction,True,10,17.550668242956256,17.550668242956256,24.978226490529508,26.46920077726785,1.4232065779349576,1.5081591430509171,25.103345074280206,,26,cube,floor_1e-3,10
996,26,interaction,True,10,23.71365992714029,23.71365992714029,74.51831392766941,92.64131184850513,3.1424214632673877,3.9066644344712524,92.27787080828566,,26,cube,floor_1e-3,10
997,26,interaction,True,10,58.65307117884228,58.65307117884228,88.74667990220442,41.363032071390336,1.5130781409826277,0.7052151104802007,33.45810014504283,,26,cube,floor_1e-3,10
998,26,interaction,True,10,56.254577123821285,56.254577123821285,65.84162111035388,27.72896840304589,1.17042247007618,0.49291932889322027,18.02599797456418,,26,cube,floor_1e-3,10
999,26,interaction,True,10,56.172356215337295,56.172356215337295,70.52018880667825,21.243315853668932,1.255425151409679,0.37818096453409333,6.741149388985271,,26,cube,floor_1e-3,10
1000,26,static,True,10,56.17050632783172,56.17050632783172,72.28254864799291,18.623124876090323,1.2868416785514696,0.3315463237486043,16.372899701567626,,26,cube,floor_1e-3,10
1001,26,transport_free,True,10,63.115092577177066,63.115092577177066,75.25440834904126,27.658389723336377,1.1923361794490002,0.43822148703205543,26.771178164249832,,26,cube,floor_1e-3,10
1002,26,transport_free,True,10,63.21698943856707,63.21698943856707,71.76213722495754,26.81032368463149,1.135171697707852,0.42409997569854535,26.236179079698594,,26,cube,floor_1e-3,10
1003,26,static,True,10,66.83929685551239,66.83929685551239,67.91551679561434,12.009128846298378,1.0161016047554843,0.17967168135024983,11.302773463436537,,26,cube,floor_1e-3,10
1004,26,transport_free,True,10,66.4807441241929,66.4807441241929,67.42674130830846,11.758018988218925,1.014229641929825,0.1768635285768422,10.73162707875972,,26,cube,floor_1e-3,10
1005,26,transport_free,True,10,65.47413189766617,65.47413189766617,67.70968536221577,11.423495237437976,1.034144071860986,0.17447341272569308,9.902578847072874,,26,cube,floor_1e-3,10
1006,26,transport_free,True,10,64.88805093029845,64.88805093029845,71.00785947111437,9.346583663301981,1.0943133358619404,0.14404167684651076,6.823235200725708,,26,cube,floor_1e-3,10
1007,26,transport_free,True,10,68.14720843375702,68.14720843375702,73.27206677076651,17.461627532872292,1.075202762589918,0.2562339372983413,7.516380536700906,,26,cube,floor_1e-3,10
1008,26,interaction,True,10,64.82309415506944,64.82309415506944,76.97439868831475,26.335211416601336,1.1874533249551005,0.40626279507118856,10.076950897309457,,26,cube,floor_1e-3,10
1009,26,interaction,True,10,71.16165132996471,71.16165132996471,67.84387978902632,27.712146837548794,0.9533769737080097,0.38942529184788294,18.49144889105636,,26,cube,floor_1e-3,10
1010,26,interaction,True,10,64.37658029173897,64.37658029173897,80.01326670107508,31.57421314511442,1.2428940204415093,0.49046117395530764,30.32056795905487,,26,cube,floor_1e-3,10
1011,26,interaction,True,10,56.796542346797125,56.796542346797125,99.72294288232536,63.00703387323446,1.7557924965470886,1.1093462959156273,58.40339816937012,,26,cube,floor_1e-3,10
1012,26,interaction,True,10,50.023653185778585,50.023653185778585,76.48314284092665,45.22624697350469,1.5289395709841986,0.9040972438686712,8.481065726473766,,26,cube,floor_1e-3,10
1013,26,interaction,True,10,44.73842011971962,44.73842011971962,69.33852470583194,56.47261859892317,1.5498652952044945,1.26228459672476,55.25285559113545,,26,cube,floor_1e-3,10
1014,26,interaction,True,10,58.4263832949571,58.4263832949571,73.85752421760813,32.944067130452524,1.26411254731872,0.5638560060125439,25.32110020511076,,26,cube,floor_1e-3,10
1015,26,interaction,True,10,53.23797001863417,53.23797001863417,67.19782266397331,31.103549169462802,1.262216095776247,0.5842361975592992,10.185438764077329,,26,cube,floor_1e-3,10
1016,26,interaction,True,10,49.4658151351168,49.4658151351168,54.34990134543411,19.270101448168177,1.0987365961114022,0.3895640129558471,10.805592684583257,,26,cube,floor_1e-3,10
1017,26,transport_free,True,10,52.60364613156307,52.60364613156307,44.52978574337616,22.149976180575447,0.8465151946313003,0.42107302077840364,23.936914805906277,,26,cube,floor_1e-3,10
1018,26,transport_free,True,10,43.938523767498104,43.938523767498104,51.47117149206346,22.687011045927285,1.17143606745699,0.5163353044352655,33.422237360524925,,26,cube,floor_1e-3,10
1019,26,transport_free,True,10,41.815557844874945,41.815557844874945,37.63572342202796,13.963715370164078,0.9000411655787756,0.33393588630255516,17.594484294305424,,26,cube,floor_1e-3,10
1020,26,transport_free,True,10,36.97632518350614,36.97632518350614,38.31492833993654,11.417687327101214,1.0362016276573505,0.3087837222989982,10.18488963493331,,26,cube,floor_1e-3,10
1021,26,transport_free,True,10,36.40270796420285,36.40270796420285,39.087537935560235,9.582653427825282,1.0737535782776808,0.26324012590625206,9.189708298753672,,26,cube,floor_1e-3,10
1022,26,transport_free,True,10,38.30547878787249,38.30547878787249,38.336555277323384,8.611855498041681,1.000811280538301,0.2248204635616823,7.710129117991984,,26,cube,floor_1e-3,10
1023,26,transport_free,True,10,36.54907955635788,36.54907955635788,45.58576683863711,9.146396018421438,1.247248012589342,0.2502496951891195,5.792471042028727,,26,cube,floor_1e-3,10
1024,26,transport_free,True,10,39.9586440888108,39.9586440888108,37.49280431310353,12.194644477850463,0.938290203986232,0.3051816385647881,8.283944463811387,,26,cube,floor_1e-3,10
1025,26,transport_free,True,10,34.809280035686406,34.809280035686406,41.13590108012852,16.937880002631978,1.181750988183498,0.4865909316500455,7.3010396003858435,,26,cube,floor_1e-3,10
1026,27,transport_free,True,10,17.713293789406347,17.713293789406347,19.24639881324598,5.852972875524961,1.086551097840229,0.33042826168362904,3.4278921279773016,,27,cube,floor_1e-3,10
1027,27,transport_free,True,10,18.44527549212802,18.44527549212802,22.81565853473426,5.880251370610139,1.2369378025539066,0.3187944453917039,3.3555774639067475,,27,cube,floor_1e-3,10
1028,27,transport_free,True,10,20.77863916044349,20.77863916044349,25.083115097074554,8.291248224448971,1.2071587029060853,0.3990274897421149,4.214822216424158,,27,cube,floor_1e-3,10
1029,27,interaction,True,10,22.65234472844939,22.65234472844939,28.228760323407364,6.265135786684771,1.2461738800908535,0.2765778051583464,3.6170759900883427,,27,cube,floor_1e-3,10
1030,27,interaction,True,10,25.694467050438924,25.694467050438924,30.44598346586855,14.573765662593123,1.1849237194179694,0.5671947051473936,9.943682680300688,,27,cube,floor_1e-3,10
1031,27,interaction,True,10,26.110909576602033,26.110909576602033,29.16985248596155,16.33584930264039,1.1171519092579076,0.6256331000157471,8.459641209343475,,27,cube,floor_1e-3,10
1032,27,interaction,True,10,20.687401334475346,20.687401334475346,24.397914910295857,22.584603109374513,1.179361028281352,1.0917080760519446,7.072329588452358,,27,cube,floor_1e-3,10
1033,27,interaction,True,10,15.775992913005279,15.775992913005279,35.41339338994904,33.035483276015604,2.2447647881963264,2.094035124013151,21.937165933659706,,27,cube,floor_1e-3,10
1034,27,interaction,True,10,25.96408157476344,25.96408157476344,84.05688135853799,79.2404659362405,3.237429412494204,3.0519263971678714,78.49021105024285,,27,cube,floor_1e-3,10
1035,27,interaction,True,10,52.85213407754365,52.85213407754365,39.544536306534894,28.3556437866054,0.748210777042908,0.5365089656550582,26.509363746490706,,27,cube,floor_1e-3,10
1036,27,interaction,True,10,32.77893582857021,32.77893582857021,22.169809093160342,18.427514536854794,0.6763431616299476,0.562175496887038,16.55005503287389,,27,cube,floor_1e-3,10
1037,27,interaction,True,10,20.82457228194594,20.82457228194594,23.865036416773187,13.782639918011569,1.1460036774663174,0.66184504206891,9.931848830284869,,27,cube,floor_1e-3,10
1038,27,static,True,10,23.57046662713411,23.57046662713411,34.94727666980795,20.582194566972802,1.482672245002437,0.8732196478146412,21.953353426674518,,27,cube,floor_1e-3,10
1039,27,transport_free,True,10,31.659426288923193,31.659426288923193,50.917643393328845,33.20939197579111,1.6082933066649916,1.0489574786581084,43.54905387496107,,27,cube,floor_1e-3,10
1040,27,transport_free,True,10,31.061891791119063,31.061891791119063,29.74237362176241,18.67344086264352,0.9575197100604826,0.6011688208888315,20.568892966840167,,27,cube,floor_1e-3,10
1041,27,transport_free,True,10,27.020004062990623,27.020004062990623,31.328943964718736,10.607899015827499,1.1594722151663213,0.39259427907922373,9.37158026633528,,27,cube,floor_1e-3,10
1042,27,transport_free,True,10,26.697793884268833,26.697793884268833,28.525285409743773,12.420044481428395,1.0684510313247926,0.46520864365301245,8.416057439533336,,27,cube,floor_1e-3,10
1043,27,transport_free,True,10,27.220646240443628,27.220646240443628,35.65840775659258,10.135338864133075,1.3099765318434056,0.3723401264836354,6.0548582980973,,27,cube,floor_1e-3,10
1044,27,transport_free,True,10,29.3918453277371,29.3918453277371,40.37581013130203,9.847519696756168,1.3737079003065982,0.3350425802446319,5.355671771551395,,27,cube,floor_1e-3,10
1045,27,transport_free,True,10,33.483838418168176,33.483838418168176,39.40665205732027,10.023238887549864,1.176885743061596,0.2993455756885776,9.466647303048616,,27,cube,floor_1e-3,10
1046,27,interaction,True,10,29.90343173642157,29.90343173642157,30.727221605731145,17.511263096625203,1.027548338818458,0.5855937623138069,9.1886410719737,,27,cube,floor_1e-3,10
1047,27,interaction,True,10,27.241811932225307,27.241811932225307,29.67499631243143,20.020895195730848,1.089318008150839,0.7349325825147269,14.014296603422482,,27,cube,floor_1e-3,10
1048,27,interaction,True,10,27.593939378539105,27.593939378539105,55.80948600043447,26.491652588755493,2.0225269482123927,0.9600533010288156,24.519197113206598,,27,cube,floor_1e-3,10
1049,27,interaction,True,10,37.040280868978385,37.040280868978385,111.21891794281066,35.86416581160101,3.002647802164957,0.9682476744294242,34.05996402138607,,27,cube,floor_1e-3,10
1050,27,interaction,True,10,43.32216092442653,43.32216092442653,76.31900305393052,49.11262658897178,1.7616619629631456,1.1336605917384048,18.41172991269157,,27,cube,floor_1e-3,10
1051,27,interaction,True,10,44.84680217559366,44.84680217559366,68.3541028942863,58.59759690642585,1.5241689391063358,1.3066170621707247,43.56596859193848,,27,cube,floor_1e-3,10
1052,27,interaction,True,10,51.68379224163306,51.68379224163306,89.39102289573317,50.04458392441301,1.7295755403901196,0.9682839001140553,20.773194081706364,,27,cube,floor_1e-3,10
1053,27,interaction,True,10,37.416638759161756,37.416638759161756,34.31293946107691,21.01336080264251,0.9170502909664786,0.5616047164978769,19.959902837722023,,27,cube,floor_1e-3,10
1054,27,interaction,True,10,33.8644557901082,33.8644557901082,26.557036755397696,16.77432958262772,0.7842156661249227,0.49533734386859674,10.704300376631764,,27,cube,floor_1e-3,10
1055,27,transport_free,True,10,20.88055468480396,20.88055468480396,31.740927893997203,17.988400209292966,1.5201189993816109,0.8614905341755221,15.574467743449981,,27,cube,floor_1e-3,10
1056,27,transport_free,True,10,25.541138008978628,25.541138008978628,55.83659657208206,35.044018152077015,2.1861436460839565,1.3720617358458258,42.68012587388983,,27,cube,floor_1e-3,10
1057,27,transport_free,True,10,26.182695894787116,26.182695894787116,33.293856904255385,22.379197234763016,1.271597739134421,0.8547323516528578,25.583781270867764,,27,cube,floor_1e-3,10
1058,27,transport_free,True,10,28.06207881782239,28.06207881782239,33.33505322474827,15.50072884337392,1.1879039126487303,0.5523727926218109,12.032446591103554,,27,cube,floor_1e-3,10
1059,27,transport_free,True,10,33.33505322474827,33.33505322474827,30.607970053092018,12.446101593546551,0.9181917258907617,0.37336378345142235,8.782681803916507,,27,cube,floor_1e-3,10
1060,27,transport_free,True,10,30.019012618071272,30.019012618071272,27.543498092959418,13.8288219934566,0.9175351116105128,0.46066878246127685,8.93609984251159,,27,cube,floor_1e-3,10
1061,27,transport_free,True,10,25.596463191483295,25.596463191483295,36.54429594003021,8.483361941842007,1.4277088075273456,0.33142711469077785,4.799794184199915,,27,cube,floor_1e-3,10
1062,27,transport_free,True,10,29.626914232980727,29.626914232980727,45.00266035580764,11.61565175911619,1.5189789932868072,0.39206417744935546,8.024467710672127,,27,cube,floor_1e-3,10
1063,27,transport_free,True,10,28.09018453186787,28.09018453186787,36.40370984856335,20.78767459349268,1.295958373191316,0.7400333938678614,8.609465625036563,,27,cube,floor_1e-3,10
1064,28,transport_free,True,10,96.9882928424015,96.9882928424015,96.90357181739128,15.659664635180558,0.9991264819440848,0.16145932850500117,7.71665307478085,,28,cube,floor_1e-3,10
1065,28,transport_free,True,10,94.9525584282678,94.9525584282678,95.83037963791581,21.189856977490386,1.009244839993555,0.22316257011124482,8.365784754967894,,28,cube,floor_1e-3,10
1066,28,static,True,10,93.68584461115266,93.68584461115266,96.54221592109047,22.12302429624056,1.030488824878436,0.2361405224883564,3.8453736525568774,,28,cube,floor_1e-3,10
1067,28,interaction,True,10,94.26877136353181,94.26877136353181,100.06666808051332,25.18506360357687,1.0615038960741612,0.2671623193905315,7.422465047604013,,28,cube,floor_1e-3,10
1068,28,interaction,True,10,95.47865929284325,95.47865929284325,101.91054305825318,25.88353973389964,1.0673646217180601,0.2710924087707606,15.066213835567888,,28,cube,floor_1e-3,10
1069,28,interaction,True,10,98.54868241417535,98.54868241417535,93.14971918626729,36.375849585509144,0.9452152672603215,0.36911553451958484,23.05722182953385,,28,cube,floor_1e-3,10
1070,28,interaction,True,10,84.10839608143098,84.10839608143098,58.129367493468465,43.54259222790183,0.6911244323003083,0.5176961427934653,39.3883148690488,,28,cube,floor_1e-3,10
1071,28,interaction,True,10,47.773406978718256,47.773406978718256,32.970277993614445,43.41218268874196,0.6901387210734583,0.9087102100145568,42.08112306936827,,28,cube,floor_1e-3,10
1072,28,interaction,True,10,30.38470709300602,30.38470709300602,66.31735512190659,58.387740032066574,2.1825899100791917,1.9216160239210045,39.740507622696136,,28,cube,floor_1e-3,10
1073,28,interaction,True,10,41.34341964410804,41.34341964410804,56.738458452206494,15.98775209236543,1.3723697493004172,0.3867060884172383,8.031071143790923,,28,cube,floor_1e-3,10
1074,28,interaction,True,10,56.13479977872572,56.13479977872572,60.78785097395546,9.667477033829208,1.0828906705567902,0.17221896349389032,6.474824991709168,,28,cube,floor_1e-3,10
1075,28,interaction,True,10,61.09727982676138,61.09727982676138,55.186085830201534,9.971237039422668,0.9032494734082962,0.16320263467859236,8.811715575827009,,28,cube,floor_1e-3,10
1076,28,transport_free,True,10,54.6055717194913,54.6055717194913,49.5413786305113,17.092153700845437,0.9072586747192256,0.3130111664913572,16.922996982959276,,28,cube,floor_1e-3,10
1077,28,transport_free,True,10,49.4034460840496,49.4034460840496,46.8802349576264,21.998897754915852,0.9489264145231795,0.44529075395852635,24.537059170033288,,28,cube,floor_1e-3,10
1078,28,transport_free,True,10,43.28040213049719,43.28040213049719,44.07206751982885,12.59655652624262,1.0182915442177425,0.2910452746779485,13.15828024384278,,28,cube,floor_1e-3,10
1079,28,static,True,10,39.87318910782089,39.87318910782089,44.409599262062066,6.940725817096805,1.1137709387120827,0.174069994710692,3.7455764558895606,,28,cube,floor_1e-3,10
1080,28,transport_free,True,10,40.129911122640664,40.129911122640664,45.089004056656854,6.427848441969072,1.1235759760060458,0.1601759949660736,4.697865596487672,,28,cube,floor_1e-3,10
1081,28,transport_free,True,10,44.26596037641795,44.26596037641795,51.69257050371134,6.312290000830056,1.1677724839615093,0.14259918788959194,4.793219923189614,,28,cube,floor_1e-3,10
1082,28,transport_free,True,10,47.948694616389005,47.948694616389005,55.2831987034532,10.974636422768652,1.1529656676942617,0.228882903081526,6.602154871213302,,28,cube,floor_1e-3,10
1083,28,transport_free,True,10,51.68268644401243,51.68268644401243,56.60081939644626,8.793401084894072,1.095160164666781,0.17014210541125632,4.32658798440051,,28,cube,floor_1e-3,10
1084,28,interaction,True,10,56.60081939644626,56.60081939644626,55.96453968962001,8.143441994945512,0.9887584718099293,0.1438749841748193,3.642228514096125,,28,cube,floor_1e-3,10
1085,28,interaction,True,10,55.609271077764,55.609271077764,57.48458872519629,11.615197450041418,1.0337231114720034,0.2088716004530742,7.079829134434209,,28,cube,floor_1e-3,10
1086,28,interaction,True,10,57.46811509759304,57.46811509759304,46.92860513014993,24.993108072787315,0.8166024768770511,0.43490391202745593,24.232613127574336,,28,cube,floor_1e-3,10
1087,28,interaction,True,10,44.17333995939251,44.17333995939251,61.704954332600465,36.48107796474077,1.3968822459276196,0.8258618886024229,35.53177055665123,,28,cube,floor_1e-3,10
1088,28,interaction,True,10,39.13817483937741,39.13817483937741,43.5584184996295,29.208790348263452,1.1129394428430224,0.7462992453821867,11.977804276718805,,28,cube,floor_1e-3,10
1089,28,interaction,True,10,36.15072196775668,36.15072196775668,53.06554533383305,59.56161527530553,1.4678972492212723,1.6475913075381825,50.80902772624108,,28,cube,floor_1e-3,10
1090,28,interaction,True,10,36.210986005554275,36.210986005554275,55.28513899819023,22.48178999349375,1.5267504450088776,0.6208555047367489,15.43634086046592,,28,cube,floor_1e-3,10
1091,28,interaction,True,10,52.6128614528202,52.6128614528202,58.10311862409026,9.943911510768809,1.104351997204968,0.1890015337729894,8.129975717049355,,28,cube,floor_1e-3,10
1092,28,interaction,True,10,58.51638298588516,58.51638298588516,59.45446663898056,9.236886224216498,1.0160311284674188,0.1578512845957096,4.1197388822545,,28,cube,floor_1e-3,10
1093,28,interaction,True,10,59.302600241867694,59.302600241867694,52.32882281335412,12.352184110030146,0.8824035135041165,0.2082907673466482,10.440084123475012,,28,cube,floor_1e-3,10
1094,28,transport_free,True,10,51.541217984997296,51.541217984997296,47.85471400025793,27.133060525931647,0.9284746436179983,0.5264342129793981,27.199298380767573,,28,cube,floor_1e-3,10
1095,28,transport_free,True,10,47.07336803519334,47.07336803519334,47.63046912760303,14.734555056592546,1.0118347404416268,0.3130125519290778,17.02317538785215,,28,cube,floor_1e-3,10
1096,28,transport_free,True,10,44.18377861747418,44.18377861747418,42.68807567766473,8.878713012043567,0.9661481433546311,0.20094960842783458,6.998582612657066,,28,cube,floor_1e-3,10
1097,28,transport_free,True,10,40.55083046765412,40.55083046765412,45.80069165855114,10.280191517411653,1.1294637157945417,0.2535137110351359,5.973032942417161,,28,cube,floor_1e-3,10
1098,28,transport_free,True,10,43.671706269529565,43.671706269529565,48.464429590193795,6.424251776696584,1.1097443569318057,0.14710329239365869,4.769693444718048,,28,cube,floor_1e-3,10
1099,28,transport_free,True,10,45.94020616480958,45.94020616480958,52.486997074965686,6.721356218163075,1.142506781242331,0.14630661852170063,4.666881974728493,,28,cube,floor_1e-3,10
1100,28,transport_free,True,10,49.623291043674044,49.623291043674044,57.10363994758683,10.313157804468204,1.1507427005864894,0.20782897682847098,5.5614105821506,,28,cube,floor_1e-3,10
1101,28,interaction,True,10,56.83271209349232,56.83271209349232,56.23337795817433,8.825725156957052,0.9894544160705887,0.15529304922908385,7.181031711337245,,28,cube,floor_1e-3,10
1102,29,transport_free,True,10,89.50920317820663,89.50920317820663,89.4870422083792,8.495586734180332,0.9997524168572552,0.09491299701625325,5.08120842901085,,29,cube,floor_1e-3,10
1103,29,transport_free,True,10,88.50545793852378,88.50545793852378,89.92346808803211,9.53001321078304,1.0160217254679738,0.10767712447070352,6.438113721308576,,29,cube,floor_1e-3,10
1104,29,transport_free,True,10,89.04079413682965,89.04079413682965,93.40954100198692,7.647022779545319,1.049064554146314,0.08588223918796234,3.9184814996279034,,29,cube,floor_1e-3,10
1105,29,interaction,True,10,92.99126860326503,92.99126860326503,95.31500193014966,9.813139237564593,1.0249887259501593,0.10552753376697178,6.81350566507506,,29,cube,floor_1e-3,10
1106,29,interaction,True,10,94.19511912932475,94.19511912932475,101.42305393879539,21.280140911835563,1.0767336447607978,0.22591553690397792,12.579595364687497,,29,cube,floor_1e-3,10
1107,29,interaction,True,10,92.0457488392459,92.0457488392459,107.28248404382535,32.234255348678616,1.1655343717306246,0.35019819769161104,15.736985373105854,,29,cube,floor_1e-3,10
1108,29,interaction,True,10,87.34253786356825,87.34253786356825,101.59916133029537,46.04130507679335,1.16322657682556,0.5271349585549173,42.69736932029004,,29,cube,floor_1e-3,10
1109,29,interaction,True,10,74.26297435333558,74.26297435333558,62.037966513615196,60.68922909648651,0.8353821948801154,0.8172205547239921,56.03019212585768,,29,cube,floor_1e-3,10
1110,29,interaction,True,10,19.19039956389904,19.19039956389904,43.200148469036236,50.8010059121455,2.2511333505689124,2.647209389413251,49.5612058671947,,29,cube,floor_1e-3,10
1111,29,interaction,True,10,38.90531432151937,38.90531432151937,47.66216810158651,24.819515404510874,1.2250811729137872,0.6379466619752424,16.17979263680018,,29,cube,floor_1e-3,10
1112,29,interaction,True,10,45.939906485798474,45.939906485798474,49.39372574983703,19.764574784644974,1.0751812428069754,0.4302267091195506,6.171929383834773,,29,cube,floor_1e-3,10
1113,29,interaction,True,10,46.73245324619169,46.73245324619169,48.15016148224447,14.882349013881363,1.0303366961837876,0.3184585439048003,2.8540575043569314,,29,cube,floor_1e-3,10
1114,29,transport_free,True,10,45.463776545554566,45.463776545554566,40.971440595708444,15.500060206563354,0.9011886761025051,0.3409320866917499,10.584152558299966,,29,cube,floor_1e-3,10
1115,29,transport_free,True,10,39.43207815505898,39.43207815505898,34.16910306487594,22.788349084286367,0.8665306183080838,0.5779139763995094,13.250160015720413,,29,cube,floor_1e-3,10
1116,29,transport_free,True,10,31.690349153355058,31.690349153355058,27.888553964278753,21.380702079196453,0.8800330292771859,0.6746754974434505,11.782072343771508,,29,cube,floor_1e-3,10
1117,29,transport_free,True,10,25.17716093505221,25.17716093505221,25.556063182462204,15.787079913955925,1.015049442960921,0.6270397188420398,7.553826635841388,,29,cube,floor_1e-3,10
1118,29,transport_free,True,10,23.45286817036599,23.45286817036599,25.61726353613108,19.157015966432922,1.092287022211634,0.8168304118401554,7.719915923488245,,29,cube,floor_1e-3,10
1119,29,transport_free,True,10,22.852436750549664,22.852436750549664,28.36021076535637,17.50865123164904,1.2410147361932522,0.7661612379794863,6.304251055984454,,29,cube,floor_1e-3,10
1120,29,transport_free,True,10,24.957114212059807,24.957114212059807,32.613066151870555,18.240666927901792,1.306764310759584,0.730880452479859,5.706575493699199,,29,cube,floor_1e-3,10
1121,29,transport_free,True,10,30.862177274024837,30.862177274024837,42.7810494689583,18.21277134769018,1.3861967381337346,0.5901324195626004,4.758983036832401,,29,cube,floor_1e-3,10
1122,29,transport_free,True,10,40.35404842898265,40.35404842898265,51.05198610530233,19.837841622853823,1.2651019685211145,0.4915948311299072,12.571822828171799,,29,cube,floor_1e-3,10
1123,29,interaction,True,10,47.377119598098155,47.377119598098155,54.32428036189668,16.930673876881315,1.1466353552670898,0.35735971330686295,6.472076309170527,,29,cube,floor_1e-3,10
1124,29,interaction,True,10,50.17340881773862,50.17340881773862,49.00149476564251,17.26315270073058,0.976642726103119,0.3440697594106314,13.90321711970648,,29,cube,floor_1e-3,10
1125,29,interaction,True,10,44.230454431246145,44.230454431246145,39.466732892119495,25.300930953105187,0.8922977030106801,0.572025118856378,11.728042557419734,,29,cube,floor_1e-3,10
1126,29,interaction,True,10,34.90119990399262,34.90119990399262,31.290621370766672,23.069952268810063,0.8965485844854032,0.6610074247381653,10.43413655154771,,29,cube,floor_1e-3,10
1127,29,interaction,True,10,28.280418008690045,28.280418008690045,34.58795176056543,19.012736506753125,1.223035379107098,0.6722933338860432,8.569077684184435,,29,cube,floor_1e-3,10
1128,29,interaction,True,10,31.212436080987555,31.212436080987555,38.225508543907736,20.208829273562795,1.2246884044783695,0.6474608140526592,12.161181380255332,,29,cube,floor_1e-3,10
1129,29,interaction,True,10,34.961539240031826,34.961539240031826,45.659585510870784,23.09400133414161,1.30599471600465,0.6605544788971536,8.153782241882222,,29,cube,floor_1e-3,10
1130,29,interaction,True,10,43.4020117273525,43.4020117273525,46.25677362823893,20.227332002054553,1.0657748751099323,0.4660459549460706,8.859284779365204,,29,cube,floor_1e-3,10
1131,29,interaction,True,10,44.6128013639492,44.6128013639492,45.279431922273744,14.808311973879317,1.014942584593292,0.33192965967489424,3.5120855216763656,,29,cube,floor_1e-3,10
1132,29,transport_free,True,10,43.68998893214341,43.68998893214341,39.746702930957426,17.18857847133766,0.9097439459801546,0.3934214425651125,10.226992768045498,,29,cube,floor_1e-3,10
1133,29,transport_free,True,10,38.266624396480175,38.266624396480175,30.69767619741937,22.271875555797138,0.8022049679470288,0.5820182968071189,19.048182868038182,,29,cube,floor_1e-3,10
1134,29,transport_free,True,10,24.65065348500993,24.65065348500993,24.68767842200831,15.793361303914072,1.0015019860232466,0.6406873275598158,8.574790581149532,,29,cube,floor_1e-3,10
1135,29,static,True,10,21.055145279023996,21.055145279023996,25.719724467810885,8.64678373471544,1.2215410592979348,0.4106731927102741,3.2519433116597294,,29,cube,floor_1e-3,10
1136,29,transport_free,True,10,21.049239080759683,21.049239080759683,27.186424293549464,9.128184941074387,1.2915632811829074,0.4336586660473688,4.607449802536679,,29,cube,floor_1e-3,10
1137,29,transport_free,True,10,22.96689412322631,22.96689412322631,32.82193087725469,13.44269070484143,1.4290974957759754,0.5853072963508331,3.949294639646594,,29,cube,floor_1e-3,10
1138,29,transport_free,True,10,29.414747734840724,29.414747734840724,39.93544470130121,19.07528495017777,1.3576674211623134,0.6484939161175867,4.820357811314635,,29,cube,floor_1e-3,10
1139,29,transport_free,True,10,38.258534574010014,38.258534574010014,46.36865011278087,16.722707042822154,1.2119818657215444,0.4370974275157499,4.030757071708145,,29,cube,floor_1e-3,10
380,10,transport_free,True,10,28.68802327961351,28.68802327961351,26.294884145597614,4.7435223316910955,0.9165805496359686,0.16534852490383928,3.3961718604723545,,10,cube,floor_1e-2,10
381,10,transport_free,True,10,23.318088850054334,23.318088850054334,21.965559596904267,5.55106285981929,0.9419965649051503,0.23805822576262958,4.3440519024529545,,10,cube,floor_1e-2,10
382,10,transport_free,True,10,21.965559596904267,21.965559596904267,24.261278051363234,5.175215326185871,1.1045144533801232,0.23560589491720682,3.256588236220539,,10,cube,floor_1e-2,10
383,10,interaction,True,10,23.59822980208117,23.59822980208117,18.434172485869542,7.915751106601652,0.7811675977595488,0.33543834317197585,6.154248219990153,,10,cube,floor_1e-2,10
384,10,interaction,True,10,18.26366025618268,18.26366025618268,26.196278393427633,9.84965972860419,1.4343389017302584,0.539303709686006,7.700408549551536,,10,cube,floor_1e-2,10
385,10,interaction,True,10,24.38880992095291,24.38880992095291,31.35756194550318,16.234160835111254,1.2857356323304352,0.6656397293565426,15.853921496773914,,10,cube,floor_1e-2,10
386,10,interaction,True,10,20.73405173772708,20.73405173772708,33.04700588737452,19.93175043507562,1.5938518098343097,0.9613051364586106,18.07672263928887,,10,cube,floor_1e-2,10
387,10,interaction,True,10,21.40752784682128,21.40752784682128,29.737580803011642,17.686563159978913,1.389117931589063,0.8261842883742936,7.6810975314821315,,10,cube,floor_1e-2,10
388,10,interaction,True,10,19.890944843955744,19.890944843955744,33.3126365616048,22.00250208673808,1.6747639100576712,1.1061567089621676,15.450021876815967,,10,cube,floor_1e-2,10
389,10,interaction,True,10,29.125993659063823,29.125993659063823,35.912718132499315,13.013826776410372,1.2330126330753872,0.44681142654717815,8.59451185588578,,10,cube,floor_1e-2,10
390,10,interaction,True,10,33.14042985166647,33.14042985166647,33.675320770305476,7.7552172186154245,1.0161401321899906,0.23401076127639464,4.261870309470485,,10,cube,floor_1e-2,10
391,10,interaction,True,10,32.56128778590828,32.56128778590828,39.63418024722846,9.596512027777298,1.217217835726422,0.29472151380727735,6.49551259773237,,10,cube,floor_1e-2,10
392,10,static,True,10,37.18881334214224,37.18881334214224,37.72825938430867,9.45383313907044,1.0145055997674208,0.2542117451313615,8.212278736432548,,10,cube,floor_1e-2,10
393,10,transport_free,True,10,36.53000405055417,36.53000405055417,42.18960635918218,14.231990082939266,1.154930240379816,0.38959727634422103,12.540616752529214,,10,cube,floor_1e-2,10
394,10,transport_free,True,10,37.95261619197882,37.95261619197882,38.06892469780611,10.861566367737796,1.003064571497231,0.2861875532584064,9.729163208001355,,10,cube,floor_1e-2,10
395,10,transport_free,True,10,36.6994522369894,36.6994522369894,35.49501142733449,6.249775970775405,0.967180959490154,0.17029616492412525,3.828202894786162,,10,cube,floor_1e-2,10
396,10,transport_free,True,10,34.46430357982125,34.46430357982125,38.02379614047281,12.391452662539212,1.1032805596204078,0.35954455408738833,4.23278386800564,,10,cube,floor_1e-2,10
397,10,transport_free,True,10,36.86126831179507,36.86126831179507,39.27890675053513,6.40928749004256,1.0655875000906154,0.173875934919789,3.831749768179822,,10,cube,floor_1e-2,10
398,10,transport_free,True,10,38.27699402348481,38.27699402348481,38.83459693773652,6.337256491318303,1.0145675732506474,0.1655630660921306,4.53008381730751,,10,cube,floor_1e-2,10
399,10,transport_free,True,10,38.09666166206331,38.09666166206331,38.970281374494476,8.58330992217054,1.0229316605265997,0.22530346617530028,6.897043217870003,,10,cube,floor_1e-2,10
400,10,interaction,True,10,37.74126365636559,37.74126365636559,37.688755944325486,5.920157298538884,0.9986087452577586,0.15686166081883077,2.3463624942866184,,10,cube,floor_1e-2,10
401,10,interaction,True,10,36.921423845023924,36.921423845023924,37.03060198169631,7.788162882487677,1.0029570402574575,0.21093885531549794,3.4831932111928583,,10,cube,floor_1e-2,10
402,10,interaction,True,10,36.58466354274721,36.58466354274721,35.185244191055176,13.739121159720433,0.9617484700916578,0.37554318747983045,12.99747705515251,,10,cube,floor_1e-2,10
403,10,interaction,True,10,28.133065463458827,28.133065463458827,33.73544595308641,22.324229800369725,1.1991386433484947,0.7935228327451902,21.15209810773892,,10,cube,floor_1e-2,10
404,10,interaction,True,10,23.17704642044228,23.17704642044228,25.37303739063927,19.559425669134875,1.0947485253453224,0.8439136425892194,12.329957404558026,,10,cube,floor_1e-2,10
405,10,interaction,True,10,16.415081091736237,16.415081091736237,31.922536466740336,28.695918927339957,1.9447078140120149,1.7481435983758984,27.828550107120858,,10,cube,floor_1e-2,10
406,10,interaction,True,10,24.636280839202314,24.636280839202314,36.47111275041716,17.218152659486176,1.4803822455369462,0.6988941541893737,11.683711514158963,,10,cube,floor_1e-2,10
407,10,interaction,True,10,27.650998225525527,27.650998225525527,33.04758395422465,11.38417484855546,1.1951678447441134,0.4117093623783304,8.506975450003315,,10,cube,floor_1e-2,10
408,10,interaction,True,10,29.881742688777074,29.881742688777074,36.59799815534662,9.400447539779577,1.2247611706091033,0.31458833032887934,5.994098845457539,,10,cube,floor_1e-2,10
409,10,interaction,True,10,35.06221808190713,35.06221808190713,36.44086828743585,9.703062686246506,1.0393201081091936,0.2767384157950206,4.278612362874115,,10,cube,floor_1e-2,10
410,10,transport_free,True,10,34.88464756152996,34.88464756152996,39.160961819043294,13.345957007888423,1.1225844191193481,0.38257393841656745,11.267083299881467,,10,cube,floor_1e-2,10
411,10,transport_free,True,10,36.73853089211067,36.73853089211067,41.0930285113649,14.987554637185482,1.118526721496894,0.4079519314803073,14.364468231908399,,10,cube,floor_1e-2,10
412,10,transport_free,True,10,36.44246175792023,36.44246175792023,40.104521409745004,9.668377464918269,1.1004888109961144,0.2653052784727692,8.926874325939881,,10,cube,floor_1e-2,10
413,10,static,True,10,35.35328596285693,35.35328596285693,37.51515574346823,12.10705356952202,1.0611504623044832,0.3424590738819017,2.991325916355903,,10,cube,floor_1e-2,10
414,10,transport_free,True,10,35.75160201907442,35.75160201907442,39.320411057873656,9.533307828811004,1.0998223530485483,0.2666540040282596,6.685888075434226,,10,cube,floor_1e-2,10
415,10,transport_free,True,10,38.229129853095216,38.229129853095216,38.68555104787154,6.254177376032168,1.0119390945211213,0.16359716792051965,3.6828145447415395,,10,cube,floor_1e-2,10
416,10,transport_free,True,10,36.914063868379145,36.914063868379145,38.32401892882376,6.241263187867838,1.0381956065707627,0.16907548326626126,4.025040390319486,,10,cube,floor_1e-2,10
417,10,transport_free,True,10,36.25309145303095,36.25309145303095,35.86142023856537,10.018136019834714,0.9891961982063511,0.27633880638328695,3.6924585903390126,,10,cube,floor_1e-2,10
418,11,transport_free,True,10,30.426734282855236,30.426734282855236,30.302422964813623,3.2049939433598524,0.9959144048491705,0.10533479911335054,2.454293818533717,,11,cube,floor_1e-2,10
419,11,transport_free,True,10,29.914007952776256,29.914007952776256,29.82534538817724,4.463212818579424,0.9970360854105882,0.1492014318383974,3.2016178536973565,,11,cube,floor_1e-2,10
420,11,transport_free,True,10,27.06365021449117,27.06365021449117,25.19569541836517,3.278437085031161,0.9309791997265097,0.12113802310657007,2.139374718712533,,11,cube,floor_1e-2,10
421,11,interaction,True,10,24.75898642285297,24.75898642285297,23.878279830270376,4.063635502701999,0.9644288107137663,0.16412770027415957,2.5738630572220464,,11,cube,floor_1e-2,10
422,11,interaction,True,10,23.79055455538153,23.79055455538153,21.416775191023326,7.297314412655207,0.9002217725176463,0.30673158104271775,6.234887716951587,,11,cube,floor_1e-2,10
423,11,interaction,True,10,19.625424058183565,19.625424058183565,22.71847861314528,10.278126616432768,1.1576044698851715,0.5237148805529587,9.952118230893587,,11,cube,floor_1e-2,10
424,11,interaction,True,10,19.80715996416955,19.80715996416955,23.706071597673166,7.910811853984727,1.1968435475129504,0.39939152651339743,7.2224615927573765,,11,cube,floor_1e-2,10
425,11,interaction,True,10,22.072024607413475,22.072024607413475,23.262430156638892,7.810585317246392,1.0539327755563297,0.3538680957533456,5.7747077890549345,,11,cube,floor_1e-2,10
426,11,interaction,True,10,22.220300377505332,22.220300377505332,20.9155924122008,11.535823977391985,0.9412830635437607,0.519156977241867,9.84540459737175,,11,cube,floor_1e-2,10
427,11,interaction,True,10,19.08373974471094,19.08373974471094,23.486545778857604,4.708406368092936,1.2307098133303198,0.24672346359145203,3.3470152539123545,,11,cube,floor_1e-2,10
428,11,interaction,True,10,20.85617729451257,20.85617729451257,24.463986200034185,4.142683297535637,1.172985147497325,0.19863099737964016,3.319674734153988,,11,cube,floor_1e-2,10
429,11,interaction,True,10,24.463986200034185,24.463986200034185,23.80890221477035,3.628220386451394,0.9732225165634323,0.14830863444675768,2.4056967422479216,,11,cube,floor_1e-2,10
430,11,transport_free,True,10,23.51713355082365,23.51713355082365,24.937861199884885,5.231843775185649,1.060412449756721,0.22246945036387786,4.418793706832129,,11,cube,floor_1e-2,10
431,11,transport_free,True,10,24.45985572577969,24.45985572577969,25.091673241950556,7.251063493090632,1.0258307948850638,0.2964475168775549,5.762873388928906,,11,cube,floor_1e-2,10
432,11,transport_free,True,10,23.56690444349546,23.56690444349546,23.575268418777853,6.173581457306159,1.0003549034325847,0.2619597950213647,3.0426189066989733,,11,cube,floor_1e-2,10
433,11,static,True,10,22.539891170419533,22.539891170419533,23.587262407134617,4.678749617803782,1.0464674487022196,0.2075764067549709,1.6728262743826574,,11,cube,floor_1e-2,10
434,11,transport_free,True,10,22.5081039653272,22.5081039653272,24.362079572522603,4.772134719681183,1.0823692484294267,0.21201851240035405,2.0740854084051397,,11,cube,floor_1e-2,10
435,11,transport_free,True,10,23.20504374120828,23.20504374120828,25.375925094064165,5.585636321868451,1.0935521336251897,0.2407078557645334,2.1109347706912134,,11,cube,floor_1e-2,10
436,11,transport_free,True,10,24.05478408750627,24.05478408750627,25.699794723154717,5.550522011718465,1.068386007110446,0.23074503564558418,2.2930229807192015,,11,cube,floor_1e-2,10
437,11,transport_free,True,10,24.24515840110263,24.24515840110263,25.61293727987504,5.48660109852832,1.056414516092013,0.22629677264879403,1.9690490071025566,,11,cube,floor_1e-2,10
438,11,interaction,True,10,23.957974290494278,23.957974290494278,24.83186644097926,4.882528764641436,1.036476045089994,0.20379555906688906,2.6306076413336887,,11,cube,floor_1e-2,10
439,11,interaction,True,10,23.897286111319595,23.897286111319595,22.211953185175766,5.111991418184043,0.9294759698530987,0.2139151447729711,2.796953578980265,,11,cube,floor_1e-2,10
440,11,interaction,True,10,21.07424430317443,21.07424430317443,20.223671038519903,5.755382860223049,0.9596392044991903,0.27310031987036,4.4890579343559915,,11,cube,floor_1e-2,10
441,11,interaction,True,10,18.709977627085355,18.709977627085355,19.018766235924204,10.40975521567043,1.016503953932678,0.5563745410684419,9.570246810559652,,11,cube,floor_1e-2,10
442,11,interaction,True,10,15.320233816338735,15.320233816338735,18.852034364760733,6.652558215827428,1.2305317654261516,0.43423346507496524,3.814229034889476,,11,cube,floor_1e-2,10
443,11,interaction,True,10,16.873283774019797,16.873283774019797,19.404823654229347,9.770516404433469,1.1500324367274273,0.5790524556623275,8.997202761644568,,11,cube,floor_1e-2,10
444,11,interaction,True,10,17.91052748338928,17.91052748338928,20.594344328548775,8.00234967464044,1.149845773534506,0.4467958680760263,6.6879336798420095,,11,cube,floor_1e-2,10
445,11,interaction,True,10,20.219001511968827,20.219001511968827,23.216398357768504,4.054594582301311,1.1482465315621715,0.20053386809933002,2.9443284161646366,,11,cube,floor_1e-2,10
446,11,interaction,True,10,22.767156033344143,22.767156033344143,24.367165487839735,4.163117994563148,1.0702770891609064,0.18285630354823243,3.0552105128193134,,11,cube,floor_1e-2,10
447,11,transport_free,True,10,24.367165487839735,24.367165487839735,23.3918240326818,3.692015338043635,0.9599731263102935,0.15151599556731823,2.593959440981103,,11,cube,floor_1e-2,10
448,11,transport_free,True,10,23.238001595306482,23.238001595306482,26.093919805927314,7.048488950436904,1.1228986149651379,0.3033173451481529,6.6339065599995735,,11,cube,floor_1e-2,10
449,11,transport_free,True,10,24.76072436756276,24.76072436756276,23.894179380936755,6.095049864310998,0.965003245714362,0.24615797881485585,3.994686153755345,,11,cube,floor_1e-2,10
450,11,transport_free,True,10,22.55206447417053,22.55206447417053,23.359822975982965,7.308054697388633,1.0358174970073175,0.3240525808960302,2.7787536619958337,,11,cube,floor_1e-2,10
451,11,transport_free,True,10,21.427985515868087,21.427985515868087,24.300712180237106,10.597851486741781,1.1340642433345718,0.49457992581214616,2.8227259413502774,,11,cube,floor_1e-2,10
452,11,transport_free,True,10,22.01957954478926,22.01957954478926,25.136932414457338,10.542881855993318,1.1415718616846058,0.4787957842041629,3.1063271717031586,,11,cube,floor_1e-2,10
453,11,transport_free,True,10,23.165710193209,23.165710193209,26.302365577219682,10.356200417010182,1.135400786673494,0.4470486909590231,2.0151628645862067,,11,cube,floor_1e-2,10
454,11,transport_free,True,10,24.42346358500964,24.42346358500964,26.127070815684146,5.407963395621049,1.0697528925307764,0.22142491693685448,2.113388228400895,,11,cube,floor_1e-2,10
455,11,transport_free,True,10,24.40476389835673,24.40476389835673,24.742110161457113,4.1812905436711665,1.013822967700298,0.17133091559852007,1.3822618842211023,,11,cube,floor_1e-2,10
456,12,transport_free,True,10,31.198829222699977,31.198829222699977,31.655696239323753,3.731051721755482,1.014643723114179,0.11958947866674444,3.5634911811505012,,12,cube,floor_1e-2,10
457,12,transport_free,True,10,30.66744903800256,30.66744903800256,29.44094325845234,4.429685071847739,0.9600062666434904,0.14444256730837157,4.474101078778546,,12,cube,floor_1e-2,10
458,12,transport_free,True,10,26.522793032162525,26.522793032162525,28.233686574640107,3.6624055717121484,1.0645065374677127,0.1380852147536264,2.6764066531889834,,12,cube,floor_1e-2,10
459,12,interaction,True,10,26.250073972222317,26.250073972222317,27.72972284062297,4.071519812260692,1.0563674170962873,0.1551050795730767,1.2919399336096253,,12,cube,floor_1e-2,10
460,12,interaction,True,10,27.72972284062297,27.72972284062297,26.51803116965733,8.239203564075119,0.956303505883205,0.2971253485449557,7.012503596392367,,12,cube,floor_1e-2,10
461,12,interaction,True,10,26.518031169657327,26.518031169657327,21.567981950162498,9.644855316164005,0.8133327022724517,0.36370932873779555,9.427490017769856,,12,cube,floor_1e-2,10
462,12,interaction,True,10,21.567981950162498,21.567981950162498,19.84935363376683,15.66324344181508,0.9203157569230663,0.7262266575523108,14.50443247403573,,12,cube,floor_1e-2,10
463,12,interaction,True,10,17.92767872929592,17.92767872929592,23.946134924479416,21.729774881667765,1.3357074993400364,1.2120796679694386,19.53072367779325,,12,cube,floor_1e-2,10
464,12,interaction,True,10,21.385801796692565,21.385801796692565,17.589635519479245,27.587220941748377,0.822491281210676,1.2899783325409335,26.84241747623797,,12,cube,floor_1e-2,10
465,12,interaction,True,10,15.711870958467436,15.711870958467436,21.813782248150137,23.177440130338155,1.3883631240233845,1.4751546898268901,21.55885465428496,,12,cube,floor_1e-2,10
466,12,interaction,True,10,18.072628357197033,18.072628357197033,22.56431762079715,6.331885271297333,1.2485354744658046,0.3503577424462334,5.321524823302836,,12,cube,floor_1e-2,10
467,12,interaction,True,10,21.662230719329486,21.662230719329486,22.881821528301842,4.934332702463841,1.0563003332747305,0.22778506823218686,2.038117463165277,,12,cube,floor_1e-2,10
468,12,static,True,10,21.50124681728499,21.50124681728499,21.43442577998401,4.635261571439491,0.9968922250012375,0.2155810595929337,3.010605144194843,,12,cube,floor_1e-2,10
469,12,transport_free,True,10,20.563299519372926,20.563299519372926,20.114199325164837,8.461158789351256,0.9781601102593003,0.41146892702603,7.290408355019776,,12,cube,floor_1e-2,10
470,12,transport_free,True,10,19.51840956434026,19.51840956434026,21.779767146078367,7.789455740206003,1.1158576765327008,0.3990825028304141,7.062524500946477,,12,cube,floor_1e-2,10
471,12,transport_free,True,10,19.833136290269344,19.833136290269344,20.47289447864631,7.498726134452571,1.032257035852209,0.37809078830016624,7.251933956050597,,12,cube,floor_1e-2,10
472,12,transport_free,True,10,20.013224434831283,20.013224434831283,19.997243299825733,5.849932444145099,0.9992014712542905,0.29230334488048804,5.333286732428297,,12,cube,floor_1e-2,10
473,12,transport_free,True,10,19.24589465148466,19.24589465148466,17.980396698600522,5.740527790792749,0.9342458235483214,0.29827284700168066,5.487127284549237,,12,cube,floor_1e-2,10
474,12,transport_free,True,10,16.80484890024413,16.80484890024413,19.838839692988934,3.3289269732717894,1.1805425809392862,0.1980932404113094,2.0250204273373003,,12,cube,floor_1e-2,10
475,12,transport_free,True,10,19.278833883415672,19.278833883415672,23.704462226172637,4.03928489138738,1.2295589229888042,0.2095191501630249,3.1058468604329543,,12,cube,floor_1e-2,10
476,12,transport_free,True,10,21.530417927690966,21.530417927690966,21.651024916979914,4.807128644992571,1.0056017021914763,0.22327149715054845,1.8341185654866383,,12,cube,floor_1e-2,10
477,12,interaction,True,10,20.927029616271685,20.927029616271685,20.16623510862371,3.8253028909447755,0.963645365749546,0.18279244408248146,1.7277627943914091,,12,cube,floor_1e-2,10
478,12,interaction,True,10,19.500869387077213,19.500869387077213,17.822722569054886,5.043230585408958,0.913945025490279,0.2586156793989397,4.293835375296518,,12,cube,floor_1e-2,10
479,12,interaction,True,10,17.199904294509007,17.199904294509007,17.106896642492103,8.604822239222539,0.994592548282574,0.5002831464573666,8.146414075717129,,12,cube,floor_1e-2,10
480,12,interaction,True,10,15.505705485424153,15.505705485424153,17.18952836401973,8.389033450979678,1.1085937611918673,0.5410288141268794,6.905400739501743,,12,cube,floor_1e-2,10
481,12,interaction,True,10,15.005455913128916,15.005455913128916,19.35545332222027,11.968752121086087,1.289894384700791,0.797626689277339,6.8006886651758505,,12,cube,floor_1e-2,10
482,12,interaction,True,10,16.03582070000355,16.03582070000355,19.70269741795823,8.829469656128591,1.2286678547081702,0.550609153177089,7.555417251895688,,12,cube,floor_1e-2,10
483,12,interaction,True,10,17.705249984418845,17.705249984418845,19.964482665943166,5.303122064100677,1.1276024164308616,0.2995225748728532,3.4579714291516757,,12,cube,floor_1e-2,10
484,12,interaction,True,10,19.235577491869968,19.235577491869968,23.3200943105192,5.17109184737341,1.2123417828435656,0.2688295607220008,3.602161348365959,,12,cube,floor_1e-2,10
485,12,interaction,True,10,22.14312260751255,22.14312260751255,21.969048539823063,6.3331199191057825,0.9921386847386002,0.28600843843754586,2.8528710226465317,,12,cube,floor_1e-2,10
486,12,transport_free,True,10,20.361583946738207,20.361583946738207,20.635464998618925,6.611211812819633,1.0134508716314574,0.32469044795892243,4.810240809643114,,12,cube,floor_1e-2,10
487,12,transport_free,True,10,19.13807371468588,19.13807371468588,17.362182159909032,5.886057722044821,0.9072063583173424,0.30755747991126553,5.535341539467206,,12,cube,floor_1e-2,10
488,12,transport_free,True,10,16.43561057256009,16.43561057256009,16.39143992511142,5.0164913761693795,0.9973125034051115,0.30522087110926155,4.480880153044956,,12,cube,floor_1e-2,10
489,12,transport_free,True,10,14.737270798953677,14.737270798953677,16.139964684295734,3.545660203396572,1.0951800305821648,0.2405913721588334,2.7047126614304746,,12,cube,floor_1e-2,10
490,12,transport_free,True,10,14.548169458948276,14.548169458948276,16.719740228577308,4.410549593729241,1.1492676295637554,0.3031686980396289,3.6949426242650976,,12,cube,floor_1e-2,10
491,12,transport_free,True,10,15.344771931442086,15.344771931442086,17.713127402376912,3.2420247003758003,1.1543428264373201,0.2112787804771966,2.042911235170553,,12,cube,floor_1e-2,10
492,12,transport_free,True,10,17.089925533435256,17.089925533435256,19.146783313347093,3.752699267488583,1.120354987848703,0.21958546631152293,2.8113420458153713,,12,cube,floor_1e-2,10
493,12,transport_free,True,10,18.35596926122021,18.35596926122021,21.78211872252325,3.3949862481165574,1.1866504248588663,0.18495270937770553,1.9010043928162024,,12,cube,floor_1e-2,10
494,13,transport_free,True,10,22.181749116027994,22.181749116027994,24.1008066469615,3.743660030052639,1.0865151580650978,0.16877208422430315,2.7316296063855674,,13,cube,floor_1e-2,10
495,13,transport_free,True,10,24.1008066469615,24.1008066469615,27.149344192273865,3.418620037169365,1.1264911000684994,0.14184670609771338,2.254721172819722,,13,cube,floor_1e-2,10
496,13,transport_free,True,10,27.149344192273865,27.149344192273865,27.96644193130563,2.789937650994762,1.030096407973799,0.10276261670396886,1.4410238881414212,,13,cube,floor_1e-2,10
497,13,interaction,True,10,27.79721108334772,27.79721108334772,31.04286378118745,7.558655817172961,1.1167618106761825,0.2719213734971086,6.443030235930772,,13,cube,floor_1e-2,10
498,13,interaction,True,10,30.48039605079284,30.48039605079284,29.177649102652115,12.06254263094068,0.9572595137553391,0.39574756872711025,10.715501136667257,,13,cube,floor_1e-2,10
499,13,interaction,True,10,27.118735379779146,27.118735379779146,27.44984714889617,9.84109665428448,1.0122097053745327,0.36288921723180384,9.648760118756545,,13,cube,floor_1e-2,10
500,13,interaction,True,10,19.04495398445583,19.04495398445583,17.316630740350245,16.117069415008643,0.9092503323706524,0.8462645500830889,16.138887547766746,,13,cube,floor_1e-2,10
501,13,interaction,True,10,12.481061022152083,12.481061022152083,20.337276987631014,20.954656064738074,1.6294509698763016,1.6789162417799723,11.562167644529868,,13,cube,floor_1e-2,10
502,13,interaction,True,10,15.144998190400752,15.144998190400752,22.004900399069022,8.94887915631001,1.4529483676674344,0.5908801733619232,7.74495987161277,,13,cube,floor_1e-2,10
503,13,interaction,True,10,20.2547443069409,20.2547443069409,25.904252983333336,6.362226988754589,1.2789227348802652,0.3141104569053671,4.615957577838546,,13,cube,floor_1e-2,10
504,13,interaction,True,10,23.871708013877637,23.871708013877637,28.776226975711594,9.322614621969812,1.205453206740915,0.3905298530189034,7.000957903839582,,13,cube,floor_1e-2,10
505,13,interaction,True,10,27.67308051156123,27.67308051156123,29.650148246407326,10.564652626254759,1.0714437170816642,0.38176641092924474,3.572533880478744,,13,cube,floor_1e-2,10
506,13,static,True,10,28.56610701908079,28.56610701908079,29.883570813959714,4.897973954489311,1.046119822837565,0.17146102376560093,3.42702781793499,,13,cube,floor_1e-2,10
507,13,transport_free,True,10,28.86770136163621,28.86770136163621,30.023748221362116,11.657702225050556,1.0400463772727757,0.40383202247419264,10.881381256536358,,13,cube,floor_1e-2,10
508,13,transport_free,True,10,29.499877235226116,29.499877235226116,30.96952814990076,8.203788880646654,1.0498188823958805,0.2780956956271812,7.183477474752359,,13,cube,floor_1e-2,10
509,13,transport_free,True,10,29.63695533514992,29.63695533514992,31.451424353950863,6.517524290344767,1.06122319240563,0.21991207317490116,2.6424324743572636,,13,cube,floor_1e-2,10
510,13,transport_free,True,10,29.595289309673092,29.595289309673092,32.067130734921356,6.706331661183546,1.083521448274552,0.22660132127823499,3.257222462784743,,13,cube,floor_1e-2,10
511,13,transport_free,True,10,30.351945061620885,30.351945061620885,31.777500639169837,6.425161097679311,1.046967519697824,0.21168861121206142,2.71410966949348,,13,cube,floor_1e-2,10
512,13,transport_free,True,10,30.114771150868908,30.114771150868908,30.620197897494002,5.694152617835617,1.0167833500740553,0.18908171638791693,3.9793049106645495,,13,cube,floor_1e-2,10
513,13,transport_free,True,10,28.883637048064806,28.883637048064806,30.235912646086106,6.060436734031402,1.0468180511952494,0.20982249305883205,4.984292540520188,,13,cube,floor_1e-2,10
514,13,interaction,True,10,29.255426719512663,29.255426719512663,30.390824376945965,4.104487231210712,1.0388098135883972,0.1402983203958231,2.790550078329025,,13,cube,floor_1e-2,10
515,13,interaction,True,10,29.290615212991952,29.290615212991952,26.528370287137392,7.849729977639669,0.9056952233413876,0.2679947116357561,7.396745966381331,,13,cube,floor_1e-2,10
516,13,interaction,True,10,25.104725605131698,25.104725605131698,19.286866136255508,13.524947376045006,0.768256400791453,0.5387410955521597,13.295819948233875,,13,cube,floor_1e-2,10
517,13,interaction,True,10,16.89176440796706,16.89176440796706,17.473459628636746,13.625594199654607,1.0344366169584587,0.8066412643801761,12.594951703111363,,13,cube,floor_1e-2,10
518,13,interaction,True,10,14.634921679190251,14.634921679190251,18.69863744209639,15.741744235355016,1.2776725323159355,1.0756288677471082,4.128381477982801,,13,cube,floor_1e-2,10
519,13,interaction,True,10,15.766533209004463,15.766533209004463,21.72165434731768,20.202225969519606,1.3777064405580408,1.281335960271968,18.584601544001167,,13,cube,floor_1e-2,10
520,13,interaction,True,10,19.878907711283667,19.878907711283667,25.818067067353265,10.87613879343296,1.2987668861050354,0.5471195375216439,10.45693928182045,,13,cube,floor_1e-2,10
521,13,interaction,True,10,24.33283086230241,24.33283086230241,29.244677597283832,8.336420988857121,1.20186088346141,0.3425997178886533,5.765110044473761,,13,cube,floor_1e-2,10
522,13,interaction,True,10,28.01788206585087,28.01788206585087,28.51239958465596,10.936598604561807,1.0176500678260696,0.39034351628925223,5.099985151828882,,13,cube,floor_1e-2,10
523,13,static,True,10,27.43030394418757,27.43030394418757,29.24560046864157,6.4535035487933925,1.0661785056464406,0.23526912286223053,5.391791725475332,,13,cube,floor_1e-2,10
524,13,transport_free,True,10,28.349841286448616,28.349841286448616,29.719078133636266,7.424526146658781,1.0482978664096492,0.2618895136533885,6.578247273327445,,13,cube,floor_1e-2,10
525,13,transport_free,True,10,29.202219834483742,29.202219834483742,29.55753341944949,8.946088212241357,1.0121673484748641,0.3063495947550287,8.064471089327244,,13,cube,floor_1e-2,10
526,13,transport_free,True,10,28.452680687431517,28.452680687431517,29.281481105403905,4.909046180850023,1.0291290802113593,0.172533696728917,3.3815361643627044,,13,cube,floor_1e-2,10
527,13,transport_free,True,10,28.256051245166056,28.256051245166056,30.947235571733103,6.7028263863763975,1.09524276068219,0.2372173779067269,3.413064365640955,,13,cube,floor_1e-2,10
528,13,transport_free,True,10,29.2872628375598,29.2872628375598,31.4916646672399,6.826327688051421,1.0752682776095086,0.2330817914228883,3.901707035322445,,13,cube,floor_1e-2,10
529,13,transport_free,True,10,29.770065704760167,29.770065704760167,30.332764930909146,5.374322554714341,1.0189015110591109,0.18052773574681763,3.526716096770779,,13,cube,floor_1e-2,10
530,13,transport_free,True,10,28.549576463956786,28.549576463956786,28.681466560940237,4.890866180107324,1.0046196866405341,0.1713113392866593,2.9523105295296617,,13,cube,floor_1e-2,10
531,13,interaction,True,10,27.42195520350594,27.42195520350594,28.309336755439354,3.8320122560044956,1.0323602582437288,0.13974248836620398,2.0249687028485144,,13,cube,floor_1e-2,10
532,14,transport_free,True,10,23.65081126297631,23.65081126297631,25.185961199545147,6.753921105194035,1.0649089758274808,0.2855682636039985,2.8360604969139693,,14,cube,floor_1e-2,10
533,14,transport_free,True,10,23.83591426381109,23.83591426381109,25.684519175437924,9.42878338532714,1.0775554439056478,0.3955704522583555,2.798556907830575,,14,cube,floor_1e-2,10
534,14,static,True,10,24.105820372144954,24.105820372144954,26.729002243078,12.210328069956827,1.108819439887813,0.5065302852777519,1.5614005392753734,,14,cube,floor_1e-2,10
535,14,interaction,True,10,24.12019168034934,24.12019168034934,25.711622937040087,14.291652207663336,1.0659792126771233,0.592518185471416,1.162415816479267,,14,cube,floor_1e-2,10
536,14,interaction,True,10,23.901815963137334,23.901815963137334,23.94420118005843,12.631723955512264,1.0017733052997506,0.5284838597616845,3.185504028754142,,14,cube,floor_1e-2,10
537,14,interaction,True,10,22.597777712454306,22.597777712454306,20.365679895067974,12.312268037519832,0.9012248971651687,0.5448441963713173,4.491446672651966,,14,cube,floor_1e-2,10
538,14,interaction,True,10,17.772721872839373,17.772721872839373,17.315531008054563,11.75855758638345,0.9742756980019196,0.6616070217332952,6.8357827116544705,,14,cube,floor_1e-2,10
539,14,interaction,True,10,13.211325105742771,13.211325105742771,19.40459064159796,15.197922641594038,1.4687845833998185,1.1503708008054183,13.710111612156632,,14,cube,floor_1e-2,10
540,14,interaction,True,10,12.666221198618821,12.666221198618821,28.80092230461874,33.63484433595782,2.273836991553512,2.655475836757494,31.20777558490822,,14,cube,floor_1e-2,10
541,14,interaction,True,10,18.935333913155898,18.935333913155898,33.825507526487705,24.487180070400385,1.7863697403818375,1.2932003302771002,23.183890412852232,,14,cube,floor_1e-2,10
542,14,interaction,True,10,24.43901505386225,24.43901505386225,20.70278640184993,8.89046631673591,0.8471203260942441,0.3637816948490686,6.164712038989111,,14,cube,floor_1e-2,10
543,14,interaction,True,10,20.766698596941787,20.766698596941787,18.3419282098504,6.327285965699886,0.8832375605697639,0.30468424897502366,6.183008204483604,,14,cube,floor_1e-2,10
544,14,transport_free,True,10,17.763728091615953,17.763728091615953,18.798854090562543,8.00156486903043,1.058271889414652,0.450444007460741,9.500891166464534,,14,cube,floor_1e-2,10
545,14,transport_free,True,10,17.03270466501197,17.03270466501197,17.020640123047762,10.952705276165215,0.9992916837224924,0.6430396987193647,12.97989407625186,,14,cube,floor_1e-2,10
546,14,transport_free,True,10,16.123201922411585,16.123201922411585,16.316016329647397,5.822912874473827,1.011958816131168,0.36115114742685556,6.419098243347042,,14,cube,floor_1e-2,10
547,14,transport_free,True,10,15.404757849766117,15.404757849766117,19.696394903450177,5.091341153958041,1.2785916595079239,0.330504458662123,3.6186886431872525,,14,cube,floor_1e-2,10
548,14,transport_free,True,10,18.53352273537585,18.53352273537585,16.692609104920088,3.924102250172827,0.9006711429478045,0.21172997201890276,3.671703364164104,,14,cube,floor_1e-2,10
549,14,transport_free,True,10,15.661599660818325,15.661599660818325,17.320459868157023,4.4730669181716625,1.1059189510180611,0.2856072824643982,3.298518668061401,,14,cube,floor_1e-2,10
550,14,transport_free,True,10,15.468202221608465,15.468202221608465,20.34589831323452,5.133328458512063,1.3153369746364,0.33186328863356895,3.1445906810573434,,14,cube,floor_1e-2,10
551,14,transport_free,True,10,17.213232620706023,17.213232620706023,23.037844726078394,4.479572271254046,1.3383799100214255,0.2602400356726435,2.3077029608201567,,14,cube,floor_1e-2,10
552,14,interaction,True,10,19.089155599851406,19.089155599851406,17.690785434650245,8.075832307074913,0.9267453105567411,0.4230586452518506,2.1374830935251348,,14,cube,floor_1e-2,10
553,14,interaction,True,10,17.272230264746035,17.272230264746035,17.76399324548364,7.407492452754877,1.0284713075960625,0.4288671664987089,2.2439185046904924,,14,cube,floor_1e-2,10
554,14,interaction,True,10,16.65221944559911,16.65221944559911,23.037533289575954,11.557081169809855,1.383451218910304,0.6940264754236223,9.792923303901704,,14,cube,floor_1e-2,10
555,14,interaction,True,10,22.128271266109703,22.128271266109703,38.765003644783434,15.591765269492448,1.7518315452031503,0.7046083755025109,14.231153105514286,,14,cube,floor_1e-2,10
556,14,interaction,True,10,24.205623208417045,24.205623208417045,30.12149691730564,14.71098315339405,1.244400801332455,0.6077506464811279,9.007480283525059,,14,cube,floor_1e-2,10
557,14,interaction,True,10,27.78683450321367,27.78683450321367,27.005581517553626,15.782765304483389,0.9718840594969648,0.56799436087828,11.900273869815049,,14,cube,floor_1e-2,10
558,14,interaction,True,10,22.608777608143185,22.608777608143185,30.650426186328403,11.893876268110304,1.3556870131399228,0.526073389470928,9.300698679039442,,14,cube,floor_1e-2,10
559,14,interaction,True,10,24.288039900863353,24.288039900863353,18.925842352861086,9.374898402498712,0.7792247719499316,0.38598826586106966,8.281245627878125,,14,cube,floor_1e-2,10
560,14,interaction,True,10,18.305380142914743,18.305380142914743,22.48458181102599,6.7784894470748265,1.228304555026072,0.37030039224279643,3.9590977077845046,,14,cube,floor_1e-2,10
561,14,interaction,True,10,19.695166180743776,19.695166180743776,20.985273214143486,5.643356833484445,1.065503739423182,0.2865351214452828,3.7012149130810115,,14,cube,floor_1e-2,10
562,14,transport_free,True,10,19.032335291454885,19.032335291454885,18.246228944466704,7.654354018508507,0.9586962747897193,0.4021762911010269,9.484646521793385,,14,cube,floor_1e-2,10
563,14,transport_free,True,10,18.246228944466704,18.246228944466704,17.100770855956444,10.3961486205149,0.9372222012561325,0.5697697125338113,11.606708745910828,,14,cube,floor_1e-2,10
564,14,transport_free,True,10,17.10077085595644,17.10077085595644,21.41549300626922,4.704090143017517,1.2523115587394646,0.27508059038046323,4.296778985213133,,14,cube,floor_1e-2,10
565,14,transport_free,True,10,18.66768209508629,18.66768209508629,21.601045351669875,3.333507436492183,1.157135912302455,0.17857104162758533,3.88609652715906,,14,cube,floor_1e-2,10
566,14,transport_free,True,10,18.765094890165727,18.765094890165727,21.635833842616687,4.084524699042767,1.1529829169132226,0.21766608284956526,4.767371019269757,,14,cube,floor_1e-2,10
567,14,transport_free,True,10,19.66061294757923,19.66061294757923,20.57434058219261,3.2359055377347916,1.0464750329529215,0.16458823264374478,3.184795654746883,,14,cube,floor_1e-2,10
568,14,transport_free,True,10,17.874803651159787,17.874803651159787,21.420257672354506,5.933477592502785,1.1983492568862246,0.33194644866030726,3.987664105807905,,14,cube,floor_1e-2,10
569,14,transport_free,True,10,20.618989456504124,20.618989456504124,20.883014363439692,6.566601416943971,1.0128049392281095,0.3184734843963257,4.872134925295045,,14,cube,floor_1e-2,10
570,15,transport_free,True,10,27.82453766921368,27.82453766921368,28.48479057804957,3.6327300030293115,1.0237291600919005,0.13055850365660263,3.716237073476967,,15,cube,floor_1e-2,10
571,15,transport_free,True,10,27.17617673221183,27.17617673221183,27.701076928870933,2.775093278025476,1.0193147182486837,0.10211492607553466,2.23370896300533,,15,cube,floor_1e-2,10
572,15,transport_free,True,10,23.840064845268387,23.840064845268387,28.41895555289218,5.223408194444945,1.1920670408131284,0.21910209675799816,2.5798612225446256,,15,cube,floor_1e-2,10
573,15,interaction,True,10,28.41895555289218,28.41895555289218,29.215433484106903,6.922869326438331,1.0280262914565017,0.24360041358852103,1.2353566514925272,,15,cube,floor_1e-2,10
574,15,interaction,True,10,29.215433484106903,29.215433484106903,26.27513664496624,8.438993126358362,0.8993580964410411,0.2888539419053681,6.25102865514118,,15,cube,floor_1e-2,10
575,15,interaction,True,10,26.27513664496624,26.27513664496624,21.605945821302953,24.268045287386926,0.8222962305865761,0.9236125244675434,24.56280266992138,,15,cube,floor_1e-2,10
576,15,interaction,True,10,19.611271389805392,19.611271389805392,21.386280410924176,23.13194415659359,1.0905096352927681,1.179522923160319,22.586131558217737,,15,cube,floor_1e-2,10
577,15,interaction,True,10,19.631358881721283,19.631358881721283,18.153197565446373,26.79651987826857,0.9247040754956998,1.3649854826513692,25.987388911260393,,15,cube,floor_1e-2,10
578,15,interaction,True,10,16.053540480077842,16.053540480077842,29.014477275572094,21.259416535673,1.807356907442227,1.3242821147182802,20.043019874956403,,15,cube,floor_1e-2,10
579,15,interaction,True,10,27.38324992730955,27.38324992730955,32.30948026721278,7.411802765514686,1.1798994039414676,0.27066921512931275,5.473415474276074,,15,cube,floor_1e-2,10
580,15,interaction,True,10,31.383070272795557,31.383070272795557,36.86917787847184,11.50398242326893,1.174811054431214,0.36656650618538006,3.535327685924847,,15,cube,floor_1e-2,10
581,15,interaction,True,10,33.557018398642356,33.557018398642356,35.46790643469358,11.173892716542356,1.0569445119751324,0.33298228656078777,2.10777208007446,,15,cube,floor_1e-2,10
582,15,static,True,10,33.208431726089586,33.208431726089586,34.235319544098985,12.933368454873436,1.0309225026487066,0.38946038047055914,5.664495005195798,,15,cube,floor_1e-2,10
583,15,transport_free,True,10,32.38750586635254,32.38750586635254,32.76064597337691,13.034710832020629,1.0115211127576214,0.40246108748875353,12.679692251468513,,15,cube,floor_1e-2,10
584,15,transport_free,True,10,31.671333904680075,31.671333904680075,32.27343620131362,9.428367629703445,1.019010954778402,0.2976940490754074,8.919861435877634,,15,cube,floor_1e-2,10
585,15,transport_free,True,10,30.20325510069829,30.20325510069829,29.744530171561642,4.457404010513036,0.9848120698379281,0.14758025238180314,3.1367307508907216,,15,cube,floor_1e-2,10
586,15,transport_free,True,10,28.63756921424966,28.63756921424966,31.24403706330967,5.003622657332617,1.091015680470641,0.17472232436693277,2.819457120132225,,15,cube,floor_1e-2,10
587,15,transport_free,True,10,30.414570947420465,30.414570947420465,32.03454658204441,4.616416420522921,1.05326314276879,0.15178305255410648,3.2083604628144125,,15,cube,floor_1e-2,10
588,15,transport_free,True,10,31.59939068914437,31.59939068914437,33.068354106181225,3.803983817421766,1.0464870804468234,0.12038155592438633,2.0646428896344187,,15,cube,floor_1e-2,10
589,15,transport_free,True,10,31.686412501838404,31.686412501838404,34.54161321122609,3.6783878792600815,1.0901080458137076,0.11608723073483519,1.614007161929644,,15,cube,floor_1e-2,10
590,15,interaction,True,10,33.382862389384236,33.382862389384236,36.60329631313853,5.914598694750438,1.0964696761527073,0.17717470197017268,4.2855086059152185,,15,cube,floor_1e-2,10
591,15,interaction,True,10,33.97572555338901,33.97572555338901,35.43861532826824,12.57641151304506,1.0430569105163174,0.37015873268939176,4.26322968888648,,15,cube,floor_1e-2,10
592,15,interaction,True,10,33.216540437508726,33.216540437508726,34.11730887484336,13.260347799015397,1.0271180690544603,0.3992091778480811,9.845165790426915,,15,cube,floor_1e-2,10
593,15,interaction,True,10,30.8278719800225,30.8278719800225,32.508425601905174,20.52747507717967,1.0545140975988134,0.6658738913435921,16.44079211612453,,15,cube,floor_1e-2,10
594,15,interaction,True,10,30.66046691202464,30.66046691202464,34.8457402446153,18.067151343459365,1.13650390075923,0.5892653688314727,10.451437373908384,,15,cube,floor_1e-2,10
595,15,interaction,True,10,33.018080809679205,33.018080809679205,32.59181435802328,22.973325631385805,0.9870899082804665,0.6957801625057265,22.614547290683607,,15,cube,floor_1e-2,10
596,15,interaction,True,10,29.82124803337309,29.82124803337309,32.71304810622934,12.335603596487218,1.0969711284256118,0.41365148711021044,9.39626796162334,,15,cube,floor_1e-2,10
597,15,interaction,True,10,31.4727122277741,31.4727122277741,33.576602483634076,9.877343595666149,1.066848075902506,0.31383833475113,7.012525448403652,,15,cube,floor_1e-2,10
598,15,interaction,True,10,30.94637117302311,30.94637117302311,35.02468371509276,4.295339489022926,1.1317864546788878,0.13879945616264386,2.466204847911139,,15,cube,floor_1e-2,10
599,15,static,True,10,33.297521040693525,33.297521040693525,35.75796275068717,4.453678261925654,1.073892639244426,0.13375404903214055,2.9516988822607244,,15,cube,floor_1e-2,10
600,15,transport_free,True,10,33.342221344679686,33.342221344679686,34.13576568371609,12.240835631500126,1.023799984135221,0.3671271780292874,10.06047151071288,,15,cube,floor_1e-2,10
601,15,transport_free,True,10,29.668734880406564,29.668734880406564,30.605380345361667,9.852636565136613,1.0315701181304386,0.33208819334063894,9.378491724607008,,15,cube,floor_1e-2,10
602,15,transport_free,True,10,28.458981494064084,28.458981494064084,28.36429813044962,7.235100290216403,0.9966729883276317,0.2542290661992062,7.128753747080745,,15,cube,floor_1e-2,10
603,15,transport_free,True,10,27.950296604204063,27.950296604204063,30.435944895795053,3.210707777907558,1.088931016611005,0.11487204673973402,2.2359654663120785,,15,cube,floor_1e-2,10
604,15,transport_free,True,10,28.39588932379492,28.39588932379492,30.82259317827054,3.2385615357075794,1.0854596884360341,0.11405036478268565,2.7720359119273783,,15,cube,floor_1e-2,10
605,15,transport_free,True,10,28.62569988514325,28.62569988514325,31.00076267767682,2.9590556184703876,1.0829695973220983,0.10337059461753594,1.9671689426890653,,15,cube,floor_1e-2,10
606,15,transport_free,True,10,28.45024385629047,28.45024385629047,31.543686845318074,4.104208243005121,1.1087316862608765,0.14425915868196199,2.6088965796459593,,15,cube,floor_1e-2,10
607,15,transport_free,True,10,29.324829452855134,29.324829452855134,32.86997190283826,4.400257239740104,1.1208921762250168,0.15005227044250327,2.8238988451353713,,15,cube,floor_1e-2,10
608,16,transport_free,True,10,31.06260554354396,31.06260554354396,30.673116453797,4.829523454833453,0.9874611584272617,0.15547708797523005,3.433369258574773,,16,cube,floor_1e-2,10
609,16,transport_free,True,10,30.41986672073036,30.41986672073036,31.629875625024212,5.408390703141898,1.0397769298400397,0.17779140036324415,2.381072161433645,,16,cube,floor_1e-2,10
610,16,transport_free,True,10,31.006624540331046,31.006624540331046,34.07459795412713,9.765910063772916,1.09894574012097,0.3149620511278216,4.816349285076323,,16,cube,floor_1e-2,10
611,16,interaction,True,10,32.44857757665105,32.44857757665105,35.68881539807987,12.176069437037436,1.0998576228426231,0.3752420089378261,2.3808261387445127,,16,cube,floor_1e-2,10
612,16,interaction,True,10,33.448935451114416,33.448935451114416,35.07088148966372,12.98938169800916,1.0484902140135304,0.3883346815922775,9.906381636615913,,16,cube,floor_1e-2,10
613,16,interaction,True,10,32.86310887597541,32.86310887597541,24.59325542397532,15.275753512173047,0.7483545003849051,0.4648298360883438,11.868202068728236,,16,cube,floor_1e-2,10
614,16,interaction,True,10,22.62545793526015,22.62545793526015,18.016162321640206,12.855712616027418,0.7962783503958747,0.5681967919859299,12.033297195009668,,16,cube,floor_1e-2,10
615,16,interaction,True,10,15.226148183987302,15.226148183987302,14.997617633540344,11.76015405396047,0.9849909151227562,0.7723656641098586,10.41257254880224,,16,cube,floor_1e-2,10
616,16,interaction,True,10,12.214920067675617,12.214920067675617,22.535866226070482,16.477420612751153,1.8449458613902205,1.348958529524512,15.649654018499948,,16,cube,floor_1e-2,10
617,16,interaction,True,10,16.421966075609525,16.421966075609525,23.82888162985517,8.352571341913318,1.45103707559393,0.5086218850688559,3.917148983085629,,16,cube,floor_1e-2,10
618,16,interaction,True,10,19.813804727240548,19.813804727240548,25.66451583383203,8.480903441143912,1.2952845850220664,0.42803003047083327,4.253640771599202,,16,cube,floor_1e-2,10
619,16,interaction,True,10,22.05001690318874,22.05001690318874,24.239115938809828,7.3060084842965445,1.0992787917230356,0.33133799925749685,2.9467285393627902,,16,cube,floor_1e-2,10
620,16,static,True,10,22.666141272546916,22.666141272546916,22.681346425164268,6.310458240370828,1.0006708311059442,0.2784090227132756,5.486315271421053,,16,cube,floor_1e-2,10
621,16,transport_free,True,10,21.808438727473796,21.808438727473796,20.62901582594052,8.050806199958213,0.9459189666774511,0.36916013569627903,7.555174631620893,,16,cube,floor_1e-2,10
622,16,transport_free,True,10,18.842449428066995,18.842449428066995,18.244290929462082,7.949415885774354,0.9682547377458305,0.4218886677192407,7.4347063943267315,,16,cube,floor_1e-2,10
623,16,static,True,10,15.876718804522138,15.876718804522138,16.8366485971765,2.621638837710016,1.0604614722017338,0.16512472570612632,1.8672400492612584,,16,cube,floor_1e-2,10
624,16,transport_free,True,10,15.915647988666695,15.915647988666695,16.40442316425547,4.651159863668731,1.0307103534795958,0.2922381713255254,4.19710616830001,,16,cube,floor_1e-2,10
625,16,transport_free,True,10,16.10233731200986,16.10233731200986,20.325672896912256,3.94623222650525,1.2622809038879368,0.2450720134624164,3.071776995070077,,16,cube,floor_1e-2,10
626,16,transport_free,True,10,19.325756688074037,19.325756688074037,21.98180544856349,5.932081643014105,1.1374356928610463,0.306952102251955,2.15252218474514,,16,cube,floor_1e-2,10
627,16,transport_free,True,10,20.64209112866837,20.64209112866837,22.690043028655445,7.076693986557698,1.0992124241299768,0.34282834730486045,4.432763285356947,,16,cube,floor_1e-2,10
628,16,interaction,True,10,20.25639173032257,20.25639173032257,23.739224815763052,5.905105115623135,1.1719374867848205,0.2915181140964783,2.50640685115894,,16,cube,floor_1e-2,10
629,16,interaction,True,10,22.809857711201865,22.809857711201865,24.82060494714046,6.41877502111309,1.088152554978505,0.28140355377845455,2.9306948819603056,,16,cube,floor_1e-2,10
630,16,interaction,True,10,21.806419105583075,21.806419105583075,22.31210688001683,12.332641370682232,1.0231898585451054,0.5655509651066332,11.817136306240435,,16,cube,floor_1e-2,10
631,16,interaction,True,10,18.244760082808362,18.244760082808362,18.53821389664955,12.878410869403787,1.0160842791305162,0.70586901723848,12.375628459103064,,16,cube,floor_1e-2,10
632,16,interaction,True,10,14.797795081103057,14.797795081103057,16.664530998223476,7.63502965947504,1.1261495991050896,0.5159572502274379,3.8306836851361803,,16,cube,floor_1e-2,10
633,16,interaction,True,10,14.056228258097807,14.056228258097807,23.55669620096256,14.018718038980161,1.6758902721568656,0.9973314164775293,11.823530313871869,,16,cube,floor_1e-2,10
634,16,interaction,True,10,17.13921846619322,17.13921846619322,22.932471598394287,11.667976076293229,1.3380115110632465,0.6807764367615763,7.797638993064225,,16,cube,floor_1e-2,10
635,16,interaction,True,10,21.12105414324453,21.12105414324453,25.056139288629872,9.178497848015532,1.1863110202122162,0.43456627617950744,4.251623900940921,,16,cube,floor_1e-2,10
636,16,interaction,True,10,21.519183451415536,21.519183451415536,24.106966285617695,6.266313152299928,1.1202546946097964,0.2911966044830446,3.5482343193697146,,16,cube,floor_1e-2,10
637,16,interaction,True,10,22.651850563774474,22.651850563774474,24.57777083149545,6.27583944726012,1.0850226458230732,0.2770563680698403,2.7190923360737864,,16,cube,floor_1e-2,10
638,16,transport_free,True,10,23.157604735709263,23.157604735709263,22.853981425858592,8.552834177047181,0.9868888292500095,0.3693315554289008,8.55213630583168,,16,cube,floor_1e-2,10
639,16,transport_free,True,10,21.455067234223016,21.455067234223016,24.65134510374081,8.853072614849811,1.1489754301221393,0.41263317976129477,8.082973477795647,,16,cube,floor_1e-2,10
640,16,transport_free,True,10,21.894054664173183,21.894054664173183,23.905851317508443,8.292864335173881,1.0918878062649267,0.37877243216826767,3.6069822825993567,,16,cube,floor_1e-2,10
641,16,transport_free,True,10,21.656212330852405,21.656212330852405,24.388730835564047,8.629200808078952,1.1261771201245,0.39846306806778986,2.8911603479922943,,16,cube,floor_1e-2,10
642,16,transport_free,True,10,21.975355784601497,21.975355784601497,24.481633491274533,10.907642256476358,1.1140494712003355,0.4963579367447387,4.552715140359957,,16,cube,floor_1e-2,10
643,16,transport_free,True,10,20.98418796292416,20.98418796292416,23.838206035468424,3.5068652705042833,1.1360080303124847,0.1671194175681411,2.1724452434440003,,16,cube,floor_1e-2,10
644,16,transport_free,True,10,22.102093891902165,22.102093891902165,24.861799508327607,4.793041571007187,1.124861727125164,0.21685916250510892,1.6992104833787927,,16,cube,floor_1e-2,10
645,16,interaction,True,10,22.901803826368152,22.901803826368152,23.36018032898202,5.459600040302543,1.0200148645970897,0.23839170406379057,2.2262667437858403,,16,cube,floor_1e-2,10
646,17,transport_free,True,10,32.55378891221875,32.55378891221875,32.59060033891491,5.140055077557362,1.0011307877800468,0.15789421905442447,2.2751979959819795,,17,cube,floor_1e-2,10
647,17,transport_free,True,10,30.831604041920265,30.831604041920265,30.937223599316056,5.600015268198177,1.003425691289113,0.18163230367723013,2.471409674015089,,17,cube,floor_1e-2,10
648,17,transport_free,True,10,28.939179845157703,28.939179845157703,30.261098945461576,5.743077291952147,1.0456792178415888,0.19845335364309288,3.2175755437704954,,17,cube,floor_1e-2,10
649,17,interaction,True,10,29.939206240871446,29.939206240871446,30.46591826894042,3.964784716509236,1.0175927185187006,0.1324278501110266,2.7421829602233347,,17,cube,floor_1e-2,10
650,17,interaction,True,10,30.46591826894042,30.46591826894042,28.826902479843806,10.005211792672553,0.9462016613243669,0.32840670365983116,9.800019103743967,,17,cube,floor_1e-2,10
651,17,interaction,True,10,28.35396635962055,28.35396635962055,32.79875986290753,23.415984017260122,1.1567609076949776,0.8258450941314261,22.6682966178185,,17,cube,floor_1e-2,10
652,17,interaction,True,10,27.269498999605624,27.269498999605624,35.5084935036397,29.538983874090942,1.3021322285441779,1.083224296658994,30.848506234914414,,17,cube,floor_1e-2,10
653,17,interaction,True,10,18.116396298665137,18.116396298665137,31.552688790706643,26.78059377692788,1.7416647478081237,1.478251708310286,26.123402240890687,,17,cube,floor_1e-2,10
654,17,interaction,True,10,12.733002552256895,12.733002552256895,21.192933718304424,17.730373066874577,1.66440975970338,1.3924738484978871,17.04536557277702,,17,cube,floor_1e-2,10
655,17,interaction,True,10,14.716551522547373,14.716551522547373,17.031741645789538,9.913568951601395,1.1573187930402744,0.6736339648872712,7.490192793575738,,17,cube,floor_1e-2,10
656,17,interaction,True,10,15.644338805227713,15.644338805227713,19.65179272467688,14.675590677482921,1.2561600058233229,0.9380767611974067,3.0889622003583415,,17,cube,floor_1e-2,10
657,17,interaction,True,10,17.85866305433646,17.85866305433646,18.758231285846417,13.203480512858437,1.0503715327834422,0.7393319686185778,3.170988162265191,,17,cube,floor_1e-2,10
658,17,static,True,10,16.629504187067795,16.629504187067795,18.278122478586113,14.27090756187827,1.0991381506611841,0.8581679526546723,3.5805400170294956,,17,cube,floor_1e-2,10
659,17,transport_free,True,10,16.25586933531291,16.25586933531291,18.14580036551832,13.88351527712151,1.1162614555531571,0.8540616924720297,4.883507595081091,,17,cube,floor_1e-2,10
660,17,transport_free,True,10,16.388970102524176,16.388970102524176,18.713163183956866,13.415390978357213,1.1418144683218823,0.8185621728781491,3.4563821540158153,,17,cube,floor_1e-2,10
661,17,transport_free,True,10,16.345688363522573,16.345688363522573,18.24072118432883,13.125155544726336,1.1159347210506751,0.8029735580923435,2.081373762449024,,17,cube,floor_1e-2,10
662,17,transport_free,True,10,16.333561463132796,16.333561463132796,17.989620255258544,13.250645766112921,1.1013899384934334,0.8112526956243769,2.6290290989178535,,17,cube,floor_1e-2,10
663,17,transport_free,True,10,16.17205085278536,16.17205085278536,18.30433859531948,12.969304788295165,1.1318501754628645,0.8019579524177308,1.7883703952251093,,17,cube,floor_1e-2,10
664,17,transport_free,True,10,16.030287893986237,16.030287893986237,18.164067058270504,15.840284280114243,1.1331092228907975,0.9881472113833168,2.2584223100729437,,17,cube,floor_1e-2,10
665,17,transport_free,True,10,16.054081298296204,16.054081298296204,18.470515230862276,12.979699535181256,1.150518356526731,0.8084984306488328,2.358542224227497,,17,cube,floor_1e-2,10
666,17,interaction,True,10,16.39572450604898,16.39572450604898,15.447400368744784,14.109213776286904,0.9421602786168843,0.8605422572867397,3.4439153389570674,,17,cube,floor_1e-2,10
667,17,interaction,True,10,14.418575521576122,14.418575521576122,16.988267444605874,14.597303534532262,1.1782209289110728,1.0123956775541862,4.982365609188147,,17,cube,floor_1e-2,10
668,17,interaction,True,10,14.543382607520975,14.543382607520975,18.013276116206185,16.57157759279559,1.238589164730548,1.139458270473181,4.8503911930328965,,17,cube,floor_1e-2,10
669,17,interaction,True,10,14.77713669389589,14.77713669389589,20.141308503909464,13.094649213242874,1.3630048175861698,0.8861425243939163,12.856443300823301,,17,cube,floor_1e-2,10
670,17,interaction,True,10,16.543959146370764,16.543959146370764,20.390663706325842,12.84374676681546,1.2325141476669403,0.7763405756253323,5.553484675975806,,17,cube,floor_1e-2,10
671,17,interaction,True,10,14.140406892160527,14.140406892160527,18.76091073475755,11.747181589165521,1.3267589028968212,0.8307527271848297,10.462891836046689,,17,cube,floor_1e-2,10
672,17,interaction,True,10,14.885414711010721,14.885414711010721,16.67425319259355,5.0006442682643675,1.120173909582756,0.33594255621009994,3.928059932145905,,17,cube,floor_1e-2,10
673,17,interaction,True,10,14.405278978255675,14.405278978255675,18.914639522058565,15.825094185871862,1.3130352803725378,1.098562145846627,2.291352205355394,,17,cube,floor_1e-2,10
674,17,interaction,True,10,15.972431075231903,15.972431075231903,19.06755467594457,16.11117022761845,1.193779117664324,1.0086861637864062,4.200858226292999,,17,cube,floor_1e-2,10
675,17,interaction,True,10,16.49620911447963,16.49620911447963,17.83103979605415,14.027206268403578,1.0809174200151759,0.8503290768841629,3.100284766466439,,17,cube,floor_1e-2,10
676,17,transport_free,True,10,15.812400483393748,15.812400483393748,17.43342328695188,13.69178823539043,1.102515921302432,0.8658892904824669,4.410448285283807,,17,cube,floor_1e-2,10
677,17,transport_free,True,10,15.996764415337585,15.996764415337585,17.268722080001048,16.356072487040237,1.0795134335693484,1.0224612966956086,3.8546754796321587,,17,cube,floor_1e-2,10
678,17,transport_free,True,10,15.286501859470409,15.286501859470409,18.438580384872786,14.239848701725208,1.2062001204971284,0.9315308912812665,4.171676804413839,,17,cube,floor_1e-2,10
679,17,static,True,10,16.699078281554726,16.699078281554726,18.36274676095723,13.862486475206044,1.0996263656803225,0.8301348278915555,1.4503034810013247,,17,cube,floor_1e-2,10
680,17,transport_free,True,10,16.56758253244547,16.56758253244547,17.413177592903224,13.83936460524098,1.051039133730088,0.8353279410643268,3.0361208933446755,,17,cube,floor_1e-2,10
681,17,transport_free,True,10,15.333175508916217,15.333175508916217,17.63758803714736,13.87382727870014,1.1502893204927531,0.9048241357853455,2.685569038705113,,17,cube,floor_1e-2,10
682,17,transport_free,True,10,15.249902891608922,15.249902891608922,17.687894503183273,15.659472610985366,1.1598693204083173,1.0268572017990885,1.7764023252067576,,17,cube,floor_1e-2,10
683,17,transport_free,True,10,15.655900021242324,15.655900021242324,16.195097054909727,13.794489598058519,1.0344405005739565,0.8811048601065288,2.0248164203355405,,17,cube,floor_1e-2,10
684,18,transport_free,True,10,25.560442637143378,25.560442637143378,26.67066234030743,3.660160646378934,1.0434350734423796,0.14319629352036883,2.3487167142625855,,18,cube,floor_1e-2,10
685,18,transport_free,True,10,24.998714482349857,24.998714482349857,25.65579091208363,3.001665739520561,1.0262844087522058,0.12007280380916638,1.8185047781623578,,18,cube,floor_1e-2,10
686,18,transport_free,True,10,24.87560113687206,24.87560113687206,24.067018407964262,5.488851213984962,0.9674949471790143,0.2206520028916635,4.530153971184096,,18,cube,floor_1e-2,10
687,18,interaction,True,10,21.966693726494764,21.966693726494764,27.00273046566053,8.160357824155032,1.2292578392483178,0.371487758957214,5.588077875508726,,18,cube,floor_1e-2,10
688,18,interaction,True,10,23.902980953677528,23.902980953677528,22.223701181260143,7.706869060665031,0.9297460105217955,0.32242292606099876,6.113898560378766,,18,cube,floor_1e-2,10
689,18,interaction,True,10,22.223701181260147,22.223701181260147,17.86542655993009,8.072314761754106,0.8038906937335389,0.363229990176478,6.317443135423191,,18,cube,floor_1e-2,10
690,18,interaction,True,10,17.213758265574675,17.213758265574675,19.515650089305844,9.832768666151592,1.1337239543054731,0.5712156819243754,8.909730219288328,,18,cube,floor_1e-2,10
691,18,interaction,True,10,18.122191292908855,18.122191292908855,32.13764756145807,28.1662434907237,1.7733863991400094,1.554240490869614,27.61183070165875,,18,cube,floor_1e-2,10
692,18,interaction,True,10,30.52137540034217,30.52137540034217,35.74183732281024,24.915185646184504,1.1710428135689306,0.8163192293721201,23.540696987615792,,18,cube,floor_1e-2,10
693,18,interaction,True,10,31.37468786951151,31.37468786951151,34.951145235155835,9.688702721726834,1.1139918070426371,0.3088063461227888,4.725008807938134,,18,cube,floor_1e-2,10
694,18,interaction,True,10,32.08813952126907,32.08813952126907,37.63851295523163,8.406978237534815,1.1729727406066528,0.2619964374052411,6.737307346647678,,18,cube,floor_1e-2,10
695,18,interaction,True,10,33.02981339542971,33.02981339542971,34.12652242422493,6.341696503316075,1.0332036095894799,0.19199916231417663,2.1330627009306675,,18,cube,floor_1e-2,10
696,18,static,True,10,33.32968130085537,33.32968130085537,34.05083741988231,9.36212079221949,1.0216370541475426,0.2808943988306069,6.8605204793280254,,18,cube,floor_1e-2,10
697,18,transport_free,True,10,33.454906840740364,33.454906840740364,35.18288537614278,14.357271618638132,1.0516509743586593,0.42915293971628354,11.65049554391112,,18,cube,floor_1e-2,10
698,18,transport_free,True,10,34.61225375787532,34.61225375787532,36.30124037105638,13.043870508471898,1.0487973601775864,0.37685701138441546,6.621156660600379,,18,cube,floor_1e-2,10
699,18,transport_free,True,10,34.43264009015331,34.43264009015331,36.162521429036374,14.03385708669516,1.0502395789098309,0.40757423915073004,2.757050220433585,,18,cube,floor_1e-2,10
700,18,transport_free,True,10,33.795752507431374,33.795752507431374,36.78453082849137,9.686537798557573,1.0884365075286544,0.28661997676860707,3.8491462684950535,,18,cube,floor_1e-2,10
701,18,transport_free,True,10,35.02585245014218,35.02585245014218,35.9061393281888,8.689327154353277,1.0251324897602327,0.24808324556046613,2.1793596818631,,18,cube,floor_1e-2,10
702,18,transport_free,True,10,34.34679794058148,34.34679794058148,34.85368316606697,12.132956489959216,1.0147578597097284,0.3532485476797203,2.149539984832443,,18,cube,floor_1e-2,10
703,18,transport_free,True,10,33.35009096739326,33.35009096739326,34.48866811895182,8.887170426533068,1.0341401513018889,0.26648114499064335,3.036064379516048,,18,cube,floor_1e-2,10
704,18,interaction,True,10,33.36256051399181,33.36256051399181,34.235177109571595,8.542425454313687,1.0261555642653333,0.256048256569849,3.719617201175699,,18,cube,floor_1e-2,10
705,18,interaction,True,10,33.4382869673547,33.4382869673547,33.72228958013508,9.07365035932989,1.0084933361884731,0.27135511960251907,7.416293119446453,,18,cube,floor_1e-2,10
706,18,interaction,True,10,33.036010630133575,33.036010630133575,32.87321268330847,10.568202668572003,0.9950721063554627,0.31989948141414776,8.836413771836124,,18,cube,floor_1e-2,10
707,18,interaction,True,10,30.11055793405294,30.11055793405294,31.347601304855875,17.90504146575074,1.0410833759212388,0.5946432977085884,16.91214202002865,,18,cube,floor_1e-2,10
708,18,interaction,True,10,25.907926516010995,25.907926516010995,32.16375445869322,12.776537793871324,1.2414638600590497,0.49315169185675567,8.040847482015463,,18,cube,floor_1e-2,10
709,18,interaction,True,10,29.92850667112868,29.92850667112868,33.69890169945177,21.563357617932898,1.125980058736452,0.7204956082467876,17.14179078329219,,18,cube,floor_1e-2,10
710,18,interaction,True,10,27.918134011134896,27.918134011134896,34.259740031466606,13.043755678169681,1.227150067329085,0.4672144518314618,8.890447358027972,,18,cube,floor_1e-2,10
711,18,interaction,True,10,31.46936033570711,31.46936033570711,35.12785520819492,10.45797204144018,1.1162557749334567,0.33232235831542817,5.022406571018023,,18,cube,floor_1e-2,10
712,18,interaction,True,10,32.836331541389015,32.836331541389015,34.54969672513833,8.842139011959699,1.052178946408483,0.26927913676393783,6.291615880490683,,18,cube,floor_1e-2,10
713,18,interaction,True,10,33.34976877120069,33.34976877120069,34.09048840385894,8.043215445465036,1.022210637733054,0.2411775476059907,3.8974677964232702,,18,cube,floor_1e-2,10
714,18,transport_free,True,10,33.474742644978775,33.474742644978775,34.66781826348346,14.496486395651655,1.0356410691833549,0.4330574412295335,11.868579140501275,,18,cube,floor_1e-2,10
715,18,transport_free,True,10,33.67814269102951,33.67814269102951,36.87459935319285,11.568222575467132,1.0949119044802536,0.34349348423386894,8.456007318267648,,18,cube,floor_1e-2,10
716,18,transport_free,True,10,35.11881576233385,35.11881576233385,35.09679828649476,9.344474003144672,0.9993730575658332,0.26608169439377694,4.704900164839052,,18,cube,floor_1e-2,10
717,18,transport_free,True,10,33.52793012841694,33.52793012841694,35.85300160047143,9.193703312723626,1.069347301284306,0.2742102860961109,2.7437770835439577,,18,cube,floor_1e-2,10
718,18,transport_free,True,10,34.258731877010966,34.258731877010966,36.55195637174646,6.346828404680075,1.066938394070399,0.18526162694711595,4.51574707820075,,18,cube,floor_1e-2,10
719,18,transport_free,True,10,35.281493756832035,35.281493756832035,35.30420441908355,5.34867048030268,1.0006436990000491,0.15159988738478353,2.060376875854429,,18,cube,floor_1e-2,10
720,18,transport_free,True,10,34.47998246613403,34.47998246613403,34.143786092181045,7.8780938482431795,0.9902495201590316,0.22848311642794428,3.0901678559161327,,18,cube,floor_1e-2,10
721,18,transport_free,True,10,33.36364660384673,33.36364660384673,33.74682834536492,7.075430031816168,1.011485007801096,0.21207004485536038,1.4045792458511601,,18,cube,floor_1e-2,10
722,19,transport_free,True,10,23.419335922860043,23.419335922860043,27.359104802256546,3.717232159815289,1.1682271816918097,0.15872491739557956,2.9667086604504918,,19,cube,floor_1e-2,10
723,19,transport_free,True,10,26.55208401798115,26.55208401798115,30.620502481460736,3.8545507202436244,1.15322407313582,0.14516942314709877,3.20389233472421,,19,cube,floor_1e-2,10
724,19,transport_free,True,10,29.949927219570593,29.949927219570593,30.76476902403617,3.899308509089101,1.027206804159882,0.13019425658373962,2.4568128820329997,,19,cube,floor_1e-2,10
725,19,interaction,True,10,29.57653016917615,29.57653016917615,30.046154333281997,5.687050591402672,1.015878271096022,0.1922825483203422,2.802340971471605,,19,cube,floor_1e-2,10
726,19,interaction,True,10,29.206109418155982,29.206109418155982,25.93004581219742,6.5117164883651855,0.8878295099476003,0.22295734071026851,4.477899434625464,,19,cube,floor_1e-2,10
727,19,interaction,True,10,24.889206783167197,24.889206783167197,21.533380995157735,14.469181272089902,0.8651694360031177,0.5813436080203064,14.720397838588198,,19,cube,floor_1e-2,10
728,19,interaction,True,10,18.083313522428256,18.083313522428256,19.339497443565214,20.31517469228212,1.0694664680551464,1.1234210293973914,20.23456545314523,,19,cube,floor_1e-2,10
729,19,interaction,True,10,16.822665987785374,16.822665987785374,19.51675441753155,5.202914314774684,1.1601463425418008,0.3092800105852678,4.031798990491231,,19,cube,floor_1e-2,10
730,19,interaction,True,10,19.12720981426132,19.12720981426132,22.590926118988463,7.8435860914214075,1.1810884252518934,0.41007476613620875,7.211334367754483,,19,cube,floor_1e-2,10
731,19,interaction,True,10,22.205686197620125,22.205686197620125,27.37922898878699,5.191118742960788,1.2329827930163824,0.23377429982403075,4.3541160008192215,,19,cube,floor_1e-2,10
732,19,interaction,True,10,27.281123507456286,27.281123507456286,30.825548426624195,5.054687251039921,1.1299222489205465,0.18528149141872435,3.7706045026681894,,19,cube,floor_1e-2,10
733,19,interaction,True,10,30.104400749987114,30.104400749987114,30.92358642027588,5.01037064146284,1.0272114923360205,0.16643316314691914,1.4074894966813027,,19,cube,floor_1e-2,10
734,19,static,True,10,30.256821676030427,30.256821676030427,31.6923397006302,5.999360648666299,1.047444442115247,0.19828125746000003,3.6006254826129656,,19,cube,floor_1e-2,10
735,19,transport_free,True,10,31.106518264944697,31.106518264944697,32.004266122042885,9.217363785110692,1.0288604417071614,0.2963161517018169,8.09301049317786,,19,cube,floor_1e-2,10
736,19,transport_free,True,10,30.863518647859635,30.863518647859635,28.358906062463724,8.883879592504488,0.9188487672461285,0.28784403015955473,7.729467842737132,,19,cube,floor_1e-2,10
737,19,transport_free,True,10,27.449168666248553,27.449168666248553,27.6618800451969,4.611427811726481,1.0077492831034223,0.16799881511153683,2.088705135157358,,19,cube,floor_1e-2,10
738,19,transport_free,True,10,26.765503424573247,26.765503424573247,29.26268140471955,5.306573642802979,1.093298375170992,0.19826167879700876,3.137555454977069,,19,cube,floor_1e-2,10
739,19,transport_free,True,10,28.365754428566085,28.365754428566085,30.611415540011425,4.736327028076502,1.0791680375397954,0.16697342000911936,2.389077504137863,,19,cube,floor_1e-2,10
740,19,transport_free,True,10,29.811248937265212,29.811248937265212,32.30974042296236,5.831527670187237,1.0838103593363357,0.1956150070216482,3.0445983714207645,,19,cube,floor_1e-2,10
741,19,transport_free,True,10,31.660497204832403,31.660497204832403,31.62584233186223,5.843197206327618,0.9989054223392019,0.1845579735695294,3.0374410615788086,,19,cube,floor_1e-2,10
742,19,interaction,True,10,30.673854489397115,30.673854489397115,30.359697370237722,5.066480499272105,0.9897581466565284,0.16517260656052896,1.2833726748569438,,19,cube,floor_1e-2,10
743,19,interaction,True,10,29.657341716224874,29.657341716224874,25.765489827065462,6.603972478533663,0.8687727333623342,0.22267580627163142,4.619030765111807,,19,cube,floor_1e-2,10
744,19,interaction,True,10,25.04708173324316,25.04708173324316,20.47771932171974,12.029290740273616,0.8175690701141107,0.480267157203708,11.538657797248122,,19,cube,floor_1e-2,10
745,19,interaction,True,10,19.819764598501592,19.819764598501592,18.576764801206522,9.740688021871573,0.9372848354924941,0.491463355856809,9.365788575021359,,19,cube,floor_1e-2,10
746,19,interaction,True,10,17.883224948495503,17.883224948495503,19.78639942345511,3.3198899175423673,1.1064223304488332,0.185642686210334,1.9842473778574852,,19,cube,floor_1e-2,10
747,19,interaction,True,10,19.19129228430804,19.19129228430804,22.224506308347024,10.978632360752034,1.1580515777209606,0.5720632148221111,10.669698416059632,,19,cube,floor_1e-2,10
748,19,interaction,True,10,21.532155880497577,21.532155880497577,25.85983846403638,5.117723148401312,1.200986961433738,0.2376781580443885,4.228597709536292,,19,cube,floor_1e-2,10
749,19,interaction,True,10,25.492640980271062,25.492640980271062,28.67471747190781,5.07956718803556,1.1248233360403648,0.19925621641032304,4.406628344367126,,19,cube,floor_1e-2,10
750,19,interaction,True,10,28.17844289856042,28.17844289856042,31.600242700015432,6.343654494097225,1.1214332464633745,0.22512438025528053,4.514642242769682,,19,cube,floor_1e-2,10
751,19,transport_free,True,10,30.720230500474308,30.720230500474308,32.68572448632656,7.1379753136368596,1.063980443956041,0.23235422382415563,5.502337472389133,,19,cube,floor_1e-2,10
752,19,transport_free,True,10,31.809828957449895,31.809828957449895,31.217329207043477,8.265586556525,0.9813736895222238,0.25984379128795004,7.040183223713079,,19,cube,floor_1e-2,10
753,19,transport_free,True,10,30.420215576491547,30.420215576491547,27.27027619094809,8.17302837327641,0.8964524305351175,0.26867095509975436,6.86832235524947,,19,cube,floor_1e-2,10
754,19,transport_free,True,10,26.50780461322062,26.50780461322062,25.18459282277805,6.255942854120423,0.9500821810878058,0.2360038088933365,4.4636936319389156,,19,cube,floor_1e-2,10
755,19,transport_free,True,10,24.58463834357729,24.58463834357729,27.219543272548012,5.916315822151278,1.1071768838795666,0.24065091946723344,4.58230944891469,,19,cube,floor_1e-2,10
756,19,transport_free,True,10,26.626521084932364,26.626521084932364,31.256702587028016,6.871703909089252,1.1738935960626047,0.2580774216492694,5.665011708054667,,19,cube,floor_1e-2,10
757,19,transport_free,True,10,30.588767090571153,30.588767090571153,32.08305755149329,5.414956401291778,1.0488509542243938,0.17702434312760887,2.5098118603982886,,19,cube,floor_1e-2,10
758,19,transport_free,True,10,31.387593947083445,31.387593947083445,31.80091903051361,5.197991221444374,1.0131684220245423,0.1656065523916138,1.9401314228834545,,19,cube,floor_1e-2,10
759,19,static,True,10,31.114885596617874,31.114885596617874,31.59022852405996,5.245027335062514,1.0152770263598125,0.16856971300041154,1.8821344861719005,,19,cube,floor_1e-2,10
760,20,transport_free,True,10,25.974047450284623,25.974047450284623,27.996564025028192,5.770779346287516,1.0778668237445377,0.2221748211299383,1.4347863440367432,,20,cube,floor_1e-2,10
761,20,transport_free,True,10,26.20123101562856,26.20123101562856,28.074254569120484,10.50672007734378,1.0714860898090894,0.40100100911582026,3.2166441937906805,,20,cube,floor_1e-2,10
762,20,transport_free,True,10,26.147358157285854,26.147358157285854,25.422651672598665,6.119354895439429,0.9722837588284133,0.23403339100758427,1.8602325663377142,,20,cube,floor_1e-2,10
763,20,interaction,True,10,24.88648801697085,24.88648801697085,25.710830545895817,4.142248604739674,1.0331241004501246,0.16644568739128432,1.8061641935626733,,20,cube,floor_1e-2,10
764,20,interaction,True,10,25.116947519055955,25.116947519055955,22.513241470652986,9.086711745610945,0.8963366847652341,0.3617761170507266,8.872184592578808,,20,cube,floor_1e-2,10
765,20,interaction,True,10,20.49383342596608,20.49383342596608,20.960224741669954,15.170890091282434,1.022757641579781,0.740266097413509,14.42985351647072,,20,cube,floor_1e-2,10
766,20,interaction,True,10,15.89433072134841,15.89433072134841,18.630704404527716,14.749228256176089,1.172160359008005,0.927955288885849,14.465381543243895,,20,cube,floor_1e-2,10
767,20,interaction,True,10,15.033107320596287,15.033107320596287,17.37766610135283,5.842518527559539,1.1559596915498869,0.38864343897518294,4.844242729336989,,20,cube,floor_1e-2,10
768,20,interaction,True,10,14.244277568476889,14.244277568476889,20.275421631962494,8.045766288612457,1.423408209682234,0.5648420040913857,5.820869160164372,,20,cube,floor_1e-2,10
769,20,interaction,True,10,14.599840846235331,14.599840846235331,17.6928815947223,5.689587639296265,1.2118544154736133,0.38970203163299305,3.3729564919904957,,20,cube,floor_1e-2,10
770,20,interaction,True,10,16.520126181426637,16.520126181426637,17.825458234607723,6.155552776195356,1.079014653934584,0.37260930749523963,3.0376077128437124,,20,cube,floor_1e-2,10
771,20,interaction,True,10,17.247810664990418,17.247810664990418,18.184437588004503,5.076284415598696,1.0543041050952193,0.2943147112521667,2.258541341160035,,20,cube,floor_1e-2,10
772,20,transport_free,True,10,17.343976933578368,17.343976933578368,18.480867846400436,6.338075924401308,1.0655496093644485,0.3654338303535585,3.123863063444058,,20,cube,floor_1e-2,10
773,20,transport_free,True,10,16.913234994235324,16.913234994235324,19.014487037903486,7.973280787242092,1.1242371459028593,0.4714225746854277,6.137673960161845,,20,cube,floor_1e-2,10
774,20,transport_free,True,10,17.073224460319132,17.073224460319132,17.986873985670513,7.389537799665212,1.0535135895082295,0.4328144233586142,6.65595310107547,,20,cube,floor_1e-2,10
775,20,transport_free,True,10,16.54008628740286,16.54008628740286,18.605411943853497,3.988225205273379,1.1248678888709072,0.24112481252959736,3.0600282468253206,,20,cube,floor_1e-2,10
776,20,transport_free,True,10,16.98116570304787,16.98116570304787,17.650743726546025,4.082261172445367,1.0394306277441232,0.24039934853899111,2.9918802890688854,,20,cube,floor_1e-2,10
777,20,transport_free,True,10,16.509814862870407,16.509814862870407,18.23694610648154,4.218489581271273,1.1046123931707648,0.25551404520945936,3.3010777682781858,,20,cube,floor_1e-2,10
778,20,transport_free,True,10,17.077169148803392,17.077169148803392,19.451577707800254,2.9129374980357854,1.1390399391320216,0.17057496313666815,2.3319911617332783,,20,cube,floor_1e-2,10
779,20,transport_free,True,10,17.528165934859594,17.528165934859594,20.00147379540825,3.8191260609915663,1.1411047721558705,0.21788509278065313,2.230704252456333,,20,cube,floor_1e-2,10
780,20,interaction,True,10,17.273046251577014,17.273046251577014,17.61108421607979,5.838439092390338,1.0195702575897354,0.33800865275036784,1.2816326405135121,,20,cube,floor_1e-2,10
781,20,interaction,True,10,16.561120719709095,16.561120719709095,16.934614751758414,6.838257134884622,1.0225524611752168,0.4129102885378122,3.618926074044854,,20,cube,floor_1e-2,10
782,20,interaction,True,10,16.494521441659003,16.494521441659003,15.178126248277636,6.229731960647905,0.9201919741632124,0.3776849169393862,4.638556926738372,,20,cube,floor_1e-2,10
783,20,interaction,True,10,15.115598534288528,15.115598534288528,21.977745840268135,15.014101635684728,1.4539778752666244,0.99328528748805,14.703001655726482,,20,cube,floor_1e-2,10
784,20,interaction,True,10,18.69675198501755,18.69675198501755,23.648311149779424,9.4060970593634,1.264835259553625,0.5030872242890573,9.207672608182602,,20,cube,floor_1e-2,10
785,20,interaction,True,10,22.68574864174758,22.68574864174758,19.80122810530476,15.568586692686047,0.8728487835250645,0.6862716738400189,12.865029670910614,,20,cube,floor_1e-2,10
786,20,interaction,True,10,17.554892307240824,17.554892307240824,19.800432568317675,8.970256779494308,1.1279153538384648,0.5109832987009763,7.703193784254911,,20,cube,floor_1e-2,10
787,20,interaction,True,10,15.358770874498111,15.358770874498111,19.719893535144244,6.508141431090712,1.2839499785681023,0.4237410326823033,2.885816505401975,,20,cube,floor_1e-2,10
788,20,interaction,True,10,18.52659147148981,18.52659147148981,21.536953600303377,6.251516792299213,1.1624887197111327,0.3374348056370512,4.067356365700537,,20,cube,floor_1e-2,10
789,20,interaction,True,10,17.569849400324536,17.569849400324536,18.556825502416075,6.3407510793010875,1.0561744201446206,0.3608881860526344,2.5954818515575093,,20,cube,floor_1e-2,10
790,20,transport_free,True,10,16.59450201236988,16.59450201236988,18.589744429755296,6.208355868690829,1.1202351487196254,0.37412125197026064,5.097518228823309,,20,cube,floor_1e-2,10
791,20,transport_free,True,10,16.245295730533613,16.245295730533613,18.30260464325913,6.981172926731413,1.1266402869391126,0.42973504715029903,6.114922333703287,,20,cube,floor_1e-2,10
792,20,transport_free,True,10,16.772487018269295,16.772487018269295,19.310699047684224,4.648354638808946,1.151331882185999,0.27714164475105946,3.9101251067592426,,20,cube,floor_1e-2,10
793,20,static,True,10,16.828797600713756,16.828797600713756,19.176114119463133,2.7280002024989485,1.1394821290529884,0.16210309656248087,1.8829357724861742,,20,cube,floor_1e-2,10
794,20,transport_free,True,10,16.845233765819174,16.845233765819174,17.947282370398792,2.632306432103213,1.0654219834464866,0.1562641675798202,2.1649175385181776,,20,cube,floor_1e-2,10
795,20,transport_free,True,10,16.516229257469,16.516229257469,18.000258593984732,2.6171900070443566,1.0898527934785491,0.15846171461084593,2.0820875777235064,,20,cube,floor_1e-2,10
796,20,transport_free,True,10,17.28940511139813,17.28940511139813,19.312032851707713,2.8291024433555565,1.1169865433354995,0.1636321449539323,2.0359645014320145,,20,cube,floor_1e-2,10
797,20,transport_free,True,10,16.451903647575335,16.451903647575335,18.52818965939357,4.986528678026755,1.126203389972092,0.3030973670187805,1.7079030506074642,,20,cube,floor_1e-2,10
798,21,transport_free,True,10,30.95620109241879,30.95620109241879,31.590033234881894,4.10705111784615,1.0204751267951393,0.13267296932154804,2.6919346809233247,,21,cube,floor_1e-2,10
799,21,transport_free,True,10,31.243456012573343,31.243456012573343,31.524088698156454,4.473243095589783,1.008982126864268,0.14317376073215493,3.733487278788494,,21,cube,floor_1e-2,10
800,21,transport_free,True,10,31.040152646720443,31.040152646720443,32.138848600708386,3.7766459181509813,1.0353959584700698,0.12166969541465847,2.5545085292312115,,21,cube,floor_1e-2,10
801,21,interaction,True,10,30.76952412528597,30.76952412528597,30.869293569099124,5.65085897443325,1.0032424760099286,0.18365116572568155,3.6155731090924883,,21,cube,floor_1e-2,10
802,21,interaction,True,10,29.719393626713604,29.719393626713604,28.15838945187218,7.554822248827149,0.9474752347087493,0.25420512759171554,6.722702674362523,,21,cube,floor_1e-2,10
803,21,interaction,True,10,25.48029022887875,25.48029022887875,22.72542567734746,13.69102385548405,0.8918825285432191,0.537318206837651,12.672858279604707,,21,cube,floor_1e-2,10
804,21,interaction,True,10,21.21187122685355,21.21187122685355,32.5396589884338,23.622624717662973,1.534030573749648,1.1136511468048838,23.16884367175241,,21,cube,floor_1e-2,10
805,21,interaction,True,10,32.04574057441404,32.04574057441404,31.358780307755655,14.30415892059251,0.9785631333729616,0.4463669325218602,13.291405791404417,,21,cube,floor_1e-2,10
806,21,interaction,True,10,30.35553075134286,30.35553075134286,27.946098366699815,21.55769835422207,0.9206262475072534,0.7101736593180273,19.155605962952563,,21,cube,floor_1e-2,10
807,21,interaction,True,10,26.775648125747267,26.775648125747267,31.555195877542516,14.39291662821184,1.1785035316175698,0.5375375625126966,8.678039611965145,,21,cube,floor_1e-2,10
808,21,interaction,True,10,30.698128146497556,30.698128146497556,35.203229261930105,11.963862977032292,1.1467549126752392,0.3897261396505469,9.336584158872286,,21,cube,floor_1e-2,10
809,21,interaction,True,10,34.20467891204818,34.20467891204818,35.69064628238006,7.556609249778531,1.0434433948101896,0.2209232622592112,5.833180494759178,,21,cube,floor_1e-2,10
810,21,transport_free,True,10,34.8979439713397,34.8979439713397,35.35472125797553,9.988534562332537,1.0130889454980774,0.2862212905876554,8.950692812398202,,21,cube,floor_1e-2,10
811,21,transport_free,True,10,34.79452003037394,34.79452003037394,34.72264542682891,10.943634059030353,0.9979343125445534,0.31452177094200723,9.95358280926042,,21,cube,floor_1e-2,10
812,21,transport_free,True,10,34.088262751742235,34.088262751742235,35.278365445141205,13.225408006961699,1.0349123891137029,0.38797541849755174,5.559332160773532,,21,cube,floor_1e-2,10
813,21,transport_free,True,10,33.67024294351502,33.67024294351502,35.15126330694578,13.847949741383907,1.0439860314021288,0.41128155103053865,2.3200873852357913,,21,cube,floor_1e-2,10
814,21,transport_free,True,10,33.61708011295566,33.61708011295566,35.11863954880742,12.250844907913642,1.0446665632710044,0.3644232297019841,4.05152136092244,,21,cube,floor_1e-2,10
815,21,transport_free,True,10,34.116750756479874,34.116750756479874,35.492281563541326,12.011815721676722,1.0403183414762964,0.3520797102694573,3.0557605108138333,,21,cube,floor_1e-2,10
816,21,transport_free,True,10,34.44214429593298,34.44214429593298,35.481235547540706,8.610224944952563,1.0301691800220008,0.24999096661845419,2.333716071577919,,21,cube,floor_1e-2,10
817,21,transport_free,True,10,34.71861521227477,34.71861521227477,35.87802271286874,6.827280373447712,1.0333944050909054,0.19664610272341526,4.599689672838103,,21,cube,floor_1e-2,10
818,21,interaction,True,10,35.19137222458812,35.19137222458812,35.383845038890925,6.796046677094747,1.0054693182486452,0.19311684221129538,5.103942693130789,,21,cube,floor_1e-2,10
819,21,interaction,True,10,34.56405849499793,34.56405849499793,34.43475845996478,6.757417946428679,0.9962591188459,0.1955041809516265,5.112627898003373,,21,cube,floor_1e-2,10
820,21,interaction,True,10,33.531952029503984,33.531952029503984,31.850985219287022,8.580994111387433,0.9498697001374117,0.25590499783123916,5.958376214855877,,21,cube,floor_1e-2,10
821,21,interaction,True,10,30.709399302164442,30.709399302164442,15.945491923429955,24.393224026281928,0.5192381578856248,0.7943243625922263,23.883139330428804,,21,cube,floor_1e-2,10
822,21,interaction,True,10,14.500861687702404,14.500861687702404,19.02759864369056,10.185209610662485,1.3121702043284158,0.7023865084721241,8.94796541962599,,21,cube,floor_1e-2,10
823,21,interaction,True,10,17.192067932681553,17.192067932681553,27.827071294127506,18.94382483965296,1.6185994263801833,1.101893321608006,18.036799569230393,,21,cube,floor_1e-2,10
824,21,interaction,True,10,27.21790466732474,27.21790466732474,30.55742016545622,10.063558032178747,1.1226955395335994,0.36974036595330245,5.81337943060072,,21,cube,floor_1e-2,10
825,21,interaction,True,10,29.740244787977836,29.740244787977836,34.92707962741379,11.573917257553443,1.1744045779183592,0.3891668458032353,8.844733452006086,,21,cube,floor_1e-2,10
826,21,interaction,True,10,33.972020987474146,33.972020987474146,35.39507351642288,8.268568537351129,1.0418889570765728,0.243393483725912,6.769600139874586,,21,cube,floor_1e-2,10
827,21,transport_free,True,10,34.58869994405356,34.58869994405356,35.09556475684238,8.57334693481027,1.0146540579324652,0.24786554420020024,7.263251422281881,,21,cube,floor_1e-2,10
828,21,transport_free,True,10,34.39806398704495,34.39806398704495,34.39680578007026,11.383809896720186,0.9999634221572713,0.33094333160748735,10.499366370087886,,21,cube,floor_1e-2,10
829,21,transport_free,True,10,33.77989760920965,33.77989760920965,34.67960600421338,11.18647787122628,1.026634432271294,0.3311578383285695,7.201893408438144,,21,cube,floor_1e-2,10
830,21,transport_free,True,10,33.2465182638573,33.2465182638573,33.49919714650068,13.185473930196316,1.0076001607337652,0.396597136143739,5.86771596990891,,21,cube,floor_1e-2,10
831,21,transport_free,True,10,32.09691701013734,32.09691701013734,34.34576564204709,13.077387798622306,1.0700643189873809,0.4074343898665409,5.886338501438104,,21,cube,floor_1e-2,10
832,21,transport_free,True,10,33.03526045322691,33.03526045322691,34.55960296150947,12.699077753215485,1.0461428936042687,0.38440979665335223,5.0404895580935,,21,cube,floor_1e-2,10
833,21,transport_free,True,10,33.45447954581834,33.45447954581834,34.390335180830505,11.916636787805544,1.0279740007232947,0.35620451878454257,2.369062074550343,,21,cube,floor_1e-2,10
834,21,transport_free,True,10,33.66902820307474,33.66902820307474,34.85224598852374,8.58477811600737,1.0351426176696406,0.2549755242185276,2.3240156669537853,,21,cube,floor_1e-2,10
835,21,transport_free,True,10,34.10055935701615,34.10055935701615,34.645185149780175,5.174988596654758,1.0159711688908695,0.15175670705207978,1.7348787758857547,,21,cube,floor_1e-2,10
836,22,transport_free,True,10,31.111242304603433,31.111242304603433,33.09849251666408,3.7446790724400136,1.063875630314081,0.12036417690353449,2.402140894781958,,22,cube,floor_1e-2,10
837,22,transport_free,True,10,31.758170264966328,31.758170264966328,32.64680367447828,4.341856145484988,1.0279812533939412,0.13671619332158624,3.4070498885910583,,22,cube,floor_1e-2,10
838,22,transport_free,True,10,30.414989650758947,30.414989650758947,31.69198989691867,6.081427298094785,1.0419858846188317,0.19994835993452442,2.1833531753953612,,22,cube,floor_1e-2,10
839,22,interaction,True,10,30.820332808598632,30.820332808598632,30.934173938212098,6.019437937919594,1.0036937021517724,0.1953073633338644,3.08819993154011,,22,cube,floor_1e-2,10
840,22,interaction,True,10,28.570698811145743,28.570698811145743,24.391715443722113,7.895340037596061,0.8537318462160484,0.2763439595854758,7.527684865815332,,22,cube,floor_1e-2,10
841,22,interaction,True,10,23.59632888190439,23.59632888190439,16.282520865003853,17.73399606145579,0.6900446652737847,0.7515574202330974,16.77702271506019,,22,cube,floor_1e-2,10
842,22,interaction,True,10,12.744112238950322,12.744112238950322,17.801136077375602,16.275334422606807,1.3968125628217007,1.2770865571054746,16.042661735915676,,22,cube,floor_1e-2,10
843,22,interaction,True,10,13.037495682749222,13.037495682749222,26.791810340745084,27.401869059489,2.0549813394143714,2.101773969961596,25.983051744238892,,22,cube,floor_1e-2,10
844,22,interaction,True,10,19.429534387787704,19.429534387787704,32.100058293132946,31.943412868977656,1.6521269965846022,1.6440647640560786,29.74067246067074,,22,cube,floor_1e-2,10
845,22,interaction,True,10,22.407962482404283,22.407962482404283,28.99711293891427,12.15325815652995,1.2940539757545595,0.5423633748973483,10.384830228667816,,22,cube,floor_1e-2,10
846,22,interaction,True,10,27.993808331914195,27.993808331914195,34.7621095218566,13.229134426092841,1.2417785072217644,0.4725735873175582,9.616498453788452,,22,cube,floor_1e-2,10
847,22,interaction,True,10,27.654511447248467,27.654511447248467,18.348563953005282,17.725819034232437,0.6634926090813622,0.6409738630908303,14.95357106696241,,22,cube,floor_1e-2,10
848,22,static,True,10,17.719883527719876,17.719883527719876,18.682365426387953,10.23160482895063,1.0543164912547214,0.5774081309815016,10.731935877643693,,22,cube,floor_1e-2,10
849,22,transport_free,True,10,16.794619734717116,16.794619734717116,25.80553702557406,12.127812993313565,1.5365359521793736,0.7221248938577318,13.394622905270333,,22,cube,floor_1e-2,10
850,22,transport_free,True,10,19.77437930435097,19.77437930435097,21.26115942820423,7.375986996170558,1.0751871955609815,0.373007257656255,7.828476683911407,,22,cube,floor_1e-2,10
851,22,transport_free,True,10,19.79262589382718,19.79262589382718,22.280070260671863,4.8028843472453335,1.1256753085814881,0.24266029040357057,3.9690190679449313,,22,cube,floor_1e-2,10
852,22,transport_free,True,10,20.702659257308675,20.702659257308675,21.069270602140342,5.298501862068654,1.017708418047901,0.25593339465306225,5.19730122192832,,22,cube,floor_1e-2,10
853,22,transport_free,True,10,19.565219554444653,19.565219554444653,21.946958453722132,5.4928081672805344,1.1217333080597307,0.2807434975107513,4.781935812977876,,22,cube,floor_1e-2,10
854,22,transport_free,True,10,21.465874558090505,21.465874558090505,25.091961194437012,4.372433946863244,1.1689233125132483,0.20369232732776174,2.798949909051923,,22,cube,floor_1e-2,10
855,22,transport_free,True,10,24.282035658813527,24.282035658813527,31.586293095479128,5.376583834504143,1.3008091059290745,0.22142228559625032,3.438096142155972,,22,cube,floor_1e-2,10
856,22,transport_free,True,10,28.09908631260096,28.09908631260096,33.75149812655222,8.697244180940704,1.2011599861671107,0.3095205333078908,4.07654611662535,,22,cube,floor_1e-2,10
857,22,interaction,True,10,32.68195091875636,32.68195091875636,35.079100579975915,6.257354857845597,1.0733478141246402,0.19146209702721464,2.7169115448568903,,22,cube,floor_1e-2,10
858,22,interaction,True,10,34.26053419992354,34.26053419992354,33.22267723414264,10.69600178270084,0.9697069240157026,0.31219600138998155,9.101137059073029,,22,cube,floor_1e-2,10
859,22,interaction,True,10,29.94525575828021,29.94525575828021,29.60320988980947,21.83746437069597,0.9885776274134456,0.7292462133891662,21.23018174593287,,22,cube,floor_1e-2,10
860,22,interaction,True,10,20.872475369682444,20.872475369682444,28.4711954925551,14.770421438978865,1.364054573704751,0.7076506824117806,11.752019863263282,,22,cube,floor_1e-2,10
861,22,interaction,True,10,24.115418267993725,24.115418267993725,32.347249754903615,19.399808865651266,1.3413513875409442,0.8044566612970145,13.388710118385317,,22,cube,floor_1e-2,10
862,22,interaction,True,10,19.956347269543507,19.956347269543507,30.82015662950029,14.500560411028026,1.5443786487187787,0.7266139547069387,13.548374337261198,,22,cube,floor_1e-2,10
863,22,interaction,True,10,30.051560383160385,30.051560383160385,34.540564599049105,8.67851951013174,1.1493767431259299,0.2887876502743868,1.5466532675394165,,22,cube,floor_1e-2,10
864,22,interaction,True,10,33.52438538016705,33.52438538016705,36.957227643385544,10.292561864984336,1.1023983653776204,0.30701716819761277,5.123343245881026,,22,cube,floor_1e-2,10
865,22,interaction,True,10,35.80732300847252,35.80732300847252,36.319531662871455,12.38821613381105,1.0143045782639974,0.3459687877499198,8.427295970884815,,22,cube,floor_1e-2,10
866,22,transport_free,True,10,34.976010247427695,34.976010247427695,35.25877847505144,10.445377220243845,1.0080846335995268,0.29864404620055396,8.017784252305777,,22,cube,floor_1e-2,10
867,22,transport_free,True,10,32.134509910423105,32.134509910423105,26.12890228764362,12.892030810146437,0.8131103402690603,0.4011895885788753,13.361261937858295,,22,cube,floor_1e-2,10
868,22,transport_free,True,10,25.30882537210158,25.30882537210158,23.800627688351053,8.776809779970549,0.9404082306635596,0.3467885076027827,9.415998358068023,,22,cube,floor_1e-2,10
869,22,transport_free,True,10,21.518140048260832,21.518140048260832,23.721091632636305,4.150737601962167,1.102376486974929,0.192894813057862,3.6500357491852222,,22,cube,floor_1e-2,10
870,22,transport_free,True,10,21.066461553170008,21.066461553170008,23.675385722274516,3.722984803046389,1.1238425429215912,0.17672568284188983,3.194509659726167,,22,cube,floor_1e-2,10
871,22,transport_free,True,10,21.878797100054125,21.878797100054125,25.73453706612417,4.481357310049448,1.1762318078291656,0.2048264943248805,3.406487277096935,,22,cube,floor_1e-2,10
872,22,transport_free,True,10,24.521379594263568,24.521379594263568,31.658763117192652,4.32880808277581,1.2910677800770547,0.17653199593176533,2.586684182985694,,22,cube,floor_1e-2,10
873,22,transport_free,True,10,30.26107556531344,30.26107556531344,36.96656635413905,4.930731250989741,1.2215879860037668,0.1629397223620683,3.2730558084024737,,22,cube,floor_1e-2,10
874,23,transport_free,True,10,13.633424722914246,13.633424722914246,15.923764414459374,10.251327336566945,1.1679944502642583,0.751926060026365,2.013193624050778,,23,cube,floor_1e-2,10
875,23,transport_free,True,10,13.380623673019532,13.380623673019532,16.95409576796694,8.62099487048877,1.2670631939341437,0.6442894652117003,2.325434116665424,,23,cube,floor_1e-2,10
876,23,transport_free,True,10,15.465376415234118,15.465376415234118,19.09701115877699,9.754692157097809,1.2348235598045672,0.630743920819734,4.149466307727981,,23,cube,floor_1e-2,10
877,23,interaction,True,10,16.89479827863741,16.89479827863741,20.397672758537908,8.92823386736543,1.207334495631694,0.5284605190376682,2.014391304186533,,23,cube,floor_1e-2,10
878,23,interaction,True,10,18.302269851246226,18.302269851246226,20.101336643035758,10.135870000819288,1.0982974683693143,0.5538039862377575,5.148457313590648,,23,cube,floor_1e-2,10
879,23,interaction,True,10,18.063009614635668,18.063009614635668,21.847532379829254,12.068367025559153,1.2095178403784468,0.6681260367475352,8.952807655869119,,23,cube,floor_1e-2,10
880,23,interaction,True,10,20.105467937359144,20.105467937359144,23.728742937453458,22.00624476711758,1.1802134131562139,1.0945402930029045,20.564724518252305,,23,cube,floor_1e-2,10
881,23,interaction,True,10,20.272508855248798,20.272508855248798,20.155566336927826,24.728253936077095,0.9942314728208544,1.2197924841292966,12.908876000101246,,23,cube,floor_1e-2,10
882,23,interaction,True,10,12.271364709560228,12.271364709560228,27.861959658836263,28.558103873981047,2.270485827638217,2.327214987892287,25.00159532745979,,23,cube,floor_1e-2,10
883,23,interaction,True,10,21.328170839966056,21.328170839966056,33.5137742062833,18.95786050855381,1.5713384170518319,0.8888648094017229,17.352159912854166,,23,cube,floor_1e-2,10
884,23,interaction,True,10,31.92912518011281,31.92912518011281,34.88712574100066,15.671549700825352,1.0926427061249475,0.490823021690129,7.462948618867498,,23,cube,floor_1e-2,10
885,23,interaction,True,10,33.81735909942758,33.81735909942758,34.120313229794256,6.849426725823726,1.0089585389999247,0.2025417391608106,3.437042131631431,,23,cube,floor_1e-2,10
886,23,static,True,10,33.24328779632986,33.24328779632986,33.06487779036216,6.632285929135845,0.994633202135097,0.19950752072928435,5.356079520968323,,23,cube,floor_1e-2,10
887,23,transport_free,True,10,32.35814455089232,32.35814455089232,31.945157792811592,11.87294929760844,0.9872370074424017,0.3669230563864647,11.585000996186587,,23,cube,floor_1e-2,10
888,23,transport_free,True,10,30.823883193326466,30.823883193326466,31.2633545879244,6.849387303935638,1.0142574961059119,0.22221039643112087,6.004311713035479,,23,cube,floor_1e-2,10
889,23,transport_free,True,10,30.611922701892478,30.611922701892478,31.316819982107745,5.300338731662818,1.0230268868466628,0.1731462209440096,3.0242522902343785,,23,cube,floor_1e-2,10
890,23,transport_free,True,10,30.62480021295089,30.62480021295089,31.041295218401103,6.543474202985264,1.0135999256339339,0.2136658576540885,4.523274634366411,,23,cube,floor_1e-2,10
891,23,transport_free,True,10,30.37130227707825,30.37130227707825,31.393954244422154,4.906287691292769,1.033671653523916,0.16154354023191259,3.4902058114151897,,23,cube,floor_1e-2,10
892,23,transport_free,True,10,30.580974620392304,30.580974620392304,31.99271089532042,4.083776544120909,1.0461638745151938,0.13353977742088458,2.3950133662250583,,23,cube,floor_1e-2,10
893,23,transport_free,True,10,31.196218593495168,31.196218593495168,33.18086220680516,4.270622595488712,1.063618082664795,0.136895520932758,2.3320237310912724,,23,cube,floor_1e-2,10
894,23,interaction,True,10,32.4792045760709,32.4792045760709,33.67461455532186,4.288249076619551,1.0368053957864374,0.13203060643236703,2.6049412607321383,,23,cube,floor_1e-2,10
895,23,interaction,True,10,32.713323045279466,32.713323045279466,33.92383593920728,4.678409324806676,1.0370036664343854,0.1430123536618751,2.8900383419848965,,23,cube,floor_1e-2,10
896,23,interaction,True,10,33.09202194647304,33.09202194647304,30.66591122201482,8.529488210378776,0.926685932688474,0.25775059088789987,7.627822846558594,,23,cube,floor_1e-2,10
897,23,interaction,True,10,29.828498408453004,29.828498408453004,23.52070072628694,21.646357054786254,0.7885311692264564,0.7256938233488803,17.520312521031766,,23,cube,floor_1e-2,10
898,23,interaction,True,10,17.190926421989708,17.190926421989708,16.299479733830765,7.554883409705408,0.9481443485780584,0.4394692423348172,6.171936185212173,,23,cube,floor_1e-2,10
899,23,interaction,True,10,15.747633335189322,15.747633335189322,27.97785837777704,24.97520228119519,1.7766389261336382,1.5859654431619348,25.347107008665255,,23,cube,floor_1e-2,10
900,23,interaction,True,10,26.62215498234641,26.62215498234641,32.254320938412775,13.250933191561906,1.2115593557246267,0.4977408177643327,7.312668383425926,,23,cube,floor_1e-2,10
901,23,interaction,True,10,31.26187468489261,31.26187468489261,34.45261991428532,14.837040939284439,1.102065063645548,0.47460496495606774,4.9641800713709126,,23,cube,floor_1e-2,10
902,23,interaction,True,10,33.66722164020404,33.66722164020404,34.731899855623794,10.672573517985333,1.0316235841138837,0.31700190862321037,1.8830646767013424,,23,cube,floor_1e-2,10
903,23,transport_free,True,10,33.956745503440345,33.956745503440345,33.927700960429,10.19268979057752,0.9991446605797837,0.30016686344528637,6.331692717682564,,23,cube,floor_1e-2,10
904,23,transport_free,True,10,32.97474483514725,32.97474483514725,32.03596584703478,11.565231983500318,0.9715303638343294,0.35072999173516345,11.106336608808741,,23,cube,floor_1e-2,10
905,23,transport_free,True,10,31.43421185573225,31.43421185573225,31.19804125281629,9.058986779932319,0.9924868291910779,0.288188767751158,7.807531496248987,,23,cube,floor_1e-2,10
906,23,transport_free,True,10,30.42750634258388,30.42750634258388,31.33985365245742,6.747943228520354,1.0299842944604598,0.22177115510371212,5.146449705879015,,23,cube,floor_1e-2,10
907,23,static,True,10,30.395362047783557,30.395362047783557,31.26916221078113,5.304486653880149,1.0287478123018867,0.174516317507294,2.78492269621204,,23,cube,floor_1e-2,10
908,23,transport_free,True,10,30.322686028237698,30.322686028237698,30.97217255549522,7.082800110443788,1.0214191620970745,0.23358089398307266,5.437563592567433,,23,cube,floor_1e-2,10
909,23,transport_free,True,10,30.247839823122263,30.247839823122263,31.95776799522843,5.383619899286923,1.056530588038854,0.17798361571498203,2.911888382847545,,23,cube,floor_1e-2,10
910,23,transport_free,True,10,31.09838144966745,31.09838144966745,33.23809447759767,5.670255486567653,1.0688046428201845,0.18233281676555832,3.095213033962178,,23,cube,floor_1e-2,10
911,23,transport_free,True,10,32.46686577941995,32.46686577941995,34.02803976778213,4.924297138622575,1.048085146221653,0.1516714662905337,3.0029530217211367,,23,cube,floor_1e-2,10
912,24,transport_free,True,10,7.34859780642987,7.34859780642987,8.071644909351836,2.599969077546608,1.0983925262979168,0.35380478644125674,2.5186319265601878,,24,cube,floor_1e-2,10
913,24,transport_free,True,10,7.647625849391299,7.647625849391299,10.181490265268884,2.4902640279479655,1.3313269327995778,0.32562576634762724,1.9770633530938821,,24,cube,floor_1e-2,10
914,24,transport_free,True,10,7.618643661208074,7.618643661208074,8.093135642393847,3.3874885868030624,1.062280374602864,0.44463145114020397,1.7876395560444882,,24,cube,floor_1e-2,10
915,24,interaction,True,10,7.57380648944267,7.57380648944267,16.082882190126803,7.459644387580945,2.1234873392322817,0.9849267205307056,5.591247291738212,,24,cube,floor_1e-2,10
916,24,interaction,True,10,15.551461136099363,15.551461136099363,15.499895906976809,6.724592504663022,0.9966842196581223,0.43240904798670854,6.367041484889437,,24,cube,floor_1e-2,10
917,24,interaction,True,10,13.549165478917985,13.549165478917985,23.611079067843313,11.214912565040914,1.742622385458448,0.8277198018203347,10.450658260469819,,24,cube,floor_1e-2,10
918,24,interaction,True,10,11.81082546041554,11.81082546041554,16.68643494967205,15.942574127386152,1.4128085293951143,1.349827256428294,15.700490514321334,,24,cube,floor_1e-2,10
919,24,interaction,True,10,11.559366520808375,11.559366520808375,18.983681401687797,22.952278943868006,1.6422769679908222,1.9856000674908003,18.087921319821593,,24,cube,floor_1e-2,10
920,24,interaction,True,10,15.97154863867701,15.97154863867701,35.037642146928405,28.967475639836756,2.193753588933798,1.813692353519718,28.053279495557316,,24,cube,floor_1e-2,10
921,24,interaction,True,10,18.584523192501834,18.584523192501834,15.327004269909885,8.687175590754093,0.8247187248846806,0.46744140276136037,7.725196207901565,,24,cube,floor_1e-2,10
922,24,interaction,True,10,14.195559547427195,14.195559547427195,11.987766873349653,6.5233062045203365,0.8444730081472778,0.4595314600122699,2.7521394925858584,,24,cube,floor_1e-2,10
923,24,interaction,True,10,11.042822312838375,11.042822312838375,10.723362006980285,6.886452676017831,0.9710707736837633,0.6236134641061505,2.935072687131931,,24,cube,floor_1e-2,10
924,24,static,True,10,10.240526398975867,10.240526398975867,8.757574656138665,7.139250340689019,0.8551879380941289,0.6971565779473017,6.719894207924338,,24,cube,floor_1e-2,10
925,24,transport_free,True,10,8.503887842097187,8.503887842097187,15.816145107010563,13.378308831024665,1.8598722608634572,1.5731991154442804,14.710692621514523,,24,cube,floor_1e-2,10
926,24,transport_free,True,10,11.485082260430875,11.485082260430875,15.36750074940461,12.651680104943098,1.338040111593252,1.1015750534527262,12.962350972030098,,24,cube,floor_1e-2,10
927,24,transport_free,True,10,9.575454946919791,9.575454946919791,13.640986724155308,5.0370993194015465,1.4245784455957684,0.5260428196178677,4.929873939493623,,24,cube,floor_1e-2,10
928,24,transport_free,True,10,13.640986724155308,13.640986724155308,9.952095741151982,4.105265511834789,0.729573009812327,0.3009507739323014,4.555758930441727,,24,cube,floor_1e-2,10
929,24,transport_free,True,10,9.952095741151982,9.952095741151982,9.130421027583324,3.7911007100850904,0.9174370167912445,0.380934911468834,3.690893955401047,,24,cube,floor_1e-2,10
930,24,transport_free,True,10,9.130421027583324,9.130421027583324,11.268912847898264,4.23714165070988,1.2342161236436393,0.4640685941983755,1.926426357142854,,24,cube,floor_1e-2,10
931,24,transport_free,True,10,9.410444726663968,9.410444726663968,19.047046521516748,4.651175874711899,2.024032559008397,0.49425675510670103,3.512743198018105,,24,cube,floor_1e-2,10
932,24,interaction,True,10,9.156387517411282,9.156387517411282,11.130166764355685,6.468322277859006,1.2155630966023634,0.7064273181491282,2.1547451838625933,,24,cube,floor_1e-2,10
933,24,interaction,True,10,10.154735670633224,10.154735670633224,21.1425059705555,10.737288951186986,2.0820341027386986,1.0573676459386792,9.334335705686584,,24,cube,floor_1e-2,10
934,24,interaction,True,10,15.181664196633019,15.181664196633019,28.37283943405752,11.801741171385045,1.8688886189664262,0.7773680815573848,11.113674628228914,,24,cube,floor_1e-2,10
935,24,interaction,True,10,21.043389260450347,21.043389260450347,42.34671187342112,26.07845910893204,2.0123522570106593,1.2392708601339602,24.16335445195102,,24,cube,floor_1e-2,10
936,24,interaction,True,10,24.587541767156242,24.587541767156242,32.251485760522655,12.404126869452694,1.3117002938294475,0.504488288700011,6.45054283462514,,24,cube,floor_1e-2,10
937,24,interaction,True,10,22.702042614459277,22.702042614459277,36.78402947080752,27.215802724992198,1.6202960277847074,1.1988261667546178,27.16536196195185,,24,cube,floor_1e-2,10
938,24,interaction,True,10,18.79580652126438,18.79580652126438,13.711492867530506,11.369422427281206,0.7294974467851748,0.6048914375884091,8.987509734895086,,24,cube,floor_1e-2,10
939,24,interaction,True,10,13.711492867530506,13.711492867530506,11.350903511086628,6.5495370900039696,0.8278386329446394,0.47766768748526267,3.7787845883273277,,24,cube,floor_1e-2,10
940,24,interaction,True,10,10.583136543806809,10.583136543806809,13.266753442465461,8.868614919458432,1.2535748157032982,0.8379949443861513,5.7026826101724195,,24,cube,floor_1e-2,10
941,24,interaction,True,10,13.012015005372575,13.012015005372575,10.192449336564774,7.252495607620401,0.7833106042650873,0.5573691395703043,5.252049209414104,,24,cube,floor_1e-2,10
942,24,transport_free,True,10,9.878928535582606,9.878928535582606,14.941786672641458,9.553000596323024,1.5124906126026827,0.9670077642443072,11.062071321825163,,24,cube,floor_1e-2,10
943,24,transport_free,True,10,12.033044093305245,12.033044093305245,20.234796184914106,7.748687282979981,1.6816024297768528,0.6439507096372291,12.868721196436354,,24,cube,floor_1e-2,10
944,24,transport_free,True,10,9.939664370755334,9.939664370755334,16.964388299668265,8.17840849932947,1.7067365322295192,0.8228052974698155,8.456218255545776,,24,cube,floor_1e-2,10
945,24,transport_free,True,10,16.480571402640575,16.480571402640575,13.416714890182163,2.8887447327399047,0.8140928225360251,0.1752818310824502,2.917443514067094,,24,cube,floor_1e-2,10
946,24,transport_free,True,10,13.416714890182163,13.416714890182163,11.36011247211362,5.88472537997713,0.8467134142074163,0.43861149529855076,3.8806065136520407,,24,cube,floor_1e-2,10
947,24,transport_free,True,10,10.616442898290654,10.616442898290654,14.932394044751252,5.016250708812345,1.4065345792191382,0.47249825170914905,3.9162741207115594,,24,cube,floor_1e-2,10
948,24,transport_free,True,10,11.80046986921343,11.80046986921343,14.750711942265214,4.303301173286718,1.2500105593887199,0.36467201907897906,2.8741626490140244,,24,cube,floor_1e-2,10
949,24,static,True,10,12.043318866044025,12.043318866044025,12.76594859159991,6.61021197482723,1.0600025402958755,0.5488696304026819,2.2373729685330788,,24,cube,floor_1e-2,10
950,25,transport_free,True,10,34.190230482807046,34.190230482807046,34.52718755173247,3.5453969492468342,1.0098553611416825,0.10369619915343005,2.3886611940295546,,25,cube,floor_1e-2,10
951,25,transport_free,True,10,33.58583313531112,33.58583313531112,34.077223953593176,3.390293176366719,1.0146308956011998,0.10094414399987797,2.4570772046458726,,25,cube,floor_1e-2,10
952,25,transport_free,True,10,33.29839462586197,33.29839462586197,33.93579918980406,4.17839739202711,1.0191422010311282,0.12548344864595548,1.8931331194940517,,25,cube,floor_1e-2,10
953,25,interaction,True,10,33.56104215861765,33.56104215861765,34.06059619779755,5.40005174731278,1.0148849382214915,0.16090238562291426,2.4998532104724456,,25,cube,floor_1e-2,10
954,25,interaction,True,10,33.8919775451468,33.8919775451468,34.3460924830643,9.760213438742596,1.0133988917380987,0.2879800514957033,7.491661495538915,,25,cube,floor_1e-2,10
955,25,interaction,True,10,31.442462084506005,31.442462084506005,34.65486852838652,11.80890116844293,1.102167776659688,0.37557177096071104,9.126330467700706,,25,cube,floor_1e-2,10
956,25,interaction,True,10,32.37305997811447,32.37305997811447,34.97838470342373,14.068831089394951,1.0804781731189628,0.4345845310547123,12.168428130949836,,25,cube,floor_1e-2,10
957,25,interaction,True,10,29.36101292765683,29.36101292765683,31.66254255008441,11.836951508300814,1.0783872691346978,0.4031520144576111,9.908022114053347,,25,cube,floor_1e-2,10
958,25,interaction,True,10,29.303972789058093,29.303972789058093,32.50699915287194,22.721013443784695,1.1093034854649413,0.7753560791002566,18.158976923771853,,25,cube,floor_1e-2,10
959,25,interaction,True,10,29.15163003759181,29.15163003759181,36.18595090637112,9.188326263180876,1.2413011162569079,0.31519082299453866,5.855638802835525,,25,cube,floor_1e-2,10
960,25,interaction,True,10,31.524152857512565,31.524152857512565,36.47629241422664,8.931482532027653,1.1570903294086117,0.28332188885130277,3.176895556633049,,25,cube,floor_1e-2,10
961,25,interaction,True,10,33.6211433104571,33.6211433104571,37.38961900879651,14.646463031253717,1.1120864827094477,0.43563250946014864,8.754987504192002,,25,cube,floor_1e-2,10
962,25,transport_free,True,10,35.504742490681636,35.504742490681636,35.78085468636698,9.226619424701207,1.0077767694205304,0.25987005615159076,5.732097058715861,,25,cube,floor_1e-2,10
963,25,transport_free,True,10,35.29075150490826,35.29075150490826,37.43571207736749,17.533727943855745,1.060779679689193,0.49683634369240176,12.75267971842104,,25,cube,floor_1e-2,10
964,25,transport_free,True,10,35.780937193639865,35.780937193639865,36.735368328007226,11.329897445483278,1.0266742910953437,0.3166461902372191,8.852687861653278,,25,cube,floor_1e-2,10
965,25,static,True,10,35.58290202945714,35.58290202945714,37.98818927854916,11.786744893675234,1.0675967139245925,0.3312474312499198,4.553589222578243,,25,cube,floor_1e-2,10
966,25,transport_free,True,10,35.66048521682758,35.66048521682758,38.12908906397314,9.87095070239296,1.0692251895097789,0.276803600466295,4.181405372170003,,25,cube,floor_1e-2,10
967,25,transport_free,True,10,36.146582494470664,36.146582494470664,36.75320742915803,6.940315882609774,1.0167823592944136,0.19200475961099317,2.0136754217022084,,25,cube,floor_1e-2,10
968,25,transport_free,True,10,35.80533739070417,35.80533739070417,37.25609363510764,9.838373096318154,1.0405178766666257,0.2747739251543097,4.219941604046269,,25,cube,floor_1e-2,10
969,25,transport_free,True,10,36.05502647648522,36.05502647648522,37.16737385348278,10.649235533401303,1.0308513815049622,0.2953606355093552,1.4444324720572292,,25,cube,floor_1e-2,10
970,25,interaction,True,10,35.422964945500055,35.422964945500055,35.44128305421066,7.398508661559539,1.0005171252248022,0.2088619253905624,3.206028437962873,,25,cube,floor_1e-2,10
971,25,interaction,True,10,34.32889634247772,34.32889634247772,32.44067734253899,9.791087282939952,0.9449962218097209,0.28521415851125703,7.416992288181509,,25,cube,floor_1e-2,10
972,25,interaction,True,10,30.95075956375966,30.95075956375966,30.499807443217883,17.853859103872423,0.9854300144197495,0.5768472036071632,17.11528033363775,,25,cube,floor_1e-2,10
973,25,interaction,True,10,27.097418101707913,27.097418101707913,32.260211854792644,16.236172176368115,1.1905271466715617,0.5991778299846497,15.664445663678793,,25,cube,floor_1e-2,10
974,25,interaction,True,10,28.6176507173466,28.6176507173466,31.32489640914364,10.624334934681851,1.0946005567870056,0.37125112189037607,2.6857726766535617,,25,cube,floor_1e-2,10
975,25,interaction,True,10,29.062363924378815,29.062363924378815,32.38003738738219,16.432369938681873,1.1141570407567694,0.5654175269926224,12.886505532840818,,25,cube,floor_1e-2,10
976,25,interaction,True,10,26.118856541914056,26.118856541914056,31.716665731088153,13.5579270076474,1.2143206070369523,0.5190857794976748,9.18620581195895,,25,cube,floor_1e-2,10
977,25,interaction,True,10,29.78424865403924,29.78424865403924,39.440694882372,9.683730384716808,1.3242131886722341,0.3251292485903798,7.226876866831006,,25,cube,floor_1e-2,10
978,25,interaction,True,10,33.587457591214275,33.587457591214275,37.415911506109026,13.15552238509645,1.1139846296641456,0.39167961282480757,6.41203014998342,,25,cube,floor_1e-2,10
979,25,static,True,10,35.150264350369625,35.150264350369625,36.09756720489102,10.421288650873478,1.0269500918991363,0.2964782440039855,7.00401231255728,,25,cube,floor_1e-2,10
980,25,transport_free,True,10,35.54305141642759,35.54305141642759,37.35525026232199,16.465157829186936,1.0509860232500134,0.4632454776118893,11.969326188925725,,25,cube,floor_1e-2,10
981,25,transport_free,True,10,35.89125095711672,35.89125095711672,38.188741251558596,11.158944319234347,1.0640125443715223,0.3109098741798435,6.504612144474829,,25,cube,floor_1e-2,10
982,25,transport_free,True,10,36.11697154670115,36.11697154670115,36.0337988548006,7.50628315254467,0.997697129954736,0.2078325737482903,3.133932109266649,,25,cube,floor_1e-2,10
983,25,transport_free,True,10,35.190430749390075,35.190430749390075,36.629841263181106,7.56750970737682,1.0409034639002246,0.215044531886214,3.13081068666759,,25,cube,floor_1e-2,10
984,25,transport_free,True,10,35.850907509871845,35.850907509871845,36.82847854845856,7.504547343657874,1.0272676790208877,0.20932656562714444,2.6842953661762334,,25,cube,floor_1e-2,10
985,25,transport_free,True,10,35.933339326234034,35.933339326234034,36.94956762280597,9.614047627888263,1.0282809311805323,0.2675523012376778,2.621937292322426,,25,cube,floor_1e-2,10
986,25,transport_free,True,10,35.88740479852625,35.88740479852625,36.79729612206542,12.069336605530623,1.0253540574652122,0.3363112120614044,5.537336671945538,,25,cube,floor_1e-2,10
987,25,static,True,10,36.030118268610416,36.030118268610416,36.56687618871716,7.81172340624466,1.0148974787178084,0.21681092879037994,4.764717056547562,,25,cube,floor_1e-2,10
988,26,transport_free,True,10,31.852138436258034,31.852138436258034,32.438283113210545,5.585402279327838,1.0184020510310632,0.17535407522183327,3.603195284828182,,26,cube,floor_1e-2,10
989,26,transport_free,True,10,29.534946360607915,29.534946360607915,27.965061228530708,6.99406049409323,0.9468465216455909,0.23680627039910668,2.980924240883856,,26,cube,floor_1e-2,10
990,26,transport_free,True,10,27.965061228530708,27.965061228530708,29.415744184739676,6.116314695448196,1.051874835687073,0.21871272318932622,2.043742911801872,,26,cube,floor_1e-2,10
991,26,interaction,True,10,27.982266497352388,27.982266497352388,29.81106440741506,5.715020366891212,1.0653556033509906,0.20423722172154826,1.6991872970242061,,26,cube,floor_1e-2,10
992,26,interaction,True,10,27.98038082114262,27.98038082114262,27.883900553204953,7.556289857625398,0.9965518600853078,0.270056719596743,7.234718892481122,,26,cube,floor_1e-2,10
993,26,interaction,True,10,27.172885213690392,27.172885213690392,18.88098656054828,18.901246551127414,0.6948465874001322,0.6955921832549634,18.601611805587794,,26,cube,floor_1e-2,10
994,26,interaction,True,10,14.537542822471167,14.537542822471167,19.6806719305691,17.931125953557547,1.3537825594672042,1.2334358132270336,17.764466542446808,,26,cube,floor_1e-2,10
995,26,interaction,True,10,14.026805037663507,14.026805037663507,18.605711562043123,20.504522981306067,1.32643973535561,1.461809936492963,20.01101310239922,,26,cube,floor_1e-2,10
996,26,interaction,True,10,17.111934714416883,17.111934714416883,31.363559946562706,36.70472397679454,1.8328471017446533,2.1449780278714274,36.52574866666438,,26,cube,floor_1e-2,10
997,26,interaction,True,10,22.821171582639277,22.821171582639277,33.109701052807445,15.121577002463454,1.4508326591784162,0.6626117746718522,13.404429345239162,,26,cube,floor_1e-2,10
998,26,interaction,True,10,20.687827865345966,20.687827865345966,23.272180113216468,9.96399897817817,1.1249213916846017,0.4816358219447869,6.485120187398637,,26,cube,floor_1e-2,10
999,26,interaction,True,10,20.68757130290694,20.68757130290694,24.002307609177862,8.158380497732669,1.160228393064446,0.3943614442835194,2.5186107552259216,,26,cube,floor_1e-2,10
1000,26,static,True,10,21.22011922339165,21.22011922339165,26.630052545131754,7.955210962132297,1.2549435874882624,0.3748900219826758,6.385238373181091,,26,cube,floor_1e-2,10
1001,26,transport_free,True,10,23.679126422933784,23.679126422933784,28.657726269723184,10.953708429676906,1.2102526823779913,0.46258921186670066,10.798066375098838,,26,cube,floor_1e-2,10
1002,26,transport_free,True,10,23.968284498796336,23.968284498796336,29.080029849123648,11.04742225973894,1.213271223085825,0.4609183548490394,10.46545413038166,,26,cube,floor_1e-2,10
1003,26,static,True,10,26.253939639034606,26.253939639034606,27.45726292083838,5.092255003504502,1.0458340080897675,0.1939615567613056,4.456209893585854,,26,cube,floor_1e-2,10
1004,26,transport_free,True,10,26.71830468883692,26.71830468883692,27.835998976287385,4.907547287906686,1.0418325301873455,0.18367734573957048,4.262857734095889,,26,cube,floor_1e-2,10
1005,26,transport_free,True,10,26.891009460087794,26.891009460087794,27.705494484822047,4.707378229609462,1.0302883767135305,0.17505397990344143,3.7731441349477404,,26,cube,floor_1e-2,10
1006,26,transport_free,True,10,24.89794686063641,24.89794686063641,28.037212618721767,3.957666096258476,1.1260853264591277,0.158955520244745,2.4965394543646475,,26,cube,floor_1e-2,10
1007,26,transport_free,True,10,25.698454650165402,25.698454650165402,27.13907642405143,7.91835656354109,1.0560586927695574,0.3081257869912472,2.7508768888488633,,26,cube,floor_1e-2,10
1008,26,interaction,True,10,25.441745187905504,25.441745187905504,28.887447236262513,9.678602316241548,1.135434972047241,0.38042210723981945,3.7831012963655906,,26,cube,floor_1e-2,10
1009,26,interaction,True,10,27.457313111986906,27.457313111986906,26.179064991210282,10.899857643122274,0.9534459866643475,0.3969746638597269,7.373584814783627,,26,cube,floor_1e-2,10
1010,26,interaction,True,10,23.70198406119644,23.70198406119644,30.407775488109827,11.826662422440497,1.282921101018363,0.4989735201873857,11.694854963415695,,26,cube,floor_1e-2,10
1011,26,interaction,True,10,22.46723331950076,22.46723331950076,37.36775921634322,23.975133307430212,1.6632114281694546,1.0671155173619284,22.151014193196005,,26,cube,floor_1e-2,10
1012,26,interaction,True,10,22.250724788523215,22.250724788523215,28.943624110029536,18.62449403088389,1.3007946655723537,0.8370286454889007,4.084767744702369,,26,cube,floor_1e-2,10
1013,26,interaction,True,10,19.626906356707714,19.626906356707714,28.504061599482334,22.3610077140738,1.4522951850606223,1.1393037347646833,20.59721792708084,,26,cube,floor_1e-2,10
1014,26,interaction,True,10,22.98992480919133,22.98992480919133,27.827191093346503,13.879350325012442,1.2104080950374072,0.603714472326743,10.197631221025071,,26,cube,floor_1e-2,10
1015,26,interaction,True,10,19.963331697764218,19.963331697764218,20.40808891883559,8.18410257860167,1.0222787071719688,0.40995674983040253,4.122653016064554,,26,cube,floor_1e-2,10
1016,26,interaction,True,10,19.39630152163128,19.39630152163128,20.32004281467999,7.476529790686115,1.0476246098782558,0.38546161918281624,4.251292943996685,,26,cube,floor_1e-2,10
1017,26,transport_free,True,10,19.924585255542453,19.924585255542453,17.380803023507767,9.15220449931427,0.872329476402673,0.4593422840140869,8.977831603511776,,26,cube,floor_1e-2,10
1018,26,transport_free,True,10,16.750538163362613,16.750538163362613,20.586339118124975,8.9026048600368,1.2289956846372951,0.5314817215550066,13.218509182677385,,26,cube,floor_1e-2,10
1019,26,transport_free,True,10,16.615292706501336,16.615292706501336,14.536537485103436,6.227277366949626,0.8748890399875705,0.37479191471077594,7.14357875343159,,26,cube,floor_1e-2,10
1020,26,transport_free,True,10,14.433120439346563,14.433120439346563,14.942978656598271,5.308126630267493,1.0353255707519606,0.36777401342795213,4.594334298771836,,26,cube,floor_1e-2,10
1021,26,transport_free,True,10,14.735707633551755,14.735707633551755,15.194763977262426,4.251480799795052,1.0311526500882418,0.2885155504927941,3.8561992143732864,,26,cube,floor_1e-2,10
1022,26,transport_free,True,10,14.680121714570872,14.680121714570872,15.422253702808842,4.066083000438401,1.0505535310038583,0.2769788343377683,3.114466492677951,,26,cube,floor_1e-2,10
1023,26,transport_free,True,10,14.600044549388155,14.600044549388155,18.14656516552988,4.011369990236306,1.2429116297655645,0.2747505308402919,2.2411360532938027,,26,cube,floor_1e-2,10
1024,26,transport_free,True,10,16.525509935333496,16.525509935333496,14.586658520568072,4.97607842505942,0.882675244373553,0.3011149697970878,3.3402023605516997,,26,cube,floor_1e-2,10
1025,26,transport_free,True,10,14.124785304949238,14.124785304949238,15.548162392434705,6.558939115532121,1.1007715909838802,0.4643567299556694,2.715508023254158,,26,cube,floor_1e-2,10
1026,27,transport_free,True,10,12.333791576194702,12.333791576194702,14.437947798380115,2.8167540733668206,1.1706009226105798,0.22837698010102608,1.5867818674614407,,27,cube,floor_1e-2,10
1027,27,transport_free,True,10,12.869498909548685,12.869498909548685,15.701616090821728,2.9399738262647963,1.2200642931926213,0.22844508919328987,1.637188219891569,,27,cube,floor_1e-2,10
1028,27,transport_free,True,10,15.118281991063032,15.118281991063032,17.815157584650375,3.824842672561238,1.1783850569252223,0.2529945317081823,2.2751932521315137,,27,cube,floor_1e-2,10
1029,27,interaction,True,10,16.567752296140178,16.567752296140178,19.30407346802005,3.881726360750907,1.1651594690075948,0.23429408475978003,1.8168024858233165,,27,cube,floor_1e-2,10
1030,27,interaction,True,10,17.92128290524247,17.92128290524247,19.345302648331312,6.885873808742157,1.07945969887414,0.3842288437245666,6.087458399834388,,27,cube,floor_1e-2,10
1031,27,interaction,True,10,17.214020870155707,17.214020870155707,19.234846597982752,10.845883609385092,1.1173941720571858,0.6300610235804244,5.979616475421871,,27,cube,floor_1e-2,10
1032,27,interaction,True,10,14.7959401380222,14.7959401380222,16.967174388833275,12.775745503361794,1.1467452713755915,0.8634629083508546,4.941812195356537,,27,cube,floor_1e-2,10
1033,27,interaction,True,10,12.253256149403514,12.253256149403514,19.10030403030657,14.377903397383276,1.5587941521353383,1.1733945020061618,12.162984449914783,,27,cube,floor_1e-2,10
1034,27,interaction,True,10,14.658972494529547,14.658972494529547,35.75105843749212,32.385068206510795,2.438851594191458,2.2092318011099548,31.097343188367823,,27,cube,floor_1e-2,10
1035,27,interaction,True,10,20.324993891958442,20.324993891958442,17.74397442128494,12.894651248546813,0.8730125340064835,0.6344233763164163,9.554642019662598,,27,cube,floor_1e-2,10
1036,27,interaction,True,10,13.810984400042212,13.810984400042212,9.090695095006748,6.945530072700347,0.6582220956660383,0.502898987611565,6.264937436109857,,27,cube,floor_1e-2,10
1037,27,interaction,True,10,8.447353498844684,8.447353498844684,9.095828700889117,5.204035036942917,1.0767666704291612,0.6160550801685588,3.674530390826428,,27,cube,floor_1e-2,10
1038,27,static,True,10,8.979765627481925,8.979765627481925,12.135346776356803,7.621050134886195,1.3514101903971134,0.8486914303823834,8.011899161276604,,27,cube,floor_1e-2,10
1039,27,transport_free,True,10,11.105734828775491,11.105734828775491,18.359142267972405,12.359754921412396,1.6531226930074892,1.1129164446991548,16.036382475946212,,27,cube,floor_1e-2,10
1040,27,transport_free,True,10,11.178805463138616,11.178805463138616,12.028597187477128,7.207361827934539,1.0760181154543431,0.6447345247844545,7.839348743170071,,27,cube,floor_1e-2,10
1041,27,transport_free,True,10,10.824792671322921,10.824792671322921,12.872193554752347,4.095665527867174,1.189139962823806,0.37835972034064225,3.633529404085273,,27,cube,floor_1e-2,10
1042,27,transport_free,True,10,11.413569503613338,11.413569503613338,10.926592867763167,4.9915085774116035,0.9573335374445302,0.43733107121583464,3.491923907527207,,27,cube,floor_1e-2,10
1043,27,transport_free,True,10,10.31363232202675,10.31363232202675,13.232570842957783,4.021335262662291,1.283017508263997,0.3899048499212013,2.2600098928854178,,27,cube,floor_1e-2,10
1044,27,transport_free,True,10,10.810911280522312,10.810911280522312,14.768430905200994,3.9495202046847875,1.366067163256517,0.36532722378367094,2.016965121605929,,27,cube,floor_1e-2,10
1045,27,transport_free,True,10,12.58630043088042,12.58630043088042,15.217563460410878,3.811612284469704,1.2090577007898737,0.30283817754087083,3.3000152082440986,,27,cube,floor_1e-2,10
1046,27,interaction,True,10,11.065481258400077,11.065481258400077,11.727531196184607,8.282358123423009,1.0598301982827862,0.7484860287604453,3.45935137944107,,27,cube,floor_1e-2,10
1047,27,interaction,True,10,10.447553111918495,10.447553111918495,12.968179460542087,7.725612625065455,1.2412647556438914,0.7394662216411354,5.311938199699593,,27,cube,floor_1e-2,10
1048,27,interaction,True,10,11.155378669716146,11.155378669716146,24.833721208434817,10.512220270136996,2.2261656859620276,0.942345444415513,9.365918809156598,,27,cube,floor_1e-2,10
1049,27,interaction,True,10,14.931873906234848,14.931873906234848,40.632623085222434,14.593429281444163,2.721200523147745,0.9773340823184044,13.740776305820967,,27,cube,floor_1e-2,10
1050,27,interaction,True,10,19.644681393488398,19.644681393488398,32.88754022355987,20.00617970719447,1.6741192979826625,1.0184018415196032,8.52359257295375,,27,cube,floor_1e-2,10
1051,27,interaction,True,10,23.611721812142342,23.611721812142342,32.321583031545906,26.133329201770284,1.3688786988386639,1.1067947271990646,17.418857448445213,,27,cube,floor_1e-2,10
1052,27,interaction,True,10,23.53840645527646,23.53840645527646,37.336437461542616,21.546823096921585,1.5861922315124752,0.9153900514829273,7.61007508943271,,27,cube,floor_1e-2,10
1053,27,interaction,True,10,14.95682948268262,14.95682948268262,14.522728325116596,7.662671272437308,0.9709763918838122,0.5123192238909546,7.093963680684249,,27,cube,floor_1e-2,10
1054,27,interaction,True,10,13.777509307068929,13.777509307068929,10.140597912514632,6.133393280489846,0.7360254808401197,0.44517431589343515,4.314402507570263,,27,cube,floor_1e-2,10
1055,27,transport_free,True,10,8.361108148478147,8.361108148478147,12.421679394827391,6.674434041012798,1.4856498892540138,0.7982714638403104,5.760349687943864,,27,cube,floor_1e-2,10
1056,27,transport_free,True,10,9.899849715316625,9.899849715316625,22.136205159352883,13.585173833493643,2.2360142624291246,1.3722606124490195,15.79058536555876,,27,cube,floor_1e-2,10
1057,27,transport_free,True,10,10.205004152549524,10.205004152549524,13.351019636126207,7.948963031744547,1.3082816465871512,0.778927956610253,9.346129817736788,,27,cube,floor_1e-2,10
1058,27,transport_free,True,10,10.80654357675925,10.80654357675925,15.770442881229954,7.065698276566817,1.459341996745949,0.6538351718455507,5.916934521933845,,27,cube,floor_1e-2,10
1059,27,transport_free,True,10,15.748202576651401,15.748202576651401,13.863381063511966,4.771765185061433,0.880315134126233,0.30300379753408474,3.269806774627363,,27,cube,floor_1e-2,10
1060,27,transport_free,True,10,13.505833396435804,13.505833396435804,11.15115069748899,5.848255890188455,0.8256543946730296,0.43301703186504675,3.9416882103384205,,27,cube,floor_1e-2,10
1061,27,transport_free,True,10,9.278773028684162,9.278773028684162,14.807690880732729,3.5609776346104374,1.595867345279016,0.38377677992576414,1.7806298798410165,,27,cube,floor_1e-2,10
1062,27,transport_free,True,10,11.922204002107508,11.922204002107508,17.130299411141074,4.382876410594646,1.4368399842942565,0.3676230007320691,3.136253650140925,,27,cube,floor_1e-2,10
1063,27,transport_free,True,10,10.594280730683693,10.594280730683693,14.368217240355856,7.951124285371577,1.3562239481479754,0.7505110056545065,3.1545011775455074,,27,cube,floor_1e-2,10
1064,28,transport_free,True,10,35.184031733898124,35.184031733898124,35.76776904618741,13.854362874872379,1.0165909727658324,0.3937684850802464,2.8460147997056606,,28,cube,floor_1e-2,10
1065,28,transport_free,True,10,34.26290164991161,34.26290164991161,35.3996568850841,10.800380481927967,1.0331774362483226,0.3152208354179433,3.118598050771083,,28,cube,floor_1e-2,10
1066,28,static,True,10,34.16583151834723,34.16583151834723,36.73525056644482,13.974131818744105,1.0752043469721437,0.409008977616714,1.3929193110735385,,28,cube,floor_1e-2,10
1067,28,interaction,True,10,34.67986839422946,34.67986839422946,37.0905557373721,16.16785575661674,1.0695125862572121,0.4662029155597079,2.871790144757875,,28,cube,floor_1e-2,10
1068,28,interaction,True,10,35.139999761802,35.139999761802,36.79344027402267,16.51798629873032,1.0470529460281328,0.470062219997103,6.218277522783683,,28,cube,floor_1e-2,10
1069,28,interaction,True,10,35.47244072779205,35.47244072779205,34.05206580454343,11.214907791697014,0.9599583537499359,0.3161583347973664,10.285597985692428,,28,cube,floor_1e-2,10
1070,28,interaction,True,10,32.76374075486452,32.76374075486452,30.149172899895056,21.2993545858578,0.920199348586859,0.6500892173826466,17.68282668527372,,28,cube,floor_1e-2,10
1071,28,interaction,True,10,24.725957841702268,24.725957841702268,21.28798814150039,21.441357588786403,0.8609570669734188,0.8671598376918637,20.697133729501346,,28,cube,floor_1e-2,10
1072,28,interaction,True,10,17.782492443753213,17.782492443753213,30.325498229309503,26.701944865062508,1.705357014784646,1.5015861780637278,19.94239348872022,,28,cube,floor_1e-2,10
1073,28,interaction,True,10,20.680952891907786,20.680952891907786,26.556815385374435,7.431027608092342,1.2841195240943566,0.3593174669915725,3.5927595496873908,,28,cube,floor_1e-2,10
1074,28,interaction,True,10,24.92838655439391,24.92838655439391,26.649409181483307,5.947000098227311,1.0690386689621534,0.23856337774813127,3.149306882863319,,28,cube,floor_1e-2,10
1075,28,interaction,True,10,26.649409181483307,26.649409181483307,23.30850921010558,4.931492180548151,0.8746351204776776,0.1850507133934766,4.327171952746779,,28,cube,floor_1e-2,10
1076,28,transport_free,True,10,23.30850921010558,23.30850921010558,21.724500735270087,7.82549815921237,0.9320416222008427,0.33573567870310494,7.494544229355581,,28,cube,floor_1e-2,10
1077,28,transport_free,True,10,21.65851104030923,21.65851104030923,23.502547340896207,9.639469527430098,1.0851414160998876,0.44506612248135735,10.790420706772721,,28,cube,floor_1e-2,10
1078,28,transport_free,True,10,19.29590210932756,19.29590210932756,24.05680528201797,7.200244625754618,1.246731308322144,0.3731488989195301,6.675545918395077,,28,cube,floor_1e-2,10
1079,28,static,True,10,22.121591406603624,22.121591406603624,23.397657543767494,3.790960801250333,1.0576841925026672,0.17136926234514369,1.7159797537256392,,28,cube,floor_1e-2,10
1080,28,transport_free,True,10,22.26731826808748,22.26731826808748,22.247788839601952,3.5136438713992035,0.9991229555238578,0.15779375985453983,2.353715879466289,,28,cube,floor_1e-2,10
1081,28,transport_free,True,10,20.686601286830815,20.686601286830815,22.251966693659547,3.703774288019476,1.075670497300359,0.17904218468102423,2.426710483994134,,28,cube,floor_1e-2,10
1082,28,transport_free,True,10,21.732584495677383,21.732584495677383,24.483797787923237,4.298457059524983,1.1265939305466899,0.19778858149061596,2.990632851189494,,28,cube,floor_1e-2,10
1083,28,transport_free,True,10,23.00490436212734,23.00490436212734,24.362539896325572,4.150786066166839,1.0590150479579166,0.1804304856402803,1.9816234344828136,,28,cube,floor_1e-2,10
1084,28,interaction,True,10,24.362539896325572,24.362539896325572,23.356388613985914,4.318361638537322,0.9587008872383044,0.1772541638480243,1.7367913673399538,,28,cube,floor_1e-2,10
1085,28,interaction,True,10,23.356388613985914,23.356388613985914,24.703088481044126,6.561011136465787,1.0576587369441097,0.2809086303923297,3.48780489224968,,28,cube,floor_1e-2,10
1086,28,interaction,True,10,24.52537443744924,24.52537443744924,25.477601866053277,11.637632487214795,1.038826213684633,0.47451395765214527,10.954685014017127,,28,cube,floor_1e-2,10
1087,28,interaction,True,10,23.37789006893589,23.37789006893589,32.354898086761004,18.450947936736604,1.3839956467993488,0.7892477842238588,17.065835322361238,,28,cube,floor_1e-2,10
1088,28,interaction,True,10,21.288713332661725,21.288713332661725,30.177355766195223,21.36993438655773,1.4175284008308902,1.0038152166656025,6.327543757406933,,28,cube,floor_1e-2,10
1089,28,interaction,True,10,20.69585243918002,20.69585243918002,28.1491259185864,28.331068943792044,1.3601336790214225,1.368924958614294,23.187806044400773,,28,cube,floor_1e-2,10
1090,28,interaction,True,10,20.365764728867163,20.365764728867163,31.36373042195498,13.456863376744181,1.540022230419804,0.6607590510789876,6.669475889879054,,28,cube,floor_1e-2,10
1091,28,interaction,True,10,23.8228741141345,23.8228741141345,25.58751229234813,6.1521465624844005,1.0740732696550095,0.2582453541503723,4.216481444043563,,28,cube,floor_1e-2,10
1092,28,interaction,True,10,25.49581034638112,25.49581034638112,25.685972241172824,4.252874317036679,1.007458554649105,0.1668067913613239,1.7670461568015747,,28,cube,floor_1e-2,10
1093,28,interaction,True,10,25.685972241172824,25.685972241172824,21.98024741176002,5.80492124892074,0.8557296257031383,0.22599577677717242,4.762306799461402,,28,cube,floor_1e-2,10
1094,28,transport_free,True,10,21.98024741176002,21.98024741176002,21.8175917736257,12.13185641133041,0.9925999177767538,0.5519435784348607,12.089399338676385,,28,cube,floor_1e-2,10
1095,28,transport_free,True,10,20.57184250737674,20.57184250737674,22.80250163355943,7.836737442160528,1.108432636764685,0.38094484922050115,8.416297299911314,,28,cube,floor_1e-2,10
1096,28,transport_free,True,10,20.74202003157824,20.74202003157824,24.763053571346745,4.6944195238416775,1.193859302693121,0.22632412449196174,3.639846623164312,,28,cube,floor_1e-2,10
1097,28,transport_free,True,10,22.73866070812511,22.73866070812511,22.97219846213875,3.847685273087416,1.0102705149178022,0.16921336407964163,2.8672557519643296,,28,cube,floor_1e-2,10
1098,28,transport_free,True,10,21.118339340161263,21.118339340161263,21.35936545127148,3.40509681518878,1.0114131185803918,0.1612388531286276,2.4212756617599367,,28,cube,floor_1e-2,10
1099,28,transport_free,True,10,20.582669318185726,20.582669318185726,22.16239985043562,3.499671339198904,1.0767505180124586,0.17003000364519216,2.0643588462920013,,28,cube,floor_1e-2,10
1100,28,transport_free,True,10,21.440359090780195,21.440359090780195,25.792571553650255,4.193019385327958,1.2029915844432664,0.19556665854216237,2.539457605889279,,28,cube,floor_1e-2,10
1101,28,interaction,True,10,24.21649739180654,24.21649739180654,23.463513816996112,4.709046951786449,0.9689061732327485,0.194456154232268,3.3606664285767818,,28,cube,floor_1e-2,10
1102,29,transport_free,True,10,34.13990573539987,34.13990573539987,34.11237241733902,4.7705849072210516,0.99919351511178,0.13973632335705027,2.096980972683188,,29,cube,floor_1e-2,10
1103,29,transport_free,True,10,33.67273938401712,33.67273938401712,34.395666789647215,5.718127643645905,1.021469218687127,0.16981474475343797,2.506056545539147,,29,cube,floor_1e-2,10
1104,29,transport_free,True,10,34.066816943579354,34.066816943579354,35.40635324341772,4.744923834182995,1.0393208529595492,0.13928286408564158,1.6754603943305435,,29,cube,floor_1e-2,10
1105,29,interaction,True,10,35.028452586600764,35.028452586600764,35.77691299228355,5.328164953504005,1.0213672129487412,0.1521096297454532,2.6539773834623257,,29,cube,floor_1e-2,10
1106,29,interaction,True,10,35.37711275548655,35.37711275548655,37.16687934797325,6.921643178734092,1.0505910870922932,0.19565313954742197,5.334330742214059,,29,cube,floor_1e-2,10
1107,29,interaction,True,10,36.15885441599837,36.15885441599837,38.030907449055704,11.431655050746226,1.0517730183462075,0.3161509189209359,6.41425095140555,,29,cube,floor_1e-2,10
1108,29,interaction,True,10,33.51000775334212,33.51000775334212,38.071075357410756,17.908193508490463,1.1361106102284841,0.5344132905103368,16.59020561576184,,29,cube,floor_1e-2,10
1109,29,interaction,True,10,30.009043586594547,30.009043586594547,30.388564580763763,31.562128693674765,1.0126468873649392,1.0517539022061337,27.67680042810042,,29,cube,floor_1e-2,10
1110,29,interaction,True,10,14.971974410965537,14.971974410965537,26.686936190624913,29.012082299604977,1.7824593776408868,1.9377592763153808,29.393610064918377,,29,cube,floor_1e-2,10
1111,29,interaction,True,10,23.63957088150394,23.63957088150394,29.1627075559433,16.321154067793728,1.2336394641901376,0.69041668097976,8.444567370061149,,29,cube,floor_1e-2,10
1112,29,interaction,True,10,27.499464653600576,27.499464653600576,28.41666216799154,12.431639288323522,1.0333532861800956,0.45206841096435,3.57020848548829,,29,cube,floor_1e-2,10
1113,29,interaction,True,10,27.525551603306244,27.525551603306244,27.420773448902175,11.77315081459891,0.9961934221731824,0.4277171620126506,1.4806207592473335,,29,cube,floor_1e-2,10
1114,29,transport_free,True,10,26.589849684217437,26.589849684217437,24.636261716497764,8.425545114960952,0.9265288073862546,0.31687073131376087,5.885030614080302,,29,cube,floor_1e-2,10
1115,29,transport_free,True,10,23.12324303957264,23.12324303957264,21.3089664739366,10.90158860325566,0.9215388359439407,0.4714558673538529,7.448434255461618,,29,cube,floor_1e-2,10
1116,29,transport_free,True,10,19.213561610559182,19.213561610559182,18.592933276578325,9.466604823131052,0.9676984233032683,0.4927043207818636,6.729438161003135,,29,cube,floor_1e-2,10
1117,29,transport_free,True,10,17.242108576510937,17.242108576510937,18.192987184516852,7.930808772393632,1.055148626618748,0.45996745335415856,4.706599754500118,,29,cube,floor_1e-2,10
1118,29,transport_free,True,10,17.228122336905823,17.228122336905823,17.862523087560692,6.469320753882943,1.036823557335431,0.3755093345270983,4.463794572551683,,29,cube,floor_1e-2,10
1119,29,transport_free,True,10,16.423688437063262,16.423688437063262,17.692121203748854,5.5188140866555795,1.0772319063130256,0.33602768999205423,3.7928640061460652,,29,cube,floor_1e-2,10
1120,29,transport_free,True,10,16.40449878449592,16.40449878449592,19.4593617674592,6.2462047955690805,1.1862210496702565,0.3807616969969506,2.9071181213995607,,29,cube,floor_1e-2,10
1121,29,transport_free,True,10,18.750657232266462,18.750657232266462,24.496642546029506,8.29076083966385,1.306441808550329,0.44215841274069917,2.4221606228910812,,29,cube,floor_1e-2,10
1122,29,transport_free,True,10,23.73795691337748,23.73795691337748,27.91381873800634,10.884275713508654,1.1759149635272765,0.4585177971813927,7.049920614283269,,29,cube,floor_1e-2,10
1123,29,interaction,True,10,26.949670907850948,26.949670907850948,30.25561154216535,13.218282720145176,1.1226709092522285,0.4904803017944995,3.8738686560551687,,29,cube,floor_1e-2,10
1124,29,interaction,True,10,28.676568136928488,28.676568136928488,28.918285906464988,15.77531354414323,1.008429103802879,0.5501116266359795,7.740224848671145,,29,cube,floor_1e-2,10
1125,29,interaction,True,10,25.87135312585921,25.87135312585921,25.737255953925665,15.628056117453335,0.9948167700668308,0.6040679836661738,6.543700972795807,,29,cube,floor_1e-2,10
1126,29,interaction,True,10,20.266766303008502,20.266766303008502,21.93176967467664,15.415993795289054,1.082154367735566,0.7606538490060265,6.465020984422372,,29,cube,floor_1e-2,10
1127,29,interaction,True,10,18.253541857556286,18.253541857556286,20.82891116849796,12.141422696310133,1.141088744915309,0.6651543459925306,5.718686165775723,,29,cube,floor_1e-2,10
1128,29,interaction,True,10,19.13916338061942,19.13916338061942,25.744923883087225,15.10549499720689,1.3451436393064542,0.7892453132252857,7.639862386042044,,29,cube,floor_1e-2,10
1129,29,interaction,True,10,22.462705787418447,22.462705787418447,29.06867689370125,17.023969624022904,1.2940861697072517,0.7578770690019977,4.340622676518964,,29,cube,floor_1e-2,10
1130,29,interaction,True,10,26.706055672417868,26.706055672417868,27.824081386822556,13.27410472274154,1.0418641273020108,0.4970447484107919,4.92119913449523,,29,cube,floor_1e-2,10
1131,29,interaction,True,10,26.48207454607324,26.48207454607324,27.040696581708396,10.025236710515147,1.021094345711597,0.3785668941107066,1.6451657850063457,,29,cube,floor_1e-2,10
1132,29,transport_free,True,10,25.963420583031805,25.963420583031805,24.087306509915116,10.733851073109369,0.9277401039236406,0.41342206966844713,5.806970343810222,,29,cube,floor_1e-2,10
1133,29,transport_free,True,10,22.707694240506072,22.707694240506072,18.410623633777494,13.560537723086089,0.8107658769218652,0.5971781009318309,11.053594831082545,,29,cube,floor_1e-2,10
1134,29,transport_free,True,10,16.757861739735684,16.757861739735684,17.433893548559606,7.003229772345959,1.0403411735532426,0.4179071221085524,5.0530894699393025,,29,cube,floor_1e-2,10
1135,29,static,True,10,15.212034616363756,15.212034616363756,17.51711445801213,5.096403670978293,1.1515300155292032,0.3350244592196783,1.4574888856631416,,29,cube,floor_1e-2,10
1136,29,transport_free,True,10,15.322579429002094,15.322579429002094,18.262079765019774,5.621883235784397,1.191841089787656,0.3669018824039165,2.3757236617471533,,29,cube,floor_1e-2,10
1137,29,transport_free,True,10,15.976059184706001,15.976059184706001,19.966241701565103,4.905366996730379,1.249760123615399,0.30704486882637005,1.8482364260995825,,29,cube,floor_1e-2,10
1138,29,transport_free,True,10,18.713206216091606,18.713206216091606,23.89865015051165,7.749092410858914,1.277100774423201,0.41409752670792566,2.437683942955822,,29,cube,floor_1e-2,10
1139,29,transport_free,True,10,22.58645353303329,22.58645353303329,26.977277829360673,7.505459701071311,1.1944007849619103,0.3322991672904459,2.1846965474920554,,29,cube,floor_1e-2,10
380,10,transport_free,True,10,2.007670461589631,2.007670461589631,2.0019993142160404,0.6327164138718095,0.9971752598436397,0.3151495357314955,0.3341493165275171,,10,cube,pca90,10
381,10,transport_free,True,10,1.7757170995305152,1.7757170995305152,1.5333493703633703,0.5399512742508497,0.8635099424163765,0.3040750547447047,0.5330150557656073,,10,cube,pca90,10
382,10,transport_free,True,10,1.4514267249076127,1.4514267249076127,1.4978369285332347,0.48940244709466346,1.031975574673655,0.33718715433313745,0.3124051592905291,,10,cube,pca90,10
383,10,interaction,True,10,1.3756141268485507,1.3756141268485507,1.1218744565122813,0.7475339471154181,0.8155444427445859,0.5434183413251021,0.3544177042605718,,10,cube,pca90,10
384,10,interaction,True,10,1.1028429899834966,1.1028429899834966,1.4290104760765345,0.954578127976748,1.295751515905196,0.8655612237160184,0.8046711612657492,,10,cube,pca90,10
385,10,interaction,True,10,1.395752964891407,1.395752964891407,2.613640816936953,1.5571906324911273,1.8725669102485485,1.1156634960917173,1.4546281898845863,,10,cube,pca90,10
386,10,interaction,True,10,1.8128609407029264,1.8128609407029264,2.8951020097803246,1.8266327345434967,1.5969796385252613,1.007596718276268,1.6798822785670282,,10,cube,pca90,10
387,10,interaction,True,10,2.260298683057524,2.260298683057524,2.5699537499857605,0.9774259285330109,1.1369974106737804,0.43243219839018754,0.7142543605740089,,10,cube,pca90,10
388,10,interaction,True,10,2.069503143446994,2.069503143446994,2.627429613928377,1.460270761291575,1.269594405907542,0.7056141788986738,1.4696533599864503,,10,cube,pca90,10
389,10,interaction,True,10,2.1863036677906926,2.1863036677906926,2.360092776466648,0.6781555464378664,1.079489922299574,0.31018360186129007,0.6932870100187277,,10,cube,pca90,10
390,10,interaction,True,10,2.1458677596696183,2.1458677596696183,1.7497397615917931,0.6573410750009466,0.8153996226967808,0.30632879031751337,0.44777177456169004,,10,cube,pca90,10
391,10,interaction,True,10,1.7336964508091635,1.7336964508091635,2.0667447258228506,0.672291952248506,1.1921029917655104,0.38777950542306816,0.5287350409200209,,10,cube,pca90,10
392,10,static,True,10,2.055089658938326,2.055089658938326,1.9395978322716463,0.7185245436637839,0.9438020496262224,0.3496317255739484,0.5189668087280335,,10,cube,pca90,10
393,10,transport_free,True,10,1.9012006968861463,1.9012006968861463,2.6413671420255938,1.2083780023602364,1.3893152607989878,0.6355867659523587,1.1478457730103644,,10,cube,pca90,10
394,10,transport_free,True,10,1.9650933031411257,1.9650933031411257,3.245592193288786,1.3657935011641382,1.6516224385380747,0.6950273042918471,1.322203922800323,,10,cube,pca90,10
395,10,transport_free,True,10,2.5189545732104497,2.5189545732104497,4.474740948843172,1.4619121103608275,1.7764278071676536,0.5803646186828991,0.9317387524156883,,10,cube,pca90,10
396,10,transport_free,True,10,3.039511142864577,3.039511142864577,3.0265361286111934,0.7203232288778361,0.9957312167504819,0.23698653994700275,0.7476681795304168,,10,cube,pca90,10
397,10,transport_free,True,10,2.563415301715909,2.563415301715909,2.2601284470904695,0.8647895707313235,0.8816864148300807,0.33735835553156257,0.8822413957574752,,10,cube,pca90,10
398,10,transport_free,True,10,2.015446962661075,2.015446962661075,1.9909736064627954,0.6989924928478558,0.9878571073058818,0.34681760711030973,0.47618292518554894,,10,cube,pca90,10
399,10,transport_free,True,10,1.9041877804844658,1.9041877804844658,2.5696118169477584,0.6487772594708382,1.3494529495898744,0.34071075663859973,0.6037098661109089,,10,cube,pca90,10
400,10,interaction,True,10,1.9960607910720334,1.9960607910720334,2.064079998157002,0.6153896846586482,1.0340767212046869,0.30830207547343186,0.24627772668287803,,10,cube,pca90,10
401,10,interaction,True,10,2.034219965542614,2.034219965542614,2.341594419940221,0.6172369130872382,1.151101876691893,0.30342682873166793,0.42992009441925355,,10,cube,pca90,10
402,10,interaction,True,10,2.267847969984098,2.267847969984098,2.474570128312167,1.2019402764081528,1.091153446379176,0.5299915568928462,1.0764566275090448,,10,cube,pca90,10
403,10,interaction,True,10,2.220041344229454,2.220041344229454,2.9502430465933163,2.366409887910319,1.32891356021899,1.0659305485734851,2.263661033403144,,10,cube,pca90,10
404,10,interaction,True,10,2.7943509688900408,2.7943509688900408,5.703280722676964,3.317794648995854,2.0410037200668443,1.1873220958760715,3.3481040173752303,,10,cube,pca90,10
405,10,interaction,True,10,5.213959057049509,5.213959057049509,2.9892895827584365,2.8417380661246474,0.5733243299478505,0.5450250059563642,2.809724930846875,,10,cube,pca90,10
406,10,interaction,True,10,2.317725037843935,2.317725037843935,2.50416963494608,1.3097103993640475,1.0804429317791662,0.5650844591049534,1.1669529720414915,,10,cube,pca90,10
407,10,interaction,True,10,2.148892179093756,2.148892179093756,2.361541638925746,0.8340435487698428,1.0989577150034908,0.388127220567009,0.8309238926441886,,10,cube,pca90,10
408,10,interaction,True,10,2.009439038755111,2.009439038755111,1.9002631016433655,0.6713468840783049,0.9456684502460039,0.33409666634834473,0.424101590517229,,10,cube,pca90,10
409,10,interaction,True,10,1.9002631016433655,1.9002631016433655,1.8537336141977951,0.6064827294114283,0.9755141867432298,0.3191572413772263,0.30548544654796084,,10,cube,pca90,10
410,10,transport_free,True,10,1.8411310915504966,1.8411310915504966,2.029674678733566,1.0121000484105167,1.1024063892290739,0.5497164504229751,0.8703886776410107,,10,cube,pca90,10
411,10,transport_free,True,10,1.960083828877611,1.960083828877611,3.099598333485223,1.371036321692953,1.5813600866551325,0.6994784108177863,1.400016321429208,,10,cube,pca90,10
412,10,transport_free,True,10,1.661243377193192,1.661243377193192,3.158690087227879,1.9089360530253123,1.9014011616797215,1.1491007754990226,1.8613718681629212,,10,cube,pca90,10
413,10,static,True,10,2.9186101360138546,2.9186101360138546,3.0087843060599466,0.6037705504328059,1.0308962711166518,0.20686920222151242,0.48451756390179834,,10,cube,pca90,10
414,10,transport_free,True,10,2.6820702999898596,2.6820702999898596,2.286121047711509,1.5601482632350543,0.8523717844831108,0.5816955145586427,1.4058092407691463,,10,cube,pca90,10
415,10,transport_free,True,10,1.8288460652131744,1.8288460652131744,1.9546414689557623,0.6907907174819288,1.0687840306165544,0.37771944321700396,0.4453471608552337,,10,cube,pca90,10
416,10,transport_free,True,10,1.8098357785748795,1.8098357785748795,2.2682855347471857,0.5193250575939362,1.2533101409528458,0.28694595594903577,0.3954332628681987,,10,cube,pca90,10
417,10,transport_free,True,10,1.8982734956280853,1.8982734956280853,1.8393262815049072,0.5065985970262021,0.9689469329583227,0.26687334474876756,0.307989811277958,,10,cube,pca90,10
418,11,transport_free,True,10,3.5122515206002394,3.5122515206002394,4.205180888672853,0.8960809795682851,1.1972892214604816,0.25513007092816237,0.3967264662477467,,11,cube,pca90,10
419,11,transport_free,True,10,3.9133555860658342,3.9133555860658342,4.740162783400388,0.818547176802662,1.2112783209066258,0.20916759512405106,0.6239186433036141,,11,cube,pca90,10
420,11,transport_free,True,10,4.715560548919075,4.715560548919075,5.247931756124114,0.7814005717060875,1.1128966963062477,0.16570682607080597,0.32462846945264545,,11,cube,pca90,10
421,11,interaction,True,10,5.196358719590298,5.196358719590298,4.721209314763161,1.01699641380766,0.9085610847003651,0.1957132809121854,0.7159919760235158,,11,cube,pca90,10
422,11,interaction,True,10,4.4899775427314195,4.4899775427314195,4.365750014909143,1.2972585540332209,0.9723322607652276,0.28892317203975376,1.2213240281063789,,11,cube,pca90,10
423,11,interaction,True,10,3.9486326259047244,3.9486326259047244,4.568452260722776,1.1866581224997579,1.1569707018960866,0.30052381037293047,1.1911886492980481,,11,cube,pca90,10
424,11,interaction,True,10,3.8441505115045347,3.8441505115045347,4.6471990616166075,1.8190372827718977,1.2089014328936287,0.4731961657921551,1.2555054326020683,,11,cube,pca90,10
425,11,interaction,True,10,3.904574171316627,3.904574171316627,5.860941117375223,2.509438778659424,1.5010448925340576,0.6426920500304488,2.2101215809227845,,11,cube,pca90,10
426,11,interaction,True,10,4.868967749729871,4.868967749729871,6.0330389864818414,2.4595162134558857,1.2390796769636754,0.5051412003277983,2.1614170174890472,,11,cube,pca90,10
427,11,interaction,True,10,5.645962243860401,5.645962243860401,5.3368962262014525,1.576819276310626,0.9452589294242913,0.2792826462885595,1.4083187534304187,,11,cube,pca90,10
428,11,interaction,True,10,4.82594116363429,4.82594116363429,4.594804508909974,1.435213430136929,0.952105372426411,0.29739555072737506,1.147924910735752,,11,cube,pca90,10
429,11,interaction,True,10,4.3275168006608284,4.3275168006608284,4.754646128963338,0.9396383137575619,1.0987007903094184,0.2171310608462746,0.6618544317814048,,11,cube,pca90,10
430,11,transport_free,True,10,4.433562474023028,4.433562474023028,4.701773817852082,1.8946762460263922,1.0604956725884767,0.4273484939318239,1.7504038298319473,,11,cube,pca90,10
431,11,transport_free,True,10,4.319519915579038,4.319519915579038,5.060368044046367,2.728493901305444,1.1715116825356777,0.6316660079433122,2.6499025884141862,,11,cube,pca90,10
432,11,transport_free,True,10,4.660031058728487,4.660031058728487,6.052172973376894,1.667482912872181,1.2987409090419797,0.3578265663592298,1.534661449569513,,11,cube,pca90,10
433,11,static,True,10,5.322605013187289,5.322605013187289,5.515950225462111,0.9814440351213642,1.036325297818604,0.18439167150102967,0.7102583776205095,,11,cube,pca90,10
434,11,transport_free,True,10,5.285447310377047,5.285447310377047,5.242425601907048,0.9806562453469989,0.9918603467325209,0.18553893128811494,0.8243619322667406,,11,cube,pca90,10
435,11,transport_free,True,10,4.981868261118155,4.981868261118155,4.749513784249516,0.8648349235556738,0.9533599716632234,0.1735965060147066,0.6140681860078323,,11,cube,pca90,10
436,11,transport_free,True,10,4.47196226631124,4.47196226631124,4.669132749003595,0.9469558758665699,1.0440903726262865,0.2117539951086572,0.6913806715241241,,11,cube,pca90,10
437,11,transport_free,True,10,4.221264967873875,4.221264967873875,4.72434380453283,0.8299106998401431,1.119177270436151,0.19660237065339783,0.504426658511223,,11,cube,pca90,10
438,11,interaction,True,10,4.40061493057935,4.40061493057935,4.695536866791368,0.7849016163170685,1.0670183464957683,0.17836180367949955,0.4943097368911085,,11,cube,pca90,10
439,11,interaction,True,10,4.385738924749408,4.385738924749408,4.904480666742103,1.3208620574794125,1.1182792115292943,0.30117206704338517,1.1278942231354763,,11,cube,pca90,10
440,11,interaction,True,10,4.673236257133028,4.673236257133028,5.658331277641929,1.7729317308862205,1.2107950393060685,0.3793798629761321,1.6821135158605698,,11,cube,pca90,10
441,11,interaction,True,10,5.454893539101889,5.454893539101889,7.1776482105876545,3.478381435276335,1.3158182023419298,0.6376625703769513,3.388898711337238,,11,cube,pca90,10
442,11,interaction,True,10,4.108028358553069,4.108028358553069,6.109928739740729,1.8056907079036106,1.4873141581458726,0.4395516657386493,0.8571761754795285,,11,cube,pca90,10
443,11,interaction,True,10,4.1223844383444295,4.1223844383444295,6.302221377980983,3.3790265541089886,1.528780605554582,0.8196776900957891,3.4971568781301494,,11,cube,pca90,10
444,11,interaction,True,10,5.594471295655661,5.594471295655661,6.8965083883376765,2.2111524107261467,1.2327363970377507,0.39523885169331335,1.545619962393094,,11,cube,pca90,10
445,11,interaction,True,10,5.1213757365538015,5.1213757365538015,4.7419368164794555,1.40581034258828,0.9259107435984237,0.27449857516883863,1.1397027828227506,,11,cube,pca90,10
446,11,interaction,True,10,4.515211222031171,4.515211222031171,4.716309067294075,1.2074163269064195,1.044537859996822,0.2674108181285177,0.9572305629291217,,11,cube,pca90,10
447,11,transport_free,True,10,4.441869086471824,4.441869086471824,4.7602519109755,1.198556136177517,1.0716776695363093,0.26983148599040097,1.0748215564200374,,11,cube,pca90,10
448,11,transport_free,True,10,4.580706873222262,4.580706873222262,4.739934717316428,2.688702458097957,1.0347605399125133,0.586962347190448,2.7306333154144404,,11,cube,pca90,10
449,11,transport_free,True,10,4.388347600301584,4.388347600301584,5.5284090786910784,1.9432334493456103,1.2597928838433732,0.44281666502718786,1.7154007797359947,,11,cube,pca90,10
450,11,transport_free,True,10,4.88879053143671,4.88879053143671,5.564270212059955,1.4268262580374724,1.1381690780735365,0.2918566972469894,1.3006966097843615,,11,cube,pca90,10
451,11,transport_free,True,10,5.059604999855047,5.059604999855047,5.433192452100512,1.0140407510902476,1.0738372762806914,0.20041895585115813,0.9797435319393737,,11,cube,pca90,10
452,11,transport_free,True,10,5.037564147985901,5.037564147985901,5.385468019383073,1.4944915196921373,1.0690619238141652,0.2966694767131966,1.497270173191488,,11,cube,pca90,10
453,11,transport_free,True,10,4.827926810166009,4.827926810166009,4.831755558013246,0.836106970329952,1.0007930418164532,0.17318136815359103,0.7036517022662542,,11,cube,pca90,10
454,11,transport_free,True,10,4.486378010642179,4.486378010642179,4.9108791442472,0.9805684792749012,1.0946200103063224,0.21856572873460187,0.6396975185975446,,11,cube,pca90,10
455,11,transport_free,True,10,4.320421172682316,4.320421172682316,4.748517226518214,0.6149353809132607,1.0990866484366653,0.1423322764922663,0.39637889155910355,,11,cube,pca90,10
456,12,transport_free,True,10,2.7821298142493864,2.7821298142493864,2.6708125979967043,0.6486845699442418,0.9599884895080946,0.2331611438912155,0.43945511492208006,,12,cube,pca90,10
457,12,transport_free,True,10,2.599940447014834,2.599940447014834,2.5157687550484873,0.561667410313746,0.9676255307836031,0.21603087522971304,0.4690140520237074,,12,cube,pca90,10
458,12,transport_free,True,10,2.418453586888387,2.418453586888387,2.592049107523306,0.5048774778969207,1.071779554330116,0.20876045777107613,0.2737403315752507,,12,cube,pca90,10
459,12,interaction,True,10,2.313115911948185,2.313115911948185,2.794766022507088,0.6331296350235209,1.2082256700025207,0.273712887345225,0.2178069366314522,,12,cube,pca90,10
460,12,interaction,True,10,2.2506276884389402,2.2506276884389402,3.1811936772894702,0.9580038441801435,1.4134695372453987,0.4256607386024942,0.8210948793948489,,12,cube,pca90,10
461,12,interaction,True,10,2.877887103630084,2.877887103630084,4.516619163301974,1.3955351175778694,1.5694219407025525,0.48491656111790543,1.3574048810465613,,12,cube,pca90,10
462,12,interaction,True,10,4.218390753546133,4.218390753546133,7.047428769356868,3.0059530517200157,1.6706438974228601,0.712582884644601,2.8394413238390253,,12,cube,pca90,10
463,12,interaction,True,10,5.481603773969502,5.481603773969502,5.2484824759707305,4.787790134851804,0.9574720633574805,0.8734287139810412,4.689562852638961,,12,cube,pca90,10
464,12,interaction,True,10,3.9132665748449327,3.9132665748449327,6.377666531264118,7.413803638289338,1.6297551953809433,1.894530693601705,7.417686360285365,,12,cube,pca90,10
465,12,interaction,True,10,4.294252107366036,4.294252107366036,5.547533811531785,4.4821271298875995,1.2918509842531052,1.0437503476331296,4.7461875595219745,,12,cube,pca90,10
466,12,interaction,True,10,4.515352340624561,4.515352340624561,4.384798309123074,1.4356546711231624,0.97108663474013,0.31794964441791124,1.459155211416784,,12,cube,pca90,10
467,12,interaction,True,10,4.041960528075129,4.041960528075129,4.388273762232142,0.7356237554371603,1.0856795190728732,0.18199676872833803,0.5399547529436849,,12,cube,pca90,10
468,12,static,True,10,3.731511476829654,3.731511476829654,4.080352975228783,1.3527490271392142,1.0934853076468385,0.36252039837983546,1.3073805111658041,,12,cube,pca90,10
469,12,transport_free,True,10,4.034107668353358,4.034107668353358,4.646387022927913,2.0763111897999535,1.151775660173313,0.5146890862849632,2.19956050249258,,12,cube,pca90,10
470,12,transport_free,True,10,4.0181661123064,4.0181661123064,5.037147370188025,2.3782855986874925,1.2535936119616362,0.5918833448431958,2.346906681761564,,12,cube,pca90,10
471,12,transport_free,True,10,4.148342507969189,4.148342507969189,6.632218060790164,2.5825899878128737,1.598763373094029,0.6225594880007086,2.522714017440577,,12,cube,pca90,10
472,12,transport_free,True,10,5.785383355007141,5.785383355007141,5.450915920118858,1.5703702574549,0.9421875069698176,0.2714375454646016,1.5897613610746444,,12,cube,pca90,10
473,12,transport_free,True,10,4.695359527134214,4.695359527134214,4.71291210479864,1.8683055634430432,1.0037382819277183,0.39790468709503757,1.897951018091935,,12,cube,pca90,10
474,12,transport_free,True,10,4.001988502735076,4.001988502735076,4.16199370666744,0.4809199185314502,1.0399814251897554,0.12017023992017356,0.35302074860945337,,12,cube,pca90,10
475,12,transport_free,True,10,3.9689351978527885,3.9689351978527885,4.452136603431391,0.6508791349928335,1.1217458541122105,0.1639933892961926,0.5389851882484769,,12,cube,pca90,10
476,12,transport_free,True,10,3.8824187674228794,3.8824187674228794,3.610878413761882,1.0281173772289764,0.9300589735606384,0.26481362233663247,0.33291302921742966,,12,cube,pca90,10
477,12,interaction,True,10,3.5618966886090058,3.5618966886090058,4.040692812473306,1.131335416716118,1.1344216763488668,0.3176216256732387,0.8340457716863834,,12,cube,pca90,10
478,12,interaction,True,10,3.839720321119275,3.839720321119275,5.998946917849105,2.025088716692606,1.5623395497983608,0.5274052658351674,1.9279892742744182,,12,cube,pca90,10
479,12,interaction,True,10,4.760428492334063,4.760428492334063,6.0154266387586475,3.701188264888583,1.2636313408437003,0.777490570617493,3.5351517031195963,,12,cube,pca90,10
480,12,interaction,True,10,5.219775432170276,5.219775432170276,7.220132597924861,4.504198614832031,1.3832266716736659,0.8629104208338092,3.6655588080551533,,12,cube,pca90,10
481,12,interaction,True,10,5.392106228399136,5.392106228399136,6.283133599989286,3.6220785343746265,1.1652466279127234,0.6717372360540431,3.1701228565585358,,12,cube,pca90,10
482,12,interaction,True,10,5.309841101178438,5.309841101178438,7.552276956542729,3.717684229313803,1.422316941813309,0.7001498083414812,2.422963577990052,,12,cube,pca90,10
483,12,interaction,True,10,4.755522775161885,4.755522775161885,4.624156121232924,1.905797856158879,0.9723759804883936,0.40075464807210454,1.0923912739500783,,12,cube,pca90,10
484,12,interaction,True,10,4.149523107201227,4.149523107201227,4.332651916715339,0.9729040732224352,1.0441324954176792,0.23446165934924512,0.7877017303448753,,12,cube,pca90,10
485,12,interaction,True,10,4.190553133123522,4.190553133123522,4.179041515110835,0.8523567466521392,0.9972529597771482,0.20339957985852242,0.6908398652591499,,12,cube,pca90,10
486,12,transport_free,True,10,3.8664558263357174,3.8664558263357174,4.280073302244324,1.8594327031060705,1.1069758700180459,0.4809139911649463,1.906640511232967,,12,cube,pca90,10
487,12,transport_free,True,10,4.0658094856079385,4.0658094856079385,5.621154654726887,2.0336935268414083,1.3825425600054613,0.5001940041805282,2.040525150006741,,12,cube,pca90,10
488,12,transport_free,True,10,4.481393370134864,4.481393370134864,5.633122384118568,1.6170606985640097,1.2570024362643808,0.36083882065352935,1.5868921246466072,,12,cube,pca90,10
489,12,transport_free,True,10,5.09737784234394,5.09737784234394,5.781870181421005,0.8434136315284013,1.1342832256598645,0.16546029303971949,0.699583179116429,,12,cube,pca90,10
490,12,transport_free,True,10,5.335303177230633,5.335303177230633,5.134824796675984,1.41859678454962,0.9624241821139187,0.2658886922497183,1.439926634164123,,12,cube,pca90,10
491,12,transport_free,True,10,4.654688402506109,4.654688402506109,4.592135725870257,0.8173828737010469,0.9865613610994513,0.17560420870728183,0.7109417129263029,,12,cube,pca90,10
492,12,transport_free,True,10,4.077226168706982,4.077226168706982,4.2987461344130935,0.530763715026801,1.0543310467803562,0.13017764849555133,0.4242512793176616,,12,cube,pca90,10
493,12,transport_free,True,10,4.172274689268395,4.172274689268395,4.418106353714311,0.4938496404690864,1.0589202971410836,0.11836460378299841,0.36140359698586316,,12,cube,pca90,10
494,13,transport_free,True,10,2.986353303631721,2.986353303631721,3.3970112258215845,0.6430041587454778,1.1375114999589835,0.21531416191229513,0.4058668822743369,,13,cube,pca90,10
495,13,transport_free,True,10,2.7917776901770015,2.7917776901770015,4.032367077232238,0.7440508367209994,1.4443725556731497,0.2665150736532413,0.48349088261485695,,13,cube,pca90,10
496,13,transport_free,True,10,3.5107343325604283,3.5107343325604283,4.286906150987197,0.8704903198259715,1.2210853185979174,0.24795106589313198,0.2197918905120848,,13,cube,pca90,10
497,13,interaction,True,10,4.060056540220007,4.060056540220007,4.119667491419184,0.9354551753538303,1.0146822958273254,0.23040447000847425,0.7211218287325112,,13,cube,pca90,10
498,13,interaction,True,10,3.971600581273721,3.971600581273721,4.909535448583298,1.7301041860686681,1.2361604215015938,0.4356188772421347,1.4352683748003197,,13,cube,pca90,10
499,13,interaction,True,10,4.491864793958175,4.491864793958175,6.172784179422861,2.237613433523723,1.3742141543809647,0.49814799335310495,1.9857216693555917,,13,cube,pca90,10
500,13,interaction,True,10,5.141023860935513,5.141023860935513,8.17756217558302,8.589149004023746,1.5906485549932747,1.6707078660515644,8.6373295202182,,13,cube,pca90,10
501,13,interaction,True,10,5.528056310812325,5.528056310812325,8.914341877500442,5.255056251778311,1.6125635080932301,0.9506155430254838,3.6254324725815095,,13,cube,pca90,10
502,13,interaction,True,10,6.65287145601919,6.65287145601919,5.722817699905605,3.439288038713112,0.8602026565127576,0.5169629477210798,1.9482061765184384,,13,cube,pca90,10
503,13,interaction,True,10,4.985107107387641,4.985107107387641,5.854485607865579,1.9959110556503579,1.1743951497430354,0.4003747587875359,1.2620986879537868,,13,cube,pca90,10
504,13,interaction,True,10,4.4141070944669085,4.4141070944669085,5.244374400579737,1.7498806034762127,1.188094055795241,0.3964291228161843,1.2815035332349025,,13,cube,pca90,10
505,13,interaction,True,10,4.644398036015882,4.644398036015882,4.972424689415359,0.7655555155909689,1.0706284540764446,0.16483417434386993,0.6621904562629598,,13,cube,pca90,10
506,13,static,True,10,4.751264043074812,4.751264043074812,5.0346683131190115,0.6933757159004663,1.0596481836149,0.1459349995315654,0.5666831933505687,,13,cube,pca90,10
507,13,transport_free,True,10,4.7844190813908565,4.7844190813908565,4.3650763215867325,1.7701341859449125,0.9123524188265258,0.36997891610914757,1.7466855530499772,,13,cube,pca90,10
508,13,transport_free,True,10,3.8611833305511523,3.8611833305511523,4.76797710934401,2.085046279168382,1.2348486723274599,0.5400018856060789,1.9166146036453044,,13,cube,pca90,10
509,13,transport_free,True,10,3.7054762760562747,3.7054762760562747,3.9283351275177276,1.1795600149977048,1.060143105732859,0.31832885359965285,0.6283266016221951,,13,cube,pca90,10
510,13,transport_free,True,10,3.6993208906217694,3.6993208906217694,3.695028239666203,0.8202512066482077,0.9988396110847132,0.2217302123553663,0.797411714296496,,13,cube,pca90,10
511,13,transport_free,True,10,3.254902509546709,3.254902509546709,3.6317803800701354,0.7624329497268513,1.1157877599768455,0.23424140891796813,0.6543114544580301,,13,cube,pca90,10
512,13,transport_free,True,10,3.3796894134979416,3.3796894134979416,4.736773942982183,0.9749543550926353,1.4015411960827708,0.2884745418318094,0.5888584119052547,,13,cube,pca90,10
513,13,transport_free,True,10,4.3936261963656875,4.3936261963656875,4.913895839296501,1.337466735905985,1.1184146351278517,0.3044106795002972,1.0818804817653787,,13,cube,pca90,10
514,13,interaction,True,10,4.540390330467014,4.540390330467014,4.294720183494757,0.7707975217237385,0.9458922847835887,0.16976459414767012,0.6503690339444612,,13,cube,pca90,10
515,13,interaction,True,10,4.126240589828943,4.126240589828943,4.350274424716312,1.739663985129646,1.0542949035593332,0.42160992488364946,1.7281035862602396,,13,cube,pca90,10
516,13,interaction,True,10,4.08015776231017,4.08015776231017,6.206035917467595,2.5590689361348358,1.5210284207132618,0.6271985264329338,2.4908874793734475,,13,cube,pca90,10
517,13,interaction,True,10,5.669375449751642,5.669375449751642,7.644924688758147,6.597208764722129,1.3484597653685202,1.163657059440495,6.046832910791371,,13,cube,pca90,10
518,13,interaction,True,10,6.43588227705067,6.43588227705067,7.175368161518689,4.052227172659922,1.11490046782007,0.6296304062474104,1.4659028180908358,,13,cube,pca90,10
519,13,interaction,True,10,5.646745407398542,5.646745407398542,6.536894032753429,4.826201256696407,1.1576392348393443,0.8546872416760579,4.0092477267201065,,13,cube,pca90,10
520,13,interaction,True,10,4.896410271405353,4.896410271405353,5.124925119234373,1.9705935480880288,1.0466698734710873,0.4024567874951449,1.3936158354348147,,13,cube,pca90,10
521,13,interaction,True,10,4.4675654583496005,4.4675654583496005,4.952243682674019,1.3847301708289856,1.1084882200032649,0.3099518482132168,1.126050965834684,,13,cube,pca90,10
522,13,interaction,True,10,4.453577164861999,4.453577164861999,5.364024724988683,0.9775852495303733,1.2044306242878124,0.21950562735128118,0.8980508362848635,,13,cube,pca90,10
523,13,static,True,10,4.888794173202138,4.888794173202138,5.1405192340189565,1.098493573500471,1.051490214539333,0.22469622049581253,0.9328451669991878,,13,cube,pca90,10
524,13,transport_free,True,10,4.919946131079297,4.919946131079297,4.599372211648046,1.135602546078148,0.9348419858896044,0.23081605282312898,1.1255070136657062,,13,cube,pca90,10
525,13,transport_free,True,10,4.164807421999738,4.164807421999738,4.890860973597702,1.8761921425818207,1.1743306419794433,0.4504871300101949,1.701617273092454,,13,cube,pca90,10
526,13,transport_free,True,10,4.174306599456514,4.174306599456514,5.50331229270783,1.638495989271613,1.318377594358869,0.39251932033093634,1.2888134682282288,,13,cube,pca90,10
527,13,transport_free,True,10,4.414767080225318,4.414767080225318,4.119254865082347,0.7838669167827725,0.9330627845653209,0.1775556677256835,0.9187304102977666,,13,cube,pca90,10
528,13,transport_free,True,10,3.8032281499672207,3.8032281499672207,3.7999354288964176,0.9905861719733977,0.9991342299381036,0.2604593079649811,1.000727196316445,,13,cube,pca90,10
529,13,transport_free,True,10,3.534652102375329,3.534652102375329,4.6319914657513905,0.9362363268686407,1.3104518723748333,0.2648736848074747,0.5085367228752966,,13,cube,pca90,10
530,13,transport_free,True,10,4.3477721720805995,4.3477721720805995,5.700288917093456,0.836880424261928,1.311082708909657,0.192484884473936,0.44649937972525444,,13,cube,pca90,10
531,13,interaction,True,10,4.947949369771843,4.947949369771843,5.047260637847041,0.9087738210941573,1.020071197308912,0.18366675832337026,0.5473040291080729,,13,cube,pca90,10
532,14,transport_free,True,10,3.8723888842628096,3.8723888842628096,4.234727289931737,1.546080023510156,1.0935697360204322,0.3992574273191791,0.7411091969061232,,14,cube,pca90,10
533,14,transport_free,True,10,4.168155630319411,4.168155630319411,4.882748029123242,1.1798832509079547,1.1714409110844717,0.2830708244973901,0.48298682485563443,,14,cube,pca90,10
534,14,static,True,10,4.655654741633293,4.655654741633293,4.961465020641578,0.9766727964354578,1.0656857726741569,0.20978205013819867,0.25659418250667454,,14,cube,pca90,10
535,14,interaction,True,10,4.799224714539905,4.799224714539905,5.009692493939834,0.8758314007499844,1.043854537330225,0.18249435124313598,0.28222598626610423,,14,cube,pca90,10
536,14,interaction,True,10,4.902941286390105,4.902941286390105,5.1465814797519505,1.596554525112113,1.0496926597995693,0.325631989423151,1.352449988423485,,14,cube,pca90,10
537,14,interaction,True,10,4.946272962451337,4.946272962451337,5.722712519092359,2.072414707733265,1.1569746681057052,0.4189851072647215,1.8751614204106706,,14,cube,pca90,10
538,14,interaction,True,10,4.190169799601323,4.190169799601323,7.462720239689484,2.8814040589205514,1.7810066409240817,0.6876580655978918,2.605574490741824,,14,cube,pca90,10
539,14,interaction,True,10,4.488199751429566,4.488199751429566,9.248024299019768,6.991021354804314,2.0605197654302527,1.5576448781223602,7.381794232795964,,14,cube,pca90,10
540,14,interaction,True,10,6.173432649561131,6.173432649561131,4.156447056522998,5.225144423948889,0.6732797282268042,0.8463920675186023,4.996542646976053,,14,cube,pca90,10
541,14,interaction,True,10,1.781830038298955,1.781830038298955,2.946468112040467,2.3234896420903564,1.653619059454934,1.3039906119825566,2.249200498989981,,14,cube,pca90,10
542,14,interaction,True,10,2.422475480048184,2.422475480048184,2.238335984994979,1.3193361505261332,0.9239870551550259,0.5446231185381869,0.7489171086748957,,14,cube,pca90,10
543,14,interaction,True,10,2.076315885587886,2.076315885587886,1.82217902133928,0.815479093775761,0.8776020228845622,0.3927529040432435,0.5960843540279424,,14,cube,pca90,10
544,14,transport_free,True,10,1.6882199409361986,1.6882199409361986,1.8497316173132972,0.8474762742896228,1.0956698072690294,0.5019939960072126,1.0381504832621384,,14,cube,pca90,10
545,14,transport_free,True,10,1.605841145532242,1.605841145532242,2.118186882639098,1.1807001990480475,1.3190513199467455,0.735253423000763,1.2847595860513807,,14,cube,pca90,10
546,14,transport_free,True,10,1.3898522493439596,1.3898522493439596,2.962382739333826,1.4735980700805822,2.1314371658801394,1.0602551967492606,1.441307910505052,,14,cube,pca90,10
547,14,transport_free,True,10,2.4520291705734714,2.4520291705734714,4.462774438150202,1.6162474196593197,1.8200331756683241,0.6591468972130204,1.359619375811354,,14,cube,pca90,10
548,14,transport_free,True,10,3.2522385622908017,3.2522385622908017,3.0511002937438807,0.6965303209125175,0.9381539008610599,0.21416950434961257,0.9286799362137048,,14,cube,pca90,10
549,14,transport_free,True,10,2.5065300011319187,2.5065300011319187,2.3596903094669655,0.8350135021413956,0.9414171417861975,0.3331352514289929,0.8361847969094954,,14,cube,pca90,10
550,14,transport_free,True,10,1.6138906774734543,1.6138906774734543,1.9264696383359987,0.527486764630912,1.1936803807255933,0.3268416950376667,0.3584813108490357,,14,cube,pca90,10
551,14,transport_free,True,10,1.4843344237450937,1.4843344237450937,2.0899633247356135,0.44182599191731464,1.4080137813299984,0.29765933124595506,0.2616138422824608,,14,cube,pca90,10
552,14,interaction,True,10,1.9504611875588242,1.9504611875588242,2.1480355423106943,0.8545034233089035,1.1012962247145004,0.4381032695033479,0.26479907538602954,,14,cube,pca90,10
553,14,interaction,True,10,1.6226275407058834,1.6226275407058834,1.762837216977167,0.7663409113563169,1.0864090327286624,0.47228392969525185,0.3434596691740201,,14,cube,pca90,10
554,14,interaction,True,10,1.6006509209660675,1.6006509209660675,2.7725245650514547,1.3530399837606142,1.7321231810981665,0.8453060976868032,1.1471392764680193,,14,cube,pca90,10
555,14,interaction,True,10,2.2281612561901376,2.2281612561901376,2.449892235278287,1.2571800551018821,1.0995129856387862,0.5642231017208756,0.9996441415789118,,14,cube,pca90,10
556,14,interaction,True,10,2.14765016500015,2.14765016500015,2.7979105016949175,1.5009366436314457,1.3027775879386398,0.6988738985948119,1.0914185612281122,,14,cube,pca90,10
557,14,interaction,True,10,2.0211739873337575,2.0211739873337575,3.017991938098662,1.6845290788395875,1.4931876013701633,0.8334409058280742,1.4563229486342877,,14,cube,pca90,10
558,14,interaction,True,10,2.4684157671095437,2.4684157671095437,2.9801965082275355,1.2859444133382731,1.2073316610342653,0.520959406625442,0.9382876066307346,,14,cube,pca90,10
559,14,interaction,True,10,2.433836436604209,2.433836436604209,2.2639065692019456,1.3594312587378554,0.9301802434844977,0.5585548964147283,0.932618984687565,,14,cube,pca90,10
560,14,interaction,True,10,1.9754170141856975,1.9754170141856975,1.9865020467361771,0.5219862610058256,1.0056114898630906,0.26424104746358973,0.43586501276457096,,14,cube,pca90,10
561,14,interaction,True,10,1.9418511051500795,1.9418511051500795,1.9802662815814878,0.7934608859496364,1.0197827610621255,0.4086105694948801,0.3650532751005755,,14,cube,pca90,10
562,14,transport_free,True,10,1.8849300507962945,1.8849300507962945,1.6549382739709197,0.8231064090688742,0.8779839194944057,0.4366774293407601,0.9305792584777174,,14,cube,pca90,10
563,14,transport_free,True,10,1.597023693192174,1.597023693192174,2.1166926566478734,1.0112677404145636,1.3253984055909471,0.6332202488450339,1.0892483995218605,,14,cube,pca90,10
564,14,transport_free,True,10,1.628815544589032,1.628815544589032,1.8444438035570188,0.6250257338850365,1.1323834731835103,0.3837302117857288,0.5149378622237537,,14,cube,pca90,10
565,14,transport_free,True,10,1.433309254367773,1.433309254367773,1.9587636590147697,0.5417373431604382,1.3666022549186516,0.37796263542538583,0.38513922687683194,,14,cube,pca90,10
566,14,transport_free,True,10,1.4846741779792203,1.4846741779792203,2.102306350031168,0.8541122819327744,1.4160051957612698,0.5752860086078285,0.7223957687457745,,14,cube,pca90,10
567,14,transport_free,True,10,1.6158076527053327,1.6158076527053327,1.8079748110078313,0.4948324666171603,1.1189294765257207,0.3062446608596429,0.4817467919548509,,14,cube,pca90,10
568,14,transport_free,True,10,1.6162464246806083,1.6162464246806083,2.180978894319555,0.5501632295511799,1.3494098802109,0.34039563593150685,0.4298335996455085,,14,cube,pca90,10
569,14,transport_free,True,10,1.7401857192382257,1.7401857192382257,2.1106607174846683,0.5399755697253984,1.212893942382552,0.31029766751664595,0.5368380098683553,,14,cube,pca90,10
570,15,transport_free,True,10,3.191073219837472,3.191073219837472,3.1306827475063983,0.5693265312001713,0.9810751843750707,0.17841224314782983,0.5468740099944771,,15,cube,pca90,10
571,15,transport_free,True,10,2.6875998397937315,2.6875998397937315,2.498780335739382,0.4686750411917727,0.9297441898683693,0.1743842346812101,0.32115276999518766,,15,cube,pca90,10
572,15,transport_free,True,10,2.2748682972062424,2.2748682972062424,2.5586539878762475,0.616554182702918,1.1247481847711893,0.27102851776522885,0.33126232134020284,,15,cube,pca90,10
573,15,interaction,True,10,2.475528317401821,2.475528317401821,2.8723253455324462,0.5008670400375728,1.160287816277974,0.20232733211602094,0.225239275625342,,15,cube,pca90,10
574,15,interaction,True,10,2.5664587826588017,2.5664587826588017,3.3878191237818482,0.848717255951465,1.3200364434733423,0.3306958450632939,0.7428291426809251,,15,cube,pca90,10
575,15,interaction,True,10,3.108422297659147,3.108422297659147,5.723325979135861,3.9836312038902273,1.8412317989888034,1.2815604903137428,4.034954972174708,,15,cube,pca90,10
576,15,interaction,True,10,4.435390622500669,4.435390622500669,5.199655563450149,6.053283499627685,1.1723106274050308,1.3647689718509732,6.577659889634201,,15,cube,pca90,10
577,15,interaction,True,10,3.2726666774217676,3.2726666774217676,6.5483945968663235,6.800317762239416,2.0009353968260526,2.0779133448435267,6.707716602313718,,15,cube,pca90,10
578,15,interaction,True,10,3.595013041616701,3.595013041616701,3.380074631698646,2.9984237019472317,0.940212063925811,0.8340508552366255,3.4275533639148543,,15,cube,pca90,10
579,15,interaction,True,10,2.642065104486309,2.642065104486309,3.113423928294101,1.1118594977422822,1.1784054537518436,0.4208297122785922,0.9813616668557922,,15,cube,pca90,10
580,15,interaction,True,10,2.478193475137487,2.478193475137487,2.9046053927473943,0.828126208772206,1.1720656284054862,0.33416527687623854,0.5724628245970959,,15,cube,pca90,10
581,15,interaction,True,10,2.5357334077632503,2.5357334077632503,3.123723753295744,0.9343913691208265,1.2318817679068066,0.36848959210780974,0.34129284720881675,,15,cube,pca90,10
582,15,static,True,10,2.692343360010214,2.692343360010214,3.248183760990119,0.9332081668588045,1.2064522709977812,0.34661558429726597,0.8168607143648828,,15,cube,pca90,10
583,15,transport_free,True,10,2.76909122136175,2.76909122136175,3.513135659527436,2.1143769941107644,1.2686962540005413,0.7635635033615765,1.969991797412758,,15,cube,pca90,10
584,15,transport_free,True,10,2.853862802044588,2.853862802044588,4.195005206478491,2.4349865006375957,1.469939340977804,0.8532247937402956,2.3788119170057467,,15,cube,pca90,10
585,15,transport_free,True,10,3.7219897429750146,3.7219897429750146,5.176037197321254,1.4031819415390399,1.390664014346264,0.3769977991442464,1.3074408491336396,,15,cube,pca90,10
586,15,transport_free,True,10,4.41087724390375,4.41087724390375,3.903389964143127,0.9479805693350767,0.8849464059644783,0.21491882836804757,0.9369541697610497,,15,cube,pca90,10
587,15,transport_free,True,10,3.7109048136220912,3.7109048136220912,3.373037869469901,0.9836440028001361,0.9089529478331163,0.26506850814101957,0.8825426421509498,,15,cube,pca90,10
588,15,transport_free,True,10,3.0741502308243343,3.0741502308243343,2.939206862802425,0.3075776808596882,0.9561038472782366,0.10005291146009189,0.20593088489090122,,15,cube,pca90,10
589,15,transport_free,True,10,2.725729970509052,2.725729970509052,2.666758626116701,0.3545651549311284,0.978364935253899,0.130080807257995,0.2476610104598108,,15,cube,pca90,10
590,15,interaction,True,10,2.488712180125465,2.488712180125465,3.014323690006693,0.6462348773387896,1.211198190806753,0.25966637785579955,0.40279950381067386,,15,cube,pca90,10
591,15,interaction,True,10,2.606520684697168,2.606520684697168,3.057993783225209,0.9422583366364798,1.1732090986956791,0.36150042551684325,0.7256248488369342,,15,cube,pca90,10
592,15,interaction,True,10,2.4639450768332485,2.4639450768332485,2.641272621476552,1.563232213502884,1.0719689518693376,0.6344427999637097,1.3918541070483093,,15,cube,pca90,10
593,15,interaction,True,10,2.144064128334046,2.144064128334046,2.6512957793832808,1.4229210079713657,1.2365748506987793,0.6636559929189181,1.3399786987667743,,15,cube,pca90,10
594,15,interaction,True,10,2.0410583218021223,2.0410583218021223,2.4310776890737884,1.3488910370061544,1.1910868313293979,0.6608782427222222,1.2833714792911057,,15,cube,pca90,10
595,15,interaction,True,10,1.9584762199549384,1.9584762199549384,3.051083765645165,2.1211326305232436,1.5578865520845413,1.0830525328370073,1.9575789876782785,,15,cube,pca90,10
596,15,interaction,True,10,2.172326632387257,2.172326632387257,2.828606489462782,1.1028353379272793,1.3021091981707706,0.5076747306252601,0.8236906151794556,,15,cube,pca90,10
597,15,interaction,True,10,2.2516934793792798,2.2516934793792798,2.861766959300151,0.9476497763662326,1.2709398439476092,0.4208609142606166,0.8571424903029479,,15,cube,pca90,10
598,15,interaction,True,10,2.5314324490375393,2.5314324490375393,3.0553186606319174,0.8053104895193934,1.2069524753834777,0.3181244239108872,0.2543229945025655,,15,cube,pca90,10
599,15,static,True,10,2.600805712306272,2.600805712306272,3.1058447694401883,0.7654531504803144,1.1941856151515722,0.2943138531488177,0.589214211451987,,15,cube,pca90,10
600,15,transport_free,True,10,2.6747030662507063,2.6747030662507063,3.2062700121698073,1.5153097460032654,1.1987386759399168,0.5665338201923726,1.4633087856078875,,15,cube,pca90,10
601,15,transport_free,True,10,2.7021234134345615,2.7021234134345615,3.770301097042033,1.6205661562228921,1.3953104726070795,0.5997380238688117,1.481299432755114,,15,cube,pca90,10
602,15,transport_free,True,10,3.0066379834365464,3.0066379834365464,3.439377031588287,1.2481783202786305,1.143927885743373,0.4151408740110373,1.202024411060947,,15,cube,pca90,10
603,15,transport_free,True,10,2.872190369381405,2.872190369381405,3.1545641973263066,0.7587359229045324,1.0983130613329497,0.2641663070083841,0.5289899964648459,,15,cube,pca90,10
604,15,transport_free,True,10,2.898868183297286,2.898868183297286,3.4052299813422318,1.056799052130988,1.1746756892784929,0.36455574565965376,0.9599206645428027,,15,cube,pca90,10
605,15,transport_free,True,10,3.1106102411416408,3.1106102411416408,3.2188799422999943,0.5663825275918719,1.0348065790198828,0.1820808406340233,0.47487142437365676,,15,cube,pca90,10
606,15,transport_free,True,10,3.0326188979513886,3.0326188979513886,2.99656054982977,0.4461037039808901,0.9881098320181355,0.14710180177345875,0.39644507337631874,,15,cube,pca90,10
607,15,transport_free,True,10,2.8303354442457547,2.8303354442457547,3.056110748246528,0.5065344102643795,1.079769804126853,0.17896621098188026,0.4096613565540973,,15,cube,pca90,10
608,16,transport_free,True,10,2.8898811362587034,2.8898811362587034,2.713131180402382,0.5731242801132548,0.9388383301864294,0.19832105650380924,0.5370801670866842,,16,cube,pca90,10
609,16,transport_free,True,10,2.6590114817599035,2.6590114817599035,2.733184658064869,0.6012021737783357,1.0278950191880605,0.2260998788092565,0.38066106498928187,,16,cube,pca90,10
610,16,transport_free,True,10,2.632680200900536,2.632680200900536,2.7179870969593285,0.6317000163565285,1.03240306058807,0.23994559466069934,0.4761099322690665,,16,cube,pca90,10
611,16,interaction,True,10,2.434203798853347,2.434203798853347,2.849513279691973,0.45177712495751887,1.17061409608935,0.1855954399423468,0.21300804542500287,,16,cube,pca90,10
612,16,interaction,True,10,2.6098575957972647,2.6098575957972647,3.511549498086279,1.481381290088823,1.3454946751658163,0.5676100077162591,1.5079870071445771,,16,cube,pca90,10
613,16,interaction,True,10,3.141702155541717,3.141702155541717,5.552674441570246,3.0473896467043566,1.7674095654725774,0.9699804423945789,2.926043530766864,,16,cube,pca90,10
614,16,interaction,True,10,4.555628937821542,4.555628937821542,7.121628918213062,4.740379126221947,1.5632592152289202,1.0405542661445888,4.989176183614007,,16,cube,pca90,10
615,16,interaction,True,10,6.52059872727377,6.52059872727377,7.3342286973930895,5.764229132241267,1.1247784143986874,0.8840030453233031,4.620429952853382,,16,cube,pca90,10
616,16,interaction,True,10,6.294372498008757,6.294372498008757,7.062609369354294,4.823989529710673,1.1220513834522141,0.7663972113561369,4.415229624060317,,16,cube,pca90,10
617,16,interaction,True,10,5.287142217289796,5.287142217289796,5.368418322602508,2.2145122952824177,1.0153724076206851,0.418848633963469,1.4191399435874765,,16,cube,pca90,10
618,16,interaction,True,10,4.510525413427523,4.510525413427523,4.475096107311858,1.4028370958123935,0.9921451931053987,0.31101412080203433,1.4307550552211155,,16,cube,pca90,10
619,16,interaction,True,10,3.7009506374737065,3.7009506374737065,3.94947387705636,1.040746273469955,1.0671511900391888,0.28121052546120295,0.4512906233150854,,16,cube,pca90,10
620,16,static,True,10,3.7455217235052776,3.7455217235052776,3.6935066100934155,1.4051402949111067,0.9861127188008448,0.3751520879168989,1.2131883858399892,,16,cube,pca90,10
621,16,transport_free,True,10,3.513290424899976,3.513290424899976,4.451641991256481,2.607407284264811,1.2670862504579934,0.742155349806882,2.538991237695285,,16,cube,pca90,10
622,16,transport_free,True,10,4.222744489377069,4.222744489377069,6.218855239814353,2.7371057600947526,1.4727046013460658,0.648181713807298,2.739486584712807,,16,cube,pca90,10
623,16,static,True,10,4.9625552397898485,4.9625552397898485,5.529036538668722,0.8995603202431035,1.1141511321298385,0.18126958326436637,0.5952618979771962,,16,cube,pca90,10
624,16,transport_free,True,10,4.943321334125908,4.943321334125908,5.02300919365798,1.361066383516575,1.0161203074099092,0.2753343939267186,1.348416140774125,,16,cube,pca90,10
625,16,transport_free,True,10,4.22862741514485,4.22862741514485,4.130851757519045,1.0101139895621627,0.9768776844051993,0.23887514561922252,0.8371390807056726,,16,cube,pca90,10
626,16,transport_free,True,10,3.927668753482692,3.927668753482692,3.8535849168956298,0.7771751797201929,0.9811379621763237,0.1978718747682238,0.4773149995006863,,16,cube,pca90,10
627,16,transport_free,True,10,3.6151976063572544,3.6151976063572544,4.332441326384061,1.0737342755910106,1.1983968231129463,0.2970056944336514,0.7568088759909187,,16,cube,pca90,10
628,16,interaction,True,10,3.758006259750882,3.758006259750882,4.228128207314299,1.620486608805539,1.1250987664918315,0.4312091297349145,0.29963648507012536,,16,cube,pca90,10
629,16,interaction,True,10,3.9718285355405376,3.9718285355405376,4.437628144835355,1.5976934125639417,1.1172758605077664,0.4022563910469783,1.2331669638653706,,16,cube,pca90,10
630,16,interaction,True,10,4.147419928944956,4.147419928944956,6.022686417235832,2.7293491621158386,1.4521525479499533,0.6580836300340934,2.520568153903106,,16,cube,pca90,10
631,16,interaction,True,10,4.72238770181697,4.72238770181697,7.751021843144949,6.6218590017576195,1.6413353440173266,1.4022268860326346,6.712516064737198,,16,cube,pca90,10
632,16,interaction,True,10,5.091678506640358,5.091678506640358,7.410432054925032,3.3404474792360777,1.4554006199057248,0.6560601724715344,2.1996689834400383,,16,cube,pca90,10
633,16,interaction,True,10,5.979895164966914,5.979895164966914,7.032145447308656,5.380291607853849,1.175964670502307,0.899730088810615,4.593202639582081,,16,cube,pca90,10
634,16,interaction,True,10,4.883058084705064,4.883058084705064,5.140993579137632,2.7130735941761843,1.0528225325110272,0.5556095272907353,1.6268218010093318,,16,cube,pca90,10
635,16,interaction,True,10,4.30467283790407,4.30467283790407,4.0991192960305405,1.2147341369929374,0.9522487423286707,0.28218965360080356,1.2079897433955458,,16,cube,pca90,10
636,16,interaction,True,10,3.338245107061656,3.338245107061656,3.843485010738739,0.8575187877192452,1.151348953558955,0.25687711962949256,0.6128753415449334,,16,cube,pca90,10
637,16,interaction,True,10,3.721481196742925,3.721481196742925,3.6300602188231137,1.0485039656129107,0.9754342496746125,0.28174372250774,0.6233205137715562,,16,cube,pca90,10
638,16,transport_free,True,10,3.473228635734286,3.473228635734286,3.761618863293522,2.621167980255992,1.0830323188609399,0.7546776371955839,2.5726685571324275,,16,cube,pca90,10
639,16,transport_free,True,10,3.6118795761419573,3.6118795761419573,5.0834209782561715,2.0938529159217953,1.4074170722175756,0.5797128259072115,2.02263045249261,,16,cube,pca90,10
640,16,transport_free,True,10,4.778360371461636,4.778360371461636,6.163914720677972,1.8685447596712277,1.2899643897709023,0.3910430805577071,0.9676630389603331,,16,cube,pca90,10
641,16,transport_free,True,10,5.078668904231706,5.078668904231706,5.514167671726131,1.5153179556011132,1.0857505727793269,0.2983691168247851,0.7374913532240249,,16,cube,pca90,10
642,16,transport_free,True,10,4.778937453910078,4.778937453910078,5.083843389846692,1.6979841652972496,1.063802035259353,0.3553057937404006,1.3855211070516722,,16,cube,pca90,10
643,16,transport_free,True,10,4.135275448267031,4.135275448267031,4.237310669212159,0.9474842262531555,1.0246743469018222,0.22912239779582702,0.5126441677558196,,16,cube,pca90,10
644,16,transport_free,True,10,3.4394199879883116,3.4394199879883116,3.44907705612774,0.8281813130718998,1.0028077606611447,0.24079098102709354,0.38998970377823733,,16,cube,pca90,10
645,16,interaction,True,10,3.286928177937006,3.286928177937006,3.60847077622807,0.8027740969488456,1.09782464991154,0.24423232072344683,0.32916285763555614,,16,cube,pca90,10
646,17,transport_free,True,10,2.796633821802181,2.796633821802181,2.900829748289178,0.7288344013837127,1.0372576222438203,0.2606113091037582,0.38400989307666317,,17,cube,pca90,10
647,17,transport_free,True,10,2.424761379737455,2.424761379737455,2.8114680540495582,0.7056573906581062,1.1594823629012,0.2910213749505167,0.39180341603598207,,17,cube,pca90,10
648,17,transport_free,True,10,2.353578749687605,2.353578749687605,3.018790958016573,1.0741243762836499,1.2826386023485565,0.4563791954810182,0.2761070791320612,,17,cube,pca90,10
649,17,interaction,True,10,2.6420210040868732,2.6420210040868732,3.1908558839495447,1.0109668242258092,1.2077329737400624,0.38264904883873785,0.26784159295293963,,17,cube,pca90,10
650,17,interaction,True,10,2.758434047471061,2.758434047471061,2.8773766433562136,1.5745795603363515,1.0431196083858518,0.5708237112937066,1.3087646058192528,,17,cube,pca90,10
651,17,interaction,True,10,2.4029748781475813,2.4029748781475813,2.5884600568437763,2.4783851166039748,1.0771898118382257,1.0313820336376243,2.4163342892863255,,17,cube,pca90,10
652,17,interaction,True,10,1.6204218710346967,1.6204218710346967,3.018596673786954,3.379906109029818,1.862846168485416,2.085818618870917,3.372202564369954,,17,cube,pca90,10
653,17,interaction,True,10,2.500710264232522,2.500710264232522,6.157393298805923,5.854901596859761,2.4622577780699646,2.3412954633737444,5.863506174332431,,17,cube,pca90,10
654,17,interaction,True,10,4.849761095425897,4.849761095425897,7.361562040691502,6.942660622702704,1.51792261429839,1.4315469331573356,6.909529236299511,,17,cube,pca90,10
655,17,interaction,True,10,5.390773612364515,5.390773612364515,5.9082858107278176,2.658759478766912,1.0959996163029948,0.4932055526629174,1.4820654374125968,,17,cube,pca90,10
656,17,interaction,True,10,4.893152108365085,4.893152108365085,6.088115675228105,2.876936826185399,1.2442114081882252,0.5879516439448375,1.381842376134965,,17,cube,pca90,10
657,17,interaction,True,10,4.772640621165703,4.772640621165703,5.265511819511081,1.4145031192648014,1.103270126009403,0.29637746303205065,0.5289595098766249,,17,cube,pca90,10
658,17,static,True,10,4.966273666865186,4.966273666865186,5.45779132905254,2.210992493137068,1.0989711190236542,0.4452015014574684,1.4726106950120212,,17,cube,pca90,10
659,17,transport_free,True,10,4.868139548063512,4.868139548063512,5.260540809008609,2.4664451726923926,1.0806060009313392,0.5066504664340435,2.381717054858713,,17,cube,pca90,10
660,17,transport_free,True,10,4.679777389261573,4.679777389261573,6.294005290349302,2.32647352366068,1.3449368990909287,0.4971333741214081,2.2833212857799916,,17,cube,pca90,10
661,17,transport_free,True,10,5.487875042500805,5.487875042500805,5.972205172962313,1.6196414737420182,1.0882545842809133,0.29513089514588386,0.9570341886278821,,17,cube,pca90,10
662,17,transport_free,True,10,5.5993581681703635,5.5993581681703635,5.290865777235791,1.1140426923454956,0.9449057585406482,0.19895899831489405,1.4345897798460208,,17,cube,pca90,10
663,17,transport_free,True,10,4.957063691286401,4.957063691286401,4.9577235625608616,0.9412254934168466,1.0001331173685786,0.18987561024711996,0.7179268066034661,,17,cube,pca90,10
664,17,transport_free,True,10,4.621372860780449,4.621372860780449,4.9474638469338235,0.847294457500213,1.0705614967623074,0.18334258737069822,0.6943354912661647,,17,cube,pca90,10
665,17,transport_free,True,10,4.622170724915299,4.622170724915299,4.941095638119942,0.613151973012245,1.0689989470716676,0.13265454902111626,0.6346343958202963,,17,cube,pca90,10
666,17,interaction,True,10,4.8575978250354055,4.8575978250354055,5.259260777632259,0.9810177216555362,1.0826875684369621,0.20195531968486624,0.6722511643171254,,17,cube,pca90,10
667,17,interaction,True,10,5.066750012087157,5.066750012087157,5.3921182133847285,1.4282947817203069,1.0642163518076437,0.281895648751762,1.3108574120023821,,17,cube,pca90,10
668,17,interaction,True,10,4.879393866143661,4.879393866143661,5.753214163537272,2.3473618375103023,1.179083779945852,0.4810765234177532,2.0273641907732127,,17,cube,pca90,10
669,17,interaction,True,10,5.13859769498962,5.13859769498962,7.3132904302756305,5.091106278079242,1.4232074321378456,0.9907579032784207,4.667281217674671,,17,cube,pca90,10
670,17,interaction,True,10,4.0499368707576995,4.0499368707576995,5.154034986912592,2.9102788601957985,1.2726210682756465,0.7185985740195789,2.244814691399827,,17,cube,pca90,10
671,17,interaction,True,10,3.3005847356748865,3.3005847356748865,6.9351462885480055,4.375405621500318,2.1011871665006483,1.3256455967356515,4.49410900269558,,17,cube,pca90,10
672,17,interaction,True,10,5.721291404692209,5.721291404692209,5.931639050013825,2.2462180645132186,1.036765763259166,0.39260682696060983,1.5646792180213074,,17,cube,pca90,10
673,17,interaction,True,10,5.003973336832999,5.003973336832999,5.922297320821721,2.45506420490603,1.1835189602688663,0.49062295892644253,0.9337511865309585,,17,cube,pca90,10
674,17,interaction,True,10,4.78127150900054,4.78127150900054,5.663070813658971,1.418531040198757,1.1844277830695207,0.29668489595883285,0.9615754005072225,,17,cube,pca90,10
675,17,interaction,True,10,4.956019089237931,4.956019089237931,5.390703393957306,1.5008006037054087,1.0877083596516604,0.30282381417061516,0.6605071979217298,,17,cube,pca90,10
676,17,transport_free,True,10,5.004972941387859,5.004972941387859,5.135617691313251,2.3307866579081296,1.0261029882589465,0.46569415763151195,2.228279522907549,,17,cube,pca90,10
677,17,transport_free,True,10,4.628674797378766,4.628674797378766,5.344055622377726,1.7888645668036212,1.1545541340264567,0.3864744543765877,1.7217160099233544,,17,cube,pca90,10
678,17,transport_free,True,10,5.0113491274232285,5.0113491274232285,5.354470770833828,0.9758319308055378,1.0684689161912428,0.19472439576511766,0.8903595444615068,,17,cube,pca90,10
679,17,static,True,10,5.06388672700359,5.06388672700359,5.2960450600432125,0.6635973987200381,1.0458458779896516,0.13104507160109857,0.4794372145354834,,17,cube,pca90,10
680,17,transport_free,True,10,5.079114138855852,5.079114138855852,5.28400968585164,1.2470052075848193,1.0403408038083475,0.24551627970812373,1.2267269377453482,,17,cube,pca90,10
681,17,transport_free,True,10,5.0482077565570656,5.0482077565570656,5.095088086162158,0.9122872669190054,1.0092865293715774,0.1807150796704127,0.8261602002442826,,17,cube,pca90,10
682,17,transport_free,True,10,4.7476946484782045,4.7476946484782045,5.003292775399715,0.6364882485735777,1.0538362607214933,0.13406259157327935,0.5074514266624452,,17,cube,pca90,10
683,17,transport_free,True,10,4.653034387522426,4.653034387522426,5.05027975857989,0.6116778330810857,1.0853734010912788,0.1314578363575736,0.6175312053184275,,17,cube,pca90,10
684,18,transport_free,True,10,4.7391903141761205,4.7391903141761205,4.603629772874384,1.0280684954352608,0.9713958435270598,0.21692914343617878,0.42800630023210856,,18,cube,pca90,10
685,18,transport_free,True,10,4.036259948268664,4.036259948268664,4.078897285512404,0.6817719481752391,1.010563575634426,0.16891180372752806,0.44916806224928174,,18,cube,pca90,10
686,18,transport_free,True,10,3.643107932834993,3.643107932834993,4.333322126537373,1.3247889967294029,1.189457519905338,0.3636425330112245,0.7335291875144622,,18,cube,pca90,10
687,18,interaction,True,10,3.854093535301672,3.854093535301672,4.152862060147888,1.2738606658333638,1.077519790869017,0.3305214713045761,0.7887071230256711,,18,cube,pca90,10
688,18,interaction,True,10,3.8003319387255656,3.8003319387255656,4.218235300757679,1.8561099013914677,1.1099649632637765,0.4884073105503281,1.6955255801402846,,18,cube,pca90,10
689,18,interaction,True,10,3.9184991022491804,3.9184991022491804,5.981409900579012,2.0375097994134603,1.5264543246024327,0.5199719959726288,1.9790087256928042,,18,cube,pca90,10
690,18,interaction,True,10,5.1727385148259675,5.1727385148259675,6.700805014821013,4.657746343286448,1.2954076444450733,0.900441097097125,1.3529375668571673,,18,cube,pca90,10
691,18,interaction,True,10,5.02961930180543,5.02961930180543,5.740371273486795,6.0809426714824255,1.1413132742325516,1.2090264305490503,6.315939508430896,,18,cube,pca90,10
692,18,interaction,True,10,2.1682461362110486,2.1682461362110486,2.8928721151324686,2.477818749330618,1.3341991330318634,1.1427755861982254,2.4587338289480947,,18,cube,pca90,10
693,18,interaction,True,10,2.294798642330128,2.294798642330128,2.7854909867429267,1.031472823370725,1.2138280611472525,0.4494829325519264,0.49330733349204303,,18,cube,pca90,10
694,18,interaction,True,10,2.274098365203157,2.274098365203157,2.855168775483215,0.9279815742020744,1.255516832152574,0.40806571448336315,0.5507318228589436,,18,cube,pca90,10
695,18,interaction,True,10,2.5280475397899655,2.5280475397899655,2.6518535090436193,0.7009845957250429,1.0489729592917147,0.2772829959452748,0.18561987251251238,,18,cube,pca90,10
696,18,static,True,10,2.6092909872257977,2.6092909872257977,2.553739740315099,1.0087519535698908,0.9787102139306584,0.38660002219315426,0.6778346460443125,,18,cube,pca90,10
697,18,transport_free,True,10,2.4228572407446376,2.4228572407446376,2.719859737166183,1.2350048493872374,1.1225835725798954,0.5097307545068865,1.1795885415471687,,18,cube,pca90,10
698,18,transport_free,True,10,2.501371425062173,2.501371425062173,3.809275515781691,1.8611700400800437,1.5228748028442076,0.744059847103188,1.931894669168396,,18,cube,pca90,10
699,18,transport_free,True,10,2.9382194066868124,2.9382194066868124,3.722949105505913,1.353473258693566,1.2670766168902192,0.4606440402691936,0.8308567785510217,,18,cube,pca90,10
700,18,transport_free,True,10,3.0386256153381446,3.0386256153381446,2.986130330618724,0.9046414680636253,0.9827240037553693,0.2977140268604479,1.1641527002237675,,18,cube,pca90,10
701,18,transport_free,True,10,2.8067435141386503,2.8067435141386503,2.9773694162720274,0.7979244425663313,1.0607914122804127,0.2842883357695058,0.5130019737977821,,18,cube,pca90,10
702,18,transport_free,True,10,2.4480210913674467,2.4480210913674467,2.477202578762035,0.40894032334430197,1.0119204395327688,0.16704934642367436,0.2358441540997179,,18,cube,pca90,10
703,18,transport_free,True,10,2.2965328376524616,2.2965328376524616,2.6273118031287215,0.43626191592831653,1.1440340673788865,0.18996545957264332,0.2884499267437334,,18,cube,pca90,10
704,18,interaction,True,10,2.5174019758313277,2.5174019758313277,2.6258438739073107,0.6296542873254978,1.0430769098924584,0.25012067733742266,0.3205808178698415,,18,cube,pca90,10
705,18,interaction,True,10,2.5947186843322996,2.5947186843322996,2.545208601849167,0.7769069605546539,0.9809189016203994,0.29941857097875557,0.5594378040258882,,18,cube,pca90,10
706,18,interaction,True,10,2.473151148675843,2.473151148675843,2.4246038347791847,1.052861169420091,0.9803702600535956,0.42571646701973975,0.8564645456623065,,18,cube,pca90,10
707,18,interaction,True,10,2.040781531414753,2.040781531414753,2.8997123008153673,1.0743861560434542,1.4208832529002595,0.5264581923664537,0.8178850469292653,,18,cube,pca90,10
708,18,interaction,True,10,2.4257395242546407,2.4257395242546407,2.9907688547131728,1.258274964525915,1.2329307515538583,0.5187180865647751,1.1474822222043681,,18,cube,pca90,10
709,18,interaction,True,10,2.3227327612354545,2.3227327612354545,2.9826097802262113,1.1642973188802195,1.2840951098652305,0.5012618491078299,1.113225973522178,,18,cube,pca90,10
710,18,interaction,True,10,2.4755811268300363,2.4755811268300363,3.0454741370292475,1.3033025560120073,1.2302057500854173,0.5264632784145017,0.843018952323583,,18,cube,pca90,10
711,18,interaction,True,10,2.272178989007907,2.272178989007907,2.8223162401746738,1.020427904860769,1.2421188004238042,0.44909662037950393,0.547367778227597,,18,cube,pca90,10
712,18,interaction,True,10,2.342970560401916,2.342970560401916,2.771866291803253,1.0013466501680919,1.1830563894613184,0.4273833684006339,0.5310520515336999,,18,cube,pca90,10
713,18,interaction,True,10,2.5259639555627285,2.5259639555627285,2.5375922004919467,0.7300642374967303,1.0046034880678365,0.2890240123533704,0.3306038945044374,,18,cube,pca90,10
714,18,transport_free,True,10,2.511908433092905,2.511908433092905,2.504856852628107,1.2715514840864066,0.9971927398419872,0.5062093296612525,1.198368709624756,,18,cube,pca90,10
715,18,transport_free,True,10,2.1674090964251986,2.1674090964251986,3.1462436075709785,1.1077168643778807,1.4516150240211754,0.5110788111966892,1.046717502522706,,18,cube,pca90,10
716,18,transport_free,True,10,2.7264324169573384,2.7264324169573384,4.180669403970137,1.8726184254083622,1.5333845717091743,0.6868383803542722,1.816404670640471,,18,cube,pca90,10
717,18,transport_free,True,10,2.8766792660068328,2.8766792660068328,3.139737226542396,0.8068041038777338,1.091445008709893,0.280463697643176,0.42479935636129096,,18,cube,pca90,10
718,18,transport_free,True,10,2.8027640684709545,2.8027640684709545,2.889745819491469,0.9604467755897317,1.0310342750568966,0.3426784246287639,1.1197736055104845,,18,cube,pca90,10
719,18,transport_free,True,10,2.72357086200653,2.72357086200653,2.688268340223785,0.6596909088672153,0.9870381482357552,0.242215437853966,0.39406449634296714,,18,cube,pca90,10
720,18,transport_free,True,10,2.3917253729318912,2.3917253729318912,2.3968802505751605,0.6226982214283311,1.00215529663297,0.26035523495952123,0.3067888366413268,,18,cube,pca90,10
721,18,transport_free,True,10,2.1464767514170155,2.1464767514170155,2.503070447469648,0.3801468735449244,1.1661297732748441,0.17710272114243356,0.20784374702427819,,18,cube,pca90,10
722,19,transport_free,True,10,3.6831404098168536,3.6831404098168536,3.3166295512685924,0.5654281761314414,0.9004895774346854,0.15351795294699547,0.5270763635270564,,19,cube,pca90,10
723,19,transport_free,True,10,3.1629580484985844,3.1629580484985844,3.5423817098063317,0.6163692076756968,1.1199584867993602,0.19487112956438968,0.5601473567279774,,19,cube,pca90,10
724,19,transport_free,True,10,3.3868699904021433,3.3868699904021433,3.680477798984595,0.6142389135610808,1.0866900145014395,0.18135886978293742,0.5174250258218928,,19,cube,pca90,10
725,19,interaction,True,10,3.5089305073116246,3.5089305073116246,4.156005598454195,0.9773741971429493,1.184408066729805,0.2785390577289508,0.6824638729581415,,19,cube,pca90,10
726,19,interaction,True,10,3.8901570892828765,3.8901570892828765,4.470513962039791,1.6078464120870568,1.14918597358337,0.41331143580719826,1.4222271200364174,,19,cube,pca90,10
727,19,interaction,True,10,4.016732402949366,4.016732402949366,5.397696285714667,4.018536860652305,1.3438028089078826,1.0004492352295151,3.9506335012291256,,19,cube,pca90,10
728,19,interaction,True,10,5.012687933344372,5.012687933344372,7.472421754017525,5.2693636436448426,1.4907015663813854,1.051205204415991,5.211573978965551,,19,cube,pca90,10
729,19,interaction,True,10,6.750863237845115,6.750863237845115,6.7360525562788,1.486385059663969,0.9978061055239148,0.22017703622424814,1.3082611933585517,,19,cube,pca90,10
730,19,interaction,True,10,6.553833372797444,6.553833372797444,5.550560045176702,1.7897874831371268,0.8469180904438369,0.2730901720153395,1.649784208824285,,19,cube,pca90,10
731,19,interaction,True,10,5.550560045176702,5.550560045176702,4.675735194073328,1.309967719675854,0.8423898049957003,0.236006404581495,1.0109693003313158,,19,cube,pca90,10
732,19,interaction,True,10,4.289319592513983,4.289319592513983,3.623229119310171,1.14962279200232,0.8447095258729802,0.2680198495837711,0.9640209105354615,,19,cube,pca90,10
733,19,interaction,True,10,3.35840425013638,3.35840425013638,3.50134160036235,0.6332590503609936,1.0425610913933798,0.18855950719311942,0.20576481902365304,,19,cube,pca90,10
734,19,static,True,10,3.42883919378865,3.42883919378865,3.2633508119159393,1.3428085404896288,0.9517363245927388,0.3916219060147614,1.2356678926589193,,19,cube,pca90,10
735,19,transport_free,True,10,3.146769475938264,3.146769475938264,3.946934133191069,3.3144280724428454,1.2542813076621135,1.0532795928607357,3.1615806410511635,,19,cube,pca90,10
736,19,transport_free,True,10,3.0647802404920785,3.0647802404920785,5.940521189262936,3.032510879438626,1.9383188101960391,0.989470905408777,3.0248253018685722,,19,cube,pca90,10
737,19,transport_free,True,10,4.65304525517563,4.65304525517563,5.401376787669035,1.193237211107792,1.160826188324953,0.25644221056748634,0.8186667023512557,,19,cube,pca90,10
738,19,transport_free,True,10,4.993937018253497,4.993937018253497,4.9065494762958615,1.338663741907904,0.9825012727156505,0.2680577942843315,1.6871153988012424,,19,cube,pca90,10
739,19,transport_free,True,10,4.606618200697355,4.606618200697355,4.4054491734799655,1.1581837984093473,0.9563304319018806,0.2514173625750057,0.8753360585378147,,19,cube,pca90,10
740,19,transport_free,True,10,3.9386214529551196,3.9386214529551196,3.213558615610695,0.9281151026819632,0.8159094886358232,0.23564465734212792,0.64942120508784,,19,cube,pca90,10
741,19,transport_free,True,10,2.6069193883862996,2.6069193883862996,3.7106636818238936,1.1059706013126827,1.4233902660568338,0.42424426556483813,0.46031717587010335,,19,cube,pca90,10
742,19,interaction,True,10,3.295201035059181,3.295201035059181,3.7582832479419137,0.8893566840060161,1.1405323098517466,0.2698945146422739,0.3228875683298093,,19,cube,pca90,10
743,19,interaction,True,10,3.5872388693470865,3.5872388693470865,5.08620312479446,2.013868000804546,1.4178601732535867,0.5613977976245252,1.9286736614984268,,19,cube,pca90,10
744,19,interaction,True,10,4.755102696980089,4.755102696980089,6.531347940643373,2.301539957932352,1.3735450855333486,0.48401477414862853,2.304104061528528,,19,cube,pca90,10
745,19,interaction,True,10,6.034113963957363,6.034113963957363,6.274894642572785,1.766248835916747,1.0399032368386874,0.29271055310967065,1.6318458670676244,,19,cube,pca90,10
746,19,interaction,True,10,6.178612788394474,6.178612788394474,6.314917389092526,0.8350782931249705,1.022060712552513,0.13515627564386784,0.3891605271034662,,19,cube,pca90,10
747,19,interaction,True,10,6.053015434401271,6.053015434401271,6.526652799628883,2.609314540743141,1.0782481674399467,0.4310768027970904,2.504533981315943,,19,cube,pca90,10
748,19,interaction,True,10,5.922075525819825,5.922075525819825,5.008996572759445,1.1685547404937027,0.8458177459778381,0.1973218233031456,0.9519849797587446,,19,cube,pca90,10
749,19,interaction,True,10,4.8537102917971024,4.8537102917971024,4.302369876965888,1.3590766634877043,0.8864084624574742,0.28000778410375654,1.0510684514485955,,19,cube,pca90,10
750,19,interaction,True,10,3.7910288042677287,3.7910288042677287,3.3715549044042055,0.8470291814629867,0.8893509067007608,0.22342989863581317,0.7056729335811869,,19,cube,pca90,10
751,19,transport_free,True,10,3.296686944154362,3.296686944154362,3.145471319737336,2.2505199804535705,0.9541310330708958,0.6826611135898604,2.1898945437176653,,19,cube,pca90,10
752,19,transport_free,True,10,2.716621046353884,2.716621046353884,4.09160472175152,3.03939703894404,1.5061374597105004,1.1188152440412586,2.769837463618665,,19,cube,pca90,10
753,19,transport_free,True,10,3.6189890171413404,3.6189890171413404,6.574221725293178,2.7736520332680943,1.8165906815838289,0.7664162615942443,2.7052305597111777,,19,cube,pca90,10
754,19,transport_free,True,10,5.0932695355880515,5.0932695355880515,6.614095352062998,2.332169133139004,1.29859519623859,0.4578923453478179,1.774370866476064,,19,cube,pca90,10
755,19,transport_free,True,10,5.731917870418275,5.731917870418275,5.390592287331125,1.2178846967141617,0.9404517666157274,0.21247420571036357,1.5263872791767994,,19,cube,pca90,10
756,19,transport_free,True,10,4.870579714856359,4.870579714856359,3.884316713259004,1.680840131385703,0.7975060343250245,0.34510063068237323,2.0857628588257855,,19,cube,pca90,10
757,19,transport_free,True,10,3.340413722479738,3.340413722479738,3.2881852947039816,1.066195335400812,0.9843646829061087,0.31918062371307937,0.5309719048561191,,19,cube,pca90,10
758,19,transport_free,True,10,2.8467971684928264,2.8467971684928264,3.385124641031287,1.3157661029399275,1.1890993424106384,0.4621917281295213,0.34922456770513516,,19,cube,pca90,10
759,19,static,True,10,3.0033864422797985,3.0033864422797985,3.5753985259185495,0.8289009225278792,1.1904557054617821,0.27598876749895707,0.37652080523549736,,19,cube,pca90,10
760,20,transport_free,True,10,4.103338459271906,4.103338459271906,4.066182833376846,0.7241091731573763,0.9909450253095494,0.1764683026624769,0.3427170412906583,,20,cube,pca90,10
761,20,transport_free,True,10,3.7870952480313274,3.7870952480313274,4.385937180974428,0.614799698171222,1.1581269795773952,0.1623407012249871,0.47599759512055656,,20,cube,pca90,10
762,20,transport_free,True,10,3.8307021578567872,3.8307021578567872,4.44463095354109,0.7599018392566119,1.1602653431108267,0.19837142329064916,0.2451875606897199,,20,cube,pca90,10
763,20,interaction,True,10,4.311791379948941,4.311791379948941,4.567786897218287,0.8342228957027111,1.0593710350783199,0.19347478163764725,0.25486850962586277,,20,cube,pca90,10
764,20,interaction,True,10,4.400655147310577,4.400655147310577,5.523590734004745,2.212252635216892,1.2551746385718139,0.5027098377769709,2.048805080883716,,20,cube,pca90,10
765,20,interaction,True,10,4.949793206490076,4.949793206490076,6.247992065582603,5.107102239889778,1.2622733526302379,1.0317809304019894,5.051556226277068,,20,cube,pca90,10
766,20,interaction,True,10,4.881837451803436,4.881837451803436,9.923619329511862,7.557037745156704,2.0327631608967036,1.5479904482204752,7.841474290793286,,20,cube,pca90,10
767,20,interaction,True,10,4.702119087575556,4.702119087575556,5.978562704242534,3.333374719320166,1.2714613545283728,0.708909038081993,1.667338677363669,,20,cube,pca90,10
768,20,interaction,True,10,4.309707540662929,4.309707540662929,5.383913903185345,2.507895467049965,1.249252728262201,0.5819177852296201,1.9520670591468843,,20,cube,pca90,10
769,20,interaction,True,10,4.309617601342817,4.309617601342817,6.695291415647588,2.2169870995564946,1.553569721258199,0.5144277995490162,1.0160044616045922,,20,cube,pca90,10
770,20,interaction,True,10,4.7974936477060535,4.7974936477060535,5.1518872871333325,1.9682588472044227,1.0738705802344801,0.41026815077609446,0.9268100958791387,,20,cube,pca90,10
771,20,interaction,True,10,4.98139869559495,4.98139869559495,4.782997287110211,0.8273933705415608,0.9601715460639227,0.16609659677978086,0.5693410890991806,,20,cube,pca90,10
772,20,transport_free,True,10,4.663818582659102,4.663818582659102,4.551891750582365,1.0035166396509,0.9760010321814615,0.21517059934152488,0.8291084722185257,,20,cube,pca90,10
773,20,transport_free,True,10,4.415930044452543,4.415930044452543,4.258428321055554,2.3767572985034313,0.9643332838583236,0.5382234941627309,2.337541928194119,,20,cube,pca90,10
774,20,transport_free,True,10,4.036629357844035,4.036629357844035,4.729517054129395,2.3242641895778364,1.171650066147126,0.5757933125718598,2.25469938647693,,20,cube,pca90,10
775,20,transport_free,True,10,4.3144613291976786,4.3144613291976786,5.1729947606080975,1.4838001917716706,1.1989897152630344,0.3439131976291463,1.285146581400472,,20,cube,pca90,10
776,20,transport_free,True,10,4.680966154462169,4.680966154462169,4.944726957995085,1.5373711648561734,1.0563475134895997,0.3284303099245146,1.3966356834681217,,20,cube,pca90,10
777,20,transport_free,True,10,4.487913443139723,4.487913443139723,4.745524806334847,1.5380154539731414,1.05740114341753,0.3427016749452175,1.542486415467778,,20,cube,pca90,10
778,20,transport_free,True,10,4.671791641599981,4.671791641599981,4.304518784960537,0.8318423529022084,0.921385009260888,0.17805638965040008,0.7008824090314986,,20,cube,pca90,10
779,20,transport_free,True,10,4.002222823304438,4.002222823304438,4.378376680483133,0.6811074670472625,1.093986235595979,0.170182295468723,0.674374271431919,,20,cube,pca90,10
780,20,interaction,True,10,4.378376680483134,4.378376680483134,4.749430283370602,0.8586394420315917,1.0847468434000804,0.1961090844145563,0.22860925463209733,,20,cube,pca90,10
781,20,interaction,True,10,4.6527653139378415,4.6527653139378415,5.2545704844310315,1.163823051699501,1.1293435473073228,0.2501357737114202,0.9201914896689917,,20,cube,pca90,10
782,20,interaction,True,10,5.141830312699566,5.141830312699566,6.031503296505148,1.7670695048713791,1.173026515793067,0.3436654649040006,1.545937018728697,,20,cube,pca90,10
783,20,interaction,True,10,4.914903946624074,4.914903946624074,6.875006841064367,3.01917085128935,1.3988079758479592,0.6142888821587539,2.9116413018908163,,20,cube,pca90,10
784,20,interaction,True,10,4.163633585130098,4.163633585130098,5.790543346260783,2.2079712168857535,1.390742779801996,0.5302991177636883,1.5521050415102848,,20,cube,pca90,10
785,20,interaction,True,10,3.787470761451135,3.787470761451135,6.118342701619733,2.7972553485968943,1.6154164842385597,0.7385549684151624,2.404310878531644,,20,cube,pca90,10
786,20,interaction,True,10,3.9950275178782864,3.9950275178782864,5.707847836012675,2.4674461749599894,1.4287380526089712,0.6176293314421079,1.7712175249259117,,20,cube,pca90,10
787,20,interaction,True,10,4.7375572544576094,4.7375572544576094,7.427083559349738,2.0311753250366644,1.567703177066943,0.4287389504634511,1.0936385444452743,,20,cube,pca90,10
788,20,interaction,True,10,4.7082112988556695,4.7082112988556695,4.687115937584631,0.9973380088674653,0.995519453157048,0.21182949225534295,0.7713547550346992,,20,cube,pca90,10
789,20,interaction,True,10,4.626630204799237,4.626630204799237,4.4859000002415685,0.9696150492378186,0.9695825690992793,0.2095726276614954,0.7977852429829467,,20,cube,pca90,10
790,20,transport_free,True,10,4.441170534313887,4.441170534313887,4.341427899353398,2.2076421477340866,0.9775413634333909,0.49708565133384225,2.0929542549862945,,20,cube,pca90,10
791,20,transport_free,True,10,3.8206784138516525,3.8206784138516525,5.056045332453344,2.3638919734318042,1.3233370581839443,0.6187100083748603,2.38147862858357,,20,cube,pca90,10
792,20,transport_free,True,10,4.893351548256536,4.893351548256536,6.704544141883265,1.6167121394294113,1.3701333484351934,0.3303895343479733,1.6171837238313875,,20,cube,pca90,10
793,20,static,True,10,4.87366355278294,4.87366355278294,5.051155651857468,1.1086444352450684,1.0364186196179213,0.2274766042502082,0.8303164456187734,,20,cube,pca90,10
794,20,transport_free,True,10,4.876550943723439,4.876550943723439,5.239845234760153,0.9708535246970853,1.0744982048232896,0.19908610325227125,0.741336540221631,,20,cube,pca90,10
795,20,transport_free,True,10,4.986609919177093,4.986609919177093,5.172352923904175,0.7940160020297344,1.0372483526358791,0.15922961990192439,0.7233992891797528,,20,cube,pca90,10
796,20,transport_free,True,10,4.437013119459986,4.437013119459986,4.3987501016580755,0.7450499467576471,0.9913764019236059,0.16791700333045773,0.6882185524874919,,20,cube,pca90,10
797,20,transport_free,True,10,4.048852029102305,4.048852029102305,4.36416063541343,0.6131827621443326,1.0778760508027345,0.1514460784777766,0.35724368074213425,,20,cube,pca90,10
798,21,transport_free,True,10,2.7791188750114992,2.7791188750114992,2.628697153848843,0.46639970834054556,0.945874311993209,0.16782287095891704,0.4292109719930223,,21,cube,pca90,10
799,21,transport_free,True,10,2.6286971538488424,2.6286971538488424,2.938804531799958,0.6606722828552568,1.117969990379861,0.2513306950889815,0.5908523493962852,,21,cube,pca90,10
800,21,transport_free,True,10,2.857733803757662,2.857733803757662,3.3320439496498104,0.4719629955059543,1.1659742223955476,0.16515288963771418,0.34008590747703626,,21,cube,pca90,10
801,21,interaction,True,10,3.2150601322060015,3.2150601322060015,3.3402213172799278,0.5895831915953212,1.0389296560335397,0.18338169967315074,0.4184649236942143,,21,cube,pca90,10
802,21,interaction,True,10,3.1730356129688237,3.1730356129688237,4.072844592212059,1.1275360090873898,1.2835798550654578,0.35534930792422476,1.1835025898252554,,21,cube,pca90,10
803,21,interaction,True,10,4.043514182134272,4.043514182134272,4.784736635377676,1.4560003446042318,1.1833114513406178,0.36008290784223657,1.4862363844469884,,21,cube,pca90,10
804,21,interaction,True,10,4.739009024813546,4.739009024813546,3.576357433321279,4.084615326446278,0.7546635624864607,0.8619133884445357,3.8071515283865978,,21,cube,pca90,10
805,21,interaction,True,10,2.4400586115793415,2.4400586115793415,2.3971810170007632,1.9844144531131582,0.9824276374448131,0.8132650763781182,1.9351266829545852,,21,cube,pca90,10
806,21,interaction,True,10,2.092332231248996,2.092332231248996,3.1093216896090614,2.270304588260709,1.4860554376457626,1.085059320099215,2.189062860606372,,21,cube,pca90,10
807,21,interaction,True,10,2.6551846152453686,2.6551846152453686,3.49204244009577,1.118598771212378,1.3151787713914072,0.4212885103317032,1.041576078305945,,21,cube,pca90,10
808,21,interaction,True,10,3.40083355760079,3.40083355760079,3.180746025329428,1.6588730350524579,0.9352842388362491,0.48778424670178644,1.5694476487113813,,21,cube,pca90,10
809,21,interaction,True,10,3.0072710187447838,3.0072710187447838,2.9580756682784175,0.9344258150085236,0.9836411982293168,0.3107221827311551,0.5867045445329,,21,cube,pca90,10
810,21,transport_free,True,10,2.748083281147463,2.748083281147463,2.97890701343469,1.2806229131059954,1.0839944458272919,0.4660058601176275,1.1075139374727794,,21,cube,pca90,10
811,21,transport_free,True,10,2.7284176532313187,2.7284176532313187,3.370616844020254,1.2443065951962566,1.23537422506718,0.4560542971574018,1.1615365876746724,,21,cube,pca90,10
812,21,transport_free,True,10,3.119758237763521,3.119758237763521,3.619744629091295,0.9872678392795442,1.1602644670588969,0.31645652131919444,0.9176665441181479,,21,cube,pca90,10
813,21,transport_free,True,10,3.38173132729555,3.38173132729555,3.5655022747731513,0.4212875069638229,1.0543422672269376,0.12457746230855554,0.3057681734400318,,21,cube,pca90,10
814,21,transport_free,True,10,3.3658635989424974,3.3658635989424974,3.2168479652691095,0.7930723237341195,0.9557273700217067,0.2356222408963009,0.7924899520913123,,21,cube,pca90,10
815,21,transport_free,True,10,3.0765812574196962,3.0765812574196962,3.0689986136767793,0.5486045235054798,0.9975353669841711,0.17831627953346826,0.46376010651454286,,21,cube,pca90,10
816,21,transport_free,True,10,2.8342454380371525,2.8342454380371525,3.1546770860316387,0.5470260214857561,1.1130571275494052,0.19300587526555116,0.25187363214967073,,21,cube,pca90,10
817,21,transport_free,True,10,2.863441107917356,2.863441107917356,3.0050621634444292,1.1993804844081868,1.0494583440656398,0.41885984003370086,0.6530406830814528,,21,cube,pca90,10
818,21,interaction,True,10,2.692730911968284,2.692730911968284,2.999830282276098,1.1281117080633685,1.1140475525953448,0.41894706338806115,0.5846402076616015,,21,cube,pca90,10
819,21,interaction,True,10,2.7365265500110194,2.7365265500110194,3.045438468193394,1.156972773329953,1.112884677907156,0.4227887989339238,0.9258614395876283,,21,cube,pca90,10
820,21,interaction,True,10,2.8292390304038504,2.8292390304038504,2.747417750569401,1.0192470228456405,0.9710801106038855,0.3602548289107094,0.645093620166872,,21,cube,pca90,10
821,21,interaction,True,10,2.573083395437775,2.573083395437775,7.763282496438615,4.2820026100231905,3.0171126634307157,1.664152284226554,4.247094667545565,,21,cube,pca90,10
822,21,interaction,True,10,5.273899808766878,5.273899808766878,7.438934657078733,4.986974077681749,1.4105187672911208,0.9455951494171034,1.1262521408950603,,21,cube,pca90,10
823,21,interaction,True,10,5.565934419828408,5.565934419828408,5.318478930920108,5.438006323743505,0.9555410699725907,0.9770158815329975,5.687180109370855,,21,cube,pca90,10
824,21,interaction,True,10,2.445298831441069,2.445298831441069,3.4760638354830418,1.204240102110522,1.421529258832762,0.4924715485186064,1.0517791090754864,,21,cube,pca90,10
825,21,interaction,True,10,3.2008496010695398,3.2008496010695398,3.1811481041466187,1.5447244035178902,0.9938449163883433,0.4825982461037008,1.554038218194956,,21,cube,pca90,10
826,21,interaction,True,10,2.9556486410987266,2.9556486410987266,3.0855906727144786,0.8291176815506658,1.043963964393091,0.28051970387199043,0.5202664662434654,,21,cube,pca90,10
827,21,transport_free,True,10,2.918910002553783,2.918910002553783,3.20454415333923,1.174182899603502,1.0978564431707531,0.40226759255208205,0.944689225208889,,21,cube,pca90,10
828,21,transport_free,True,10,3.027445125055448,3.027445125055448,3.4544209593912,1.3145933619959813,1.141035036705391,0.4342253311600171,1.12463044627281,,21,cube,pca90,10
829,21,transport_free,True,10,3.1940838427347527,3.1940838427347527,3.806419654233811,1.3740171393447078,1.191709373218826,0.43017566444601646,1.353292605914782,,21,cube,pca90,10
830,21,transport_free,True,10,3.420444515582827,3.420444515582827,4.701705053207872,1.691063620595385,1.3745888967904294,0.49439878731879855,1.7026878916389807,,21,cube,pca90,10
831,21,transport_free,True,10,4.275171847114189,4.275171847114189,3.946196523339372,0.9632852713269222,0.9230498011449807,0.2253208305479359,0.9640466807259763,,21,cube,pca90,10
832,21,transport_free,True,10,3.5569781623614056,3.5569781623614056,3.5044665804305657,1.058883946280922,0.9852370243690283,0.29769200089155184,1.0279200750263617,,21,cube,pca90,10
833,21,transport_free,True,10,3.3859388478888652,3.3859388478888652,3.5094790761721635,0.6227778955096928,1.0364862550191436,0.1839306388826234,0.3273659196008571,,21,cube,pca90,10
834,21,transport_free,True,10,3.256284140261292,3.256284140261292,3.332986157464717,0.7041963253797746,1.0235550750178914,0.21625764062569436,0.278351195911645,,21,cube,pca90,10
835,21,transport_free,True,10,3.1318213301286155,3.1318213301286155,3.4059447910740346,0.7857476909098171,1.0875284481615564,0.25089160845505465,0.170693190036633,,21,cube,pca90,10
836,22,transport_free,True,10,4.101554928787727,4.101554928787727,3.395421091118263,0.8601570299404462,0.8278375274915136,0.20971486299091888,0.45408236079366454,,22,cube,pca90,10
837,22,transport_free,True,10,3.0933755850886975,3.0933755850886975,3.3022224584887496,1.2252464070067037,1.0675142308637777,0.39608717832806317,0.7068436156346746,,22,cube,pca90,10
838,22,transport_free,True,10,2.499519367313482,2.499519367313482,3.5611079516219277,0.768149883914219,1.424717086889171,0.30731903659535836,0.27148775508073386,,22,cube,pca90,10
839,22,interaction,True,10,2.8988032049652213,2.8988032049652213,3.6774201916989546,1.427362527338504,1.2685994638753253,0.4923971813242248,0.6534248146730014,,22,cube,pca90,10
840,22,interaction,True,10,3.2680767150630237,3.2680767150630237,4.168690487139515,1.404062293014786,1.2755791404545176,0.4296295391547163,1.4334244732222912,,22,cube,pca90,10
841,22,interaction,True,10,3.5278456821017183,3.5278456821017183,7.154420515144466,4.987578834950819,2.0279856773333154,1.413774661475403,4.973167855767984,,22,cube,pca90,10
842,22,interaction,True,10,3.560147704156602,3.560147704156602,9.97561696762472,8.365990405727949,2.8020233418905134,2.3498998077973985,7.9463606635598,,22,cube,pca90,10
843,22,interaction,True,10,6.341059646570455,6.341059646570455,5.55543171543849,6.693158744406941,0.8761046299955766,1.05552685473112,5.899299474686903,,22,cube,pca90,10
844,22,interaction,True,10,3.4906941078930265,3.4906941078930265,3.5267911215701444,3.3127157801937894,1.0103409272085735,0.9490134849407746,2.9422592171306685,,22,cube,pca90,10
845,22,interaction,True,10,2.536830101221639,2.536830101221639,3.1239651057096145,1.4095321449697784,1.2314443541982705,0.5556273336125278,0.8264552403649413,,22,cube,pca90,10
846,22,interaction,True,10,2.5108363348831224,2.5108363348831224,2.6007972783245172,1.148467925544245,1.0358290750343082,0.4574045347315341,0.8408693009288907,,22,cube,pca90,10
847,22,interaction,True,10,2.234848425365895,2.234848425365895,2.11756487114934,1.5162061616148597,0.9475205777334305,0.6784380293561174,1.4580160923348613,,22,cube,pca90,10
848,22,static,True,10,1.1238646169961743,1.1238646169961743,1.2364452587527444,1.1862830036406389,1.1001727788685718,1.0555390620013416,1.136817725153435,,22,cube,pca90,10
849,22,transport_free,True,10,1.1631706849368557,1.1631706849368557,2.163253347186645,1.1648430554124465,1.8597901195421547,1.0014377687619265,1.2968975874865925,,22,cube,pca90,10
850,22,transport_free,True,10,1.280092586372483,1.280092586372483,2.5079506423081708,1.235904870422973,1.9591947246684578,0.965480843792144,1.1664348056551803,,22,cube,pca90,10
851,22,transport_free,True,10,2.202108190618989,2.202108190618989,3.7483859258008847,1.0670535386315048,1.7021806384305094,0.48455999717778053,0.9956791564615187,,22,cube,pca90,10
852,22,transport_free,True,10,3.4569294508080928,3.4569294508080928,2.826520939201564,0.7048909590865924,0.817639173556416,0.2039066660506528,0.6727985500131356,,22,cube,pca90,10
853,22,transport_free,True,10,2.2118733175298906,2.2118733175298906,1.678837325367581,0.8420283719603696,0.7590115184546024,0.3806856230359091,0.8025545305529144,,22,cube,pca90,10
854,22,transport_free,True,10,1.226520370679567,1.226520370679567,1.52772864000959,0.5456673605742235,1.2455795081194903,0.44489058120729824,0.44891255932555685,,22,cube,pca90,10
855,22,transport_free,True,10,1.4106893621041987,1.4106893621041987,2.2955652346109154,0.5990601638391224,1.6272648651626795,0.42465774530656286,0.353038201925381,,22,cube,pca90,10
856,22,transport_free,True,10,1.7294104814747553,1.7294104814747553,1.8746161851116598,0.5285601829292996,1.0839625439953853,0.30563026452723346,0.284935909516607,,22,cube,pca90,10
857,22,interaction,True,10,1.8132289565614776,1.8132289565614776,2.024871263803415,0.7317975504696598,1.1167212262279806,0.40358805644567153,0.38471961791879133,,22,cube,pca90,10
858,22,interaction,True,10,1.934713257473298,1.934713257473298,2.752065234045146,1.230169289856964,1.422466726484986,0.6358406265657909,0.9163782223672724,,22,cube,pca90,10
859,22,interaction,True,10,2.100511186102245,2.100511186102245,3.6959840560658286,2.0240833212393023,1.759564091122113,0.9636146356331651,1.7811608679445543,,22,cube,pca90,10
860,22,interaction,True,10,2.6204447638269803,2.6204447638269803,2.9456743157984238,1.1433158294953474,1.124112347820096,0.43630602151125397,0.7094245685707596,,22,cube,pca90,10
861,22,interaction,True,10,2.5721488331759472,2.5721488331759472,3.1052074848946436,1.5649857087097803,1.2072425377735647,0.6084351296178387,0.9282828444000553,,22,cube,pca90,10
862,22,interaction,True,10,2.8767825904680424,2.8767825904680424,2.8374334263442185,1.8119959358801256,0.9863218151228377,0.6298689174093342,2.0014109670774474,,22,cube,pca90,10
863,22,interaction,True,10,2.482491099084833,2.482491099084833,2.9024206138110253,0.9672200848839589,1.1691565036752796,0.389616738299897,0.21709444410867157,,22,cube,pca90,10
864,22,interaction,True,10,2.446726090381812,2.446726090381812,2.8452572668744036,0.9175954931154864,1.1628834457846486,0.3750299212987488,0.5585783647630813,,22,cube,pca90,10
865,22,interaction,True,10,2.2497338589308136,2.2497338589308136,2.5107707953687832,1.1452391083876805,1.1160301408105346,0.5090553728572835,1.058614793332595,,22,cube,pca90,10
866,22,transport_free,True,10,2.3805333957697803,2.3805333957697803,2.202049386567983,0.8054505048296775,0.9250235222412909,0.3383487525362875,0.6821321112190755,,22,cube,pca90,10
867,22,transport_free,True,10,2.067121721529749,2.067121721529749,2.3606143156830806,1.4420043790613748,1.1419812830064675,0.6975904534514961,1.3785510693464917,,22,cube,pca90,10
868,22,transport_free,True,10,1.8731976239961647,1.8731976239961647,2.027826780384868,1.0426008434208667,1.0825482343175445,0.5565888137294591,1.150385034005541,,22,cube,pca90,10
869,22,transport_free,True,10,1.744688089829208,1.744688089829208,1.8443215292747595,0.534583473628618,1.0571067344509153,0.30640632944364843,0.5116805218660403,,22,cube,pca90,10
870,22,transport_free,True,10,1.7693076654760462,1.7693076654760462,1.911464542881231,0.5279695154615215,1.0803460473150306,0.2984045826306117,0.458214983876252,,22,cube,pca90,10
871,22,transport_free,True,10,1.7372925895699596,1.7372925895699596,2.151368226053865,0.5475511526354904,1.238345365063926,0.31517497738882794,0.46147716314663045,,22,cube,pca90,10
872,22,transport_free,True,10,1.9755954203007617,1.9755954203007617,2.5447079194102686,0.48936819711221924,1.2880713800312749,0.24770668735287843,0.35141654466917277,,22,cube,pca90,10
873,22,transport_free,True,10,2.344151619221571,2.344151619221571,2.613337006859412,0.733555553090944,1.1148327546010997,0.31293007972519193,0.4369678308535716,,22,cube,pca90,10
874,23,transport_free,True,10,5.596037615807903,5.596037615807903,5.380304521897132,0.5949253344597754,0.9614489557215699,0.1063118898234721,0.4900400238867266,,23,cube,pca90,10
875,23,transport_free,True,10,4.88650743648981,4.88650743648981,4.628637054112813,1.098459238396232,0.9472280794148886,0.2247943449739847,0.8927291467586476,,23,cube,pca90,10
876,23,transport_free,True,10,4.265837193625661,4.265837193625661,4.807594625791079,1.7427251019877992,1.1269990877699116,0.40853061729404766,1.4398870262713335,,23,cube,pca90,10
877,23,interaction,True,10,4.494176668830863,4.494176668830863,4.9108955552823925,0.9985476784529568,1.0927241889135473,0.2221870104436112,0.24476974915556463,,23,cube,pca90,10
878,23,interaction,True,10,4.588519059979028,4.588519059979028,5.466434792067118,2.200234521101952,1.1913287752785542,0.4795086371749774,2.1060116812841256,,23,cube,pca90,10
879,23,interaction,True,10,5.016746178468012,5.016746178468012,5.658985464511413,1.982539791443927,1.1280190910993078,0.395184392615483,2.025683393497093,,23,cube,pca90,10
880,23,interaction,True,10,5.015817119571574,5.015817119571574,6.679209659192237,5.7279727493676145,1.3316294234752206,1.1419819767784654,5.670252659085803,,23,cube,pca90,10
881,23,interaction,True,10,4.426632369413884,4.426632369413884,8.46346650136104,7.891976679171448,1.911942486988514,1.7828398702592956,8.17065571264743,,23,cube,pca90,10
882,23,interaction,True,10,5.13996351002735,5.13996351002735,7.176427790651072,6.509523069293472,1.3962020891103342,1.2664531677305302,6.588861501886851,,23,cube,pca90,10
883,23,interaction,True,10,3.8313182237062384,3.8313182237062384,3.7557836597555134,2.189767522837022,0.9802849673296894,0.5715441513805509,2.1502241776946454,,23,cube,pca90,10
884,23,interaction,True,10,3.0954480504083826,3.0954480504083826,3.1229841245902863,1.4367532562188612,1.008895666712375,0.4641503371472541,1.1971053886634462,,23,cube,pca90,10
885,23,interaction,True,10,2.5387185229106546,2.5387185229106546,2.648287995127347,0.9858762828388471,1.0431593621852455,0.3883361916422836,0.4431084325867551,,23,cube,pca90,10
886,23,static,True,10,2.391879219233531,2.391879219233531,2.5755655781805284,1.3752359236063578,1.0767958337820498,0.5749604380304149,1.0703941673564572,,23,cube,pca90,10
887,23,transport_free,True,10,2.415256168488181,2.415256168488181,4.052753835278297,2.5538474171350165,1.6779809480064802,1.057381593909182,2.5539930803084605,,23,cube,pca90,10
888,23,transport_free,True,10,3.5316919471028063,3.5316919471028063,4.164922512594067,1.3274220532615664,1.1792994901525107,0.3758600900484839,1.2975303749140221,,23,cube,pca90,10
889,23,transport_free,True,10,4.06658161633195,4.06658161633195,4.291415135857277,0.7421098728529307,1.0552880873268016,0.18248985090389322,0.5246315606653985,,23,cube,pca90,10
890,23,transport_free,True,10,4.042382391655979,4.042382391655979,4.241433947566291,1.8138069751766819,1.0492411495560592,0.4486975252318097,1.7453977325922763,,23,cube,pca90,10
891,23,transport_free,True,10,4.079667158298575,4.079667158298575,3.7524574405515523,1.2163140048427121,0.9197949967360853,0.29814049961614414,1.0343415959940707,,23,cube,pca90,10
892,23,transport_free,True,10,3.6319389014135766,3.6319389014135766,3.1153049301337,0.7536134705793665,0.8577525709260144,0.20749618620678192,0.5836119241553961,,23,cube,pca90,10
893,23,transport_free,True,10,2.906476844643681,2.906476844643681,2.7944406062856997,1.0109897038095084,0.9614529052366436,0.34784027461724043,0.47379581345995786,,23,cube,pca90,10
894,23,interaction,True,10,2.3872872096824107,2.3872872096824107,2.482526617914767,0.8466972483736078,1.0398944072778853,0.354669201485081,0.3400865182516438,,23,cube,pca90,10
895,23,interaction,True,10,2.4589071560946625,2.4589071560946625,2.8483479910273513,0.9225709728041691,1.1583796419345962,0.37519552965531006,0.6370590419311404,,23,cube,pca90,10
896,23,interaction,True,10,2.658724265771695,2.658724265771695,3.995688249575799,1.8133845771294876,1.5028592099662692,0.682050636267523,1.687763721391499,,23,cube,pca90,10
897,23,interaction,True,10,3.3676621887036546,3.3676621887036546,4.711776964991503,2.493153979872843,1.3991239919480318,0.740321873208,2.3802065875764447,,23,cube,pca90,10
898,23,interaction,True,10,3.750903064806592,3.750903064806592,4.514701991957383,1.9466832510774625,1.2036306761209716,0.5189905517267318,1.890083005455495,,23,cube,pca90,10
899,23,interaction,True,10,3.7970541640854485,3.7970541640854485,4.9363443149761865,3.2625610341851474,1.3000457991004575,0.8592347891805652,2.9212947220454977,,23,cube,pca90,10
900,23,interaction,True,10,3.9649042875503815,3.9649042875503815,3.6044508102444355,1.3843991189551936,0.9090889839541011,0.3491633135513873,1.2400004975518153,,23,cube,pca90,10
901,23,interaction,True,10,3.253106152966586,3.253106152966586,3.1969399063026236,1.0637887888567856,0.9827345791920307,0.3270070937853322,0.9493531834122965,,23,cube,pca90,10
902,23,interaction,True,10,2.6244668167671854,2.6244668167671854,2.8299440013513846,0.6950930759061568,1.0782929253559035,0.264851158134425,0.2717878330205463,,23,cube,pca90,10
903,23,transport_free,True,10,2.4044812314993527,2.4044812314993527,2.5752852428981043,1.3846066502061347,1.071035701656213,0.5758442328712797,1.1323827464600826,,23,cube,pca90,10
904,23,transport_free,True,10,2.3411365331399496,2.3411365331399496,3.620878905401921,2.2613100925457106,1.5466329511955337,0.9659026974872007,2.2390119367589234,,23,cube,pca90,10
905,23,transport_free,True,10,3.2161619961963703,3.2161619961963703,4.336566752022727,1.766863349967476,1.3483670154523981,0.5493701349798538,1.7282160093076517,,23,cube,pca90,10
906,23,transport_free,True,10,4.166451032816006,4.166451032816006,4.95314682253569,1.720166521264491,1.1888167612011928,0.41286133155436866,1.6069762036606727,,23,cube,pca90,10
907,23,static,True,10,4.362178459911593,4.362178459911593,4.602042125272847,0.9158153513119719,1.0549871280062473,0.20994449441450233,0.8614866779406744,,23,cube,pca90,10
908,23,transport_free,True,10,4.415333541379751,4.415333541379751,4.783375716854761,2.2196381480797784,1.0833554638683083,0.5027113189247673,2.1730532936741067,,23,cube,pca90,10
909,23,transport_free,True,10,4.362702078212253,4.362702078212253,3.780719446184931,0.9302995090963545,0.8666004183659942,0.21323929354295318,0.6585638984068463,,23,cube,pca90,10
910,23,transport_free,True,10,3.585417573408783,3.585417573408783,3.0664863772897646,0.6835227104618415,0.8552661759769163,0.19063963861034808,0.5230718780075345,,23,cube,pca90,10
911,23,transport_free,True,10,2.6754066822521025,2.6754066822521025,2.5108685815637837,0.5582620037091501,0.9384997795737678,0.2086643527552292,0.31917300664205767,,23,cube,pca90,10
912,24,transport_free,True,10,1.9007508095530348,1.9007508095530348,2.3454979976466914,1.137895501238498,1.2339850052191954,0.5986558024963179,0.8052049282234107,,24,cube,pca90,10
913,24,transport_free,True,10,2.1553362652307735,2.1553362652307735,3.3237543634283995,0.8963493263301847,1.5421047829270031,0.41587446970100134,0.7663649770295794,,24,cube,pca90,10
914,24,transport_free,True,10,2.0327642116062994,2.0327642116062994,2.204643050513606,1.0221149155975215,1.0845542429003545,0.5028202040165995,0.3963261958223063,,24,cube,pca90,10
915,24,interaction,True,10,1.870431880845112,1.870431880845112,2.1791164014319024,1.0818878812350736,1.165033821198192,0.5784160825713938,0.6161404363032382,,24,cube,pca90,10
916,24,interaction,True,10,1.9183032615271598,1.9183032615271598,3.991699571534697,1.8405610818202087,2.080849077197996,0.9594734673781138,1.4590772706065551,,24,cube,pca90,10
917,24,interaction,True,10,2.981325810742378,2.981325810742378,8.191809183714646,4.667452655947433,2.747706793466766,1.5655627570557924,4.680314933981965,,24,cube,pca90,10
918,24,interaction,True,10,4.637411727077373,4.637411727077373,9.344231869634248,8.381670755908484,2.014967059119257,1.8074027602442038,8.51969662139373,,24,cube,pca90,10
919,24,interaction,True,10,5.720422067635455,5.720422067635455,7.231790281723328,5.918374044531804,1.2642057170289533,1.0346044355741346,6.182048841772986,,24,cube,pca90,10
920,24,interaction,True,10,3.472932093439634,3.472932093439634,3.4694326550201318,3.7824596871307268,0.9989923677384558,1.0891257258602292,4.039744300438338,,24,cube,pca90,10
921,24,interaction,True,10,1.6217351102965178,1.6217351102965178,1.5381650220420955,0.9443028789358494,0.9484687186434889,0.582279358040903,0.6507557759483104,,24,cube,pca90,10
922,24,interaction,True,10,1.2721556418225268,1.2721556418225268,0.999671779349208,0.450493808690746,0.785809335339699,0.35411846937640085,0.2872377255511777,,24,cube,pca90,10
923,24,interaction,True,10,0.9131334376465376,0.9131334376465376,0.7345932829771225,0.4349176777492394,0.8044752855293797,0.4762914814182837,0.1967664673914921,,24,cube,pca90,10
924,24,static,True,10,0.7209363925695997,0.7209363925695997,0.5810043437613889,0.47633401572268474,0.8059023649652952,0.6607157311408706,0.42377477508585404,,24,cube,pca90,10
925,24,transport_free,True,10,0.5810043437613889,0.5810043437613889,1.1231477165488617,0.7796833318326089,1.9331141472672435,1.3419578359517652,0.8372586153764336,,24,cube,pca90,10
926,24,transport_free,True,10,0.7757497475036806,0.7757497475036806,1.930476312438019,1.160304053101518,2.488529733525772,1.4957195369193632,1.1839860502944575,,24,cube,pca90,10
927,24,transport_free,True,10,1.5290079979487108,1.5290079979487108,2.437378716686919,0.7687284828482689,1.5940915416772585,0.5027628919401212,0.6615290918500358,,24,cube,pca90,10
928,24,transport_free,True,10,1.927800000505873,1.927800000505873,2.0022026694480877,0.5457771720283912,1.0385945995034187,0.2831088141327804,0.3024982421539023,,24,cube,pca90,10
929,24,transport_free,True,10,1.5270523737672477,1.5270523737672477,1.6646493308401231,0.6140600345805036,1.090106246148862,0.40212113554796663,0.28636963136139065,,24,cube,pca90,10
930,24,transport_free,True,10,0.9279699809414892,0.9279699809414892,1.3909870576549894,0.36298012910540517,1.4989569557452038,0.39115503363280885,0.23238060119107873,,24,cube,pca90,10
931,24,transport_free,True,10,0.6474854204015608,0.6474854204015608,1.1096414533648677,0.4439573495955953,1.713770562859446,0.6856638552884474,0.2537318553733619,,24,cube,pca90,10
932,24,interaction,True,10,0.7563935567794371,0.7563935567794371,0.7457109513976437,0.520546835068368,0.9858769217611032,0.6881957552424768,0.1975324524975739,,24,cube,pca90,10
933,24,interaction,True,10,0.6720526597869896,0.6720526597869896,2.2989274716846717,1.0438887972860305,3.420754963477606,1.5532842286747235,0.9429910909342568,,24,cube,pca90,10
934,24,interaction,True,10,1.2032810478628009,1.2032810478628009,2.6992060441651917,1.0843513576009143,2.2432049843711637,0.9011621678300986,0.8363627003535286,,24,cube,pca90,10
935,24,interaction,True,10,1.9508687801597926,1.9508687801597926,2.8651338495769636,2.832748916560659,1.4686450871094903,1.4520448250387363,2.8679288732291934,,24,cube,pca90,10
936,24,interaction,True,10,2.1926619619256256,2.1926619619256256,2.1269718911443953,1.2109296616418652,0.9700409493474588,0.5522646366238827,0.9213117737609965,,24,cube,pca90,10
937,24,interaction,True,10,1.735527243165401,1.735527243165401,2.8578478518138706,1.365540120451689,1.6466741522313915,0.7868157217521413,1.2784389891545556,,24,cube,pca90,10
938,24,interaction,True,10,1.5557467263755635,1.5557467263755635,1.9733690716671053,0.9101967054514675,1.2684385177942685,0.5850545529168237,0.6312931243176625,,24,cube,pca90,10
939,24,interaction,True,10,1.1364743439918115,1.1364743439918115,1.549581830731881,0.47468827014755954,1.3634991752555092,0.41768498572544965,0.38004202466126835,,24,cube,pca90,10
940,24,interaction,True,10,1.0250283644715439,1.0250283644715439,0.9371394273364649,0.6365528871484057,0.9142570682125559,0.6210100219778624,0.40778589932916576,,24,cube,pca90,10
941,24,interaction,True,10,0.92405680929967,0.92405680929967,0.7125169236032718,0.4512772198866897,0.7710748045277417,0.4883652339824285,0.3391660326688489,,24,cube,pca90,10
942,24,transport_free,True,10,0.6948590312371916,0.6948590312371916,0.9506944273731248,0.6406903493796098,1.3681831632531567,0.9220436384612648,0.6931595489265823,,24,cube,pca90,10
943,24,transport_free,True,10,0.8031345590059662,0.8031345590059662,1.6815396727874847,0.755512582686122,2.093720976057504,0.9407048597450649,0.7715563031415943,,24,cube,pca90,10
944,24,transport_free,True,10,0.8106182513384113,0.8106182513384113,3.6320908882718834,1.7770651545419343,4.4806428701487295,2.1922343243663995,1.7630241115310639,,24,cube,pca90,10
945,24,transport_free,True,10,2.212806833895146,2.212806833895146,2.376493826727259,0.8402418004804911,1.0739725629570562,0.37971764530455443,0.30782565606763457,,24,cube,pca90,10
946,24,transport_free,True,10,1.6705880164897944,1.6705880164897944,1.984884151151264,0.9520780204874228,1.1881350348255595,0.5699059319771189,0.860811605791769,,24,cube,pca90,10
947,24,transport_free,True,10,0.754217231740657,0.754217231740657,1.0297003479285005,0.42395126232530533,1.3652569904191347,0.5621076322359657,0.2789003710833756,,24,cube,pca90,10
948,24,transport_free,True,10,0.7484615931190894,0.7484615931190894,1.0006250691350853,0.2896412444030078,1.3369090389329752,0.3869821071191856,0.20087591503310076,,24,cube,pca90,10
949,24,static,True,10,0.7987884067054554,0.7987884067054554,0.715448959199731,0.4688736370126819,0.8956676801939929,0.5869810241068935,0.18087325322382164,,24,cube,pca90,10
950,25,transport_free,True,10,3.144682146651329,3.144682146651329,3.303805211197683,0.8095440704635704,1.0506006830343089,0.25743271742920915,0.3511355808198257,,25,cube,pca90,10
951,25,transport_free,True,10,2.8478910423075745,2.8478910423075745,2.998650208023296,0.558825944595426,1.052937125569792,0.1962244820091935,0.29604126109873086,,25,cube,pca90,10
952,25,transport_free,True,10,2.373369755586833,2.373369755586833,2.4434565767248264,1.029481708287963,1.0295305107739792,0.4337637259700464,0.2794842479193397,,25,cube,pca90,10
953,25,interaction,True,10,2.21123833204078,2.21123833204078,2.3958049257182594,1.0625262558921378,1.0834675263191285,0.4805118654539236,0.302345068882726,,25,cube,pca90,10
954,25,interaction,True,10,2.184765418548526,2.184765418548526,2.1740339889073543,0.9251574885432965,0.9950880632080393,0.42345850071076985,0.5684023612093807,,25,cube,pca90,10
955,25,interaction,True,10,2.123134756517632,2.123134756517632,2.248616846871098,1.297103963849179,1.0591022731686055,0.610938123389158,0.9252888803898272,,25,cube,pca90,10
956,25,interaction,True,10,2.099018694254826,2.099018694254826,3.114914050446769,1.581335351154139,1.4839858544245108,0.7533688744566088,1.2982949941436812,,25,cube,pca90,10
957,25,interaction,True,10,2.846456765360114,2.846456765360114,2.6218900883526417,1.5509504318144551,0.9211065912750438,0.5448705389411526,1.5168933704578211,,25,cube,pca90,10
958,25,interaction,True,10,2.402961515142014,2.402961515142014,2.928143439364338,2.074437307683736,1.2185561112456211,0.8632836167420425,2.135589870825669,,25,cube,pca90,10
959,25,interaction,True,10,2.304037639313246,2.304037639313246,2.697052543101532,0.7742824005172666,1.1705765986988954,0.3360545797107956,0.5299470243231548,,25,cube,pca90,10
960,25,interaction,True,10,2.3697215035460744,2.3697215035460744,2.4231010801849915,0.7088418523519184,1.0225256750884184,0.2991245390191213,0.44439153047135854,,25,cube,pca90,10
961,25,interaction,True,10,2.163521194951076,2.163521194951076,2.418884865774654,1.3435789498636248,1.1180315087365496,0.6210149237266924,1.224770558304937,,25,cube,pca90,10
962,25,transport_free,True,10,1.8525405644859034,1.8525405644859034,2.4201084799138712,0.9077124774132985,1.3063727328343133,0.48998251094447526,0.7971321296352422,,25,cube,pca90,10
963,25,transport_free,True,10,2.1562743618464273,2.1562743618464273,2.7363481682285724,1.7228521378188901,1.269016696875914,0.7989948627611582,1.5597965289373643,,25,cube,pca90,10
964,25,transport_free,True,10,2.31377236796588,2.31377236796588,3.206235891639352,1.399670623999188,1.385717945304217,0.604930132011944,1.3637895417647525,,25,cube,pca90,10
965,25,static,True,10,2.818462089110537,2.818462089110537,3.0214959918965216,0.6254411757849667,1.07203712392316,0.22190867076106255,0.5810648121688408,,25,cube,pca90,10
966,25,transport_free,True,10,2.8393098075742076,2.8393098075742076,2.8592281197327423,0.7709250763530648,1.0070151950679704,0.27151847758794323,0.7167389656811693,,25,cube,pca90,10
967,25,transport_free,True,10,2.640387889680678,2.640387889680678,2.886516656284146,0.5125724609233324,1.0932168972465761,0.19412771241929974,0.33856249464430455,,25,cube,pca90,10
968,25,transport_free,True,10,2.492229298418651,2.492229298418651,2.3624695616558373,0.5189400079554649,0.947934270395927,0.2082232193822368,0.4098034892512396,,25,cube,pca90,10
969,25,transport_free,True,10,1.9946692178359289,1.9946692178359289,2.1709925168325865,0.3981935438808095,1.0883972627742036,0.19962886092603394,0.19363946347309818,,25,cube,pca90,10
970,25,interaction,True,10,1.8353189394152865,1.8353189394152865,2.2252877279969137,0.6598561049069229,1.212480120052522,0.3595321176803996,0.47889420583556824,,25,cube,pca90,10
971,25,interaction,True,10,2.08113337285198,2.08113337285198,2.780092457443505,0.9329328035903157,1.3358550171312056,0.4482811220848508,0.8279138454656103,,25,cube,pca90,10
972,25,interaction,True,10,2.2506009525254314,2.2506009525254314,2.728099435662082,1.562507385555413,1.2121648809402852,0.6942622963889272,1.5269274925059007,,25,cube,pca90,10
973,25,interaction,True,10,2.3182666218219086,2.3182666218219086,4.068815977577119,2.307270040999109,1.755111314323055,0.9952565504246628,2.2606765967134885,,25,cube,pca90,10
974,25,interaction,True,10,2.907443518393675,2.907443518393675,2.777141452097882,0.6553258181451799,0.9551832854287801,0.22539588955015674,0.4084402830779377,,25,cube,pca90,10
975,25,interaction,True,10,2.710245330189224,2.710245330189224,2.776104811052002,1.763527217312344,1.0243001916207268,0.6506891452476806,1.821245865186282,,25,cube,pca90,10
976,25,interaction,True,10,2.2472611303584316,2.2472611303584316,2.500938869739752,1.414765577029391,1.1128830717331277,0.6295510378910617,0.9109028027683284,,25,cube,pca90,10
977,25,interaction,True,10,2.1601708525644305,2.1601708525644305,2.601251521752777,0.8771085571348741,1.2041878625779627,0.40603665959737456,0.7908015972212138,,25,cube,pca90,10
978,25,interaction,True,10,2.1520944925240677,2.1520944925240677,2.29331563849455,1.223117262162219,1.0656203277602612,0.5683380847872044,0.9096155184074302,,25,cube,pca90,10
979,25,static,True,10,1.823755773765249,1.823755773765249,2.27211116138096,1.016957853261266,1.245841792012565,0.5576173454199396,0.965662899396842,,25,cube,pca90,10
980,25,transport_free,True,10,2.0787059605693083,2.0787059605693083,2.959245819989909,1.4635567067816666,1.4236000069867705,0.7040710588912888,1.3604235203041797,,25,cube,pca90,10
981,25,transport_free,True,10,2.429840813913442,2.429840813913442,3.065040240994816,1.1250661751362174,1.2614160662065501,0.46302052739175675,1.0993271158730826,,25,cube,pca90,10
982,25,transport_free,True,10,2.5809470686900307,2.5809470686900307,3.8047819425174425,1.4279650576642706,1.474180539645307,0.5532717330731776,1.3443793969505544,,25,cube,pca90,10
983,25,transport_free,True,10,3.0449198346169823,3.0449198346169823,2.943787302957313,0.8499743151816918,0.9667864715156316,0.27914505515663574,1.1494471177620882,,25,cube,pca90,10
984,25,transport_free,True,10,2.5430427881985187,2.5430427881985187,2.7581781251019635,1.0631585178865006,1.084597607992214,0.418065524819438,0.8942588656801008,,25,cube,pca90,10
985,25,transport_free,True,10,2.458707133140863,2.458707133140863,2.4178879333505243,0.5121978974283566,0.9833981041336165,0.2083200111654014,0.3435798078103342,,25,cube,pca90,10
986,25,transport_free,True,10,2.2221297819266494,2.2221297819266494,2.25132282686039,0.5318975328197831,1.013137416712191,0.23936384685804127,0.5098522701072586,,25,cube,pca90,10
987,25,static,True,10,1.9403270461185347,1.9403270461185347,2.17181782721127,0.7974596962442151,1.119305032394314,0.4109924137992448,0.6029128395964286,,25,cube,pca90,10
988,26,transport_free,True,10,2.701575924044991,2.701575924044991,3.0132783329918555,0.644588007167832,1.1153779933307082,0.238597035689713,0.48341628132772607,,26,cube,pca90,10
989,26,transport_free,True,10,2.6488344489697644,2.6488344489697644,3.2731556482273847,0.8836359929995015,1.2356965719395727,0.33359426948829596,0.35732870157559093,,26,cube,pca90,10
990,26,transport_free,True,10,3.025702164724689,3.025702164724689,3.6506422955197095,0.9511526841719401,1.2065438357023102,0.3143576705139735,0.2791276547212306,,26,cube,pca90,10
991,26,interaction,True,10,3.2675477434236777,3.2675477434236777,3.479932309363746,1.0003781289167517,1.064998152320044,0.3061556272376218,0.2318332978504538,,26,cube,pca90,10
992,26,interaction,True,10,3.297814177246104,3.297814177246104,3.292352352267322,1.3760334857959307,0.9983438045064921,0.41725622240638527,1.2609276025354998,,26,cube,pca90,10
993,26,interaction,True,10,2.894366838687117,2.894366838687117,6.90704772647468,3.6068440567318247,2.3863760578488775,1.246159957515229,3.5747718300962052,,26,cube,pca90,10
994,26,interaction,True,10,3.6703730970043535,3.6703730970043535,9.72928262623035,8.336731028105483,2.650761208491609,2.2713579267758006,8.929571059288989,,26,cube,pca90,10
995,26,interaction,True,10,4.918395586144341,4.918395586144341,8.184357190138492,8.006832636831367,1.6640298745376891,1.6279358779898654,8.365387466244117,,26,cube,pca90,10
996,26,interaction,True,10,4.393476364342808,4.393476364342808,2.9857731880299445,4.145581365125991,0.6795924093873138,0.9435765715667169,4.11953119499812,,26,cube,pca90,10
997,26,interaction,True,10,1.862634670048323,1.862634670048323,2.347831380115621,1.3201658617480434,1.2604894657387165,0.7087626376640964,0.8479477329931382,,26,cube,pca90,10
998,26,interaction,True,10,1.796839643081769,1.796839643081769,2.116990470787212,1.0509936737182326,1.178174401337423,0.5849123363705778,0.4725094532084081,,26,cube,pca90,10
999,26,interaction,True,10,1.7327830694103041,1.7327830694103041,1.9902989184992337,0.8804256493724373,1.14861401501145,0.5080991757797249,0.25413200556913196,,26,cube,pca90,10
1000,26,static,True,10,1.7891654844946947,1.7891654844946947,1.9879097277401288,0.7876556691161545,1.1110820910462424,0.4402363425530804,0.6460414523696106,,26,cube,pca90,10
1001,26,transport_free,True,10,1.755018485559689,1.755018485559689,2.1894446560771614,1.050347532160743,1.2475336722045582,0.5984823184502122,0.9576565353674202,,26,cube,pca90,10
1002,26,transport_free,True,10,1.8066884554006013,1.8066884554006013,2.206664713473007,0.9254399331628274,1.2213864027728665,0.5122299477790305,0.7574317031518868,,26,cube,pca90,10
1003,26,static,True,10,2.0051484327265148,2.0051484327265148,2.073344566370902,0.4774823235936315,1.0340105163943683,0.23812816836924713,0.326309378225665,,26,cube,pca90,10
1004,26,transport_free,True,10,1.953560371145878,1.953560371145878,2.0125774050277783,0.508460101359119,1.0302099872384713,0.2602735543109309,0.41434050449083576,,26,cube,pca90,10
1005,26,transport_free,True,10,1.941564033302817,1.941564033302817,1.8965552722047145,0.4863901979835852,0.9768182968338481,0.2505146313182271,0.317028495380846,,26,cube,pca90,10
1006,26,transport_free,True,10,1.7070179245489958,1.7070179245489958,1.8871777005057613,0.47784005616833547,1.1055406468589748,0.2799267947315689,0.2659356745158302,,26,cube,pca90,10
1007,26,transport_free,True,10,1.8759780950316367,1.8759780950316367,1.8401297200778344,0.7147747823589539,0.9808908350002894,0.38101446080419177,0.26506184193768734,,26,cube,pca90,10
1008,26,interaction,True,10,1.741066654639325,1.741066654639325,1.9312494989654314,0.7902193813253171,1.1092335229207546,0.4538708378680752,0.3043533024764859,,26,cube,pca90,10
1009,26,interaction,True,10,1.7366303167754742,1.7366303167754742,2.0536477363628425,0.8978679202846918,1.182547440595185,0.5170173016165164,0.6893572037508202,,26,cube,pca90,10
1010,26,interaction,True,10,1.793333072519737,1.793333072519737,2.4104928490774133,1.060055394374956,1.3441411893946345,0.5911090419391624,1.0322551527209487,,26,cube,pca90,10
1011,26,interaction,True,10,1.5738161470333631,1.5738161470333631,3.635970317981239,3.1952371932547634,2.310289117845835,2.030248068859741,3.113690853957023,,26,cube,pca90,10
1012,26,interaction,True,10,2.7353832214316007,2.7353832214316007,2.6818540447628,1.096145201589394,0.9804308309528983,0.4007282025425714,0.6982110600393873,,26,cube,pca90,10
1013,26,interaction,True,10,2.3402220744358493,2.3402220744358493,2.936251429239381,1.880856616489739,1.2546892285627271,0.8037086039978286,1.625568322835283,,26,cube,pca90,10
1014,26,interaction,True,10,1.9584499774591544,1.9584499774591544,2.303940390805924,1.2749092238458462,1.1764101290935194,0.6509787017894031,0.6739511023973651,,26,cube,pca90,10
1015,26,interaction,True,10,1.8621646034469066,1.8621646034469066,2.193860461087721,0.9903712987569449,1.1781238119481157,0.5318387520221072,0.40098797740542874,,26,cube,pca90,10
1016,26,interaction,True,10,1.6291029433399762,1.6291029433399762,2.036989158346156,1.0388570636696621,1.2503747333301933,0.6376865672710678,0.39157609301638074,,26,cube,pca90,10
1017,26,transport_free,True,10,1.694472606636333,1.694472606636333,1.872728758103762,0.8140911912116389,1.1051986032523016,0.4804392753375203,0.6552045466185327,,26,cube,pca90,10
1018,26,transport_free,True,10,1.650976242571717,1.650976242571717,2.0246889592649193,1.126087325513879,1.2263586277359582,0.6820736098296477,1.0888676646411648,,26,cube,pca90,10
1019,26,transport_free,True,10,1.6424915840354413,1.6424915840354413,2.128073047220054,0.8415275214987654,1.2956371088316854,0.5123481481903333,0.730276220305407,,26,cube,pca90,10
1020,26,transport_free,True,10,1.8808958636841497,1.8808958636841497,2.9383543513021,0.9400097999949978,1.5622100128109615,0.49976706214547206,0.9083917533052897,,26,cube,pca90,10
1021,26,transport_free,True,10,2.249855537138413,2.249855537138413,2.2608954956234215,0.6379095316000091,1.0049069632706509,0.2835335518525625,0.6540200766884547,,26,cube,pca90,10
1022,26,transport_free,True,10,1.8174582766664573,1.8174582766664573,1.4350479234867777,0.7619605054772043,0.7895905737758732,0.4192451156979382,0.6098747728488288,,26,cube,pca90,10
1023,26,transport_free,True,10,1.3794551401862751,1.3794551401862751,1.6476759621065202,0.4148027574132436,1.194439684268403,0.30070043260502877,0.2647747782208424,,26,cube,pca90,10
1024,26,transport_free,True,10,1.4760538975485709,1.4760538975485709,2.1736900921684428,0.6035817576815425,1.4726359896332415,0.40891579818594065,0.3273688349868849,,26,cube,pca90,10
1025,26,transport_free,True,10,1.497001920370932,1.497001920370932,1.6566298259554717,0.8590282254668393,1.1066317306693814,0.5738324138248176,0.28442730735497956,,26,cube,pca90,10
1026,27,transport_free,True,10,3.2232950385269272,3.2232950385269272,3.363938646122005,1.1265620190222363,1.0436334886859606,0.3495063298757425,0.40594124960011846,,27,cube,pca90,10
1027,27,transport_free,True,10,2.9995172908880283,2.9995172908880283,4.3005538680314235,0.7945003475980388,1.4337486505231027,0.2648760685632925,0.41283725818934475,,27,cube,pca90,10
1028,27,transport_free,True,10,3.577424920328274,3.577424920328274,5.112769335688253,0.6281813055186114,1.4291758596066055,0.17559594387265792,0.337130657747233,,27,cube,pca90,10
1029,27,interaction,True,10,4.653629320145814,4.653629320145814,5.186296429171734,1.0455347092218246,1.1144627284171464,0.22467081868675015,0.3336416242873899,,27,cube,pca90,10
1030,27,interaction,True,10,5.038595796211753,5.038595796211753,6.950580125813577,2.122504485684037,1.3794676943602702,0.42124920742398764,1.8170848642327055,,27,cube,pca90,10
1031,27,interaction,True,10,4.912969829136325,4.912969829136325,7.583368291704933,2.405646281525823,1.5435405783955425,0.48965215850892435,2.13156877117608,,27,cube,pca90,10
1032,27,interaction,True,10,5.432755492203912,5.432755492203912,8.695870283727526,3.4449200415209167,1.6006371529523526,0.6341018009119738,3.116638260281044,,27,cube,pca90,10
1033,27,interaction,True,10,6.5093845892830995,6.5093845892830995,6.796450050974947,6.465163231607164,1.0441002459993631,0.9932065225107853,6.436864980216366,,27,cube,pca90,10
1034,27,interaction,True,10,3.888770811324271,3.888770811324271,3.7763877661510383,4.766275944562168,0.9711006252037357,1.225651028515891,5.149338408702297,,27,cube,pca90,10
1035,27,interaction,True,10,1.2731236877596068,1.2731236877596068,1.873271887506946,1.0018341896535015,1.471398188186614,0.7869103365883404,0.5894593893728816,,27,cube,pca90,10
1036,27,interaction,True,10,1.244937926238098,1.244937926238098,0.9814912485458736,0.565627191057849,0.7883856920575175,0.45434168173110273,0.5474568618750282,,27,cube,pca90,10
1037,27,interaction,True,10,0.6397593946281568,0.6397593946281568,0.6817607880220791,0.47183149494376353,1.0656518587246921,0.7375139762003856,0.26570001274614546,,27,cube,pca90,10
1038,27,static,True,10,0.7886300900454022,0.7886300900454022,0.7931913114346196,0.5278522463969764,1.0057837273099164,0.6693280576785846,0.5483087344813776,,27,cube,pca90,10
1039,27,transport_free,True,10,0.7443628593030942,0.7443628593030942,1.4754433818209223,0.8649255886894183,1.9821560995161664,1.1619676853560377,0.955817353597001,,27,cube,pca90,10
1040,27,transport_free,True,10,0.7964827506922463,0.7964827506922463,2.0878760800961285,1.2483330659769019,2.621370115399856,1.5673070947135257,1.2353135009860443,,27,cube,pca90,10
1041,27,transport_free,True,10,1.8409288498341367,1.8409288498341367,2.7982343899810016,0.8359442546752278,1.5200122428594216,0.45408830153894564,0.6652281310563167,,27,cube,pca90,10
1042,27,transport_free,True,10,2.1402466067424926,2.1402466067424926,2.031611642237209,1.1555742157721585,0.9492418471016157,0.5399257319842083,1.014454213354969,,27,cube,pca90,10
1043,27,transport_free,True,10,1.314513825590331,1.314513825590331,1.3995258776246402,0.6392941509676022,1.0646718584311057,0.4863350529466691,0.415855920164031,,27,cube,pca90,10
1044,27,transport_free,True,10,0.9400744870000615,0.9400744870000615,1.0999162672953626,0.30258933962755385,1.170030973615063,0.3218780466994357,0.2106391933922239,,27,cube,pca90,10
1045,27,transport_free,True,10,0.8703628341879273,0.8703628341879273,1.1234037883799863,0.3097337506590735,1.2907304221326883,0.35586739057862427,0.2507110044520973,,27,cube,pca90,10
1046,27,interaction,True,10,0.7699174553259773,0.7699174553259773,0.9279993391295759,0.5930164940096831,1.2053231586192157,0.7702338606657572,0.262132282283857,,27,cube,pca90,10
1047,27,interaction,True,10,0.8870094079921171,0.8870094079921171,1.3363763679120502,0.8314325383967129,1.5066090121153783,0.9373435398828396,0.6580503658674175,,27,cube,pca90,10
1048,27,interaction,True,10,1.1214666908299669,1.1214666908299669,2.6210221963194034,0.9484099925290143,2.3371378015513384,0.8456871704563262,0.8079149427494628,,27,cube,pca90,10
1049,27,interaction,True,10,1.190484501311483,1.190484501311483,2.5800513096017403,1.3755771091837683,2.1672279704267106,1.155476705214037,1.4468835211797628,,27,cube,pca90,10
1050,27,interaction,True,10,2.085424422911919,2.085424422911919,3.197352457760979,1.6095839615421104,1.5331902813799663,0.7718256024328212,1.1223534622858147,,27,cube,pca90,10
1051,27,interaction,True,10,2.4524272484829805,2.4524272484829805,2.866166415676317,1.9921457502598423,1.1687059901366155,0.812315941886611,1.7768355511482983,,27,cube,pca90,10
1052,27,interaction,True,10,1.859721768022979,1.859721768022979,2.251006076295458,0.6791200545094133,1.2103993807032989,0.36517293403053935,0.5170642836889913,,27,cube,pca90,10
1053,27,interaction,True,10,1.201920123535198,1.201920123535198,1.2957983206749986,0.6986010589687024,1.0781068519459325,0.5812375092896462,0.6088911922895788,,27,cube,pca90,10
1054,27,interaction,True,10,1.254640577926941,1.254640577926941,0.8277947338652141,0.4523191128676405,0.6597863550954092,0.3605168849352962,0.37446432514487105,,27,cube,pca90,10
1055,27,transport_free,True,10,0.7006892041253101,0.7006892041253101,0.7099190949724753,0.424980126747344,1.0131725889207714,0.6065173035994732,0.3790352340116093,,27,cube,pca90,10
1056,27,transport_free,True,10,0.5853674106846319,0.5853674106846319,1.441861290956272,0.8579348856558247,2.4631731535411325,1.4656348645244945,0.9517404432688665,,27,cube,pca90,10
1057,27,transport_free,True,10,0.7319230612610161,0.7319230612610161,1.4605627147570335,0.7447188339359614,1.995513998753719,1.0174824012962504,0.6830001708289207,,27,cube,pca90,10
1058,27,transport_free,True,10,1.2273734983581783,1.2273734983581783,2.9278003311234975,1.4768036495137506,2.3854192183878262,1.2032226958535668,1.4670412188766808,,27,cube,pca90,10
1059,27,transport_free,True,10,2.448990215597567,2.448990215597567,1.9967787575092846,0.8651515889550052,0.8153477889751632,0.3532686996644057,0.5251522547726228,,27,cube,pca90,10
1060,27,transport_free,True,10,1.9472766617858217,1.9472766617858217,1.8889924523457124,1.1652821423569315,0.9700688604840272,0.5984163243081579,1.1293653134409334,,27,cube,pca90,10
1061,27,transport_free,True,10,0.8520622991513926,0.8520622991513926,1.0900397247976288,0.31302397163376167,1.2792958048762968,0.3673721650934637,0.2191667517477543,,27,cube,pca90,10
1062,27,transport_free,True,10,0.8299020739330061,0.8299020739330061,0.9471520357374485,0.33807914208866424,1.1412816830891634,0.4073723306732641,0.24740187465177982,,27,cube,pca90,10
1063,27,transport_free,True,10,0.6971232294056191,0.6971232294056191,0.8430826074551094,0.5193043609635494,1.209373855141706,0.7449247694791614,0.22897318456149138,,27,cube,pca90,10
1064,28,transport_free,True,10,2.3112594223809353,2.3112594223809353,2.546067659710501,0.4939289600775707,1.1015931985201726,0.21370554741481665,0.3748135233646944,,28,cube,pca90,10
1065,28,transport_free,True,10,2.4236288332205413,2.4236288332205413,2.785645945950521,0.44971377100328763,1.1493698654545745,0.18555389539812647,0.3085197152532722,,28,cube,pca90,10
1066,28,static,True,10,2.544802377388865,2.544802377388865,2.6746495122768685,0.6861597619665452,1.0510244473369423,0.2696318457037086,0.17054629166012614,,28,cube,pca90,10
1067,28,interaction,True,10,2.54720583721926,2.54720583721926,2.6543968235456177,0.5638141217528656,1.0420817920405585,0.22134611719026664,0.26312312829331835,,28,cube,pca90,10
1068,28,interaction,True,10,2.516470070403125,2.516470070403125,2.6588717244093765,0.7275209328282914,1.056587859192555,0.2891037494881656,0.57617617095773,,28,cube,pca90,10
1069,28,interaction,True,10,2.5786734403433806,2.5786734403433806,2.694574962578244,1.021576120303789,1.0449461806297697,0.39616343206596727,0.9101713967315161,,28,cube,pca90,10
1070,28,interaction,True,10,2.418524604887068,2.418524604887068,3.2268609637248975,2.3663024060887254,1.3342270561169562,0.9784074147135745,2.2729763551018447,,28,cube,pca90,10
1071,28,interaction,True,10,2.4156630507985173,2.4156630507985173,5.313007422811632,4.929183459754336,2.199399217144698,2.0405095230996535,4.9210285168028784,,28,cube,pca90,10
1072,28,interaction,True,10,4.1753755709938165,4.1753755709938165,4.842493906382624,4.437772160931557,1.1597744499975655,1.06284382936965,2.2771304345690124,,28,cube,pca90,10
1073,28,interaction,True,10,3.9009164003884527,3.9009164003884527,2.97020122368282,1.369080207886381,0.7614111451829749,0.35096373963565286,0.906527448506892,,28,cube,pca90,10
1074,28,interaction,True,10,2.5032467505410594,2.5032467505410594,3.2312991889020033,0.8651513404041877,1.29084325714338,0.34561169018483345,0.7762623677325948,,28,cube,pca90,10
1075,28,interaction,True,10,2.6275950846171963,2.6275950846171963,3.240975164397941,1.0106161977316988,1.233437824332856,0.38461641355937126,0.8527556428113872,,28,cube,pca90,10
1076,28,transport_free,True,10,3.1714592237522745,3.1714592237522745,3.4156895515040624,1.4330011115906869,1.077008818503058,0.4518428302209885,1.5024257417140274,,28,cube,pca90,10
1077,28,transport_free,True,10,3.401836820458676,3.401836820458676,3.9265635932922507,1.8063572593602184,1.1542480725935658,0.5309946816075275,1.7819640233780085,,28,cube,pca90,10
1078,28,transport_free,True,10,3.4238280595099395,3.4238280595099395,3.7772019105292953,1.5807197282891385,1.1032101626826245,0.4616819830944988,1.4163053945726511,,28,cube,pca90,10
1079,28,static,True,10,3.7439169878692953,3.7439169878692953,3.7770927287415743,0.4988662581353193,1.0088612383714095,0.1332471472395625,0.33552064740836707,,28,cube,pca90,10
1080,28,transport_free,True,10,3.7378317125871314,3.7378317125871314,3.375311816659109,0.8130500192635008,0.9030133179331647,0.21751916131632107,0.8949731016646862,,28,cube,pca90,10
1081,28,transport_free,True,10,3.3271760575279634,3.3271760575279634,3.4234437273258242,0.564029319092764,1.028933746857203,0.16952193371811783,0.6464214417852561,,28,cube,pca90,10
1082,28,transport_free,True,10,3.283232650217695,3.283232650217695,3.5375635541025936,0.4895916069482641,1.0774635644135773,0.14911876772296404,0.43028260569165194,,28,cube,pca90,10
1083,28,transport_free,True,10,3.3949203264425805,3.3949203264425805,3.34601313059248,0.9857497068980015,0.9855940077682622,0.29036018878561853,0.27255772529943295,,28,cube,pca90,10
1084,28,interaction,True,10,3.210421276977222,3.210421276977222,3.099703286861115,0.6139877711981998,0.9655129403389846,0.19124834974190713,0.22078913979073966,,28,cube,pca90,10
1085,28,interaction,True,10,3.1977251024578104,3.1977251024578104,2.885035949532421,1.2761954240149416,0.9022151239063505,0.39909478867775167,0.9827341527342075,,28,cube,pca90,10
1086,28,interaction,True,10,2.4437929836261807,2.4437929836261807,4.629857952628808,2.042236751570787,1.8945377057916224,0.8356832044506686,1.9282703149624891,,28,cube,pca90,10
1087,28,interaction,True,10,4.068706600620526,4.068706600620526,4.738355272502583,2.6762241096417747,1.1645851464885493,0.6577579492297672,2.5106888274099592,,28,cube,pca90,10
1088,28,interaction,True,10,3.2548304745351313,3.2548304745351313,4.859860936829612,3.149535698590714,1.493122598811761,0.9676496896633439,0.8912651558523926,,28,cube,pca90,10
1089,28,interaction,True,10,3.045195497569209,3.045195497569209,5.696272406239567,2.3817402974544613,1.8705769172411257,0.7821305066803287,2.188940377568979,,28,cube,pca90,10
1090,28,interaction,True,10,4.356988095413584,4.356988095413584,3.344090644385541,3.491378902361046,0.7675234751974014,0.8013285384085103,1.271835537256416,,28,cube,pca90,10
1091,28,interaction,True,10,2.7640613974441157,2.7640613974441157,3.064178832787835,1.0648675887832555,1.1085784257980786,0.38525467985910944,0.8170283262575739,,28,cube,pca90,10
1092,28,interaction,True,10,2.513100970185702,2.513100970185702,3.578224453305225,1.0466451275087991,1.423828368121961,0.4164755574589821,0.5230442825908345,,28,cube,pca90,10
1093,28,interaction,True,10,2.962558524018363,2.962558524018363,3.334124489413904,1.057953460656904,1.1254206330045948,0.3571080375559685,1.0325284215491444,,28,cube,pca90,10
1094,28,transport_free,True,10,3.334124489413904,3.334124489413904,3.8715035811508116,1.8593176071870574,1.1611754730344133,0.5576629226324723,1.9679386889693453,,28,cube,pca90,10
1095,28,transport_free,True,10,3.3224796332855377,3.3224796332855377,3.5124807000096654,1.4823283945417272,1.057186525636047,0.44615123586954253,1.3657968293190623,,28,cube,pca90,10
1096,28,transport_free,True,10,3.4793281395801827,3.4793281395801827,4.130984404975541,1.063241968359125,1.1872937070758687,0.3055882991500239,0.8596778655952567,,28,cube,pca90,10
1097,28,transport_free,True,10,4.093824069891661,4.093824069891661,3.7765607947221334,1.3785644703211308,0.9225019762078043,0.33674248008356966,1.0945857833123613,,28,cube,pca90,10
1098,28,transport_free,True,10,3.4822587966624288,3.4822587966624288,3.4032375959636756,0.7128891673254817,0.9773074876644748,0.20472032923249425,0.7633251491106208,,28,cube,pca90,10
1099,28,transport_free,True,10,3.354386771663775,3.354386771663775,3.556843880095604,0.515897730409842,1.0603559226211146,0.15379792657420863,0.45937864875521833,,28,cube,pca90,10
1100,28,transport_free,True,10,3.366555236396108,3.366555236396108,3.8109251368972688,0.5734943110035815,1.1319954283527094,0.17035048312990292,0.5139943870068041,,28,cube,pca90,10
1101,28,interaction,True,10,3.567790239578052,3.567790239578052,3.3670449792468142,0.8068945053090673,0.943734007088102,0.22616085899839655,0.30491294472799213,,28,cube,pca90,10
1102,29,transport_free,True,10,2.6234769321749796,2.6234769321749796,2.7798988147483534,0.4377722905198571,1.0596238833492213,0.16686721546925298,0.29009795891466555,,29,cube,pca90,10
1103,29,transport_free,True,10,2.6251394135248978,2.6251394135248978,2.7991483179073464,0.41954226516413273,1.0662855860096203,0.15981713694999294,0.27522685966191307,,29,cube,pca90,10
1104,29,transport_free,True,10,2.447629757760525,2.447629757760525,2.8536486901157936,0.5094933923111,1.1658824955318234,0.20815786811534126,0.17562050188450332,,29,cube,pca90,10
1105,29,interaction,True,10,2.400569209444316,2.400569209444316,2.802631996061198,0.6588148184579401,1.167486438231019,0.2744410850001874,0.3039452582831874,,29,cube,pca90,10
1106,29,interaction,True,10,2.424119791276709,2.424119791276709,2.8247833275383107,0.9106895131207529,1.1652820696829445,0.3756784282682337,0.7178955595831842,,29,cube,pca90,10
1107,29,interaction,True,10,2.39131988674294,2.39131988674294,3.0221208699293496,0.9535074551319974,1.2637877879423243,0.3987368902078205,0.565082830245954,,29,cube,pca90,10
1108,29,interaction,True,10,2.282750351165861,2.282750351165861,2.78787011000763,2.506172548776008,1.2212768288848541,1.0978741269258987,2.6002591126266466,,29,cube,pca90,10
1109,29,interaction,True,10,2.3797601933239365,2.3797601933239365,6.33314862555487,6.0486292543043785,2.6612549631351836,2.541696962270782,6.012119592382345,,29,cube,pca90,10
1110,29,interaction,True,10,5.165014286737577,5.165014286737577,8.160639391240174,8.098850948142394,1.5799838951451866,1.5680210157284853,8.114776598516615,,29,cube,pca90,10
1111,29,interaction,True,10,5.034794921524543,5.034794921524543,5.8687750690830445,1.9904250249888258,1.1656433202458962,0.3953338827127684,1.8687154232076153,,29,cube,pca90,10
1112,29,interaction,True,10,5.05134867268084,5.05134867268084,5.060638281236751,1.2841515411137192,1.001839035306779,0.2542195410225359,0.9231655793052629,,29,cube,pca90,10
1113,29,interaction,True,10,4.63869945788672,4.63869945788672,4.767797128872466,1.1740917542998874,1.027830574530164,0.25310795945266423,0.39258633661751335,,29,cube,pca90,10
1114,29,transport_free,True,10,4.467078724494073,4.467078724494073,5.064235533401346,1.5019376020346695,1.1336794907224084,0.33622366979994833,1.391046837184607,,29,cube,pca90,10
1115,29,transport_free,True,10,4.633320385849219,4.633320385849219,5.400059548167601,2.1065668628077105,1.1654837348740454,0.4546559890918504,2.017671873128778,,29,cube,pca90,10
1116,29,transport_free,True,10,4.706712333333841,4.706712333333841,6.679775998211121,2.173570303813058,1.4192020937637646,0.46180224111412455,2.04053132411984,,29,cube,pca90,10
1117,29,transport_free,True,10,5.75791928889235,5.75791928889235,7.267343383150997,1.7438098688127779,1.262147490877562,0.3028541702862657,1.5949978580014308,,29,cube,pca90,10
1118,29,transport_free,True,10,6.779272120836128,6.779272120836128,6.250844685619729,1.8905240352634034,0.9220524820662863,0.2788682916935681,2.24553861732208,,29,cube,pca90,10
1119,29,transport_free,True,10,5.825716846907053,5.825716846907053,5.194195597525315,1.6538935750877213,0.89159767527716,0.28389529023639287,1.7735692267625511,,29,cube,pca90,10
1120,29,transport_free,True,10,4.887441285801327,4.887441285801327,5.144511715582085,1.1712394427449857,1.0525981622587635,0.23964266254156208,0.7159944916451888,,29,cube,pca90,10
1121,29,transport_free,True,10,4.759451710118126,4.759451710118126,4.970859672740634,1.144150255398584,1.04441855396349,0.2403953911258797,0.6796206845295304,,29,cube,pca90,10
1122,29,transport_free,True,10,4.480442792758823,4.480442792758823,5.324542108675843,1.3916115146838992,1.1883964052127238,0.31059687157103893,1.566317603904226,,29,cube,pca90,10
1123,29,interaction,True,10,4.276226265731019,4.276226265731019,4.454396941482966,1.0704719148134159,1.0416653995088563,0.2503309807041792,0.9505348983953272,,29,cube,pca90,10
1124,29,interaction,True,10,4.240591263440575,4.240591263440575,4.573658530955402,1.5413842189111795,1.078542648141145,0.3634833265351275,1.479851747444612,,29,cube,pca90,10
1125,29,interaction,True,10,4.256773869690505,4.256773869690505,5.129681783788756,1.8996861413391148,1.205063257015745,0.44627368037222853,1.6032773417832533,,29,cube,pca90,10
1126,29,interaction,True,10,3.785164671975077,3.785164671975077,5.759297579620952,2.7090619785074725,1.5215447883317015,0.7157051841271412,1.9495408002800734,,29,cube,pca90,10
1127,29,interaction,True,10,4.75576775090738,4.75576775090738,6.155942659971036,3.090924213524612,1.2944161663059572,0.6499316988166373,1.6989175441163613,,29,cube,pca90,10
1128,29,interaction,True,10,4.060760221002065,4.060760221002065,4.96311060088747,2.7335858477616393,1.2222121796846046,0.6731709578969128,1.2693072851235874,,29,cube,pca90,10
1129,29,interaction,True,10,4.519933164633882,4.519933164633882,6.376439546347564,2.0442355721347822,1.4107375737853551,0.45227119465611987,1.4312532710306822,,29,cube,pca90,10
1130,29,interaction,True,10,4.985292396827068,4.985292396827068,6.157763160924301,1.366208732927472,1.2351859571654134,0.27404786403241005,1.328102331869326,,29,cube,pca90,10
1131,29,interaction,True,10,4.34403970424783,4.34403970424783,4.51294257577781,0.6072331778480917,1.038881521125329,0.13978536550996695,0.3201189921999603,,29,cube,pca90,10
1132,29,transport_free,True,10,4.216854168359195,4.216854168359195,5.128043796167226,1.6547346952086248,1.2160827933403686,0.39240975123702054,1.5671105859079035,,29,cube,pca90,10
1133,29,transport_free,True,10,4.347504128408901,4.347504128408901,5.910518391110763,2.683513724014169,1.3595199030377674,0.6172538644595332,2.683475989142281,,29,cube,pca90,10
1134,29,transport_free,True,10,4.7414180286697265,4.7414180286697265,5.919347086455003,1.5895725505130551,1.2484339180099169,0.33525256387465857,1.5952618839746096,,29,cube,pca90,10
1135,29,static,True,10,4.78241528281719,4.78241528281719,4.93224880750352,0.8968721210658926,1.0313300949051138,0.18753539122549176,0.6310154633241536,,29,cube,pca90,10
1136,29,transport_free,True,10,4.780017544148787,4.780017544148787,4.929926877325957,1.0219887332531545,1.0313616700760175,0.2138043895893582,0.9264351993998221,,29,cube,pca90,10
1137,29,transport_free,True,10,4.8336527004668115,4.8336527004668115,5.27633680404505,1.0161452436544662,1.0915837630484884,0.2102230562730193,0.5952038505887873,,29,cube,pca90,10
1138,29,transport_free,True,10,4.566087336079054,4.566087336079054,4.657072141884354,0.9583399129057488,1.0199262079562916,0.2098820811712036,0.5058664168496096,,29,cube,pca90,10
1139,29,transport_free,True,10,4.45778551223639,4.45778551223639,4.856915328112153,0.6144377049717714,1.0895354464184455,0.1378347395327056,0.5104405878502399,,29,cube,pca90,10
380,10,transport_free,True,10,7.32440719657081,7.32440719657081,6.583693405450876,1.8127565398607837,0.8988704790379859,0.2474953250427546,1.3430947171920267,,10,cube,pca99,10
381,10,transport_free,True,10,6.067601276030292,6.067601276030292,7.512753219023478,2.3008987041125017,1.2381751663053693,0.3792105973083744,1.6472942204509369,,10,cube,pca99,10
382,10,transport_free,True,10,5.274541596666012,5.274541596666012,6.398780222821944,2.545138115200186,1.2131443283842056,0.48253257056669036,0.9638999756488769,,10,cube,pca99,10
383,10,interaction,True,10,5.6856335087557905,5.6856335087557905,5.163732258317994,2.9483643226651948,0.9082070186841842,0.5185639064010646,1.1070762381956112,,10,cube,pca99,10
384,10,interaction,True,10,4.349925551747133,4.349925551747133,5.718956694608707,3.8528128943968847,1.3147251893338052,0.8857192723331587,3.1888149029590167,,10,cube,pca99,10
385,10,interaction,True,10,5.276434949820985,5.276434949820985,12.613470963285247,7.023207084416933,2.3905290377384807,1.3310515814575166,6.70706136907271,,10,cube,pca99,10
386,10,interaction,True,10,8.346126489056047,8.346126489056047,15.704972416783255,8.159753368701104,1.881707932101985,0.9776695068545478,6.074439185596297,,10,cube,pca99,10
387,10,interaction,True,10,11.294777320252626,11.294777320252626,11.345577481736314,7.028424187529916,1.0044976682623568,0.6222720455875896,2.617850665657021,,10,cube,pca99,10
388,10,interaction,True,10,8.944458423818043,8.944458423818043,10.188646767980728,7.418213302037115,1.1391015850495272,0.829364166116898,6.169915189093951,,10,cube,pca99,10
389,10,interaction,True,10,8.724037392520671,8.724037392520671,9.496467557836002,3.1098091240794252,1.0885404464196307,0.35646444234014174,3.39948289390316,,10,cube,pca99,10
390,10,interaction,True,10,7.417947874403733,7.417947874403733,7.44539441116933,2.6270604414309995,1.0037000174752242,0.35414921834324253,1.315363881392426,,10,cube,pca99,10
391,10,interaction,True,10,7.302589914286774,7.302589914286774,8.991508850367286,2.4994798256778625,1.2312767053749403,0.342273064079346,1.8140146594228252,,10,cube,pca99,10
392,10,static,True,10,8.991508850367286,8.991508850367286,9.387044973030278,2.795191790122179,1.043989960889249,0.31087015946250235,2.1009139740819447,,10,cube,pca99,10
393,10,transport_free,True,10,9.365820052530978,9.365820052530978,11.537996226913712,3.859680339518093,1.2319258924685121,0.412102764933549,3.7747199623169925,,10,cube,pca99,10
394,10,transport_free,True,10,9.390407043155264,9.390407043155264,11.418267608408563,4.389177838393415,1.2159502304781795,0.467410818106412,3.515586233479996,,10,cube,pca99,10
395,10,transport_free,True,10,10.102564821542222,10.102564821542222,12.377990531145317,2.3470986122240323,1.2252324780684491,0.2323270034574975,1.548704098164968,,10,cube,pca99,10
396,10,transport_free,True,10,11.537680844266816,11.537680844266816,10.777666276023918,1.9638336148434297,0.93412761381586,0.17021042975194425,1.607830511011231,,10,cube,pca99,10
397,10,transport_free,True,10,10.05152734632676,10.05152734632676,9.620752090145814,2.38134844031248,0.9571433035658637,0.2369140886019399,2.1280898618898716,,10,cube,pca99,10
398,10,transport_free,True,10,9.37654776733083,9.37654776733083,9.951793841807884,2.448224152899485,1.061349452778483,0.26110080315800566,1.8517313839810576,,10,cube,pca99,10
399,10,transport_free,True,10,9.805833809342548,9.805833809342548,11.469573321629387,3.0164526336502897,1.1696683366897065,0.30761816815377313,2.097212121153201,,10,cube,pca99,10
400,10,interaction,True,10,9.490865793676566,9.490865793676566,8.914011386504518,2.22847986857958,0.9392200438071323,0.23480258988219374,0.7535733065733476,,10,cube,pca99,10
401,10,interaction,True,10,8.834145135609017,8.834145135609017,8.109946176993827,2.1385588402634523,0.9180227461176678,0.24207875322800232,1.3713902430940246,,10,cube,pca99,10
402,10,interaction,True,10,8.070410717971042,8.070410717971042,10.61332302408024,5.313033271924421,1.3150908169328592,0.6583349296081619,4.877370136668276,,10,cube,pca99,10
403,10,interaction,True,10,9.294284085230302,9.294284085230302,16.44893141487092,10.91208016300012,1.7697900412803373,1.174063549482061,11.624379672209006,,10,cube,pca99,10
404,10,interaction,True,10,12.040739107253703,12.040739107253703,15.624520959441945,9.115871783865954,1.297638028717794,0.7570857322516256,7.8587100119651945,,10,cube,pca99,10
405,10,interaction,True,10,12.028983994350263,12.028983994350263,14.019966660156758,16.07422036981334,1.1655154472515397,1.3362907771232408,16.277509063069942,,10,cube,pca99,10
406,10,interaction,True,10,11.568711046398274,11.568711046398274,12.309456224227967,4.564196669137161,1.064030052687703,0.39452940356377453,4.288109427541519,,10,cube,pca99,10
407,10,interaction,True,10,8.953276708881383,8.953276708881383,9.883713807310915,2.931149548236071,1.1039214053896678,0.3273828837802431,3.0688026257967107,,10,cube,pca99,10
408,10,interaction,True,10,7.170222420873761,7.170222420873761,8.519655616494829,3.8164337685527814,1.1881996284651692,0.5322615596194731,2.21234942050532,,10,cube,pca99,10
409,10,interaction,True,10,8.303969638902597,8.303969638902597,8.571783554605124,2.120896362608868,1.0322513120047871,0.25540752854789495,0.9827716425282986,,10,cube,pca99,10
410,10,transport_free,True,10,8.509007227569073,8.509007227569073,9.97976778561463,3.2212680553190456,1.1728474919236538,0.3785715500255046,3.160217642484954,,10,cube,pca99,10
411,10,transport_free,True,10,9.107480483958192,9.107480483958192,12.133617062848515,5.343037581620024,1.3322693454266001,0.5866647302765223,5.161821338069863,,10,cube,pca99,10
412,10,transport_free,True,10,9.178086482829723,9.178086482829723,13.6988908261236,4.63346660279317,1.4925650190539559,0.504840155021574,4.038659866918207,,10,cube,pca99,10
413,10,static,True,10,12.250517025101939,12.250517025101939,13.078126121014247,1.7665736103965437,1.0675570748741865,0.1442040043515505,1.329621778878113,,10,cube,pca99,10
414,10,transport_free,True,10,12.081449392715676,12.081449392715676,10.675645570746187,4.542608212165473,0.8836394726929787,0.37599861279097596,4.416437438780235,,10,cube,pca99,10
415,10,transport_free,True,10,9.38812819115828,9.38812819115828,9.007991381114874,2.105789474897315,0.9595087750930564,0.22430344281840367,2.0305105698675296,,10,cube,pca99,10
416,10,transport_free,True,10,8.908301310873835,8.908301310873835,10.331571209845823,2.629625283547316,1.159768944639837,0.2951881836706049,1.7026832538667613,,10,cube,pca99,10
417,10,transport_free,True,10,9.400759553269257,9.400759553269257,10.118841126939687,2.466806598416255,1.076385484555948,0.2624050306188701,1.1712333950380744,,10,cube,pca99,10
418,11,transport_free,True,10,12.998569325524212,12.998569325524212,13.093973899921625,2.0921113582522732,1.0073396211543124,0.16094935572210764,1.653721965956044,,11,cube,pca99,10
419,11,transport_free,True,10,12.592201086910418,12.592201086910418,13.067165132504396,2.6213619308714806,1.037718905719168,0.20817344900856008,1.7205582708822684,,11,cube,pca99,10
420,11,transport_free,True,10,11.206615170152967,11.206615170152967,11.029779426094542,1.9510618243396536,0.9842204143380066,0.17409911866483965,1.4662026034322801,,11,cube,pca99,10
421,11,interaction,True,10,10.328135676678606,10.328135676678606,10.672732893958772,3.0085370691970708,1.033364900313837,0.2912952698704842,1.661014679468611,,11,cube,pca99,10
422,11,interaction,True,10,10.044748080777751,10.044748080777751,12.002869813295373,3.750121567241883,1.1949398548147567,0.3733415250521162,2.752691838222564,,11,cube,pca99,10
423,11,interaction,True,10,10.894393465266155,10.894393465266155,13.688734984945587,4.889883587238286,1.2564935375786122,0.44884404100406,4.342272572210576,,11,cube,pca99,10
424,11,interaction,True,10,12.639416364602152,12.639416364602152,17.148071161995105,4.875470570453261,1.3567138440046849,0.3857354192482704,4.271669422126659,,11,cube,pca99,10
425,11,interaction,True,10,15.998909103601083,15.998909103601083,17.264390081680148,4.900534293807186,1.0790979541095227,0.3063042775025304,4.034407580592021,,11,cube,pca99,10
426,11,interaction,True,10,15.947975328002041,15.947975328002041,14.009334727530891,7.306377416819849,0.8784397040627964,0.4581382442943113,7.077873906576372,,11,cube,pca99,10
427,11,interaction,True,10,12.517239473605635,12.517239473605635,13.555298173959102,3.0723025709759932,1.0829303220204711,0.2454456973084502,2.2279660746482928,,11,cube,pca99,10
428,11,interaction,True,10,12.346018936135806,12.346018936135806,14.232373889944544,3.059562755305568,1.1527905443500923,0.24781775980842485,2.201263894820313,,11,cube,pca99,10
429,11,interaction,True,10,12.28223044028314,12.28223044028314,11.861725681104858,1.9724712595159275,0.9657631599388402,0.16059552612257097,1.2221238754177683,,11,cube,pca99,10
430,11,transport_free,True,10,11.505078198364455,11.505078198364455,11.038767031892299,2.713413770199636,0.959469100649968,0.23584487853245284,2.813504106601819,,11,cube,pca99,10
431,11,transport_free,True,10,10.757201303138352,10.757201303138352,9.963030273953883,4.332773324663718,0.9261730810082754,0.4027788643687142,4.267814564997361,,11,cube,pca99,10
432,11,transport_free,True,10,9.865768335453513,9.865768335453513,10.863563958114346,2.702996455180942,1.1011371429709298,0.273977288263245,2.2354287629301965,,11,cube,pca99,10
433,11,static,True,10,10.783701912171196,10.783701912171196,10.667842307387406,1.6116144527851262,0.9892560453054602,0.14944909140766882,1.0344118397293534,,11,cube,pca99,10
434,11,transport_free,True,10,10.563551720332773,10.563551720332773,10.3514566098682,1.701324822159588,0.9799219887326028,0.16105613596654902,1.2591895055791997,,11,cube,pca99,10
435,11,transport_free,True,10,10.250515710008113,10.250515710008113,9.828419173603457,1.533265060276886,0.958821921906569,0.14957930933951738,1.0256753081499959,,11,cube,pca99,10
436,11,transport_free,True,10,9.758089666616375,9.758089666616375,9.986449750433392,1.9151770697588746,1.02340213009092,0.19626557402018255,1.3789049562354547,,11,cube,pca99,10
437,11,transport_free,True,10,9.8595227740896,9.8595227740896,11.157696170637466,1.7355330250663297,1.1316669605915826,0.1760260678769601,1.1054108112109196,,11,cube,pca99,10
438,11,interaction,True,10,10.993781882698224,10.993781882698224,11.46627964814035,2.151882850304871,1.0429786374228265,0.19573636017751614,1.0707344529793266,,11,cube,pca99,10
439,11,interaction,True,10,11.311266022137447,11.311266022137447,11.560152102767425,2.6867169527560817,1.0220033796520105,0.23752575065407072,1.9214423996298888,,11,cube,pca99,10
440,11,interaction,True,10,11.117308191134937,11.117308191134937,12.664735212772442,3.981957702622357,1.1391908000599857,0.35817642491890384,3.741291784136615,,11,cube,pca99,10
441,11,interaction,True,10,11.791455629692294,11.791455629692294,15.630290066634306,7.210098290605506,1.3255606905118116,0.611468042372107,6.749194937474567,,11,cube,pca99,10
442,11,interaction,True,10,11.447536390567178,11.447536390567178,12.87876289250061,3.591522429525336,1.125024848413041,0.3137375857118713,2.799205606107113,,11,cube,pca99,10
443,11,interaction,True,10,12.258888209887886,12.258888209887886,14.577659379045748,6.896873721622706,1.1891502010180308,0.5626018937067851,6.669696761789251,,11,cube,pca99,10
444,11,interaction,True,10,13.183674868264266,13.183674868264266,14.096039552359017,5.01979741509424,1.0692041250418725,0.3807585870596592,4.183339176918075,,11,cube,pca99,10
445,11,interaction,True,10,12.012445741940805,12.012445741940805,13.111638337808253,2.32063645565979,1.0915044795607007,0.19318600937004968,1.8073969459898802,,11,cube,pca99,10
446,11,interaction,True,10,12.241141376156405,12.241141376156405,13.457011553149819,2.2883631246557545,1.0993265366056237,0.18694033949424718,1.7119381017566626,,11,cube,pca99,10
447,11,transport_free,True,10,12.799982679183161,12.799982679183161,12.186848014804678,2.5112284680499046,0.9520987895260488,0.19618998954849837,1.700963527733971,,11,cube,pca99,10
448,11,transport_free,True,10,11.627397932531728,11.627397932531728,10.910681165933756,4.4215001925993045,0.9383596595939401,0.3802656637585788,4.547460604595934,,11,cube,pca99,10
449,11,transport_free,True,10,10.632775565566714,10.632775565566714,11.001012156768613,2.971518336894908,1.0346322170472968,0.27946779451622233,2.7891780969211055,,11,cube,pca99,10
450,11,transport_free,True,10,10.939692725208591,10.939692725208591,11.777048697732646,2.556924433497254,1.0765429151949135,0.2337290907271347,1.999722335325823,,11,cube,pca99,10
451,11,transport_free,True,10,11.119186906041847,11.119186906041847,11.516770088700476,2.247362095442198,1.0357564978463123,0.20211568655447693,2.1310608696235986,,11,cube,pca99,10
452,11,transport_free,True,10,11.218315959698455,11.218315959698455,11.371301739632468,2.775026734767795,1.0136371430866817,0.24736571377887873,2.588488156656447,,11,cube,pca99,10
453,11,transport_free,True,10,10.987848589626568,10.987848589626568,10.747135235721347,1.7942433654322083,0.9780927674838481,0.1632934191617931,1.4302901959781873,,11,cube,pca99,10
454,11,transport_free,True,10,10.642132391012314,10.642132391012314,10.96982209638034,1.79230427985684,1.0307917335857213,0.16841589767953924,1.2020228023273838,,11,cube,pca99,10
455,11,transport_free,True,10,10.812207238007733,10.812207238007733,11.84232552970272,1.9835065552587596,1.095273635532424,0.1834506601285088,0.8073327651480673,,11,cube,pca99,10
456,12,transport_free,True,10,10.125145393251913,10.125145393251913,11.146145196201179,2.34396295861002,1.1008380386942127,0.23149919014221731,1.4429698325840823,,12,cube,pca99,10
457,12,transport_free,True,10,9.628400126626108,9.628400126626108,9.862130759225444,2.068505480335927,1.0242751266592032,0.21483376813721525,1.5225692687024701,,12,cube,pca99,10
458,12,transport_free,True,10,9.710215962545693,9.710215962545693,10.442284831706901,1.712750846646151,1.075391615591759,0.17638648339569218,0.8475351921204857,,12,cube,pca99,10
459,12,interaction,True,10,9.817324776547242,9.817324776547242,10.798894593469862,1.4151671021413093,1.099983431256905,0.14414997306822563,0.5144091839568209,,12,cube,pca99,10
460,12,interaction,True,10,9.825842056767208,9.825842056767208,12.306080763452846,2.5339848716865827,1.2524199648596488,0.25788984364361817,2.4347852441779216,,12,cube,pca99,10
461,12,interaction,True,10,9.108614713415953,9.108614713415953,9.718206076710176,4.237572320448127,1.066924706168147,0.46522687080030567,3.7244546631645914,,12,cube,pca99,10
462,12,interaction,True,10,9.718206076710176,9.718206076710176,16.238683599064544,8.02208747313654,1.6709548522520825,0.8254699900181774,7.680202907407187,,12,cube,pca99,10
463,12,interaction,True,10,11.827115580198774,11.827115580198774,17.00382728269951,12.980291747646719,1.4376985806385207,1.097502739330511,13.02942224435576,,12,cube,pca99,10
464,12,interaction,True,10,15.012282493155206,15.012282493155206,13.214739488209016,16.594280191507043,0.8802618452080306,1.1053802244311044,16.624979533859257,,12,cube,pca99,10
465,12,interaction,True,10,11.122815761419993,11.122815761419993,18.04731232749144,16.033780529273134,1.6225488864150197,1.4415217219444605,15.812588228207206,,12,cube,pca99,10
466,12,interaction,True,10,12.802468010468981,12.802468010468981,15.101250038109164,3.8544920536990217,1.1795577247887201,0.30107414059125803,3.722975116172971,,12,cube,pca99,10
467,12,interaction,True,10,13.763346805490663,13.763346805490663,14.576680419314016,2.009093614767199,1.0590941742090585,0.14597420548653936,1.2039873054813561,,12,cube,pca99,10
468,12,static,True,10,13.753026086667344,13.753026086667344,14.31978446641735,2.4363476970039,1.041209721858918,0.17714993643222848,2.2105384610928267,,12,cube,pca99,10
469,12,transport_free,True,10,13.792310143163782,13.792310143163782,14.82242483070187,4.735598713881955,1.0746876104760934,0.3433506544390734,4.525020871549943,,12,cube,pca99,10
470,12,transport_free,True,10,14.022161071237992,14.022161071237992,15.747255800303929,4.439757911254983,1.123026309589641,0.31662436971728525,3.987802764780891,,12,cube,pca99,10
471,12,transport_free,True,10,14.219372995826006,14.219372995826006,15.963703994655628,5.94197120949652,1.1226728491714548,0.4178785668848227,5.4385341495890085,,12,cube,pca99,10
472,12,transport_free,True,10,14.983601089798224,14.983601089798224,15.236392050611716,4.148558015470158,1.0168711753134971,0.27687322897929767,3.962017680811753,,12,cube,pca99,10
473,12,transport_free,True,10,13.905567293949733,13.905567293949733,14.392411662772636,4.686641864417951,1.0350107520629328,0.33703348920234943,4.336818054910711,,12,cube,pca99,10
474,12,transport_free,True,10,13.578934726190298,13.578934726190298,14.913472409392028,2.091195691552109,1.0982799984028018,0.15400292686573758,1.2441300767196934,,12,cube,pca99,10
475,12,transport_free,True,10,14.185585725159683,14.185585725159683,14.787444081215742,2.356704407201213,1.0424274589514197,0.16613373975960263,1.733680559578265,,12,cube,pca99,10
476,12,transport_free,True,10,14.10113525238582,14.10113525238582,14.343471587585697,1.80593922720057,1.0171855904409453,0.1280704847430647,1.0029891520330274,,12,cube,pca99,10
477,12,interaction,True,10,13.667702718760411,13.667702718760411,14.220211623719944,1.911278385629793,1.0404244163286602,0.13983903695873887,1.0996428146197306,,12,cube,pca99,10
478,12,interaction,True,10,13.44267187194513,13.44267187194513,13.845392049600168,4.114863798173152,1.029958343214158,0.30610460757886065,3.6054042425115793,,12,cube,pca99,10
479,12,interaction,True,10,12.38197245326989,12.38197245326989,13.58362446361043,7.525752277545747,1.097048512656253,0.607799145568145,7.007457746936301,,12,cube,pca99,10
480,12,interaction,True,10,11.059572236904806,11.059572236904806,13.19879163691175,8.595678946109707,1.193426956683601,0.7772162215665714,5.654582613257257,,12,cube,pca99,10
481,12,interaction,True,10,10.830303476125625,10.830303476125625,12.488755559565728,5.594628967904322,1.1531307120890937,0.516571763684845,5.33004645047767,,12,cube,pca99,10
482,12,interaction,True,10,11.380754658004822,11.380754658004822,14.08389686997926,6.898498262175417,1.2375187141103285,0.606154729583179,6.165005615112099,,12,cube,pca99,10
483,12,interaction,True,10,12.7180340345727,12.7180340345727,14.514451130390107,2.8337151982172353,1.141249590222359,0.22281078903500845,2.4818503280844815,,12,cube,pca99,10
484,12,interaction,True,10,13.401167271108184,13.401167271108184,15.080363330906504,2.951134194230277,1.1253022237412504,0.22021471223575276,2.4185768891928507,,12,cube,pca99,10
485,12,interaction,True,10,13.72290030916289,13.72290030916289,14.134388908430765,2.242883034164966,1.02998554168561,0.16344088958129172,1.517958441695263,,12,cube,pca99,10
486,12,transport_free,True,10,13.400188258395346,13.400188258395346,14.839798259159299,3.548213407202028,1.1074320728189788,0.2647883252669259,3.2813738030022255,,12,cube,pca99,10
487,12,transport_free,True,10,13.753924664087467,13.753924664087467,14.351533108357627,3.8859607185511313,1.043450030363374,0.28253468107889723,3.4655413891970457,,12,cube,pca99,10
488,12,transport_free,True,10,13.203200727543985,13.203200727543985,13.715562694698571,3.6395858747340295,1.0388058909144444,0.27565936092611787,2.949149347197671,,12,cube,pca99,10
489,12,transport_free,True,10,11.92370032512435,11.92370032512435,12.532114971706694,2.170499354219742,1.0510256573037446,0.18203236369890116,1.4358292799824213,,12,cube,pca99,10
490,12,transport_free,True,10,11.716687333321874,11.716687333321874,12.884412672729262,3.2016356336134844,1.0996634378120185,0.2732543373849482,2.891450700916761,,12,cube,pca99,10
491,12,transport_free,True,10,12.574484865327477,12.574484865327477,13.693359603499136,2.079170240133384,1.0889797673745516,0.16534834328413944,1.4441060007128947,,12,cube,pca99,10
492,12,transport_free,True,10,13.47590895572456,13.47590895572456,14.834392937959356,2.698217687858061,1.1008083378047544,0.20022528326090086,1.8050424259325566,,12,cube,pca99,10
493,12,transport_free,True,10,13.680600743207652,13.680600743207652,14.36654141227236,1.5410138675518579,1.050139659941854,0.11264226597044456,1.0835759449709381,,12,cube,pca99,10
494,13,transport_free,True,10,9.35132775457323,9.35132775457323,12.146258169801023,1.8547090023555017,1.2988805962726462,0.1983364342511109,1.5525495544798984,,13,cube,pca99,10
495,13,transport_free,True,10,11.56390250307815,11.56390250307815,13.416986235227451,1.6962461760504124,1.160247263556229,0.14668457950063962,1.3125277202563372,,13,cube,pca99,10
496,13,transport_free,True,10,12.92219217349874,12.92219217349874,13.548232444196522,3.0486250030386763,1.048446909184781,0.2359216580365441,0.7409859866028048,,13,cube,pca99,10
497,13,interaction,True,10,13.51403740436455,13.51403740436455,15.773100496305114,4.091336267685715,1.1671641881952293,0.30274714693066923,2.9695155611144046,,13,cube,pca99,10
498,13,interaction,True,10,15.446505066541366,15.446505066541366,14.927812829192387,5.1108253809775785,0.96642009081572,0.330872605742261,4.746018624435371,,13,cube,pca99,10
499,13,interaction,True,10,14.45892168154228,14.45892168154228,14.639162626451833,5.928738085737235,1.0124657252372866,0.4100401272181757,5.695917889038665,,13,cube,pca99,10
500,13,interaction,True,10,12.33338020790188,12.33338020790188,14.265896268638198,13.884300072715618,1.1566898958890581,1.1257497813794857,13.901932112766413,,13,cube,pca99,10
501,13,interaction,True,10,10.163313590264341,10.163313590264341,15.798692039427273,10.836811681729767,1.554482393868195,1.066267569674381,9.352132874957785,,13,cube,pca99,10
502,13,interaction,True,10,11.649680694420125,11.649680694420125,13.700944653919365,5.5824293899567525,1.1760789856224763,0.47919162219017575,4.765077321681409,,13,cube,pca99,10
503,13,interaction,True,10,12.657789818973956,12.657789818973956,13.241864340488853,3.3129642454131796,1.0461434839626877,0.2617332324832148,2.9316720450390616,,13,cube,pca99,10
504,13,interaction,True,10,12.479813719397853,12.479813719397853,12.667082052129352,3.847978706167319,1.0150056993591516,0.3083362294251442,3.635707272564559,,13,cube,pca99,10
505,13,interaction,True,10,11.99473064345013,11.99473064345013,11.959424071461402,2.3308170803530137,0.9970564931353414,0.1943200851805526,1.9115546939703318,,13,cube,pca99,10
506,13,static,True,10,11.841891058964249,11.841891058964249,12.626342039794814,2.7224603243554055,1.0662437255101025,0.22990080813946667,1.9282242965031757,,13,cube,pca99,10
507,13,transport_free,True,10,11.875939201294848,11.875939201294848,13.209854971589207,5.723216890023284,1.1123208655487997,0.4819169914072375,5.59609429647516,,13,cube,pca99,10
508,13,transport_free,True,10,12.725146764187757,12.725146764187757,15.90798290637273,4.817278443555164,1.2501217629286914,0.3785636843979182,4.032405152053815,,13,cube,pca99,10
509,13,transport_free,True,10,14.753140071389058,14.753140071389058,15.568838257263591,2.7747459587927583,1.055289801488188,0.1880783308072738,1.3620333496844819,,13,cube,pca99,10
510,13,transport_free,True,10,15.08812837196937,15.08812837196937,15.307424159872063,2.263059785819044,1.0145343267565312,0.1499894307648749,1.2139421353386894,,13,cube,pca99,10
511,13,transport_free,True,10,14.83863101121203,14.83863101121203,14.141528021790801,2.3593712307936805,0.9530210712231809,0.15900194761975994,1.3600835698066558,,13,cube,pca99,10
512,13,transport_free,True,10,13.81675249869355,13.81675249869355,12.837210441807152,3.2964385182124194,0.9291047547548514,0.23858272908370587,2.2351989260615976,,13,cube,pca99,10
513,13,transport_free,True,10,12.056437988606936,12.056437988606936,12.133074725369449,3.917077511754334,1.0063564990617406,0.3248950905280552,2.0510960855913747,,13,cube,pca99,10
514,13,interaction,True,10,11.833838709784636,11.833838709784636,12.369663729741555,2.4874050564304553,1.045279053830088,0.21019426725613397,1.3089793005155403,,13,cube,pca99,10
515,13,interaction,True,10,11.68823788347355,11.68823788347355,12.788991279539133,4.391766882251018,1.094176162997331,0.37574242807469777,4.132015589723654,,13,cube,pca99,10
516,13,interaction,True,10,12.344852363819923,12.344852363819923,12.928969519556457,6.966949050139748,1.0473166578685424,0.5643606618219559,6.676468567113512,,13,cube,pca99,10
517,13,interaction,True,10,12.545333225097737,12.545333225097737,13.337152061985606,11.37936357135562,1.0631166046114888,0.9070594911413337,11.221848852093801,,13,cube,pca99,10
518,13,interaction,True,10,12.09349906736373,12.09349906736373,13.885538583675748,4.3737301333987535,1.1481820527152582,0.36165960811143355,3.203307197907386,,13,cube,pca99,10
519,13,interaction,True,10,12.221993118685173,12.221993118685173,13.809127315504359,12.464654292051815,1.1298588684682493,1.019854468171452,12.232898265783442,,13,cube,pca99,10
520,13,interaction,True,10,12.73557252386317,12.73557252386317,13.990341321163056,5.919817466669979,1.098524726308831,0.46482539010929996,5.513045704900935,,13,cube,pca99,10
521,13,interaction,True,10,12.356117228609545,12.356117228609545,12.711156793575931,2.849345327706688,1.028733910369863,0.23060199858813818,2.5620067788411838,,13,cube,pca99,10
522,13,interaction,True,10,11.984863279062187,11.984863279062187,12.090373137827,3.130049084968088,1.0088035930246397,0.2611668579011953,2.8285735447313103,,13,cube,pca99,10
523,13,static,True,10,11.653583431533054,11.653583431533054,12.033286070121463,3.343135769830842,1.0325824790991742,0.2868762033131165,2.9348026558615348,,13,cube,pca99,10
524,13,transport_free,True,10,11.727376474382218,11.727376474382218,12.615965509051698,4.339760647789008,1.0757704876798788,0.3700538357636055,3.5721327084926826,,13,cube,pca99,10
525,13,transport_free,True,10,12.326167149740268,12.326167149740268,14.600542102546726,5.0814274960436325,1.1845159914819412,0.41224716769727615,4.358049272784465,,13,cube,pca99,10
526,13,transport_free,True,10,13.690787881184772,13.690787881184772,14.85516819265083,3.402129598189572,1.0850484516721104,0.24849772180497467,1.9574610487919661,,13,cube,pca99,10
527,13,transport_free,True,10,14.243200938154548,14.243200938154548,14.92142365646905,2.41424548254575,1.0476172962285244,0.16950160943657636,1.5696904541520138,,13,cube,pca99,10
528,13,transport_free,True,10,14.477064968580144,14.477064968580144,14.339505563966437,2.447342461689142,0.9904981151281523,0.16904962898216294,1.5488708349221225,,13,cube,pca99,10
529,13,transport_free,True,10,13.93541175496329,13.93541175496329,13.291991992037893,3.0331798837254738,0.9538284354822717,0.21765986804409743,1.889826738573845,,13,cube,pca99,10
530,13,transport_free,True,10,12.331879574859402,12.331879574859402,11.885176906420567,2.8610910676983607,0.9637765949847975,0.23200770412412827,1.7642126584914524,,13,cube,pca99,10
531,13,interaction,True,10,11.565157555895244,11.565157555895244,11.79758396569774,3.0526171830051223,1.0200971243737202,0.26394946789540935,0.9716519011394682,,13,cube,pca99,10
532,14,transport_free,True,10,13.669626992391109,13.669626992391109,14.355992006670974,1.9785579379383675,1.050210954158582,0.14474117977320722,1.5463968588001018,,14,cube,pca99,10
533,14,transport_free,True,10,13.208280495741445,13.208280495741445,15.156030545311804,2.770861559902318,1.1474643160552462,0.2097821560342913,1.356414124299812,,14,cube,pca99,10
534,14,static,True,10,13.87821986628558,13.87821986628558,15.349483904497394,1.8822098883341953,1.106012446292623,0.135623293655021,0.681873223660695,,14,cube,pca99,10
535,14,interaction,True,10,14.657385789629181,14.657385789629181,14.822422603528032,1.7537180849085807,1.011259634990001,0.11964739893449637,0.5942181388337135,,14,cube,pca99,10
536,14,interaction,True,10,14.430226572877555,14.430226572877555,13.6326282177186,2.9384658072742678,0.9447272465798917,0.20363268673807827,2.3190333622081805,,14,cube,pca99,10
537,14,interaction,True,10,13.518991746247721,13.518991746247721,13.041968106856272,3.641940450205513,0.9647145550241312,0.26939438373548497,2.9659493131774215,,14,cube,pca99,10
538,14,interaction,True,10,11.63368444700258,11.63368444700258,12.288561731747954,5.501502993926025,1.0562914773671812,0.47289429406377687,4.9409374429178285,,14,cube,pca99,10
539,14,interaction,True,10,8.957897680341432,8.957897680341432,16.625014151247917,12.26645356888639,1.8559057877756706,1.3693451305885929,12.034498808889289,,14,cube,pca99,10
540,14,interaction,True,10,11.192705307451499,11.192705307451499,18.676326855723154,24.023634739060288,1.668615972877394,2.1463653405639698,22.945853833976333,,14,cube,pca99,10
541,14,interaction,True,10,8.354706973620274,8.354706973620274,12.12024791608713,9.539348502656996,1.45070891826086,1.14179330678828,10.335271365157046,,14,cube,pca99,10
542,14,interaction,True,10,8.412828126264692,8.412828126264692,6.777071703640786,5.515424527084855,0.8055640269748165,0.655596957920227,2.721500759307669,,14,cube,pca99,10
543,14,interaction,True,10,6.656183381539048,6.656183381539048,4.595170300428233,2.2501763330904985,0.6903611329539022,0.3380580437929898,2.2810114784334434,,14,cube,pca99,10
544,14,transport_free,True,10,4.595170300428234,4.595170300428234,5.87686507985244,3.416694889273601,1.2789221499156977,0.7435404274255498,4.298759957640988,,14,cube,pca99,10
545,14,transport_free,True,10,5.460912131329767,5.460912131329767,9.675250597441053,5.008345219813831,1.7717279393552645,0.917126131929588,6.580879106371739,,14,cube,pca99,10
546,14,transport_free,True,10,5.876616671821875,5.876616671821875,8.623809115782407,2.9880681396196556,1.4674785845966782,0.5084674237724768,3.3791957801345482,,14,cube,pca99,10
547,14,transport_free,True,10,6.970566438029481,6.970566438029481,9.334791014238448,2.6431118107148244,1.3391725187942276,0.3791817830319697,1.88415042610816,,14,cube,pca99,10
548,14,transport_free,True,10,9.020900412181998,9.020900412181998,7.612625733336877,1.6527686962878096,0.8438875705862622,0.18321549077915536,1.6314556841276782,,14,cube,pca99,10
549,14,transport_free,True,10,7.081036719141032,7.081036719141032,7.071401672469575,2.0557458229666583,0.9986393169455805,0.2903170686023545,1.4714556235351834,,14,cube,pca99,10
550,14,transport_free,True,10,5.834606728184183,5.834606728184183,7.810783588721156,2.2632442436968936,1.3386992393147958,0.387900050360592,1.4575741702190177,,14,cube,pca99,10
551,14,transport_free,True,10,5.4590042669136185,5.4590042669136185,7.788117690251629,1.6329786888139273,1.42665535864379,0.2991348987783759,0.9425988953532756,,14,cube,pca99,10
552,14,interaction,True,10,5.103881265262229,5.103881265262229,5.091399013442965,2.55563506745568,0.997554360853921,0.5007238481133388,0.7656231863690194,,14,cube,pca99,10
553,14,interaction,True,10,4.477836746854172,4.477836746854172,6.540520981188299,3.3001325711076,1.460643018257249,0.7369926055089104,1.3908862327074747,,14,cube,pca99,10
554,14,interaction,True,10,5.078186444324906,5.078186444324906,11.114269197333343,4.653916175664417,2.188629606097669,0.9164524041580573,4.078158307292737,,14,cube,pca99,10
555,14,interaction,True,10,8.654789405389817,8.654789405389817,13.076765589766929,6.442488561300298,1.5109282245069189,0.7443842085040455,5.2475042441355235,,14,cube,pca99,10
556,14,interaction,True,10,11.11690246964605,11.11690246964605,16.835537789714458,6.932822001221292,1.5144090573505304,0.6236289308241116,4.31017799734751,,14,cube,pca99,10
557,14,interaction,True,10,14.752424192357918,14.752424192357918,15.793073257217152,6.294386600591894,1.0705408854361924,0.42666795087498405,6.100546970210774,,14,cube,pca99,10
558,14,interaction,True,10,12.752973874683969,12.752973874683969,15.313775348262821,5.722674165996612,1.2008003387086301,0.4487325248393034,4.300957207776731,,14,cube,pca99,10
559,14,interaction,True,10,8.767278066027519,8.767278066027519,6.532515231000788,4.933238411839989,0.7451018642050088,0.5626875724354954,3.248398378905407,,14,cube,pca99,10
560,14,interaction,True,10,6.041313784513559,6.041313784513559,5.540568355581744,2.516600522676552,0.9171131567084899,0.41656510693545884,1.913954681240529,,14,cube,pca99,10
561,14,interaction,True,10,5.261948157741655,5.261948157741655,5.4382301118409,2.058328451616288,1.0335012715470961,0.39117231677548303,1.5905190934206106,,14,cube,pca99,10
562,14,transport_free,True,10,5.335297769473516,5.335297769473516,6.96867287408965,3.2606845510495894,1.3061450691584013,0.6111532461610577,4.556851999833261,,14,cube,pca99,10
563,14,transport_free,True,10,5.308018194988678,5.308018194988678,10.080632512701634,5.336338309345855,1.8991329988692955,1.005335346134253,5.845603165373083,,14,cube,pca99,10
564,14,transport_free,True,10,6.450136207715965,6.450136207715965,7.871158640504727,2.098075000442481,1.2203089031032968,0.32527607679550424,2.542228503295838,,14,cube,pca99,10
565,14,transport_free,True,10,7.079135975532012,7.079135975532012,7.919232825279167,1.9726770330597643,1.1186722295843485,0.27866070660007536,2.1126723708458677,,14,cube,pca99,10
566,14,transport_free,True,10,7.227914355930304,7.227914355930304,8.702533112588124,2.272005112283477,1.2040171872606564,0.31433758071847645,2.560004779907563,,14,cube,pca99,10
567,14,transport_free,True,10,7.565634749898963,7.565634749898963,7.5421606191483885,1.8838250840820956,0.9968972688311595,0.24899762496560565,1.4895876103083432,,14,cube,pca99,10
568,14,transport_free,True,10,6.791552789652842,6.791552789652842,7.060983593220006,2.5928671759347908,1.0396714583412574,0.3817782554653938,1.7311465640269688,,14,cube,pca99,10
569,14,transport_free,True,10,6.301285953476929,6.301285953476929,6.584372266199106,1.733660867748847,1.0449251652459886,0.2751281056832925,1.8409687680166156,,14,cube,pca99,10
570,15,transport_free,True,10,11.651138943178653,11.651138943178653,11.553872055048622,1.8805730774329648,0.9916517270453652,0.16140680208212405,1.403271327344844,,15,cube,pca99,10
571,15,transport_free,True,10,10.604355778417737,10.604355778417737,10.379379581499638,1.3744750328848765,0.978784548385676,0.12961419454468362,0.8912027647332679,,15,cube,pca99,10
572,15,transport_free,True,10,8.319662668197484,8.319662668197484,9.66451011734766,1.7479845264594291,1.161646872329446,0.21010281259854768,0.8478114134922194,,15,cube,pca99,10
573,15,interaction,True,10,9.66451011734766,9.66451011734766,10.69743176128792,1.9147531806126088,1.1068778066760134,0.19812211455763842,0.5139768231961374,,15,cube,pca99,10
574,15,interaction,True,10,10.04695091472165,10.04695091472165,10.694473583541424,2.1689721176680963,1.0644496697869767,0.21588361843093443,1.8844070920495788,,15,cube,pca99,10
575,15,interaction,True,10,9.588671194019224,9.588671194019224,13.582796740393304,11.107628119854452,1.4165463040244148,1.1584116187843267,11.108669145890847,,15,cube,pca99,10
576,15,interaction,True,10,10.948258427990833,10.948258427990833,18.12386789941484,18.00391992845769,1.6554110426438697,1.644455147535431,18.064326940946867,,15,cube,pca99,10
577,15,interaction,True,10,14.823596199545293,14.823596199545293,12.270218624021748,17.25307059907357,0.8277491142397775,1.1638923758327147,17.287848986596906,,15,cube,pca99,10
578,15,interaction,True,10,10.736604147330983,10.736604147330983,15.145412421132777,8.73940784167878,1.4106334007757735,0.8139824959320413,8.113972303857361,,15,cube,pca99,10
579,15,interaction,True,10,12.833246259212904,12.833246259212904,13.36456978194505,2.810558539913782,1.0414021138533605,0.21900604750696653,2.2352517322178556,,15,cube,pca99,10
580,15,interaction,True,10,11.776825525473942,11.776825525473942,12.276392657898608,2.7327813658096076,1.042419506966803,0.23204736793446132,2.079105004350286,,15,cube,pca99,10
581,15,interaction,True,10,11.429132124454169,11.429132124454169,11.8892368282594,2.246182368981489,1.040257186529568,0.1965313152846907,1.086390017100652,,15,cube,pca99,10
582,15,static,True,10,11.453063105890633,11.453063105890633,11.409272215432459,3.197552354125822,0.9961764909480284,0.2791875260410667,3.1512339909153875,,15,cube,pca99,10
583,15,transport_free,True,10,11.244327007837871,11.244327007837871,12.064458056179534,5.831089837769743,1.0729373174374945,0.5185805992395254,5.810013840998138,,15,cube,pca99,10
584,15,transport_free,True,10,11.110179007512016,11.110179007512016,11.933416753162547,4.965933510829897,1.0740976131072153,0.44697151211265274,4.629316872831268,,15,cube,pca99,10
585,15,transport_free,True,10,11.176884055181223,11.176884055181223,11.784395020104485,2.366084868193517,1.0543542334271279,0.21169449879876678,1.9207995536995741,,15,cube,pca99,10
586,15,transport_free,True,10,10.9593320339206,10.9593320339206,12.04617724037378,2.2252968815667638,1.0991707526598564,0.20305041171114918,1.8300344350477733,,15,cube,pca99,10
587,15,transport_free,True,10,11.231413501511522,11.231413501511522,11.749596614695754,2.138639766143777,1.0461369455513765,0.19041590498435118,1.6644890889679873,,15,cube,pca99,10
588,15,transport_free,True,10,11.155498123081399,11.155498123081399,11.73175054788419,1.627766526215758,1.0516563598007775,0.14591607727922168,0.9302657076930141,,15,cube,pca99,10
589,15,transport_free,True,10,10.929112100760182,10.929112100760182,12.517943199547023,2.0223721822040353,1.1453760455688187,0.1850445089737315,0.5415255234872679,,15,cube,pca99,10
590,15,interaction,True,10,11.067310575877336,11.067310575877336,12.691571677242882,2.192999451546232,1.146762042162785,0.19815107170898083,1.5446262331515022,,15,cube,pca99,10
591,15,interaction,True,10,11.694071255768334,11.694071255768334,13.062377444324138,2.843755068426913,1.1170085386542228,0.24317921502523546,2.1455557137362384,,15,cube,pca99,10
592,15,interaction,True,10,11.764517555062016,11.764517555062016,13.616613331029951,3.749879559331312,1.157430661078917,0.31874486495349913,3.5949553969191936,,15,cube,pca99,10
593,15,interaction,True,10,12.658016078431597,12.658016078431597,13.240331059624129,4.8418856678688975,1.046003653146306,0.38251536716872586,4.787040496268466,,15,cube,pca99,10
594,15,interaction,True,10,12.068893467821638,12.068893467821638,11.763105724485001,3.9474724302481805,0.9746631500102362,0.3270782396723463,3.780052805606115,,15,cube,pca99,10
595,15,interaction,True,10,11.33131316627701,11.33131316627701,13.89685516308958,7.602262362637136,1.2264117105551235,0.6709074448019089,6.941901951483555,,15,cube,pca99,10
596,15,interaction,True,10,12.798835213198448,12.798835213198448,13.07501373803782,3.5636485820755093,1.0215784108662147,0.2784353828073819,2.8839370566607085,,15,cube,pca99,10
597,15,interaction,True,10,12.010691387842371,12.010691387842371,11.89927207261034,2.6911532485662093,0.9907233221107643,0.22406314188459509,1.866207801444545,,15,cube,pca99,10
598,15,interaction,True,10,11.417930506191052,11.417930506191052,11.966695356412398,2.0418863550061026,1.0480616736915498,0.17883156268107842,1.144894651984484,,15,cube,pca99,10
599,15,static,True,10,11.146416988756068,11.146416988756068,11.862353235268307,2.1791805537970665,1.0642301689623166,0.19550502695128955,1.6813118068948194,,15,cube,pca99,10
600,15,transport_free,True,10,11.326702452669995,11.326702452669995,11.16019148323807,4.84959905644379,0.985299254559947,0.4281563038058455,5.094630410786463,,15,cube,pca99,10
601,15,transport_free,True,10,10.930797857611784,10.930797857611784,11.954990323356238,5.7414376512312915,1.0936978690015062,0.525253300447156,5.536747012450887,,15,cube,pca99,10
602,15,transport_free,True,10,11.12874148823467,11.12874148823467,14.359651099830792,4.205551756978839,1.2903212025377575,0.3779000313220464,3.977150638277479,,15,cube,pca99,10
603,15,transport_free,True,10,13.454089308235453,13.454089308235453,14.172347943577652,1.7910056744053835,1.0533858976915325,0.13311979974066931,1.1057024924650058,,15,cube,pca99,10
604,15,transport_free,True,10,12.999482849023888,12.999482849023888,12.99842673386718,2.2601580014896943,0.9999187571406514,0.17386522431231993,1.6563515474368677,,15,cube,pca99,10
605,15,transport_free,True,10,11.796040415436963,11.796040415436963,12.101313890093639,1.7591494170404967,1.0258793174578462,0.14913050100594558,0.8954151324731737,,15,cube,pca99,10
606,15,transport_free,True,10,10.934749289554922,10.934749289554922,11.619659625726232,1.6155185811048058,1.0626361261730572,0.14774171207089123,0.6743390106527457,,15,cube,pca99,10
607,15,transport_free,True,10,10.858870166497944,10.858870166497944,12.16783679127005,1.8547775309763366,1.1205435376518786,0.17080759807762896,0.8726410188905789,,15,cube,pca99,10
608,16,transport_free,True,10,11.762517162297051,11.762517162297051,12.82754712041249,3.1276966531334005,1.0905443914274768,0.2659036845581619,2.107396231528841,,16,cube,pca99,10
609,16,transport_free,True,10,11.399153503798026,11.399153503798026,12.310435884375199,2.508327814995949,1.0799429870186017,0.22004509494149824,1.2587908741345795,,16,cube,pca99,10
610,16,transport_free,True,10,10.72129624085429,10.72129624085429,12.02136784329247,3.551039292994935,1.121260673451421,0.33121361570660063,2.10534214383542,,16,cube,pca99,10
611,16,interaction,True,10,10.321635400818952,10.321635400818952,11.384054576535053,2.0699426525260485,1.1029312831212585,0.20054405839231762,0.9348685670214013,,16,cube,pca99,10
612,16,interaction,True,10,9.441493009496087,9.441493009496087,10.75876478520811,4.9627819553548616,1.1395194355794294,0.5256352941598731,4.492496581255297,,16,cube,pca99,10
613,16,interaction,True,10,9.929319624637262,9.929319624637262,14.914302608928308,6.151872178171949,1.502046783942979,0.6195663359358008,5.995019836454987,,16,cube,pca99,10
614,16,interaction,True,10,13.471344010719331,13.471344010719331,13.923563576724034,9.275045464444574,1.033569001403636,0.688501864184026,9.03495475547926,,16,cube,pca99,10
615,16,interaction,True,10,11.438546375221815,11.438546375221815,11.51535102309807,8.380153447546181,1.0067145461806781,0.7326239867068489,8.32332985393926,,16,cube,pca99,10
616,16,interaction,True,10,10.19751852303698,10.19751852303698,13.939033170035692,11.291920036989566,1.3669044227324856,1.1073203751952252,10.792254531787542,,16,cube,pca99,10
617,16,interaction,True,10,10.735683609707808,10.735683609707808,14.63725419474919,4.123442024951707,1.3634207868713049,0.38408751364683097,2.4485159715563607,,16,cube,pca99,10
618,16,interaction,True,10,11.336193659268684,11.336193659268684,12.946956115403694,3.1374160261559885,1.1420902380948672,0.27676097643151837,2.572211625893625,,16,cube,pca99,10
619,16,interaction,True,10,11.283039105676373,11.283039105676373,11.171921653795405,2.4297879927612893,0.9901518154071569,0.21534871677781298,1.4850912234132072,,16,cube,pca99,10
620,16,static,True,10,10.851590977783985,10.851590977783985,12.016691623734937,3.371939562254415,1.1073668044009597,0.31073227595452574,2.871835906191833,,16,cube,pca99,10
621,16,transport_free,True,10,11.362901604939193,11.362901604939193,11.992834866291664,4.302873560708489,1.0554377115329991,0.37867735815279163,3.987231007245928,,16,cube,pca99,10
622,16,transport_free,True,10,11.049011171461775,11.049011171461775,12.12813850846252,5.956346642986125,1.0976673224648372,0.5390841361777812,5.777950929367705,,16,cube,pca99,10
623,16,static,True,10,9.72591562953447,9.72591562953447,9.71874144260633,2.143231740405054,0.9992623638532958,0.2203629788743746,1.0972171303330531,,16,cube,pca99,10
624,16,transport_free,True,10,9.71874144260633,9.71874144260633,10.787932892926351,3.299600018102594,1.110013365067287,0.3395089824735292,3.2609540568773654,,16,cube,pca99,10
625,16,transport_free,True,10,10.307748736429826,10.307748736429826,12.20608358620106,3.1095236519130873,1.1841658055810098,0.3016685535730372,2.1560809052112657,,16,cube,pca99,10
626,16,transport_free,True,10,11.140861107204213,11.140861107204213,11.609845684337106,2.573448928204747,1.0420959001840195,0.23099192274649505,0.9507169924622232,,16,cube,pca99,10
627,16,transport_free,True,10,11.087311245758766,11.087311245758766,11.293002080559308,3.462731704824334,1.0185519131051024,0.3123148280110684,2.5584572809967714,,16,cube,pca99,10
628,16,interaction,True,10,10.736487713764653,10.736487713764653,11.92861200921785,2.3572728289534357,1.1110348493134157,0.21955716727839286,1.239384516791841,,16,cube,pca99,10
629,16,interaction,True,10,11.04919647715004,11.04919647715004,10.975659598569841,2.736000863850446,0.9933445949004278,0.2476198943071155,1.900211036007356,,16,cube,pca99,10
630,16,interaction,True,10,10.399729008874395,10.399729008874395,12.1893244826846,7.134678824804203,1.172080971752542,0.6860446862332635,7.106252803524214,,16,cube,pca99,10
631,16,interaction,True,10,11.521325634750445,11.521325634750445,13.211697723976306,9.535689693580471,1.1467168052370107,0.82765560108978,9.590691086808393,,16,cube,pca99,10
632,16,interaction,True,10,11.280804482005244,11.280804482005244,14.197910265628266,5.72017806799246,1.2585902262800752,0.5070718207302586,3.1252358009941688,,16,cube,pca99,10
633,16,interaction,True,10,10.816010549029276,10.816010549029276,15.552031585145862,12.33528526722603,1.4378713403290493,1.1404653510007077,8.39180783087645,,16,cube,pca99,10
634,16,interaction,True,10,11.447022501662223,11.447022501662223,13.124178108756155,4.477470762761923,1.1465145724008485,0.3911471967589606,3.68965791375882,,16,cube,pca99,10
635,16,interaction,True,10,12.030901286319736,12.030901286319736,13.473071090726943,3.55267439399554,1.1198721334408328,0.2952957812092818,2.518469220360725,,16,cube,pca99,10
636,16,interaction,True,10,11.057171803344279,11.057171803344279,11.328422902902485,3.2239769627377877,1.0245316889691598,0.2915733806146238,1.5284459845316472,,16,cube,pca99,10
637,16,interaction,True,10,10.855368954841989,10.855368954841989,11.511969434819253,2.4885947717346477,1.0604862425873043,0.2292501325461279,1.59204137624146,,16,cube,pca99,10
638,16,transport_free,True,10,11.121746774847914,11.121746774847914,12.283306593283836,4.419325134693759,1.1044404122797344,0.3973589063085094,4.244104418402308,,16,cube,pca99,10
639,16,transport_free,True,10,11.533924289900643,11.533924289900643,14.258000435778962,5.583828523540189,1.2361794717400374,0.48412217586944906,4.867653814511596,,16,cube,pca99,10
640,16,transport_free,True,10,12.616036621370839,12.616036621370839,14.562849826210137,3.643006936492861,1.1543125835210013,0.28876001598804946,2.885752477582776,,16,cube,pca99,10
641,16,transport_free,True,10,13.368999508997538,13.368999508997538,13.905804756869081,2.6664938393813733,1.0401529858319065,0.19945350716684393,1.924414581104348,,16,cube,pca99,10
642,16,transport_free,True,10,12.740070146415746,12.740070146415746,13.091019871076915,3.3762068473448017,1.0275469224759255,0.2650069276341193,3.102557396556522,,16,cube,pca99,10
643,16,transport_free,True,10,12.051867061912391,12.051867061912391,12.381815291467895,2.3101205039856523,1.0273773538872033,0.19168154545002775,1.1197074125509068,,16,cube,pca99,10
644,16,transport_free,True,10,11.68695637981299,11.68695637981299,12.102879438395771,2.1747421675354173,1.0355886549984228,0.18608285141646233,0.6404074617292902,,16,cube,pca99,10
645,16,interaction,True,10,11.480355068535719,11.480355068535719,10.995783577840253,1.9180620764630831,0.9577912453227572,0.16707341062298045,1.1917866613499024,,16,cube,pca99,10
646,17,transport_free,True,10,10.271314701919422,10.271314701919422,11.052867407280214,1.5722039687920886,1.0760908148608026,0.15306745187140333,1.1343507417383767,,17,cube,pca99,10
647,17,transport_free,True,10,10.664267607553672,10.664267607553672,11.633225216868741,1.5519349881456035,1.0908602114062425,0.14552663579506792,0.8405992761691997,,17,cube,pca99,10
648,17,transport_free,True,10,9.690221068317653,9.690221068317653,10.33717632626751,2.092896621538327,1.066763725346276,0.21598027607245093,1.2220239140742137,,17,cube,pca99,10
649,17,interaction,True,10,9.54421314832751,9.54421314832751,9.837085337762975,1.6897785444714284,1.0306858391450309,0.1770474441643771,0.6659118419538037,,17,cube,pca99,10
650,17,interaction,True,10,9.088403629204304,9.088403629204304,12.764090166505039,4.804519121511337,1.404436982253895,0.5286427977376238,4.57260416299196,,17,cube,pca99,10
651,17,interaction,True,10,11.11960343739603,11.11960343739603,12.346371768925342,9.447552380038406,1.1103248275386874,0.8496303337820128,9.109546193549281,,17,cube,pca99,10
652,17,interaction,True,10,9.609599736943874,9.609599736943874,16.702160454180515,11.834059724848213,1.738070357911939,1.2314831053110835,11.80797622990054,,17,cube,pca99,10
653,17,interaction,True,10,9.980524864343069,9.980524864343069,15.918863749293948,17.094204503408452,1.594992644742211,1.7127560660141308,17.12346732323489,,17,cube,pca99,10
654,17,interaction,True,10,8.947918945063929,8.947918945063929,14.634023031549518,13.395018842537503,1.6354666511169391,1.4969982321897086,13.398436095491366,,17,cube,pca99,10
655,17,interaction,True,10,10.750763822352614,10.750763822352614,12.0639896357861,6.311049326445282,1.122151861498722,0.5870326453757237,5.971311091742631,,17,cube,pca99,10
656,17,interaction,True,10,10.437539460073303,10.437539460073303,11.243071046478377,2.64098119425218,1.0771763871635143,0.25302718177542893,2.376284737371302,,17,cube,pca99,10
657,17,interaction,True,10,10.21895982903175,10.21895982903175,10.368780899784955,2.6214631896715694,1.0146610881400637,0.25652935656171905,2.485492168714148,,17,cube,pca99,10
658,17,static,True,10,10.160170391878115,10.160170391878115,10.248032653901982,2.7489775526662554,1.0086477154058462,0.27056411916711026,2.5016197584726707,,17,cube,pca99,10
659,17,transport_free,True,10,9.829099266604779,9.829099266604779,10.767643524528083,4.023269916348935,1.0954862935520542,0.40932234045273563,3.806733535449491,,17,cube,pca99,10
660,17,transport_free,True,10,9.7111348073066,9.7111348073066,11.219688531240685,3.0759736538029143,1.1553426817635215,0.3167470861889972,2.6982805542758004,,17,cube,pca99,10
661,17,transport_free,True,10,10.28577786924381,10.28577786924381,11.05024057123476,2.3624018446230446,1.0743223032530014,0.2296765373173204,1.519583259959879,,17,cube,pca99,10
662,17,transport_free,True,10,10.468310543500465,10.468310543500465,10.600675674591173,2.5903795373504797,1.0126443642019094,0.24744962681287547,2.0350003389265496,,17,cube,pca99,10
663,17,transport_free,True,10,9.759185808291102,9.759185808291102,10.396783481693788,2.08277157868205,1.0653330806409078,0.2134165308045054,1.3265340319501369,,17,cube,pca99,10
664,17,transport_free,True,10,9.518802942867936,9.518802942867936,10.198793754007957,2.1522828852914215,1.0714365887413932,0.2261085661936139,1.624537279400286,,17,cube,pca99,10
665,17,transport_free,True,10,9.559654980337044,9.559654980337044,10.001012754620556,2.219953500834201,1.046168797429544,0.2322210901335199,1.9186174954089978,,17,cube,pca99,10
666,17,interaction,True,10,9.750590039579443,9.750590039579443,9.438942699259895,2.25171333429729,0.9680381044578314,0.23093098214130328,2.0258629868191287,,17,cube,pca99,10
667,17,interaction,True,10,8.944802627273303,8.944802627273303,10.197694563722173,3.6174454531841533,1.140069265768785,0.40441870032484784,3.3655968672098977,,17,cube,pca99,10
668,17,interaction,True,10,9.572368980887333,9.572368980887333,13.256926921945185,4.378404925511431,1.3849159960731374,0.4574003503472935,4.1002362887694295,,17,cube,pca99,10
669,17,interaction,True,10,11.13965318040825,11.13965318040825,14.423708293922637,8.996526129427068,1.294807662350762,0.8076127670877237,8.730048925540855,,17,cube,pca99,10
670,17,interaction,True,10,9.644054919764454,9.644054919764454,12.26175454038363,5.565708206492039,1.2714314302850434,0.5771128693062209,3.6265890716149802,,17,cube,pca99,10
671,17,interaction,True,10,9.164222369981406,9.164222369981406,13.882390438381673,8.671790473339577,1.514846527934027,0.946265828483729,7.477710214917617,,17,cube,pca99,10
672,17,interaction,True,10,11.23679946287907,11.23679946287907,12.343934396338668,4.547913283225853,1.0985276045120351,0.4047338655682119,3.237840270963641,,17,cube,pca99,10
673,17,interaction,True,10,10.334523804547263,10.334523804547263,11.518579668722875,2.3673959399347178,1.1145728517897089,0.22907644171210353,1.784210334193878,,17,cube,pca99,10
674,17,interaction,True,10,10.317548151415842,10.317548151415842,10.98026383494667,3.4570667988455135,1.06423189635804,0.33506669880393164,3.3734493934470016,,17,cube,pca99,10
675,17,interaction,True,10,10.397019133220054,10.397019133220054,10.046582381041986,2.3628697995038124,0.9662944977124868,0.22726415804642358,2.0637403368683946,,17,cube,pca99,10
676,17,transport_free,True,10,9.712887519430097,9.712887519430097,10.409167819921894,3.600213922643637,1.07168623121589,0.37066360703154516,3.397343771858484,,17,cube,pca99,10
677,17,transport_free,True,10,9.814407220403057,9.814407220403057,10.012339852006402,3.6512814942462812,1.0201675584840075,0.37203280975092157,3.0586294270460823,,17,cube,pca99,10
678,17,transport_free,True,10,9.441131210305215,9.441131210305215,11.265176949896759,3.2627848651191904,1.1932020325700543,0.34559257703756774,3.011691509683073,,17,cube,pca99,10
679,17,static,True,10,10.803081607510746,10.803081607510746,10.985081121156892,1.41225487533621,1.0168469997967629,0.1307270394360765,0.6950958356937684,,17,cube,pca99,10
680,17,transport_free,True,10,10.748811295394749,10.748811295394749,10.293224282196213,2.642480879161101,0.9576151259261824,0.24583935902691428,2.383441892422793,,17,cube,pca99,10
681,17,transport_free,True,10,9.561448410134478,9.561448410134478,9.800603572870564,2.515882708232974,1.0250124408434393,0.2631277815154356,2.125911822288677,,17,cube,pca99,10
682,17,transport_free,True,10,9.237558837950449,9.237558837950449,10.350878190363197,1.8983454904956196,1.120520948439205,0.20550293901205705,1.197336730821484,,17,cube,pca99,10
683,17,transport_free,True,10,9.51646073857677,9.51646073857677,9.499568319028558,1.6602737698902537,0.9982249262606911,0.17446336568804624,1.3546547463595258,,17,cube,pca99,10
684,18,transport_free,True,10,9.474108579928837,9.474108579928837,9.499185017490653,1.2112206270219779,1.0026468387342469,0.12784533941145476,0.9260417104789593,,18,cube,pca99,10
685,18,transport_free,True,10,9.022057994468618,9.022057994468618,8.729478444007269,1.2668224007149949,0.9675706417936208,0.14041390572879023,1.0227589098011909,,18,cube,pca99,10
686,18,transport_free,True,10,8.729478444007269,8.729478444007269,9.198379408566783,1.914091107671414,1.0537146597665765,0.21926752210327358,1.5143587751475025,,18,cube,pca99,10
687,18,interaction,True,10,8.788162169088666,8.788162169088666,9.198780376426576,2.337161141735807,1.0467240134441547,0.2659442437187263,1.7154062056863446,,18,cube,pca99,10
688,18,interaction,True,10,8.282459464099155,8.282459464099155,10.125170771371312,3.920123015926107,1.2224835889942482,0.4733042199503817,3.761159041394753,,18,cube,pca99,10
689,18,interaction,True,10,9.553747419835265,9.553747419835265,11.434720073214434,4.57991210499522,1.1968832302886654,0.47938383795729356,3.9398382430287877,,18,cube,pca99,10
690,18,interaction,True,10,10.530111036240502,10.530111036240502,14.452002014822359,7.31655405941279,1.3724453583712697,0.6948221186112936,6.468579339230866,,18,cube,pca99,10
691,18,interaction,True,10,12.4535280151261,12.4535280151261,18.24780919860882,15.252560450820944,1.4652722647305219,1.2247581915980057,14.880302047647595,,18,cube,pca99,10
692,18,interaction,True,10,12.29687770624317,12.29687770624317,15.059192890990449,9.964394820607044,1.2246354929060441,0.8103190955170746,9.407839455526442,,18,cube,pca99,10
693,18,interaction,True,10,10.19807966977881,10.19807966977881,11.862712096743678,3.1212122316527937,1.1632299884749746,0.30605882016221697,1.8869623270064488,,18,cube,pca99,10
694,18,interaction,True,10,9.364270591077418,9.364270591077418,11.005453590978274,2.9517529529221225,1.175260099965995,0.3152144018280131,1.949388737822843,,18,cube,pca99,10
695,18,interaction,True,10,9.728393711443058,9.728393711443058,10.012618986598476,1.5678470129458675,1.0292160539124868,0.16116196151700582,0.546917700669557,,18,cube,pca99,10
696,18,static,True,10,9.970352668252055,9.970352668252055,9.985145192147002,2.571280412429293,1.0014836510188903,0.2578926240610178,2.292424097779723,,18,cube,pca99,10
697,18,transport_free,True,10,9.624369253702874,9.624369253702874,9.08834336736237,3.8363564923885702,0.9443053490352863,0.3986086143684245,4.0194561778317235,,18,cube,pca99,10
698,18,transport_free,True,10,8.592493405325735,8.592493405325735,9.47584375148299,3.1376451596972434,1.1028048907910415,0.36516119497426575,3.036376899690361,,18,cube,pca99,10
699,18,transport_free,True,10,8.759294051584131,8.759294051584131,10.177032566243005,1.6619105265496008,1.1618553397465259,0.18973110352986058,1.340589089037773,,18,cube,pca99,10
700,18,transport_free,True,10,8.90689874843741,8.90689874843741,9.860158377142405,2.6916954288144117,1.107024864167478,0.3022034385746927,2.3596891778608966,,18,cube,pca99,10
701,18,transport_free,True,10,8.718111539721972,8.718111539721972,9.185080296024118,1.6656313996481642,1.0535630628461812,0.19105415112655033,1.2552801163808305,,18,cube,pca99,10
702,18,transport_free,True,10,8.704574021009998,8.704574021009998,9.685719433311114,1.4631839059996592,1.1127160743228734,0.16809368298414273,1.142780852545818,,18,cube,pca99,10
703,18,transport_free,True,10,9.174988369070636,9.174988369070636,10.058824916779592,1.6524972768955277,1.0963310809949813,0.18010892334928533,0.8818074059985159,,18,cube,pca99,10
704,18,interaction,True,10,9.684761828764412,9.684761828764412,10.248378701521935,1.7296852663818143,1.0581962553878757,0.17859863742281504,1.0210623494971365,,18,cube,pca99,10
705,18,interaction,True,10,9.989142933079588,9.989142933079588,9.617014817773399,2.366282365898451,0.9627467423582591,0.23688542468066792,1.8238279334606726,,18,cube,pca99,10
706,18,interaction,True,10,9.278640514015532,9.278640514015532,10.61314101382403,4.183489903217169,1.1438250030047736,0.450873152904021,3.9855894248822725,,18,cube,pca99,10
707,18,interaction,True,10,9.146298255115358,9.146298255115358,13.002885749111346,6.283576728196976,1.4216555579563643,0.6870076344473772,5.014665993866862,,18,cube,pca99,10
708,18,interaction,True,10,10.766458908985241,10.766458908985241,14.23479745549628,6.601758747111234,1.3221429232982542,0.613178279220634,4.888832179625385,,18,cube,pca99,10
709,18,interaction,True,10,12.576241227963585,12.576241227963585,13.294851783144487,7.270956977638418,1.0571403285095275,0.5781502474261757,6.913648671169756,,18,cube,pca99,10
710,18,interaction,True,10,10.780077951146483,10.780077951146483,12.765950708279417,6.201225055775213,1.1842169199640837,0.5752486284309011,3.765777002273908,,18,cube,pca99,10
711,18,interaction,True,10,10.192027851818498,10.192027851818498,12.788687448137203,3.540241297737582,1.254773596979074,0.34735396617915637,2.419361073417248,,18,cube,pca99,10
712,18,interaction,True,10,9.560447035905424,9.560447035905424,11.317506437516162,2.2195365963634437,1.1837842304875374,0.2321582440682641,1.6038921093007978,,18,cube,pca99,10
713,18,interaction,True,10,10.035247192123542,10.035247192123542,10.27923362834693,1.864272559159402,1.024312947309847,0.18577246015650029,1.8180066473431762,,18,cube,pca99,10
714,18,transport_free,True,10,10.057223626734274,10.057223626734274,9.479810456831057,4.297969986445958,0.9425872197602997,0.42735153815423027,4.531119437816383,,18,cube,pca99,10
715,18,transport_free,True,10,9.130937360502543,9.130937360502543,9.854643990316166,2.874870572657878,1.0792587443370427,0.3148494463551607,2.7463168803666784,,18,cube,pca99,10
716,18,transport_free,True,10,9.089720072822372,9.089720072822372,9.870334651426315,3.047912410062472,1.0858788359102418,0.3353142215210254,2.8548515779815125,,18,cube,pca99,10
717,18,transport_free,True,10,8.904607761336788,8.904607761336788,9.895681330978931,1.5386921913520173,1.1112989584948725,0.1727973014188133,1.298616107254001,,18,cube,pca99,10
718,18,transport_free,True,10,8.946561161377813,8.946561161377813,10.160232063008529,2.617092717868965,1.1356578108324031,0.29252499040267227,2.408311574935347,,18,cube,pca99,10
719,18,transport_free,True,10,9.036215999012397,9.036215999012397,9.695422303868607,1.3361937275106275,1.0729515878027105,0.1478709370887842,1.0808554766918548,,18,cube,pca99,10
720,18,transport_free,True,10,8.929056031107116,8.929056031107116,9.54033075389765,1.6165470532402515,1.0684590533042877,0.18104344374237458,1.2981957737690106,,18,cube,pca99,10
721,18,transport_free,True,10,9.259357005154868,9.259357005154868,10.020533299117242,1.5120479238399933,1.0822061719338192,0.16329945189479206,0.7049312490535057,,18,cube,pca99,10
722,19,transport_free,True,10,15.465980023534147,15.465980023534147,16.97874550759903,2.905625295934303,1.0978124555807618,0.18787204506361024,1.7980509942492642,,19,cube,pca99,10
723,19,transport_free,True,10,15.07629173274064,15.07629173274064,15.83461461121519,2.1116013619940572,1.050299031878491,0.14006105741562222,1.7390309877866132,,19,cube,pca99,10
724,19,transport_free,True,10,14.204919474902692,14.204919474902692,14.291736037881833,2.158771478026261,1.0061117251056952,0.1519735104335077,1.416981033198507,,19,cube,pca99,10
725,19,interaction,True,10,14.118465195932387,14.118465195932387,14.083458025532144,2.4500605321205136,0.9975204691222153,0.17353589771403696,1.5105588532508656,,19,cube,pca99,10
726,19,interaction,True,10,13.662678853848538,13.662678853848538,14.205955774756516,3.667372743790567,1.0397635724823429,0.26842267047487045,2.8592784687306834,,19,cube,pca99,10
727,19,interaction,True,10,13.685007781026792,13.685007781026792,13.585822637399996,10.174736988392795,0.992752277147821,0.7434951555160445,9.828346772072559,,19,cube,pca99,10
728,19,interaction,True,10,11.198361033424552,11.198361033424552,14.184837080036738,12.814545109936237,1.2666886732530087,1.1443232694219934,12.62312101125912,,19,cube,pca99,10
729,19,interaction,True,10,10.618669092034494,10.618669092034494,11.38558670263516,2.324130365933997,1.0722235153910167,0.21887209647369313,2.132460174102376,,19,cube,pca99,10
730,19,interaction,True,10,11.11467660794997,11.11467660794997,12.351072578423214,4.6882892447584155,1.111239941033362,0.4218106752116416,4.310457050272332,,19,cube,pca99,10
731,19,interaction,True,10,11.365492994309516,11.365492994309516,12.684780244149433,2.997336533521959,1.1160783127049974,0.26372252704063676,2.291211205839951,,19,cube,pca99,10
732,19,interaction,True,10,11.626807027086947,11.626807027086947,12.45054802424992,3.412817872879853,1.0708484277105406,0.2935301037446496,1.9816558751921993,,19,cube,pca99,10
733,19,interaction,True,10,11.499862394217317,11.499862394217317,12.47486642636406,3.152060624721189,1.084783973818419,0.27409550798679094,0.579353366287084,,19,cube,pca99,10
734,19,static,True,10,11.544054304221858,11.544054304221858,12.386596821022192,3.518232966712758,1.0729849751739475,0.3047658018575051,2.192295916461327,,19,cube,pca99,10
735,19,transport_free,True,10,11.388081401522477,11.388081401522477,12.697227308893046,5.437908886276016,1.1149575473877056,0.47750878260749174,4.727012195354645,,19,cube,pca99,10
736,19,transport_free,True,10,11.020390844340604,11.020390844340604,14.32077345922221,6.147591650483246,1.2994796338440646,0.5578378967965798,5.729198698541591,,19,cube,pca99,10
737,19,transport_free,True,10,13.093110040872343,13.093110040872343,13.666067328768747,2.4710728421882746,1.043760213280712,0.18873077782699493,1.5603876495808693,,19,cube,pca99,10
738,19,transport_free,True,10,13.385941127176899,13.385941127176899,13.263601080686762,2.6266169772214667,0.990860556958393,0.196222062555524,2.186189900554855,,19,cube,pca99,10
739,19,transport_free,True,10,12.592370943588502,12.592370943588502,11.886174569956989,2.281169870330566,0.9439187126240847,0.1811549136020362,1.4184294673473952,,19,cube,pca99,10
740,19,transport_free,True,10,11.52922018276538,11.52922018276538,12.240285796131317,2.1384135757812297,1.0616750831447286,0.18547772892548864,1.4133264088919404,,19,cube,pca99,10
741,19,transport_free,True,10,11.372996442631832,11.372996442631832,12.891311655156876,2.8818598996989655,1.1335017750320944,0.25339495305707427,1.280180097356811,,19,cube,pca99,10
742,19,interaction,True,10,11.250853535446101,11.250853535446101,12.339258899747229,3.249336027320594,1.0967398038621763,0.28880795728817177,0.5885775605973242,,19,cube,pca99,10
743,19,interaction,True,10,11.318254306026319,11.318254306026319,13.317673565748049,4.344684496688084,1.1766543855316234,0.38386524805108774,2.730817033058342,,19,cube,pca99,10
744,19,interaction,True,10,12.345610508189738,12.345610508189738,11.809830355636645,6.370917576767325,0.9566015668323838,0.516047187179689,5.506047831474996,,19,cube,pca99,10
745,19,interaction,True,10,11.00366090579396,11.00366090579396,12.828866756544253,7.689177819231643,1.1658726006168758,0.6987836034808124,7.4668372129278024,,19,cube,pca99,10
746,19,interaction,True,10,11.1879030961734,11.1879030961734,12.340493448857123,1.7474110422237632,1.1030211240458405,0.1561875382010978,1.1070071699797464,,19,cube,pca99,10
747,19,interaction,True,10,11.700639131106838,11.700639131106838,14.420606964013468,9.272219639906506,1.2324631844832676,0.7924541160538627,9.192232045559441,,19,cube,pca99,10
748,19,interaction,True,10,11.92540154824518,11.92540154824518,13.377273003304698,2.698414819348944,1.1217461273053033,0.22627454584504242,1.8882336183248523,,19,cube,pca99,10
749,19,interaction,True,10,12.286359903235343,12.286359903235343,12.250935509597706,3.508310195840572,0.9971167706369802,0.28554512674797483,2.117425411529257,,19,cube,pca99,10
750,19,interaction,True,10,11.456450823111972,11.456450823111972,11.910010447362897,3.773814490429247,1.0395898896834546,0.32940520137493573,2.2102421582289273,,19,cube,pca99,10
751,19,transport_free,True,10,11.150846695678286,11.150846695678286,11.56986164381629,4.233616998339814,1.0375769625010092,0.3796677610123211,3.3920952532642694,,19,cube,pca99,10
752,19,transport_free,True,10,10.732850332915092,10.732850332915092,12.21953610193673,5.198448037210943,1.1385173297779367,0.48434925261824835,4.702532545586619,,19,cube,pca99,10
753,19,transport_free,True,10,10.426904842557803,10.426904842557803,12.843144136009943,5.5619571403496915,1.2317312117005392,0.533423602145898,5.251807222517084,,19,cube,pca99,10
754,19,transport_free,True,10,12.482492477616713,12.482492477616713,13.862324552983786,3.9495331725724867,1.1105413904988408,0.31640581235315696,3.4001822410559757,,19,cube,pca99,10
755,19,transport_free,True,10,13.354381972161697,13.354381972161697,12.607803512546262,2.820258833852267,0.9440948700455222,0.21118602416280496,2.6251287845713653,,19,cube,pca99,10
756,19,transport_free,True,10,12.305439461058908,12.305439461058908,12.287167970512723,3.493587279251627,0.9985151696041408,0.28390593365700056,3.3186143046472787,,19,cube,pca99,10
757,19,transport_free,True,10,11.29312730348246,11.29312730348246,11.969494256017194,2.138633854775349,1.0598919089777872,0.18937481153832905,1.281108008647619,,19,cube,pca99,10
758,19,transport_free,True,10,10.508460127301209,10.508460127301209,11.471978143949599,2.0965398432469255,1.0916897437851192,0.19950971101846493,1.0198747305197107,,19,cube,pca99,10
759,19,static,True,10,10.577710319805226,10.577710319805226,12.535304883977474,2.355160584627249,1.1850678932383825,0.22265315587415482,1.0766236210801725,,19,cube,pca99,10
760,20,transport_free,True,10,12.692277868207675,12.692277868207675,13.461325462773587,1.8949628557501543,1.0605917710399537,0.1493004546092363,0.901156651394704,,20,cube,pca99,10
761,20,transport_free,True,10,12.463690435055714,12.463690435055714,12.945670461441267,2.7356367409888795,1.0386707315058086,0.21948850184007726,2.2474970354778145,,20,cube,pca99,10
762,20,transport_free,True,10,11.770387920669933,11.770387920669933,11.922513348540864,1.8594830175186057,1.0129244192201843,0.1579797564915575,0.9406820111351761,,20,cube,pca99,10
763,20,interaction,True,10,11.922513348540864,11.922513348540864,12.131604127566103,1.8099217851767393,1.0175374749360904,0.1518070672068693,0.914425268812596,,20,cube,pca99,10
764,20,interaction,True,10,12.089978474481471,12.089978474481471,12.474465405432184,4.933255288656341,1.0318021187351372,0.40804500182271203,4.465402654952988,,20,cube,pca99,10
765,20,interaction,True,10,12.14626177458374,12.14626177458374,14.887571687373239,11.141754154395858,1.2256916542442495,0.9172990308598625,10.954876637495875,,20,cube,pca99,10
766,20,interaction,True,10,12.336514139462455,12.336514139462455,13.7484076575897,11.032655020149885,1.114448336229019,0.8943089510884001,11.16407493019657,,20,cube,pca99,10
767,20,interaction,True,10,10.410417177182083,10.410417177182083,11.866341902677412,4.684364626752693,1.1398526784004848,0.44996896349360976,4.257451584799424,,20,cube,pca99,10
768,20,interaction,True,10,11.175840786928696,11.175840786928696,14.157214894748378,4.649749639528061,1.2667695580726874,0.41605367579738833,4.063776230217882,,20,cube,pca99,10
769,20,interaction,True,10,10.875597629715568,10.875597629715568,13.664644643255535,4.445984471391617,1.2564500001286742,0.40880369270409406,2.1477407616431234,,20,cube,pca99,10
770,20,interaction,True,10,9.544771125689358,9.544771125689358,9.618216124629345,3.017561823376875,1.0076947889030374,0.3161481594100493,1.8291383118290627,,20,cube,pca99,10
771,20,interaction,True,10,9.618216124629345,9.618216124629345,9.784236719718496,2.7571964656028696,1.0172610589050939,0.2866640164741695,1.2502933045928706,,20,cube,pca99,10
772,20,transport_free,True,10,9.784236719718498,9.784236719718498,10.612256301014039,3.3487423078037724,1.0846279178453242,0.34225892154213117,2.142181218978192,,20,cube,pca99,10
773,20,transport_free,True,10,10.246858676544868,10.246858676544868,12.469910420695456,4.992548992290605,1.2169495856558625,0.48722727129228244,4.578668544379301,,20,cube,pca99,10
774,20,transport_free,True,10,12.009830953554733,12.009830953554733,13.805976869572085,4.586123633096795,1.149556302912467,0.38186412871526476,4.133398853085169,,20,cube,pca99,10
775,20,transport_free,True,10,13.172903385826888,13.172903385826888,13.7369862847811,2.5636438390641345,1.0428214557134856,0.19461494280922412,1.9950389143291216,,20,cube,pca99,10
776,20,transport_free,True,10,13.010626026144838,13.010626026144838,13.354685530706476,2.5988449475757758,1.0264445003545757,0.19974787856890205,2.3138013590106006,,20,cube,pca99,10
777,20,transport_free,True,10,13.032695853585153,13.032695853585153,13.394918025539388,2.618715500793331,1.0277933419166374,0.20093429097195964,2.5479767602508794,,20,cube,pca99,10
778,20,transport_free,True,10,13.13619286367609,13.13619286367609,12.81666083450274,1.7337233025691137,0.9756754462659487,0.13198065227583305,1.3101247595509007,,20,cube,pca99,10
779,20,transport_free,True,10,12.417239386737332,12.417239386737332,10.929060701711663,1.663760260735534,0.8801522110771923,0.13398793475082485,1.1910501732492804,,20,cube,pca99,10
780,20,interaction,True,10,10.343533685564704,10.343533685564704,9.634087169759923,1.8367701691419276,0.9314115913022185,0.17757666045070256,0.6050879476637702,,20,cube,pca99,10
781,20,interaction,True,10,9.634087169759923,9.634087169759923,9.63212714074239,3.0498315804001264,0.9997965527005315,0.31656674126565193,2.369113370318034,,20,cube,pca99,10
782,20,interaction,True,10,9.63212714074239,9.63212714074239,9.910567890911295,3.7607165250525134,1.0289075036178814,0.3904346848937729,3.233469415349487,,20,cube,pca99,10
783,20,interaction,True,10,9.910567890911295,9.910567890911295,16.65980798109846,9.42569781746295,1.6810144650113041,0.951075450086669,9.368724462890627,,20,cube,pca99,10
784,20,interaction,True,10,12.716801977759108,12.716801977759108,17.04101201261462,5.4202771203228295,1.3400391106520557,0.4262295764141453,3.3827735872153326,,20,cube,pca99,10
785,20,interaction,True,10,14.940785292346504,14.940785292346504,15.901412856782901,7.874618698125128,1.0642956541868307,0.5270552078784603,6.584995222559074,,20,cube,pca99,10
786,20,interaction,True,10,11.816958203283537,11.816958203283537,12.936847203117555,6.64681269304416,1.0947696505791853,0.5624808498685586,4.756195616414939,,20,cube,pca99,10
787,20,interaction,True,10,10.407264424828604,10.407264424828604,9.863739074162726,3.9412671419656395,0.9477744267389623,0.3787034691424733,1.953166993622346,,20,cube,pca99,10
788,20,interaction,True,10,9.851413890630482,9.851413890630482,9.755898711231435,2.8260345709243437,0.9903044191971377,0.28686588567882004,1.9234305236279547,,20,cube,pca99,10
789,20,interaction,True,10,9.755898711231435,9.755898711231435,10.28452982057874,3.0926275812231294,1.0541857931282868,0.3170007882167489,1.6570078625376654,,20,cube,pca99,10
790,20,transport_free,True,10,10.146036422853415,10.146036422853415,12.026765636820892,4.655803273065979,1.1853659040422162,0.4588790222139383,4.243780358051457,,20,cube,pca99,10
791,20,transport_free,True,10,11.367751642070706,11.367751642070706,14.13118434533023,4.630230616931115,1.2430940427157455,0.40731278820300565,4.350538302394808,,20,cube,pca99,10
792,20,transport_free,True,10,13.080640726163463,13.080640726163463,14.435147781477102,2.8991476041810094,1.1035505128280452,0.2216365134455708,2.583291449032555,,20,cube,pca99,10
793,20,static,True,10,13.054190101201149,13.054190101201149,14.120090681543186,1.8402513005429462,1.0816519885246623,0.14097016255138034,1.2374883296792294,,20,cube,pca99,10
794,20,transport_free,True,10,12.994515889452016,12.994515889452016,14.01795091143083,2.1041882430518912,1.078758995770636,0.16192894456036758,1.4728544503699184,,20,cube,pca99,10
795,20,transport_free,True,10,13.063213760405468,13.063213760405468,13.315994879483199,1.5069670071914176,1.0193506072635747,0.11535959181491975,1.3128396646709584,,20,cube,pca99,10
796,20,transport_free,True,10,12.945650133666174,12.945650133666174,11.878979659296267,1.6286219920213763,0.9176039470125994,0.12580457336677264,1.2489066131395374,,20,cube,pca99,10
797,20,transport_free,True,10,11.13566736678781,11.13566736678781,10.684971425463768,1.8795648461949455,0.9595268135730917,0.16878780447418518,0.9084982323016773,,20,cube,pca99,10
798,21,transport_free,True,10,12.39328328236146,12.39328328236146,11.20598901092015,1.6249177437739075,0.9041985691450217,0.13111277348808328,1.066574634828308,,21,cube,pca99,10
799,21,transport_free,True,10,11.151291892758461,11.151291892758461,11.315483380956161,1.9234626522125908,1.0147239880165206,0.17248787590805226,1.4837646117107615,,21,cube,pca99,10
800,21,transport_free,True,10,10.991958059960794,10.991958059960794,11.377191869633432,1.194267580922166,1.0350468776874147,0.10864921194271966,0.9266684036567121,,21,cube,pca99,10
801,21,interaction,True,10,11.080009471445912,11.080009471445912,10.916090616082144,1.6516542677843669,0.9852058921261575,0.14906614223036674,1.3934460800690993,,21,cube,pca99,10
802,21,interaction,True,10,10.631309925979966,10.631309925979966,11.640759959345743,2.925817112875562,1.0949506730961687,0.27520758337838297,2.8659886382648767,,21,cube,pca99,10
803,21,interaction,True,10,11.515127094796217,11.515127094796217,10.842965573503264,4.374623307398215,0.941627954623557,0.37990230341227793,4.147538956555663,,21,cube,pca99,10
804,21,interaction,True,10,10.842965573503264,10.842965573503264,11.712990454319158,8.538921647851467,1.080238646421783,0.7875079552698994,7.987495556108169,,21,cube,pca99,10
805,21,interaction,True,10,11.183989465397497,11.183989465397497,14.388393311347937,5.771512016316429,1.2865170658345706,0.5160512743840733,5.067368639743968,,21,cube,pca99,10
806,21,interaction,True,10,11.939528985415077,11.939528985415077,16.831434555581275,7.850292080651379,1.409723497144819,0.657504336246516,7.291220058245708,,21,cube,pca99,10
807,21,interaction,True,10,13.022977122835389,13.022977122835389,13.593196662920322,5.881870919324273,1.0437856516759958,0.4516533250304643,3.52972018026184,,21,cube,pca99,10
808,21,interaction,True,10,10.753424317715456,10.753424317715456,9.344091658530022,3.5565718238181696,0.8689410351953037,0.33073853674303405,3.382050102933119,,21,cube,pca99,10
809,21,interaction,True,10,8.671518342666536,8.671518342666536,9.753872261332504,3.005883958399399,1.1248171168987158,0.34663871303939076,2.8807436781779465,,21,cube,pca99,10
810,21,transport_free,True,10,9.11420513128859,9.11420513128859,12.083447584335357,5.519760958750016,1.3257818328944024,0.605621760673453,5.43225813094076,,21,cube,pca99,10
811,21,transport_free,True,10,11.406196498295108,11.406196498295108,15.547932132242309,5.727427567476454,1.3631127724799648,0.5021329913378694,5.34158046891087,,21,cube,pca99,10
812,21,transport_free,True,10,13.554634247589474,13.554634247589474,15.96347547328024,3.24740035890038,1.1777134802526412,0.2395786045999648,2.953017533309955,,21,cube,pca99,10
813,21,transport_free,True,10,15.202868621481432,15.202868621481432,15.39281630698867,1.5722486415783554,1.012494200287888,0.1034178930782044,1.2854653613143636,,21,cube,pca99,10
814,21,transport_free,True,10,14.727646873927135,14.727646873927135,13.80309103316048,2.3491303096935416,0.9372231118330636,0.15950479596657688,2.4478392246925407,,21,cube,pca99,10
815,21,transport_free,True,10,13.17738028969519,13.17738028969519,12.571525868803631,1.81835165894653,0.954023151220327,0.13799037585403032,1.7445220801471388,,21,cube,pca99,10
816,21,transport_free,True,10,11.861087437213326,11.861087437213326,11.754402224834733,1.607053419037347,0.9910054442357557,0.13548955165740792,1.2438673225846373,,21,cube,pca99,10
817,21,transport_free,True,10,10.342148153152948,10.342148153152948,9.97816035226018,2.461564957665587,0.9648053967606525,0.23801292741248775,1.9128350921456814,,21,cube,pca99,10
818,21,interaction,True,10,9.356897341406036,9.356897341406036,9.497205770388149,2.110321476052219,1.01499518738559,0.22553645712384257,1.2821317835450678,,21,cube,pca99,10
819,21,interaction,True,10,8.773835604797974,8.773835604797974,10.087206898987919,3.0600744739854466,1.1496918056535876,0.34877271604132226,2.6577122322434574,,21,cube,pca99,10
820,21,interaction,True,10,9.265482705324835,9.265482705324835,12.614677666952591,2.985136404881996,1.3614701001711424,0.3221781854027368,2.787089840483775,,21,cube,pca99,10
821,21,interaction,True,10,11.831809269531584,11.831809269531584,12.00449501954253,13.868185255763613,1.0145950417283713,1.1721102783051072,13.593019112368928,,21,cube,pca99,10
822,21,interaction,True,10,10.313965200659329,10.313965200659329,12.241988480500273,5.651586544733572,1.186933273705218,0.5479547811904862,5.3129273495886284,,21,cube,pca99,10
823,21,interaction,True,10,10.932943215178206,10.932943215178206,17.045704013633046,10.8460048184052,1.5591139255135336,0.9920480336299279,10.584763148400251,,21,cube,pca99,10
824,21,interaction,True,10,13.17322818856715,13.17322818856715,12.471675637986134,4.467624902466045,0.9467440675483112,0.3391442734092643,3.6640294880113293,,21,cube,pca99,10
825,21,interaction,True,10,11.673995812041028,11.673995812041028,9.316045377239494,3.763666855874714,0.798016851062303,0.3223974821022907,3.475701972636985,,21,cube,pca99,10
826,21,interaction,True,10,8.767174133768725,8.767174133768725,9.993646521352616,3.392576192683838,1.139893695376696,0.38696347773184686,3.2544239169309157,,21,cube,pca99,10
827,21,transport_free,True,10,9.371928224211334,9.371928224211334,11.32298840939597,4.575751155546092,1.2081812982886797,0.4882400980969047,4.448288680504365,,21,cube,pca99,10
828,21,transport_free,True,10,10.779382582200338,10.779382582200338,15.558061776429959,5.972824400646093,1.4433165960841308,0.5540970788539257,5.749550011854011,,21,cube,pca99,10
829,21,transport_free,True,10,13.286566055851296,13.286566055851296,15.227214855036362,4.271737896557338,1.1460609755016737,0.3215080464433546,3.9071971667034866,,21,cube,pca99,10
830,21,transport_free,True,10,14.990331409944165,14.990331409944165,15.264742712634717,4.195945172368366,1.018305886320066,0.27991010055887716,3.8400553521873557,,21,cube,pca99,10
831,21,transport_free,True,10,14.833375445597651,14.833375445597651,14.872318651274457,3.946205062440823,1.0026253771988467,0.26603554106169436,3.9508363392431454,,21,cube,pca99,10
832,21,transport_free,True,10,14.648611540806755,14.648611540806755,14.19885371298705,3.4115302363489546,0.9692968970767768,0.23289103044649845,3.439255071499386,,21,cube,pca99,10
833,21,transport_free,True,10,13.920789305303387,13.920789305303387,12.672457312890218,1.767136134612952,0.9103260623348711,0.12694223695632892,1.4418281928577235,,21,cube,pca99,10
834,21,transport_free,True,10,12.410510980115275,12.410510980115275,12.2069146909311,1.669309193931253,0.9835948504045976,0.1345076924395701,1.2765809962710633,,21,cube,pca99,10
835,21,transport_free,True,10,10.873651905651212,10.873651905651212,10.268527111133029,2.316094754473854,0.9443494421406217,0.21300063442992345,0.9801808964821178,,21,cube,pca99,10
836,22,transport_free,True,10,15.474469579844921,15.474469579844921,14.607937763156546,1.8416779456395302,0.9440024866624824,0.1190139627169041,1.2242652876902032,,22,cube,pca99,10
837,22,transport_free,True,10,14.146517788248513,14.146517788248513,14.09168409365154,2.1735807308172754,0.9961238733504776,0.15364775723272797,1.8134820285069089,,22,cube,pca99,10
838,22,transport_free,True,10,13.552568559272075,13.552568559272075,14.694260609656489,1.3684904586408115,1.0842417468977361,0.10097646454660804,0.944082790967452,,22,cube,pca99,10
839,22,interaction,True,10,13.921116792355104,13.921116792355104,14.402766898132375,2.4723036213910423,1.034598524885717,0.17759377054782904,1.718452711893483,,22,cube,pca99,10
840,22,interaction,True,10,13.964362562930905,13.964362562930905,14.537855815124974,4.824118226936977,1.0410683444811464,0.3454592506601654,4.496110222394267,,22,cube,pca99,10
841,22,interaction,True,10,13.124317358832846,13.124317358832846,17.007538252303426,15.174031342512293,1.295879837960267,1.156176807344571,14.960596770781983,,22,cube,pca99,10
842,22,interaction,True,10,10.220827831066897,10.220827831066897,15.064122783058966,14.685268963497446,1.4738652320578718,1.4367983891540153,14.564592439311763,,22,cube,pca99,10
843,22,interaction,True,10,11.192990014161545,11.192990014161545,20.660589707583306,19.36064272800182,1.845850812110366,1.7297114268400522,18.664317463891965,,22,cube,pca99,10
844,22,interaction,True,10,12.533205082110285,12.533205082110285,18.77351323118278,16.4469260619045,1.49790202172466,1.3122681671730243,16.043613705792758,,22,cube,pca99,10
845,22,interaction,True,10,12.315546363565417,12.315546363565417,12.42885081821516,6.988947735214646,1.0092001159595279,0.5674898643466524,5.545163885365936,,22,cube,pca99,10
846,22,interaction,True,10,10.018078243147022,10.018078243147022,8.571651655627962,4.479453854607371,0.8556183578912948,0.44713704024737394,4.345966965164525,,22,cube,pca99,10
847,22,interaction,True,10,7.900958335461246,7.900958335461246,10.96106948393356,6.335782522455619,1.3873088578049906,0.8019005104759543,6.226365774092829,,22,cube,pca99,10
848,22,static,True,10,4.851077650922529,4.851077650922529,5.71822821847757,3.5255213979012012,1.1787542129716548,0.7267501474091541,3.7850073079485083,,22,cube,pca99,10
849,22,transport_free,True,10,5.303824770584196,5.303824770584196,10.950797425645117,5.895444303062348,2.0646981940994498,1.1115458292965035,6.660182225539861,,22,cube,pca99,10
850,22,transport_free,True,10,8.343853326858717,8.343853326858717,10.365944205022348,3.4942723927230226,1.2423449692787092,0.41878401451221836,3.936457404530342,,22,cube,pca99,10
851,22,transport_free,True,10,8.977432179539592,8.977432179539592,10.567505062860752,2.7560467441825374,1.1771188967536936,0.3069972224868293,2.0675568176851193,,22,cube,pca99,10
852,22,transport_free,True,10,9.389713461753121,9.389713461753121,9.450398238184672,2.691801874412522,1.0064628997124072,0.28667561426415933,2.812988107533857,,22,cube,pca99,10
853,22,transport_free,True,10,8.433217012057668,8.433217012057668,8.77114761477688,2.341083626959734,1.0400713751627693,0.2776026780305183,2.2909584632303726,,22,cube,pca99,10
854,22,transport_free,True,10,8.065605891923184,8.065605891923184,8.711790733373586,2.089886241153174,1.0801160942040926,0.259110880094695,1.2814494476028055,,22,cube,pca99,10
855,22,transport_free,True,10,7.278218438580501,7.278218438580501,9.185651026074403,2.4185061676688244,1.2620741055782212,0.3322937045759395,1.7387639932622059,,22,cube,pca99,10
856,22,transport_free,True,10,6.121108644034898,6.121108644034898,6.8291518443348735,1.7508584928337263,1.11567237921679,0.2860361732902685,1.4570625048857189,,22,cube,pca99,10
857,22,interaction,True,10,6.368343149714418,6.368343149714418,7.190100567624429,1.869569134396028,1.1290378672428891,0.29357229823268344,1.0950562937475516,,22,cube,pca99,10
858,22,interaction,True,10,6.684179269026699,6.684179269026699,10.940321971151853,4.447989833472037,1.6367487362057096,0.6654504097583428,4.086386757046531,,22,cube,pca99,10
859,22,interaction,True,10,8.67235139059206,8.67235139059206,14.357727040431618,6.912784671633057,1.6555748716555887,0.797106154984931,7.31967195032174,,22,cube,pca99,10
860,22,interaction,True,10,13.429413330473086,13.429413330473086,14.281787628242588,4.431370214445268,1.0634707024643701,0.32997496654525577,3.8752416145798523,,22,cube,pca99,10
861,22,interaction,True,10,12.551671501339378,12.551671501339378,13.639540724842107,5.779989591339907,1.0866712631370765,0.4604956073558115,5.025676868189257,,22,cube,pca99,10
862,22,interaction,True,10,13.026691117735623,13.026691117735623,12.051596816305524,6.430937588489437,0.9251464326115383,0.49367391384093096,5.925875718412577,,22,cube,pca99,10
863,22,interaction,True,10,9.479678671038144,9.479678671038144,9.949172978439577,1.7081930478737868,1.049526394690551,0.18019524787191107,0.7370377066658059,,22,cube,pca99,10
864,22,interaction,True,10,8.26387486619139,8.26387486619139,7.209452330869523,1.9635176643033712,0.8724057960224385,0.23760254070840095,1.8026164408864513,,22,cube,pca99,10
865,22,interaction,True,10,6.7839187589651075,6.7839187589651075,7.86768333015227,3.4771720405560216,1.1597549454369487,0.5125609790006488,3.2926463836005513,,22,cube,pca99,10
866,22,transport_free,True,10,7.492686513855171,7.492686513855171,7.733312249481228,2.7973497573419035,1.032114747518277,0.37334402716157394,2.6587948841893025,,22,cube,pca99,10
867,22,transport_free,True,10,7.442911395083479,7.442911395083479,10.20573097753498,4.92809946228155,1.3712014607988643,0.6621198615284977,4.847830953642674,,22,cube,pca99,10
868,22,transport_free,True,10,9.20781333470617,9.20781333470617,10.346588713495862,4.692555116774065,1.1236748984145248,0.5096275246031373,4.727959790996567,,22,cube,pca99,10
869,22,transport_free,True,10,9.337422268623662,9.337422268623662,10.038692068205544,2.1827265308080697,1.0751031472506436,0.23376114606518744,1.8263533570141752,,22,cube,pca99,10
870,22,transport_free,True,10,9.488683525868048,9.488683525868048,9.544369619516205,2.094267107012782,1.0058686848914653,0.22071208311494334,1.4894916004685987,,22,cube,pca99,10
871,22,transport_free,True,10,9.149655689437317,9.149655689437317,10.284302807128537,2.237852608062176,1.1240098159104606,0.24458325908871426,1.7273820293543467,,22,cube,pca99,10
872,22,transport_free,True,10,9.590898290297918,9.590898290297918,10.940058815448452,2.2471971348645248,1.140670924069264,0.23430517839374573,1.2551957775788958,,22,cube,pca99,10
873,22,transport_free,True,10,8.396404979291457,8.396404979291457,8.132786175337081,1.4970977532797844,0.9686033719663887,0.17830223255931127,1.3078831357157665,,22,cube,pca99,10
874,23,transport_free,True,10,9.358297508236916,9.358297508236916,9.046473314627436,1.9433339045095308,0.9666793887098566,0.2076589147544264,1.1160945333016998,,23,cube,pca99,10
875,23,transport_free,True,10,8.508543275401259,8.508543275401259,8.233351147748353,1.66411515655779,0.9676569632726082,0.19558167628633366,1.2901569057554663,,23,cube,pca99,10
876,23,transport_free,True,10,7.577252264181787,7.577252264181787,7.538990768481064,2.313163236278672,0.994950478832335,0.3052773163186291,2.036426556049078,,23,cube,pca99,10
877,23,interaction,True,10,7.350334066414574,7.350334066414574,7.9219766090426535,1.762073177662392,1.0777709608111623,0.23972695142030667,0.7199885919139514,,23,cube,pca99,10
878,23,interaction,True,10,7.536266790010207,7.536266790010207,9.757308290008973,3.4954774042807837,1.2947137570743774,0.4638208149576469,3.4352791083727654,,23,cube,pca99,10
879,23,interaction,True,10,9.552182267081744,9.552182267081744,14.725090878870027,5.672266468313714,1.5415420756380356,0.5938189106651782,5.5237312073222045,,23,cube,pca99,10
880,23,interaction,True,10,12.266340658848016,12.266340658848016,16.871150375133986,17.487673285108563,1.37540207339378,1.4256634290108576,17.46350962246821,,23,cube,pca99,10
881,23,interaction,True,10,12.632113467074298,12.632113467074298,12.121212921240687,12.138364737105043,0.9595554182468929,0.9609132128795221,11.668489489141455,,23,cube,pca99,10
882,23,interaction,True,10,9.770042353956125,9.770042353956125,15.669102964039073,16.411481007038688,1.6037906895761078,1.679775830285248,15.663047432703248,,23,cube,pca99,10
883,23,interaction,True,10,10.621352225258933,10.621352225258933,14.31277066173281,7.949228392807827,1.3475469373565458,0.748419619669852,7.500664860141712,,23,cube,pca99,10
884,23,interaction,True,10,8.896986287193544,8.896986287193544,10.105225928711228,3.274196604155229,1.135803248708705,0.3680118748601599,3.060076369256773,,23,cube,pca99,10
885,23,interaction,True,10,9.797588144497539,9.797588144497539,10.632596553051233,1.9337365592052587,1.0852259144024794,0.1973686310024444,1.2113986937359515,,23,cube,pca99,10
886,23,static,True,10,10.50078470257986,10.50078470257986,10.331748628956767,3.5831447130111957,0.9839025293432058,0.3412263763612713,2.9906286117327334,,23,cube,pca99,10
887,23,transport_free,True,10,10.214205442563346,10.214205442563346,10.686635811035504,6.873249371553502,1.0462522876721774,0.6729108211307525,6.595898041141046,,23,cube,pca99,10
888,23,transport_free,True,10,10.07935374493053,10.07935374493053,11.901288734944519,4.158511606799956,1.1807591077880704,0.41257720604274883,3.960458206789419,,23,cube,pca99,10
889,23,transport_free,True,10,11.808168464819474,11.808168464819474,12.162460108572514,2.5657090518708534,1.0300039455575685,0.21728255821510067,1.8426640756460932,,23,cube,pca99,10
890,23,transport_free,True,10,11.982102996002713,11.982102996002713,11.422068098320517,3.4988883775707835,0.9532607174325721,0.29200953945547203,3.14174010109409,,23,cube,pca99,10
891,23,transport_free,True,10,11.299121124816605,11.299121124816605,10.569905348405399,3.0696458716533908,0.9354626109096568,0.2716712067907152,2.09608119175449,,23,cube,pca99,10
892,23,transport_free,True,10,10.44288406716145,10.44288406716145,10.274145607615601,1.697591258464757,0.9838417760399677,0.16255961931081658,1.170545953215481,,23,cube,pca99,10
893,23,transport_free,True,10,9.455864620225924,9.455864620225924,10.62399836631254,2.029820190631484,1.1235353712222147,0.21466256890879498,1.077238399057377,,23,cube,pca99,10
894,23,interaction,True,10,10.139542879650959,10.139542879650959,11.507683719680909,2.2681722326626605,1.1349312149737707,0.22369570892733773,1.2850792297794462,,23,cube,pca99,10
895,23,interaction,True,10,10.969351474256477,10.969351474256477,10.505309296738488,2.207729957993405,0.9576964801787025,0.20126348974911018,1.8072867689946377,,23,cube,pca99,10
896,23,interaction,True,10,9.646490084205166,9.646490084205166,10.530077030929313,4.302000531358791,1.0915967298998113,0.44596537121856794,4.045932312798086,,23,cube,pca99,10
897,23,interaction,True,10,9.853675293424379,9.853675293424379,14.492949264892658,7.820371894227388,1.470816607338806,0.7936502534689905,7.628700597256126,,23,cube,pca99,10
898,23,interaction,True,10,9.805226415792003,9.805226415792003,12.715914781418002,5.140186686152018,1.2968507041242956,0.524229270001699,3.609292128939495,,23,cube,pca99,10
899,23,interaction,True,10,10.409285726799142,10.409285726799142,14.051591864032083,11.711023445771255,1.3499093245039544,1.1250554315768981,11.708714428804555,,23,cube,pca99,10
900,23,interaction,True,10,11.066042348414014,11.066042348414014,10.94920287054764,4.3794895372443055,0.989441620211844,0.3957593328632051,3.757587787527066,,23,cube,pca99,10
901,23,interaction,True,10,9.192050004238023,9.192050004238023,9.704205270014945,2.9801713335360747,1.055717197528385,0.3242118278471133,2.6387277360039407,,23,cube,pca99,10
902,23,interaction,True,10,9.306640549752572,9.306640549752572,10.126778877546512,1.6157322185920449,1.0881239931218514,0.17361068260393928,0.721535917353279,,23,cube,pca99,10
903,23,transport_free,True,10,10.008806349943328,10.008806349943328,10.004766578037724,3.7752277781897927,0.9995963782528747,0.3771906105677795,3.3938568333996586,,23,cube,pca99,10
904,23,transport_free,True,10,9.940680481174343,9.940680481174343,9.836723115815612,6.391027544262492,0.9895422284665919,0.6429165041936332,6.207676704152204,,23,cube,pca99,10
905,23,transport_free,True,10,9.468090874589361,9.468090874589361,11.75895484513213,4.572738949425,1.2419562719545747,0.4829631453683448,4.391329190450953,,23,cube,pca99,10
906,23,transport_free,True,10,11.574562133653707,11.574562133653707,14.225404024036663,5.023989017966384,1.2290230818041472,0.4340543477976455,3.8069522833524116,,23,cube,pca99,10
907,23,static,True,10,13.725246061744992,13.725246061744992,13.865336529696968,2.263606183256157,1.0102067727836543,0.164922812536329,1.6060323222543311,,23,cube,pca99,10
908,23,transport_free,True,10,13.613938059753181,13.613938059753181,12.262936750130233,4.124557122762979,0.900763371796372,0.30296576234296135,3.928008335284816,,23,cube,pca99,10
909,23,transport_free,True,10,11.991186387784687,11.991186387784687,10.784126849020481,2.7999029929608183,0.8993377719494189,0.2334967452272324,1.76893038344258,,23,cube,pca99,10
910,23,transport_free,True,10,9.802527615613503,9.802527615613503,9.760762824786742,2.3109708352904152,0.9957393855478419,0.23575254525266445,1.5722438846762836,,23,cube,pca99,10
911,23,transport_free,True,10,9.245831324559806,9.245831324559806,11.107573998487478,2.159043497776337,1.2013602247947466,0.23351534567164833,1.2897856739006908,,23,cube,pca99,10
912,24,transport_free,True,10,4.71307833641789,4.71307833641789,4.818168174590081,1.8217192454372741,1.022297494476203,0.38652428739850875,1.7085907158857472,,24,cube,pca99,10
913,24,transport_free,True,10,4.517085974661372,4.517085974661372,6.735320512299617,1.5585650324351286,1.4910764484186152,0.34503771705429365,1.3768587095720717,,24,cube,pca99,10
914,24,transport_free,True,10,4.361057947317997,4.361057947317997,4.46582713063523,2.3370964897295465,1.0240237998629815,0.5359012693621361,0.881019067371788,,24,cube,pca99,10
915,24,interaction,True,10,4.244602952289712,4.244602952289712,8.732120405538677,3.93925032805058,2.0572290279419927,0.9280609687946401,2.8321957933038164,,24,cube,pca99,10
916,24,interaction,True,10,8.512891788348238,8.512891788348238,9.631606169059335,3.9364172513134097,1.1314141432224363,0.4624065886402152,3.6632707279618666,,24,cube,pca99,10
917,24,interaction,True,10,8.751208268660061,8.751208268660061,17.506382200989588,7.949149345626152,2.0004531561297276,0.908348779001609,7.771231414454697,,24,cube,pca99,10
918,24,interaction,True,10,9.831110956723661,9.831110956723661,13.577605514167562,13.52767472731972,1.3810855735364893,1.3760067185558431,13.529908560520699,,24,cube,pca99,10
919,24,interaction,True,10,9.385204847317716,9.385204847317716,15.229912938392857,16.243866727792245,1.6227576473991991,1.7307951176403709,13.752693602754348,,24,cube,pca99,10
920,24,interaction,True,10,10.852891143784731,10.852891143784731,14.421543436018853,10.978457279436904,1.3288204262767187,1.0115698327743832,10.914592855849465,,24,cube,pca99,10
921,24,interaction,True,10,7.490119316328702,7.490119316328702,7.935903771434516,3.670031838950927,1.0595163356255206,0.48998309425460546,2.4151674361659152,,24,cube,pca99,10
922,24,interaction,True,10,6.581267208847566,6.581267208847566,4.188271396102497,1.7460218029503825,0.636392850068748,0.2653017644691751,1.261394069537325,,24,cube,pca99,10
923,24,interaction,True,10,3.1345001575302183,3.1345001575302183,2.892884857223299,1.5584874757264637,0.9229174387736205,0.49720446559315223,0.804327604885553,,24,cube,pca99,10
924,24,static,True,10,2.892884857223299,2.892884857223299,2.5175962667430785,1.6519119887613298,0.8702718535294776,0.571025834172639,1.5460801318345088,,24,cube,pca99,10
925,24,transport_free,True,10,2.4631039353014934,2.4631039353014934,3.929276166503467,2.9309581776367883,1.5952539030889528,1.189944985930132,3.237153870830262,,24,cube,pca99,10
926,24,transport_free,True,10,3.4670161862961577,3.4670161862961577,6.313287471343125,2.903377877519822,1.8209570224382665,0.8374284172643349,2.927805172325101,,24,cube,pca99,10
927,24,transport_free,True,10,4.715337631819894,4.715337631819894,7.340933932187176,2.0059460406182987,1.5568204241938721,0.4254087824129149,1.6767376855779204,,24,cube,pca99,10
928,24,transport_free,True,10,6.755847775821402,6.755847775821402,5.547845856094476,1.6068756494447318,0.8211916609414646,0.23784959382826854,1.428357027908558,,24,cube,pca99,10
929,24,transport_free,True,10,4.497666081433932,4.497666081433932,4.027520708397028,1.6089455484293789,0.8954690356010124,0.3577289908361582,1.4151979327334507,,24,cube,pca99,10
930,24,transport_free,True,10,3.1367685350070893,3.1367685350070893,4.265022578514926,1.2626947412953489,1.3596867384112825,0.4025463553345976,0.7482948482385137,,24,cube,pca99,10
931,24,transport_free,True,10,2.8239614540450515,2.8239614540450515,4.017746609265562,1.4273041450411128,1.4227342244741086,0.50542621358965,0.9891700986033874,,24,cube,pca99,10
932,24,interaction,True,10,2.4865107885266653,2.4865107885266653,2.922811509570048,2.0812702111830146,1.1754670532927407,0.8370244041515829,0.7723716840631145,,24,cube,pca99,10
933,24,interaction,True,10,2.8562817409281287,2.8562817409281287,8.818798766765777,3.9838139111295248,3.0875101151261677,1.3947552351173216,3.6448223731572864,,24,cube,pca99,10
934,24,interaction,True,10,6.771067771735262,6.771067771735262,16.21419833776755,6.3552015485026905,2.3946294564427673,0.9385818843863093,5.239922291222456,,24,cube,pca99,10
935,24,interaction,True,10,8.461638655284013,8.461638655284013,15.76231030480121,12.915929412728595,1.8627964330476543,1.5264099471634878,14.641871572427602,,24,cube,pca99,10
936,24,interaction,True,10,12.454082862435703,12.454082862435703,13.513135775792264,4.555526558985118,1.0850366040642705,0.3657857916399131,3.952143549112633,,24,cube,pca99,10
937,24,interaction,True,10,11.487429934517607,11.487429934517607,14.255040705436219,7.429313636409421,1.2409251492017768,0.646734184996916,6.173406228373661,,24,cube,pca99,10
938,24,interaction,True,10,8.287648218114741,8.287648218114741,10.660511529594496,3.903963854067767,1.2863132277131726,0.47105810373739937,3.9741170428172112,,24,cube,pca99,10
939,24,interaction,True,10,6.6930672974285415,6.6930672974285415,6.613007814785807,1.9001325262624085,0.9880384464872343,0.28389562540218805,1.725750229845893,,24,cube,pca99,10
940,24,interaction,True,10,3.699579238118349,3.699579238118349,3.4764027013727876,2.07598438351849,0.9396751569891846,0.561140673006469,1.2533853483760418,,24,cube,pca99,10
941,24,interaction,True,10,3.0702449790513575,3.0702449790513575,2.7296306905022902,1.728650367361017,0.8890595731372842,0.5630333667690369,1.2981019012920347,,24,cube,pca99,10
942,24,transport_free,True,10,2.7296306905022902,2.7296306905022902,3.805513194026603,2.347739845831317,1.3941494749703065,0.8600943175207705,2.485797402936379,,24,cube,pca99,10
943,24,transport_free,True,10,2.836766774569657,2.836766774569657,5.600030936108007,2.4268538497426713,1.9740892999416713,0.8554999556178987,2.7043183018258383,,24,cube,pca99,10
944,24,transport_free,True,10,3.342515712010612,3.342515712010612,8.791728120630893,3.2470070793381827,2.63027278796019,0.9714261230458127,3.1057834351141738,,24,cube,pca99,10
945,24,transport_free,True,10,7.973340207295267,7.973340207295267,7.418451836881191,1.8094250885073997,0.9304070369521702,0.2269343890345796,0.9209565121932712,,24,cube,pca99,10
946,24,transport_free,True,10,5.962886563916593,5.962886563916593,4.714084715352591,2.5316414428793976,0.7905709197755134,0.42456642697166186,2.2209995110549086,,24,cube,pca99,10
947,24,transport_free,True,10,2.97183332131765,2.97183332131765,3.824953400602067,1.7745698359715152,1.2870686162527314,0.5971296651269484,1.3395679531559241,,24,cube,pca99,10
948,24,transport_free,True,10,3.1263532326042034,3.1263532326042034,3.6303495385957327,1.1494563303880743,1.1612090088654852,0.36766681333401185,0.6775503265289393,,24,cube,pca99,10
949,24,static,True,10,2.9939277190853497,2.9939277190853497,3.9659802144189173,2.0415938614870193,1.3246746703793275,0.6819115399722241,0.7614516523280015,,24,cube,pca99,10
950,25,transport_free,True,10,12.298992269826874,12.298992269826874,11.201170323747863,1.8302081074893977,0.9107388701452965,0.14880959897661278,1.3002285064557386,,25,cube,pca99,10
951,25,transport_free,True,10,10.794255168179873,10.794255168179873,9.756875878149204,1.865791060294522,0.9038952411381996,0.17285037561411767,0.9732007685044378,,25,cube,pca99,10
952,25,transport_free,True,10,9.267477583367743,9.267477583367743,9.796585038271953,1.5608159971096232,1.0570929306431551,0.16841864283662314,0.8293563061150523,,25,cube,pca99,10
953,25,interaction,True,10,9.354520929018092,9.354520929018092,10.001072020866655,2.0683843943682474,1.0691164300934894,0.22111067045155008,0.9756069135571127,,25,cube,pca99,10
954,25,interaction,True,10,9.275328721213228,9.275328721213228,10.607638812086034,3.40514605077255,1.1436402019721128,0.36711863839227377,2.939170911626211,,25,cube,pca99,10
955,25,interaction,True,10,9.289723934711278,9.289723934711278,11.853653265223084,3.6956053321042934,1.2759962888597391,0.3978164860524622,2.8270876092709454,,25,cube,pca99,10
956,25,interaction,True,10,10.17591764451716,10.17591764451716,14.44592453319077,6.458722295268837,1.41961885284855,0.6347066201689272,6.168335009571816,,25,cube,pca99,10
957,25,interaction,True,10,12.0060541015955,12.0060541015955,12.154565614076983,5.087859924499119,1.012369718745624,0.42377452920381115,4.630959881837964,,25,cube,pca99,10
958,25,interaction,True,10,10.549167119889617,10.549167119889617,12.671323531632675,7.4329797499556065,1.2011681479329208,0.7046034692105041,5.77163253681866,,25,cube,pca99,10
959,25,interaction,True,10,10.6289916985917,10.6289916985917,12.224224040413919,2.5044009684335222,1.1500831299015486,0.2356198066054888,1.8554892452709673,,25,cube,pca99,10
960,25,interaction,True,10,10.670573742123562,10.670573742123562,10.539372554990155,2.1013497503444736,0.9877043924437285,0.1969294061526519,1.410752806327881,,25,cube,pca99,10
961,25,interaction,True,10,10.101838537960273,10.101838537960273,9.034187970515635,2.8425658985552564,0.89431126191211,0.2813909456059488,2.6424360061092087,,25,cube,pca99,10
962,25,transport_free,True,10,8.526394620471306,8.526394620471306,9.524139285306834,3.0637050052999486,1.1170183540930665,0.35932010441367523,2.969807620373164,,25,cube,pca99,10
963,25,transport_free,True,10,8.944083992016015,8.944083992016015,9.346196154470045,7.064572784616861,1.0449584510625098,0.789859843771938,7.232846299238154,,25,cube,pca99,10
964,25,transport_free,True,10,7.964093915344598,7.964093915344598,10.815078165987053,4.824013254069253,1.357979737676046,0.6057202872475823,4.61917837143649,,25,cube,pca99,10
965,25,static,True,10,10.222940893880551,10.222940893880551,11.155999273802582,2.584951050811575,1.0912710334147153,0.2528578691439883,2.3401059158603266,,25,cube,pca99,10
966,25,transport_free,True,10,10.610665097789902,10.610665097789902,11.268037291860203,2.235314738185612,1.0619539103356703,0.21066678832896218,2.0512471787517974,,25,cube,pca99,10
967,25,transport_free,True,10,10.46491303688443,10.46491303688443,9.653830885058564,1.578808456998757,0.9224950891644161,0.15086684919732435,0.9946357860001344,,25,cube,pca99,10
968,25,transport_free,True,10,8.817190813402966,8.817190813402966,8.150427948585008,2.0247379952725852,0.9243792179472383,0.22963527024897673,1.2427500791081023,,25,cube,pca99,10
969,25,transport_free,True,10,7.8540073582347985,7.8540073582347985,9.588462338636866,1.3901111831214463,1.220836943650622,0.1769938732822726,0.5422677725485633,,25,cube,pca99,10
970,25,interaction,True,10,8.696866234876811,8.696866234876811,9.849145793776106,1.9134413368210876,1.1324936509059251,0.22001503589277535,1.0373089552560186,,25,cube,pca99,10
971,25,interaction,True,10,9.444661646713843,9.444661646713843,11.726854154160893,4.221588364789513,1.241638355381541,0.446981429584443,3.9722291751882186,,25,cube,pca99,10
972,25,interaction,True,10,11.296170517832456,11.296170517832456,13.089600754442891,4.987470383853681,1.1587644444441836,0.4415186877694807,4.844916280188981,,25,cube,pca99,10
973,25,interaction,True,10,10.601024023068927,10.601024023068927,12.875155540372138,6.415831363369731,1.2145199852725987,0.6052086429960178,6.572742620562433,,25,cube,pca99,10
974,25,interaction,True,10,11.143491614818938,11.143491614818938,11.65329605877767,2.2644203469975137,1.0457490759252495,0.20320564014121228,1.2425952283209598,,25,cube,pca99,10
975,25,interaction,True,10,11.023666579282132,11.023666579282132,11.959623697392127,5.289085101320952,1.084904338441171,0.47979363882986564,4.780302813739456,,25,cube,pca99,10
976,25,interaction,True,10,10.405973493388391,10.405973493388391,11.732809780206903,3.073152338100562,1.1275071753413113,0.29532578956242206,2.37851075555893,,25,cube,pca99,10
977,25,interaction,True,10,10.592782610447724,10.592782610447724,13.164086536098965,3.3577080579559198,1.2427411210266082,0.31698073881401023,3.24232535548405,,25,cube,pca99,10
978,25,interaction,True,10,10.100187179746356,10.100187179746356,9.295679268461718,2.3580478412094883,0.9203472275347633,0.23346575654934598,1.9715786372550992,,25,cube,pca99,10
979,25,static,True,10,8.83597415320045,8.83597415320045,8.954315935175396,4.027938311266927,1.0133931788304384,0.4558567331037269,4.028502110688587,,25,cube,pca99,10
980,25,transport_free,True,10,8.43318262682062,8.43318262682062,9.70765404446691,6.455478676672154,1.1511257936704704,0.765485459326039,6.53462664346943,,25,cube,pca99,10
981,25,transport_free,True,10,8.763311215823585,8.763311215823585,11.849019208517205,3.4304960588275013,1.3521166733325496,0.3914611696812938,3.328198602068717,,25,cube,pca99,10
982,25,transport_free,True,10,11.016576107190744,11.016576107190744,12.331822730354965,2.516390895439889,1.1193879668571194,0.22841860038504969,2.157401266523577,,25,cube,pca99,10
983,25,transport_free,True,10,11.76496134893088,11.76496134893088,11.38021046269304,2.170735244694926,0.9672968848067822,0.1845084892601188,1.7920923285790322,,25,cube,pca99,10
984,25,transport_free,True,10,10.845322666247657,10.845322666247657,9.638820389438347,1.9637126925709314,0.8887536762217196,0.18106540054196016,1.399198413576034,,25,cube,pca99,10
985,25,transport_free,True,10,9.174466999785148,9.174466999785148,8.42323494608888,1.8000991646882185,0.9181170902120133,0.19620749246036573,1.2474158698876006,,25,cube,pca99,10
986,25,transport_free,True,10,7.711593831400361,7.711593831400361,8.442319404911135,1.8956871496510794,1.0947567506130027,0.2458230024942637,1.3683944232404877,,25,cube,pca99,10
987,25,static,True,10,8.232511665606921,8.232511665606921,9.533094737965428,1.760801154385482,1.1579813215196488,0.21388383350145806,1.3003633966725587,,25,cube,pca99,10
988,26,transport_free,True,10,12.894065663483849,12.894065663483849,12.532058209607996,2.4508381570925453,0.9719244912098546,0.19007489344756082,2.037923411339667,,26,cube,pca99,10
989,26,transport_free,True,10,12.204592728654024,12.204592728654024,12.985699945673964,2.381337679504475,1.0640010883104727,0.1951181602245157,1.4777142755677681,,26,cube,pca99,10
990,26,transport_free,True,10,11.59377045750751,11.59377045750751,11.786251470183444,2.5115334898160797,1.0166021065693338,0.21662784329059612,0.7941776839488298,,26,cube,pca99,10
991,26,interaction,True,10,11.503419672667443,11.503419672667443,12.271361966610778,2.7830117401319283,1.0667577395066263,0.24192908016252496,0.6492955789077454,,26,cube,pca99,10
992,26,interaction,True,10,11.731823083568452,11.731823083568452,13.805257327501957,3.9038878904133645,1.1767358942564987,0.332760549030196,3.141668888519116,,26,cube,pca99,10
993,26,interaction,True,10,12.959783105113804,12.959783105113804,12.82860959754936,11.524962361076032,0.9898784179873593,0.8892866699696844,11.156574230514073,,26,cube,pca99,10
994,26,interaction,True,10,10.565332284350465,10.565332284350465,15.387205505860575,14.650496697944245,1.4563863295291095,1.3866574475508726,14.28658738093483,,26,cube,pca99,10
995,26,interaction,True,10,8.857105614185931,8.857105614185931,16.46522110269077,17.723739647522592,1.858984392860727,2.0010757937825048,17.703675290712706,,26,cube,pca99,10
996,26,interaction,True,10,12.694982398595986,12.694982398595986,17.058475678433,19.739832058053725,1.3437179464163413,1.5549318178051883,19.791971662677188,,26,cube,pca99,10
997,26,interaction,True,10,8.076999878646799,8.076999878646799,10.39992042780376,5.420119116870207,1.28759695234094,0.6710559859236102,5.697536587670754,,26,cube,pca99,10
998,26,interaction,True,10,5.304879924613155,5.304879924613155,5.508505481905744,3.1440293990971715,1.03838457423849,0.5926674012939968,1.9919030488491611,,26,cube,pca99,10
999,26,interaction,True,10,5.058287390430202,5.058287390430202,6.21227957863639,3.5462026806635034,1.2281389132593437,0.7010678529995312,0.7269377800462266,,26,cube,pca99,10
1000,26,static,True,10,5.279338146947206,5.279338146947206,5.680585135930051,2.9671186929018223,1.0760032749966713,0.5620247482381041,1.8860567087027067,,26,cube,pca99,10
1001,26,transport_free,True,10,5.086459681243349,5.086459681243349,6.7826494279466045,4.29232921631575,1.3334715800378927,0.8438736341789934,4.2171773765316125,,26,cube,pca99,10
1002,26,transport_free,True,10,5.739873635515547,5.739873635515547,9.949902166359808,4.73507392895641,1.7334705950309865,0.8249439325036836,4.716641727385934,,26,cube,pca99,10
1003,26,static,True,10,7.1818220379487565,7.1818220379487565,8.52370472672919,2.3186491482181295,1.1868443246978166,0.322849708049905,1.8350730161264854,,26,cube,pca99,10
1004,26,transport_free,True,10,7.326202375981989,7.326202375981989,8.683183804195277,2.0697831656608146,1.1852230335135128,0.28251788026581576,1.4637870174446435,,26,cube,pca99,10
1005,26,transport_free,True,10,6.610705880243689,6.610705880243689,7.707865017145759,1.877066516439601,1.1659670172562004,0.28394343213018686,0.9821200193468835,,26,cube,pca99,10
1006,26,transport_free,True,10,5.914060747632117,5.914060747632117,5.889146823287973,1.5336000758413961,0.9957873404742893,0.2593142244024838,0.7535778271584652,,26,cube,pca99,10
1007,26,transport_free,True,10,5.64573866585558,5.64573866585558,6.73669000758425,3.822306517704772,1.1932344740514733,0.6770250526864448,0.7589227906199372,,26,cube,pca99,10
1008,26,interaction,True,10,5.528253835243543,5.528253835243543,6.780614990013145,3.6536042983595087,1.2265382871505628,0.6608966243675661,0.9666816995544592,,26,cube,pca99,10
1009,26,interaction,True,10,5.966641066690421,5.966641066690421,6.327747112338215,4.270918850977642,1.060520825974218,0.7157995266081318,2.6830363827229267,,26,cube,pca99,10
1010,26,interaction,True,10,5.511948451749069,5.511948451749069,9.585333280965859,4.936534277233753,1.7390099644208776,0.895606031233343,4.898968668693108,,26,cube,pca99,10
1011,26,interaction,True,10,7.311210869997803,7.311210869997803,13.426109421151232,8.646992321075132,1.8363728881417514,1.1827031766459952,9.040228632258277,,26,cube,pca99,10
1012,26,interaction,True,10,10.82948314389902,10.82948314389902,13.654035298177694,4.440077465001183,1.2608205873490772,0.409999018974657,2.7955803956575602,,26,cube,pca99,10
1013,26,interaction,True,10,10.445789828655224,10.445789828655224,11.165107110978852,7.983693782248158,1.0688619332882205,0.7642977614145591,7.139111609601285,,26,cube,pca99,10
1014,26,interaction,True,10,7.880822881592092,7.880822881592092,9.848398428274198,4.610375859294394,1.2496662564613574,0.5850119877789972,4.656092199226338,,26,cube,pca99,10
1015,26,interaction,True,10,5.810277259468693,5.810277259468693,6.1532444409523634,3.856316980807858,1.0590276790879052,0.6637061896699384,2.0493522757390537,,26,cube,pca99,10
1016,26,interaction,True,10,4.707702639451901,4.707702639451901,5.483538210516105,2.9340269461930175,1.1648013119100769,0.6232396501862775,1.8695928982527346,,26,cube,pca99,10
1017,26,transport_free,True,10,4.717066607125224,4.717066607125224,5.831487870477083,3.503653493766847,1.2362530267578804,0.7427610813200111,3.142648239677353,,26,cube,pca99,10
1018,26,transport_free,True,10,4.685435713336348,4.685435713336348,9.037663153803358,4.170091242472655,1.928884250418608,0.8900114093131515,6.136860805162714,,26,cube,pca99,10
1019,26,transport_free,True,10,5.231495353940714,5.231495353940714,5.65224726344026,3.208103534094494,1.080426700404619,0.6132287839418484,3.533403640945491,,26,cube,pca99,10
1020,26,transport_free,True,10,4.101878272344176,4.101878272344176,6.886213587274787,3.0040700610551507,1.6787952079668604,0.7323645075743215,2.583487917859433,,26,cube,pca99,10
1021,26,transport_free,True,10,6.374438464257233,6.374438464257233,5.737192795801718,2.4094956511555914,0.9000310894789116,0.3779933973268581,1.898731355276503,,26,cube,pca99,10
1022,26,transport_free,True,10,4.297613732528064,4.297613732528064,5.671174681742778,2.3046774948734345,1.3196101452344158,0.5362691107927263,1.5015818533043914,,26,cube,pca99,10
1023,26,transport_free,True,10,5.209922603204115,5.209922603204115,7.1708643281945985,1.660598892017892,1.3763859608556372,0.31873772769611197,0.8741466444492314,,26,cube,pca99,10
1024,26,transport_free,True,10,6.269648068672309,6.269648068672309,6.1056457612089705,2.053700136483715,0.973841863902567,0.3275622672898475,1.4181216890556079,,26,cube,pca99,10
1025,26,transport_free,True,10,4.851792039437711,4.851792039437711,4.8368953315290755,2.8104810810273704,0.9969296483057088,0.579266600501922,0.7859851852700193,,26,cube,pca99,10
1026,27,transport_free,True,10,7.866472936065319,7.866472936065319,8.459589300839172,1.6368916501064188,1.0753980048738996,0.20808457149859147,0.7503148411514814,,27,cube,pca99,10
1027,27,transport_free,True,10,8.249761027200462,8.249761027200462,11.497139002854393,1.7892931606350349,1.3936329749367202,0.2168903020021451,0.8036233173126105,,27,cube,pca99,10
1028,27,transport_free,True,10,10.50253329877609,10.50253329877609,11.43768433905473,2.0960822992422132,1.0890405213366587,0.19957873396949663,1.5502383893282154,,27,cube,pca99,10
1029,27,interaction,True,10,10.991513145650316,10.991513145650316,11.492830852870766,1.5972296457531396,1.0456095262387815,0.1453148101255934,0.9703582727835736,,27,cube,pca99,10
1030,27,interaction,True,10,11.492830852870766,11.492830852870766,11.418937731002746,4.557340820277768,0.9935705029671117,0.396537709344204,4.379486176247428,,27,cube,pca99,10
1031,27,interaction,True,10,11.37813898249668,11.37813898249668,10.569912954977799,4.701474885357567,0.9289667643573173,0.41320244836084197,4.561995344574964,,27,cube,pca99,10
1032,27,interaction,True,10,10.303578008496775,10.303578008496775,12.192660360455662,4.515414278882694,1.1833423642157188,0.4382375011048675,4.185107525781412,,27,cube,pca99,10
1033,27,interaction,True,10,10.484864931100045,10.484864931100045,11.611164843910249,9.543835145749725,1.107421499486311,0.9102487450688037,9.257706512937151,,27,cube,pca99,10
1034,27,interaction,True,10,9.845930357759691,9.845930357759691,15.31538137113445,14.302003648035761,1.5555037273917158,1.4525802162275288,14.158863585953533,,27,cube,pca99,10
1035,27,interaction,True,10,7.96383812494644,7.96383812494644,10.259802832749696,4.46992835766385,1.288298766471813,0.5612781535151949,2.754698732932979,,27,cube,pca99,10
1036,27,interaction,True,10,7.755863274513684,7.755863274513684,6.772217140216365,2.3580269456140126,0.8731738686614486,0.30403152584737486,2.307447501838243,,27,cube,pca99,10
1037,27,interaction,True,10,3.5282674997811863,3.5282674997811863,2.445208148197466,1.6074795099821104,0.6930336626542946,0.4556002372500957,0.8275787350277942,,27,cube,pca99,10
1038,27,static,True,10,2.4413203070623943,2.4413203070623943,2.9268517516847314,1.971354822736512,1.1988806807602277,0.8074953610280722,2.0479960587520276,,27,cube,pca99,10
1039,27,transport_free,True,10,2.739986597022061,2.739986597022061,5.988844738682353,3.3302126936644925,2.1857204503085144,1.2154120378851179,3.7438243050365596,,27,cube,pca99,10
1040,27,transport_free,True,10,3.3139718120151054,3.3139718120151054,6.55210545043669,2.8769026998951235,1.97711562502778,0.8681132076816863,2.815285102683537,,27,cube,pca99,10
1041,27,transport_free,True,10,5.3189241653333585,5.3189241653333585,6.932646791662904,1.6654852115139867,1.303392674189106,0.3131244514386875,1.3924340623620186,,27,cube,pca99,10
1042,27,transport_free,True,10,6.549199235291157,6.549199235291157,5.516847795173357,2.5215063053615427,0.842369822167747,0.3850098637668708,1.893535032181882,,27,cube,pca99,10
1043,27,transport_free,True,10,4.439822703488078,4.439822703488078,4.764373534201393,1.4027736921677019,1.0730999529459446,0.3159526372676176,0.797020193914049,,27,cube,pca99,10
1044,27,transport_free,True,10,3.683170199143893,3.683170199143893,3.5648292639865056,1.6948699713760749,0.9678698162835662,0.4601660742612509,0.7115430999629323,,27,cube,pca99,10
1045,27,transport_free,True,10,3.2094022918010134,3.2094022918010134,3.604064409406245,1.0895693671133047,1.1229705975512843,0.3394929236190809,0.7808433599283623,,27,cube,pca99,10
1046,27,interaction,True,10,2.612196667297143,2.612196667297143,3.5033006851835777,2.2238297598203274,1.3411320552707335,0.8513255482104793,0.9114089885975342,,27,cube,pca99,10
1047,27,interaction,True,10,2.7994530474284627,2.7994530474284627,7.038876655336924,2.886779640478288,2.5143756784214455,1.0311941624204208,2.401379083705292,,27,cube,pca99,10
1048,27,interaction,True,10,5.5744051284062035,5.5744051284062035,15.01161243544059,4.841084535496789,2.6929532550377457,0.8684486369366051,4.430608675403072,,27,cube,pca99,10
1049,27,interaction,True,10,7.965553498971334,7.965553498971334,17.154097047539054,6.2287603520327055,2.1535348484891,0.7819620259705848,6.607935981960292,,27,cube,pca99,10
1050,27,interaction,True,10,9.237661066433159,9.237661066433159,19.97945946814831,6.550391843916,2.1628266424222433,0.7090963607355247,4.985342584986655,,27,cube,pca99,10
1051,27,interaction,True,10,13.822340902539022,13.822340902539022,12.938789161325925,9.247687888956637,0.9360779952221554,0.6690391992327387,8.402432826399929,,27,cube,pca99,10
1052,27,interaction,True,10,9.531768002140904,9.531768002140904,11.702694275066962,4.293586779527617,1.2277569358002054,0.45045019754606347,2.4325376468603044,,27,cube,pca99,10
1053,27,interaction,True,10,7.253304323530296,7.253304323530296,9.997317595222977,3.4458376818675713,1.3783121663309899,0.47507143340022284,2.1367167850703708,,27,cube,pca99,10
1054,27,interaction,True,10,6.516306560251025,6.516306560251025,5.217080196969564,2.0202878951777046,0.8006192079410992,0.31003573519719085,1.8599024137252764,,27,cube,pca99,10
1055,27,transport_free,True,10,2.3560054304408116,2.3560054304408116,3.1959543082860806,1.937981224090589,1.3565139820955818,0.8225707797829609,1.5201872710510378,,27,cube,pca99,10
1056,27,transport_free,True,10,2.6963268746362856,2.6963268746362856,5.194949763970692,3.1089808338427734,1.926676551288483,1.1530430019773295,3.5380380346579217,,27,cube,pca99,10
1057,27,transport_free,True,10,3.014980701654259,3.014980701654259,6.068430545594492,2.589164776390869,2.012759332842451,0.8587666166387886,2.49873986288099,,27,cube,pca99,10
1058,27,transport_free,True,10,4.455071061287795,4.455071061287795,9.063942891658979,3.620151007429267,2.034522629822863,0.8125910805074379,3.406958167371112,,27,cube,pca99,10
1059,27,transport_free,True,10,8.62978539648644,8.62978539648644,8.345570264750945,1.9044772229514912,0.9670657937970032,0.22068651020300997,1.2915901459720514,,27,cube,pca99,10
1060,27,transport_free,True,10,6.883942361751,6.883942361751,5.127689061349453,2.924911870796028,0.7448768150413702,0.42488907040355395,2.4917032989759798,,27,cube,pca99,10
1061,27,transport_free,True,10,3.6183934271499854,3.6183934271499854,4.176871490262868,1.3074243281952533,1.1543442067196008,0.36132730022811294,0.5762222623013233,,27,cube,pca99,10
1062,27,transport_free,True,10,3.1517771110824535,3.1517771110824535,3.6152368188570763,1.3660153615888893,1.1470471075333912,0.4334111561333542,0.8901779471652396,,27,cube,pca99,10
1063,27,transport_free,True,10,2.739772783505048,2.739772783505048,3.6347883242215895,1.9403042921442382,1.326675097331075,0.708198980523475,0.8265565949322066,,27,cube,pca99,10
1064,28,transport_free,True,10,9.396026991498358,9.396026991498358,8.953363552480623,1.8753101467772266,0.9528882325031354,0.19958543632048212,1.0125966503262682,,28,cube,pca99,10
1065,28,transport_free,True,10,8.253356221764273,8.253356221764273,8.737534080431477,1.6230259620840828,1.0586643597655965,0.1966504193535388,0.9274220478124952,,28,cube,pca99,10
1066,28,static,True,10,7.774576218619686,7.774576218619686,8.222679254423316,1.8440990040196201,1.0576369725118198,0.2371960801674442,0.4514886243285779,,28,cube,pca99,10
1067,28,interaction,True,10,8.07522133876643,8.07522133876643,8.255631864609114,1.8775677784753682,1.0223412484035075,0.23250976037793478,0.7261838683222013,,28,cube,pca99,10
1068,28,interaction,True,10,8.118750411786198,8.118750411786198,9.062200093560726,3.201574441996299,1.1162062674577233,0.3943432523000696,2.8260177255666443,,28,cube,pca99,10
1069,28,interaction,True,10,8.2525202647593,8.2525202647593,13.082038313588617,5.150845067088534,1.585217351050053,0.6241541858532799,5.012194586181586,,28,cube,pca99,10
1070,28,interaction,True,10,11.439655931701207,11.439655931701207,16.533960498624257,9.007691053398275,1.4453197366544808,0.7874092636332227,9.148761397372448,,28,cube,pca99,10
1071,28,interaction,True,10,13.043541261790686,13.043541261790686,13.686885320627285,10.835241687536243,1.0493228062781683,0.8306978503818313,10.471604911008225,,28,cube,pca99,10
1072,28,interaction,True,10,11.409870879033683,11.409870879033683,15.277776273471769,12.083523075530042,1.3389964212080254,1.0590411761568868,10.3943240907152,,28,cube,pca99,10
1073,28,interaction,True,10,11.712310772707564,11.712310772707564,13.097282663655662,6.721194392852789,1.1182492437082021,0.5738572450207479,2.0044553864029004,,28,cube,pca99,10
1074,28,interaction,True,10,11.86520615692326,11.86520615692326,13.394715091430566,4.253225715511775,1.1289070677979622,0.35846201568356645,1.763415961720352,,28,cube,pca99,10
1075,28,interaction,True,10,11.363657482685422,11.363657482685422,12.288599086587334,2.888792994709099,1.0813947098732277,0.2542133110849826,2.1773688744185815,,28,cube,pca99,10
1076,28,transport_free,True,10,11.18155922855551,11.18155922855551,11.570265203033564,4.181795929461598,1.0347631279799847,0.3739904108169557,3.6164483962775544,,28,cube,pca99,10
1077,28,transport_free,True,10,10.537407431514673,10.537407431514673,12.437030895712958,5.597441276268788,1.1802742730168143,0.5311971955766162,5.491813290202445,,28,cube,pca99,10
1078,28,transport_free,True,10,10.788967930006987,10.788967930006987,14.489660719865586,4.560520495067214,1.3430071174431792,0.4227022014203226,4.293600596786077,,28,cube,pca99,10
1079,28,static,True,10,14.259970057662004,14.259970057662004,14.841654916258637,2.9936151197297987,1.0407914502095388,0.20993137486437452,0.9298447870987961,,28,cube,pca99,10
1080,28,transport_free,True,10,14.350961837761965,14.350961837761965,12.330378382760962,2.424656710793316,0.8592022278475996,0.16895429994199201,1.5848057434463385,,28,cube,pca99,10
1081,28,transport_free,True,10,12.141632515958996,12.141632515958996,11.050649243294238,2.608901507928847,0.9101452567246813,0.21487238264703692,1.661560168795015,,28,cube,pca99,10
1082,28,transport_free,True,10,10.409247534495467,10.409247534495467,11.375633495847119,2.61194359718056,1.0928391757568567,0.2509253035365692,1.3812487168684098,,28,cube,pca99,10
1083,28,transport_free,True,10,10.113487489282193,10.113487489282193,11.97860391926444,2.150671275481404,1.1844187212332848,0.21265377326669815,1.0166485519719641,,28,cube,pca99,10
1084,28,interaction,True,10,10.811367515366419,10.811367515366419,12.611704405315859,2.1655439481996366,1.1665225872111538,0.20030250059686755,0.9809482550245131,,28,cube,pca99,10
1085,28,interaction,True,10,11.136624622930608,11.136624622930608,12.9548751747799,2.747805901722786,1.1632676518615404,0.2467359720525176,1.9031539590650686,,28,cube,pca99,10
1086,28,interaction,True,10,11.984989555863887,11.984989555863887,16.950666509287757,6.185413261535186,1.4143246792396509,0.516096675153868,5.415287150946297,,28,cube,pca99,10
1087,28,interaction,True,10,12.211843470395737,12.211843470395737,19.28447809221372,11.070161895975538,1.579161912692678,0.9065103006611661,9.271285694492029,,28,cube,pca99,10
1088,28,interaction,True,10,13.977233264656753,13.977233264656753,16.26306838039048,6.789664481409658,1.1635398846432474,0.4857659847874332,4.290667124433649,,28,cube,pca99,10
1089,28,interaction,True,10,14.932909158561447,14.932909158561447,15.503513607640313,11.352069170051358,1.0382112047304408,0.760204796634881,10.114562855265522,,28,cube,pca99,10
1090,28,interaction,True,10,11.834644371945608,11.834644371945608,13.475573311799671,7.7885501165027655,1.1386546894255596,0.6581144199791729,2.9163970344192847,,28,cube,pca99,10
1091,28,interaction,True,10,12.148069649403853,12.148069649403853,13.777985242868752,4.171679565534192,1.1341707481521466,0.3434026710357979,2.325693374947914,,28,cube,pca99,10
1092,28,interaction,True,10,11.88575382835105,11.88575382835105,12.323580516306098,2.0492826432287163,1.0368362574455061,0.17241503339405947,0.8900206816289098,,28,cube,pca99,10
1093,28,interaction,True,10,11.016797397935875,11.016797397935875,12.23890303603745,3.1481325978600374,1.1109311167264044,0.28575751047667236,2.5571377750083406,,28,cube,pca99,10
1094,28,transport_free,True,10,10.84917018331587,10.84917018331587,11.116502226798554,5.99561650831849,1.0246407825636097,0.5526336491189622,5.780679240283966,,28,cube,pca99,10
1095,28,transport_free,True,10,10.186418364554935,10.186418364554935,13.427960737734598,5.61129733328173,1.3182219949319047,0.5508606786470721,5.228113321371969,,28,cube,pca99,10
1096,28,transport_free,True,10,12.253349211073079,12.253349211073079,15.667866524768215,3.765145043068369,1.2786599202289537,0.3072747685723256,2.2639397694356544,,28,cube,pca99,10
1097,28,transport_free,True,10,15.10078000521263,15.10078000521263,13.15222402055312,2.313172999258397,0.8709632228277685,0.15318235206790073,1.7462501798816852,,28,cube,pca99,10
1098,28,transport_free,True,10,12.649321006777694,12.649321006777694,10.991843107900227,2.4648483463435937,0.8689670458999842,0.19486013083412868,1.595855704981398,,28,cube,pca99,10
1099,28,transport_free,True,10,10.579879119980124,10.579879119980124,10.262070551606065,2.3523833536589462,0.9699610397462977,0.2223450123561871,1.0113940578756992,,28,cube,pca99,10
1100,28,transport_free,True,10,9.965858681346734,9.965858681346734,11.402319729160283,2.504547227900479,1.1441382116427354,0.2513127376157041,1.0434464472288791,,28,cube,pca99,10
1101,28,interaction,True,10,10.149525408156098,10.149525408156098,12.190518707572078,2.538092776195949,1.2010924863320063,0.25007009432740107,1.6682644637496458,,28,cube,pca99,10
1102,29,transport_free,True,10,9.998453710597186,9.998453710597186,9.648053465216408,1.7784577724509547,0.9649545564221201,0.17787328160213398,0.6750179753356943,,29,cube,pca99,10
1103,29,transport_free,True,10,9.063148036354532,9.063148036354532,8.700846357102739,1.6849788032487965,0.9600247421979083,0.18591540119282274,0.8502192785779351,,29,cube,pca99,10
1104,29,transport_free,True,10,8.17241130221073,8.17241130221073,8.432100947616107,1.5597040531804223,1.0317763797981054,0.19084992121707148,0.6434652313314342,,29,cube,pca99,10
1105,29,interaction,True,10,8.193331245683975,8.193331245683975,8.750991128696702,1.7581226270834138,1.0680626556269757,0.21457970810218924,0.9161905971895479,,29,cube,pca99,10
1106,29,interaction,True,10,8.544347076827748,8.544347076827748,10.111868383654665,3.3258468122154277,1.1834571199803003,0.38924528490130245,2.8706146413305276,,29,cube,pca99,10
1107,29,interaction,True,10,9.191212642839506,9.191212642839506,12.259402394612108,3.489642446335556,1.3338177312395119,0.37967160394816807,2.768569276855425,,29,cube,pca99,10
1108,29,interaction,True,10,9.094651029956369,9.094651029956369,14.805509422148205,6.859758991430264,1.6279359563529328,0.7542630243684209,6.9778862606637695,,29,cube,pca99,10
1109,29,interaction,True,10,10.942019957412171,10.942019957412171,17.05847216569317,17.031046154908267,1.5589874842201954,1.5564809990472888,17.201263180016127,,29,cube,pca99,10
1110,29,interaction,True,10,11.45526348215816,11.45526348215816,17.94684421759952,15.90145353166395,1.5666897793797714,1.3881351185357576,16.563386497132054,,29,cube,pca99,10
1111,29,interaction,True,10,15.12461608190485,15.12461608190485,16.801693751402865,7.5996976898928015,1.110883982801023,0.5024721056546426,4.479607605353102,,29,cube,pca99,10
1112,29,interaction,True,10,15.506315728657587,15.506315728657587,16.624413672779,3.9356822009930417,1.0721059704759546,0.25381156103505714,1.9873613913406865,,29,cube,pca99,10
1113,29,interaction,True,10,15.371925152978651,15.371925152978651,15.349171251525707,3.828452524572164,0.998519775420027,0.2490548507406905,0.8713835868602812,,29,cube,pca99,10
1114,29,transport_free,True,10,14.786839682503423,14.786839682503423,13.708661530094371,4.331973081013351,0.9270852882996486,0.2929613882362688,3.3769576046268357,,29,cube,pca99,10
1115,29,transport_free,True,10,13.005634270963359,13.005634270963359,12.806367767662737,5.118069758876969,0.9846784478827374,0.3935271169591224,4.6498256383054075,,29,cube,pca99,10
1116,29,transport_free,True,10,11.965321856130316,11.965321856130316,13.856894996452304,4.670828004535393,1.1580879447344627,0.39036375792451744,4.200312477377056,,29,cube,pca99,10
1117,29,transport_free,True,10,12.353177275357776,12.353177275357776,14.09280640577284,3.678119768505552,1.1408244285367208,0.29774686192213046,3.282619353216028,,29,cube,pca99,10
1118,29,transport_free,True,10,13.211703558470433,13.211703558470433,13.34956573932551,3.215989886165752,1.0104348527231894,0.24341977337993487,2.912883404526413,,29,cube,pca99,10
1119,29,transport_free,True,10,12.171280974096417,12.171280974096417,12.428782719964545,3.141336968559923,1.021156503281467,0.25809419528194993,2.889968024539438,,29,cube,pca99,10
1120,29,transport_free,True,10,11.32134353513416,11.32134353513416,12.088766187531451,2.2239097116137083,1.0677854752853058,0.19643514082159283,1.8507682765699203,,29,cube,pca99,10
1121,29,transport_free,True,10,11.310435257781183,11.310435257781183,14.645195032025287,2.3651738405083162,1.2948392080622986,0.20911430785841417,1.3258089523721615,,29,cube,pca99,10
1122,29,transport_free,True,10,13.36116722899937,13.36116722899937,16.029207475041225,5.917798349177781,1.1996861651616098,0.44291028229432394,4.309893397605395,,29,cube,pca99,10
1123,29,interaction,True,10,14.051504257015578,14.051504257015578,16.420043988605297,3.398485923224061,1.1685612933865899,0.24185922454012557,2.626267075329094,,29,cube,pca99,10
1124,29,interaction,True,10,15.251398118498315,15.251398118498315,17.140583450782444,5.7555075750554545,1.1238696490384543,0.3773757350202956,3.300605991256759,,29,cube,pca99,10
1125,29,interaction,True,10,14.271844873845044,14.271844873845044,14.446538467894932,6.783608485725431,1.0122404353182142,0.4753140568502989,3.4318678564540384,,29,cube,pca99,10
1126,29,interaction,True,10,11.557088080521053,11.557088080521053,14.245166228230087,6.8512105628089675,1.2325913005923756,0.5928146013143546,4.267439588324446,,29,cube,pca99,10
1127,29,interaction,True,10,11.08385291277697,11.08385291277697,13.705623355037172,8.297250179384406,1.2365396277713088,0.7485889829717702,4.006867140142627,,29,cube,pca99,10
1128,29,interaction,True,10,10.998526212327619,10.998526212327619,14.803971375609391,8.617332536018283,1.3459959170726408,0.7834988406319029,4.340934413763161,,29,cube,pca99,10
1129,29,interaction,True,10,13.087397579905154,13.087397579905154,16.96602208012684,7.466496895761381,1.296363312609763,0.5705104357206737,2.6292394785198514,,29,cube,pca99,10
1130,29,interaction,True,10,15.467448346399614,15.467448346399614,16.988164867573886,7.594370972381743,1.09831721995233,0.49099055010902937,2.5947030387002337,,29,cube,pca99,10
1131,29,interaction,True,10,15.330241934643954,15.330241934643954,15.628466188830256,2.6823784899065166,1.0194533299251045,0.17497300442759223,0.7856137413257537,,29,cube,pca99,10
1132,29,transport_free,True,10,14.938067179714212,14.938067179714212,14.157165874925191,5.056763848729355,0.9477240733091976,0.33851527027515343,3.7491264259701023,,29,cube,pca99,10
1133,29,transport_free,True,10,13.219965750125045,13.219965750125045,12.793071078965784,6.601890675477902,0.9677083375836112,0.4993878804425387,6.35056887703342,,29,cube,pca99,10
1134,29,transport_free,True,10,11.130786559506308,11.130786559506308,11.357567973898043,4.18340434296506,1.0203742487720286,0.37584085550469937,3.043339563359649,,29,cube,pca99,10
1135,29,static,True,10,10.44337483144773,10.44337483144773,11.409887238626927,1.9358780025746252,1.0925478997717075,0.18536900511750193,0.9322084312562254,,29,cube,pca99,10
1136,29,transport_free,True,10,10.49081788975575,10.49081788975575,11.910335428091612,2.4488015936570324,1.1353104737164503,0.23342332498672763,1.4642675186978376,,29,cube,pca99,10
1137,29,transport_free,True,10,10.800229035942682,10.800229035942682,13.17569973249435,3.3820698097387343,1.2199463260127361,0.3131479710738871,1.012726982839115,,29,cube,pca99,10
1138,29,transport_free,True,10,11.740946896078942,11.740946896078942,14.257395748280224,3.540803746766806,1.2143309968501508,0.3015773581217123,1.3836674753446714,,29,cube,pca99,10
1139,29,transport_free,True,10,13.018222252747947,13.018222252747947,14.91227856253829,2.732523045762267,1.145492700386993,0.20989986134131897,1.0722650714132567,,29,cube,pca99,10
