row_id,episode_key,regime,valid_neighbors,n_neighbors,neighbor_radius,input_spread,successor_spread,residual_spread,local_expansion,model_sensitivity,residual_norm,action_neighbor_distance,episode_ordinal,dataset,scale,k
380,10,transport_free,True,10,0.8852004169636232,0.8852004169636232,20.393314323651175,2.098529627492786,23.038075821974253,2.370683053551955,1.5625918587992678,0.49495314536874113,10,cube,r3v2_augmented_kinematic_action_neighbors_targetnorm_latent_quat,10
381,10,transport_free,True,10,0.6957148695292112,0.6957148695292112,20.441362342695378,2.4776660075427994,29.381810333489067,3.5613239217086603,2.1991070289402885,0.33808242456468185,10,cube,r3v2_augmented_kinematic_action_neighbors_targetnorm_latent_quat,10
382,10,transport_free,True,10,0.4623015642532271,0.4623015642532271,20.850529198904287,1.841050144180398,45.10157613804513,3.982357591963407,1.549347363049636,0.3709211876867406,10,cube,r3v2_augmented_kinematic_action_neighbors_targetnorm_latent_quat,10
383,10,interaction,True,10,0.9870049738309539,0.9870049738309539,21.1337411751329,2.914335272148401,21.41199055269656,2.9527057607792204,2.6620619132029018,0.3636012658028386,10,cube,r3v2_augmented_kinematic_action_neighbors_targetnorm_latent_quat,10
384,10,interaction,True,10,1.4928281152431198,1.4928281152431198,20.209371580906392,5.403685483202146,13.537641322902822,3.619764009014601,3.9831172847626894,0.3858949660033725,10,cube,r3v2_augmented_kinematic_action_neighbors_targetnorm_latent_quat,10
385,10,interaction,True,10,0.880046253876356,0.880046253876356,19.948088267695123,10.649730385991678,22.66709071236814,12.101330286996408,7.77912460331496,0.5459115814507715,10,cube,r3v2_augmented_kinematic_action_neighbors_targetnorm_latent_quat,10
386,10,interaction,True,10,1.2457910462072228,1.2457910462072228,19.16292163270313,10.9980426717226,15.382131450570405,8.828159991361186,8.483073769596285,0.8319533964234413,10,cube,r3v2_augmented_kinematic_action_neighbors_targetnorm_latent_quat,10
387,10,interaction,True,10,1.8056504375096687,1.8056504375096687,19.583188856842803,5.383775203794931,10.845503897117373,2.9816265053052953,3.573463592290573,0.9230231899598431,10,cube,r3v2_augmented_kinematic_action_neighbors_targetnorm_latent_quat,10
388,10,interaction,True,10,1.7668848099787513,1.7668848099787513,20.290788062942553,8.020597071242275,11.483933728077368,4.539400093285499,7.501286792263894,0.8064156142810284,10,cube,r3v2_augmented_kinematic_action_neighbors_targetnorm_latent_quat,10
389,10,interaction,True,10,1.3182466008875402,1.3182466008875402,21.104823604152557,4.481226618598671,16.009769029514846,3.3993841634650006,4.114076834723444,0.4596487148598747,10,cube,r3v2_augmented_kinematic_action_neighbors_targetnorm_latent_quat,10
390,10,interaction,True,10,0.8765207949352571,0.8765207949352571,21.59654759433307,2.8790481269100905,24.638944927630913,3.2846318576192446,1.9775376506387783,0.35438920178629413,10,cube,r3v2_augmented_kinematic_action_neighbors_targetnorm_latent_quat,10
391,10,interaction,True,10,0.7821426897156338,0.7821426897156338,20.67533584790022,3.2392923501615716,26.434225007481974,4.141561882192227,3.037458833636504,0.4190840936495107,10,cube,r3v2_augmented_kinematic_action_neighbors_targetnorm_latent_quat,10
392,10,static,True,10,0.9674907294325537,0.9674907294325537,20.753048487922115,4.564756932714576,21.45038485288025,4.7181402300277,3.5505378945624435,0.4493623126658892,10,cube,r3v2_augmented_kinematic_action_neighbors_targetnorm_latent_quat,10
393,10,transport_free,True,10,0.8093445405904138,0.8093445405904138,20.71368128926202,8.05692336043351,25.593156252282206,9.954874539038732,5.806490459931153,0.4263983274858608,10,cube,r3v2_augmented_kinematic_action_neighbors_targetnorm_latent_quat,10
394,10,transport_free,True,10,1.2575485855629485,1.2575485855629485,21.55726609893814,5.989143964195049,17.142292827825745,4.762554729854812,4.891397698325314,1.1157055344555014,10,cube,r3v2_augmented_kinematic_action_neighbors_targetnorm_latent_quat,10
395,10,transport_free,True,10,1.6443499533128183,1.6443499533128183,21.577060595791856,2.948388035815694,13.121939494887481,1.7930417000807357,2.187410833899006,1.4579332914717815,10,cube,r3v2_augmented_kinematic_action_neighbors_targetnorm_latent_quat,10
396,10,transport_free,True,10,1.438582593275942,1.438582593275942,21.44701064216602,3.391245818622812,14.908431912363726,2.3573521843471377,2.242925653690135,0.8584726321516056,10,cube,r3v2_augmented_kinematic_action_neighbors_targetnorm_latent_quat,10
397,10,transport_free,True,10,1.076193362512718,1.076193362512718,21.136097016303133,2.9810783074254523,19.639683492336495,2.770021086605822,2.337214520164083,0.7870269475999105,10,cube,r3v2_augmented_kinematic_action_neighbors_targetnorm_latent_quat,10
398,10,transport_free,True,10,0.6458155265719723,0.6458155265719723,20.26381494289126,2.3684261746859776,31.37709471070293,3.66734164360793,2.209439327701281,0.41032238424088974,10,cube,r3v2_augmented_kinematic_action_neighbors_targetnorm_latent_quat,10
399,10,transport_free,True,10,0.6033771925121054,0.6033771925121054,21.65163002099103,3.303552185480024,35.884071008462314,5.475102848561425,3.1432026706542646,0.4406397275030066,10,cube,r3v2_augmented_kinematic_action_neighbors_targetnorm_latent_quat,10
400,10,interaction,True,10,1.1220803640225,1.1220803640225,22.210656421945686,1.6449419283666997,19.7941761874556,1.4659751485801022,1.075310925386887,0.39212482045592667,10,cube,r3v2_augmented_kinematic_action_neighbors_targetnorm_latent_quat,10
401,10,interaction,True,10,0.9738678353376932,0.9738678353376932,21.25777903992391,1.9480608608569043,21.8281970803078,2.000333916132886,1.7177448775654838,0.5257709849584662,10,cube,r3v2_augmented_kinematic_action_neighbors_targetnorm_latent_quat,10
402,10,interaction,True,10,0.8525034152698998,0.8525034152698998,20.2924050268252,8.162411952129997,23.80331229570581,9.574638418950855,6.059805338042152,0.44465827561561966,10,cube,r3v2_augmented_kinematic_action_neighbors_targetnorm_latent_quat,10
403,10,interaction,True,10,0.9643426566189197,0.9643426566189197,18.778488805530692,13.8221981782512,19.472838494327238,14.333285044875218,11.471554186632872,0.568496025745332,10,cube,r3v2_augmented_kinematic_action_neighbors_targetnorm_latent_quat,10
404,10,interaction,True,10,1.2159973437600935,1.2159973437600935,19.571914311755954,10.210513856004997,16.095359428365114,8.39682249998356,8.155035962111453,0.7508919153525484,10,cube,r3v2_augmented_kinematic_action_neighbors_targetnorm_latent_quat,10
405,10,interaction,True,10,1.4832988897267418,1.4832988897267418,18.76778454176729,17.397506766062477,12.652732818552,11.728928597302128,15.003530200478165,0.6657559429976388,10,cube,r3v2_augmented_kinematic_action_neighbors_targetnorm_latent_quat,10
406,10,interaction,True,10,1.4733725385522836,1.4733725385522836,19.71158883882495,6.501638634567536,13.378550450107682,4.412759478302725,5.550537571404117,0.3980018804626009,10,cube,r3v2_augmented_kinematic_action_neighbors_targetnorm_latent_quat,10
407,10,interaction,True,10,0.9528594741106169,0.9528594741106169,21.133796838752197,4.764477470118116,22.179342718377367,5.000189009575835,3.9933162718909725,0.36952063367648313,10,cube,r3v2_augmented_kinematic_action_neighbors_targetnorm_latent_quat,10
408,10,interaction,True,10,0.8304981439480481,0.8304981439480481,21.49423579788887,3.5867804950570434,25.88113646553007,4.318830236038932,2.8751888539464856,0.37843591196729787,10,cube,r3v2_augmented_kinematic_action_neighbors_targetnorm_latent_quat,10
409,10,interaction,True,10,0.818557220666202,0.818557220666202,21.685933023011707,2.200533026941663,26.492873650741366,2.688306903151753,1.8464671940687039,0.4447710526398005,10,cube,r3v2_augmented_kinematic_action_neighbors_targetnorm_latent_quat,10
410,10,transport_free,True,10,0.7485523027395439,0.7485523027395439,21.017061653983642,6.644367901020065,28.076944759992884,8.876290777148206,5.053135195414144,0.39736884733203826,10,cube,r3v2_augmented_kinematic_action_neighbors_targetnorm_latent_quat,10
411,10,transport_free,True,10,1.304086667888683,1.304086667888683,21.346283831610716,7.767659809953756,16.36876164539766,5.956398452051964,6.884187163513316,1.0969631090874579,10,cube,r3v2_augmented_kinematic_action_neighbors_targetnorm_latent_quat,10
412,10,transport_free,True,10,2.145397027407772,2.145397027407772,21.472474677689924,4.823640074458945,10.00862516512133,2.248367091422339,5.465683770336117,1.6690934736171044,10,cube,r3v2_augmented_kinematic_action_neighbors_targetnorm_latent_quat,10
413,10,static,True,10,2.0328908282380054,2.0328908282380054,21.794770703841536,2.5487380146739325,10.721072868793456,1.25375056017299,1.607013510256857,1.6317695499840776,10,cube,r3v2_augmented_kinematic_action_neighbors_targetnorm_latent_quat,10
414,10,transport_free,True,10,1.9840908722217232,1.9840908722217232,21.483774581821834,4.29185596069037,10.828019463526372,2.163134774106633,4.592261245332145,1.4688227642011866,10,cube,r3v2_augmented_kinematic_action_neighbors_targetnorm_latent_quat,10
415,10,transport_free,True,10,1.0749804425538407,1.0749804425538407,20.37633407394801,2.3673069366741823,18.95507422027118,2.2021860519156515,1.9831609116456277,0.6097168213370847,10,cube,r3v2_augmented_kinematic_action_neighbors_targetnorm_latent_quat,10
416,10,transport_free,True,10,0.5955676379220257,0.5955676379220257,20.469464556975662,2.18712865694012,34.369672315297315,3.672343018118235,1.9486679859776619,0.41612099575294437,10,cube,r3v2_augmented_kinematic_action_neighbors_targetnorm_latent_quat,10
417,10,transport_free,True,10,0.6208849999265023,0.6208849999265023,21.107479231551405,1.9743483183049317,33.9957950893483,3.1798937299800234,1.6829565519542045,0.3935200461530456,10,cube,r3v2_augmented_kinematic_action_neighbors_targetnorm_latent_quat,10
418,11,transport_free,True,10,0.8606946963996491,0.8606946963996491,19.827658957453885,1.9917331952924788,23.03680856916451,2.314099533346783,1.4506504525977053,0.5242784355583496,11,cube,r3v2_augmented_kinematic_action_neighbors_targetnorm_latent_quat,10
419,11,transport_free,True,10,0.5705342445273486,0.5705342445273486,21.015070287922676,2.1055799239075927,36.83402090146636,3.6905408292396755,1.852169620158122,0.34281928563255915,11,cube,r3v2_augmented_kinematic_action_neighbors_targetnorm_latent_quat,10
420,11,transport_free,True,10,0.5429465547411823,0.5429465547411823,20.984018280102216,1.460577256257476,38.648404887853296,2.690093976107317,1.3092285527390064,0.332479509654526,11,cube,r3v2_augmented_kinematic_action_neighbors_targetnorm_latent_quat,10
421,11,interaction,True,10,0.9909876425271891,0.9909876425271891,20.90510820981384,2.2456910618732078,21.095225926836196,2.2661140921458003,1.8751856548338675,0.44282672547033564,11,cube,r3v2_augmented_kinematic_action_neighbors_targetnorm_latent_quat,10
422,11,interaction,True,10,0.7167869495436949,0.7167869495436949,20.020920659603426,5.284267411976884,27.931480438293,7.3721590708938525,3.586852080061976,0.39831179066470135,11,cube,r3v2_augmented_kinematic_action_neighbors_targetnorm_latent_quat,10
423,11,interaction,True,10,0.7214920203385913,0.7214920203385913,18.808484582411314,6.895641522940135,26.06887401690821,9.557474412127327,5.054721810734369,0.3653137886650989,11,cube,r3v2_augmented_kinematic_action_neighbors_targetnorm_latent_quat,10
424,11,interaction,True,10,0.8697894527718478,0.8697894527718478,19.86594184528746,6.720556148075495,22.839943370178393,7.726647094487528,4.25352558916792,0.45018183449432914,11,cube,r3v2_augmented_kinematic_action_neighbors_targetnorm_latent_quat,10
425,11,interaction,True,10,1.3204711548955492,1.3204711548955492,20.655884943404327,7.2957565077652955,15.642814208265102,5.5251161532130535,4.770602444797982,0.843946713557135,11,cube,r3v2_augmented_kinematic_action_neighbors_targetnorm_latent_quat,10
426,11,interaction,True,10,1.427964899924052,1.427964899924052,19.12456266803577,7.776596886456606,13.392880083434077,5.445929999308957,7.495706540526219,0.5899280931211177,11,cube,r3v2_augmented_kinematic_action_neighbors_targetnorm_latent_quat,10
427,11,interaction,True,10,0.795715928408613,0.795715928408613,21.43826570188841,3.682245078751647,26.9421095349489,4.627587493586976,2.907174319454457,0.35262633967465573,11,cube,r3v2_augmented_kinematic_action_neighbors_targetnorm_latent_quat,10
428,11,interaction,True,10,0.6275248142424514,0.6275248142424514,21.77068887973198,3.529030113344139,34.69295298866162,5.623729983657121,2.9240704697548536,0.35382419984705527,11,cube,r3v2_augmented_kinematic_action_neighbors_targetnorm_latent_quat,10
429,11,interaction,True,10,0.6574824744249023,0.6574824744249023,21.857066172026478,2.4931396673961315,33.24357229619661,3.79194847676643,1.885000772751054,0.42353476900079723,11,cube,r3v2_augmented_kinematic_action_neighbors_targetnorm_latent_quat,10
430,11,transport_free,True,10,0.8592653768423151,0.8592653768423151,20.80322628797434,4.609416878100454,24.210478914469245,5.364369381481938,3.7761829088357324,0.42828917936357747,11,cube,r3v2_augmented_kinematic_action_neighbors_targetnorm_latent_quat,10
431,11,transport_free,True,10,0.64293974835842,0.64293974835842,20.493706805464768,8.495874865330494,31.875003618597443,13.214107367016128,5.503597235282547,0.35848592576757904,11,cube,r3v2_augmented_kinematic_action_neighbors_targetnorm_latent_quat,10
432,11,transport_free,True,10,1.1806407083807102,1.1806407083807102,21.21178736187115,4.932520717677202,17.966335745752705,4.177833851284296,3.0106585576742475,0.9937384304046337,11,cube,r3v2_augmented_kinematic_action_neighbors_targetnorm_latent_quat,10
433,11,static,True,10,1.3520575649891846,1.3520575649891846,21.051236930423805,2.0598759649454337,15.569778591928664,1.5235120295798286,1.4653066093511102,1.0917672661084548,11,cube,r3v2_augmented_kinematic_action_neighbors_targetnorm_latent_quat,10
434,11,transport_free,True,10,0.9586652242094722,0.9586652242094722,21.18765906941602,2.0662865320769175,22.101207527255035,2.1553786242541593,1.6781359989831752,0.6998193820853785,11,cube,r3v2_augmented_kinematic_action_neighbors_targetnorm_latent_quat,10
435,11,transport_free,True,10,0.784841509444905,0.784841509444905,20.61383485129407,1.786687513893236,26.26496509578554,2.2764946710793965,1.4416230482241361,0.44671115104078646,11,cube,r3v2_augmented_kinematic_action_neighbors_targetnorm_latent_quat,10
436,11,transport_free,True,10,1.046357460449652,1.046357460449652,20.98502524304564,2.0612283042190915,20.05531191417867,1.9699083555378087,1.6766291321048792,0.8221058481440444,11,cube,r3v2_augmented_kinematic_action_neighbors_targetnorm_latent_quat,10
437,11,transport_free,True,10,0.6330402962993706,0.6330402962993706,21.305215921881498,1.7715061993632761,33.65538662613993,2.7984098480288755,1.380174573083152,0.42804582874629726,11,cube,r3v2_augmented_kinematic_action_neighbors_targetnorm_latent_quat,10
438,11,interaction,True,10,1.0534366115375196,1.0534366115375196,21.484260963788046,2.043092863460866,20.39445062805552,1.9394549620588144,1.4367286660133947,0.392395350443848,11,cube,r3v2_augmented_kinematic_action_neighbors_targetnorm_latent_quat,10
439,11,interaction,True,10,0.8169988084155149,0.8169988084155149,20.69716301941137,3.8386057314464193,25.33316181886653,4.698422680555679,2.621577335196398,0.3910531340986356,11,cube,r3v2_augmented_kinematic_action_neighbors_targetnorm_latent_quat,10
440,11,interaction,True,10,0.7627117759455484,0.7627117759455484,19.565594653435753,6.289732655476065,25.652671520876822,8.246539326967337,4.404340216201018,0.3794027354691605,11,cube,r3v2_augmented_kinematic_action_neighbors_targetnorm_latent_quat,10
441,11,interaction,True,10,0.9471020525129086,0.9471020525129086,19.440932760028517,9.598936947858997,20.526756022169582,10.135060865289558,7.619652554297251,0.5812034359474774,11,cube,r3v2_augmented_kinematic_action_neighbors_targetnorm_latent_quat,10
442,11,interaction,True,10,1.1934000668866158,1.1934000668866158,19.906054145999526,5.904774409664109,16.68011817523284,4.947858286172794,2.5227913463964247,0.777452155269372,11,cube,r3v2_augmented_kinematic_action_neighbors_targetnorm_latent_quat,10
443,11,interaction,True,10,1.0899315483731922,1.0899315483731922,19.542622479822022,7.769924032407861,17.930137455871343,7.128818359286029,7.389411538278466,0.6171852145046273,11,cube,r3v2_augmented_kinematic_action_neighbors_targetnorm_latent_quat,10
444,11,interaction,True,10,0.8787996593976533,0.8787996593976533,19.921969716054658,5.266610659256569,22.669523711137497,5.99295937696017,4.757256283453097,0.40885175839372534,11,cube,r3v2_augmented_kinematic_action_neighbors_targetnorm_latent_quat,10
445,11,interaction,True,10,0.6430431971714945,0.6430431971714945,21.118326195499435,3.368238029308439,32.84122480167898,5.237965418379439,2.5717809520692048,0.3520648110392819,11,cube,r3v2_augmented_kinematic_action_neighbors_targetnorm_latent_quat,10
446,11,interaction,True,10,0.6517631063089884,0.6517631063089884,22.143462906935312,3.270344111663551,33.97471058516393,5.0176882981055755,2.2822507476739937,0.4852194630170865,11,cube,r3v2_augmented_kinematic_action_neighbors_targetnorm_latent_quat,10
447,11,transport_free,True,10,0.7976146498353873,0.7976146498353873,20.80598076089142,3.123066937507546,26.085254032364354,3.915508495427069,2.5071895288915083,0.38620372683610227,11,cube,r3v2_augmented_kinematic_action_neighbors_targetnorm_latent_quat,10
448,11,transport_free,True,10,0.9104460720027754,0.9104460720027754,20.60864667644882,7.291634008866685,22.63576867448553,8.008858770543917,5.792863369716744,0.46867168669670956,11,cube,r3v2_augmented_kinematic_action_neighbors_targetnorm_latent_quat,10
449,11,transport_free,True,10,1.2102709180396791,1.2102709180396791,21.16475105688924,6.428949380411325,17.48761433611127,5.311991955342142,3.859432066853582,0.9263561301161437,11,cube,r3v2_augmented_kinematic_action_neighbors_targetnorm_latent_quat,10
450,11,transport_free,True,10,1.5962774133243665,1.5962774133243665,20.852094432530226,3.91658642173081,13.062951501082878,2.453575042181564,2.6103925800352243,1.3323953875950887,11,cube,r3v2_augmented_kinematic_action_neighbors_targetnorm_latent_quat,10
451,11,transport_free,True,10,1.7993599427934535,1.7993599427934535,20.74198076415086,2.9799859501067765,11.527421651917816,1.6561366512808082,2.180639195614119,1.4960424203148475,11,cube,r3v2_augmented_kinematic_action_neighbors_targetnorm_latent_quat,10
452,11,transport_free,True,10,1.2896236279087803,1.2896236279087803,20.93105012265395,3.38170542189508,16.230355639959225,2.6222421400410942,2.9199829491467475,0.992656319055606,11,cube,r3v2_augmented_kinematic_action_neighbors_targetnorm_latent_quat,10
453,11,transport_free,True,10,0.7812482814090469,0.7812482814090469,20.612911343115833,1.9360724419134758,26.384584559902923,2.4781781771367313,1.5778292226461497,0.47996820190458217,11,cube,r3v2_augmented_kinematic_action_neighbors_targetnorm_latent_quat,10
454,11,transport_free,True,10,0.6130379333617488,0.6130379333617488,20.82691145191575,1.9277382837181616,33.973283411201166,3.1445660681173844,1.5815727296540634,0.35400897920844926,11,cube,r3v2_augmented_kinematic_action_neighbors_targetnorm_latent_quat,10
455,11,transport_free,True,10,0.5152761000261892,0.5152761000261892,21.76175080028065,1.3785880043440293,42.23318488704327,2.675435566046944,1.029584146698741,0.3395132595766435,11,cube,r3v2_augmented_kinematic_action_neighbors_targetnorm_latent_quat,10
456,12,transport_free,True,10,1.1115825446702803,1.1115825446702803,20.79422858986144,2.3094808361502137,18.706868589799118,2.0776512254744484,1.8064464379292198,0.7970009614727339,12,cube,r3v2_augmented_kinematic_action_neighbors_targetnorm_latent_quat,10
457,12,transport_free,True,10,0.7813110454479243,0.7813110454479243,20.424398518481844,2.483371879829476,26.141187479018132,3.1784676465257995,2.0775983358630854,0.45078379251151635,12,cube,r3v2_augmented_kinematic_action_neighbors_targetnorm_latent_quat,10
458,12,transport_free,True,10,0.6293087185175326,0.6293087185175326,20.327891387024366,1.8551408252616473,32.30193828382187,2.947902628191481,1.217959676359565,0.4284342903686814,12,cube,r3v2_augmented_kinematic_action_neighbors_targetnorm_latent_quat,10
459,12,interaction,True,10,0.9555078584150141,0.9555078584150141,20.63160335740436,1.5170769653174276,21.59229060829268,1.5877179365473124,0.7066298294146491,0.4788699094707495,12,cube,r3v2_augmented_kinematic_action_neighbors_targetnorm_latent_quat,10
460,12,interaction,True,10,0.753418219177691,0.753418219177691,20.44985704264117,5.120301035262553,27.142769476640627,6.796093995246149,3.310273174258493,0.37807938778220834,12,cube,r3v2_augmented_kinematic_action_neighbors_targetnorm_latent_quat,10
461,12,interaction,True,10,0.8759748514231599,0.8759748514231599,19.970152361152575,6.650439973679394,22.79763206524468,7.592044409579454,4.69916539456237,0.5207047615286369,12,cube,r3v2_augmented_kinematic_action_neighbors_targetnorm_latent_quat,10
462,12,interaction,True,10,1.0597871231192624,1.0597871231192624,20.35450926083538,9.935927232549723,19.20622436034713,9.375399092702121,8.010649557701452,0.675600053134555,12,cube,r3v2_augmented_kinematic_action_neighbors_targetnorm_latent_quat,10
463,12,interaction,True,10,1.6305047053468373,1.6305047053468373,20.23959250544476,18.202809072688936,12.413084389805205,11.163910789706598,13.400666054658245,1.1597224297447786,12,cube,r3v2_augmented_kinematic_action_neighbors_targetnorm_latent_quat,10
464,12,interaction,True,10,1.9951575682106675,1.9951575682106675,19.130873824669088,22.570311894648576,9.588653111656928,11.312546063662772,19.26691495776957,1.225866317573296,12,cube,r3v2_augmented_kinematic_action_neighbors_targetnorm_latent_quat,10
465,12,interaction,True,10,1.8048936794454553,1.8048936794454553,20.73388002939759,15.645056221467591,11.487590801341812,8.668131757364488,14.994032413373843,0.7878459555957713,12,cube,r3v2_augmented_kinematic_action_neighbors_targetnorm_latent_quat,10
466,12,interaction,True,10,0.8975275818506654,0.8975275818506654,21.729143106382004,4.3758717089700205,24.21000038971214,4.875473241665901,3.72078015358532,0.46630167722873805,12,cube,r3v2_augmented_kinematic_action_neighbors_targetnorm_latent_quat,10
467,12,interaction,True,10,0.8804303679991117,0.8804303679991117,21.770124760550637,2.3576846487185072,24.7266854391063,2.6778774726690098,1.6115200610015579,0.46235807506771903,12,cube,r3v2_augmented_kinematic_action_neighbors_targetnorm_latent_quat,10
468,12,static,True,10,0.8887635275776009,0.8887635275776009,21.19580304642061,5.706736985734221,23.848641836362862,6.420984669891223,3.227769181382064,0.4971089367213053,12,cube,r3v2_augmented_kinematic_action_neighbors_targetnorm_latent_quat,10
469,12,transport_free,True,10,0.9167099612986606,0.9167099612986606,20.551243924633532,8.58287118854224,22.418479990682698,9.362690001080914,5.731563304757352,0.38287930375926627,12,cube,r3v2_augmented_kinematic_action_neighbors_targetnorm_latent_quat,10
470,12,transport_free,True,10,1.004664410285946,1.004664410285946,20.93465514190475,7.931105848257525,20.83746067599464,7.894283670305575,5.564855424904247,0.8332385499513222,12,cube,r3v2_augmented_kinematic_action_neighbors_targetnorm_latent_quat,10
471,12,transport_free,True,10,1.5323174890873241,1.5323174890873241,21.611183034716536,5.64097759018503,14.103593536342489,3.6813373405696086,5.908811712723186,1.3250686546070574,12,cube,r3v2_augmented_kinematic_action_neighbors_targetnorm_latent_quat,10
472,12,transport_free,True,10,1.3960679631567672,1.3960679631567672,21.053756038544286,4.555512425852917,15.08075293908891,3.2631021884866285,4.428280071439211,0.9279077185227134,12,cube,r3v2_augmented_kinematic_action_neighbors_targetnorm_latent_quat,10
473,12,transport_free,True,10,1.3746413689236086,1.3746413689236086,19.97493860968234,4.734045933031554,14.53101809770457,3.4438407282464336,4.552689083638702,1.015388996314096,12,cube,r3v2_augmented_kinematic_action_neighbors_targetnorm_latent_quat,10
474,12,transport_free,True,10,0.6721257365629101,0.6721257365629101,20.384646341259838,1.7996906218812851,30.328620423764807,2.6776100422585687,1.1820620409288554,0.33421616492533723,12,cube,r3v2_augmented_kinematic_action_neighbors_targetnorm_latent_quat,10
475,12,transport_free,True,10,0.6102704075977328,0.6102704075977328,20.942107926065063,2.333902969258842,34.31611244022389,3.824375129782244,1.8108948453648892,0.39846908918697777,12,cube,r3v2_augmented_kinematic_action_neighbors_targetnorm_latent_quat,10
476,12,transport_free,True,10,0.5862655856469781,0.5862655856469781,21.15484311740435,1.6787110222641384,36.08406093640778,2.8633968347495333,1.2014936503028495,0.3477474305443673,12,cube,r3v2_augmented_kinematic_action_neighbors_targetnorm_latent_quat,10
477,12,interaction,True,10,1.8290523900896756,1.8290523900896756,21.042205026093242,1.9032021464076556,11.504429911415263,1.0405399849232009,1.691287999077965,0.4191480911709552,12,cube,r3v2_augmented_kinematic_action_neighbors_targetnorm_latent_quat,10
478,12,interaction,True,10,0.6361656170122669,0.6361656170122669,20.491836694039698,6.132856628048443,32.21148101382625,9.640345947728555,4.254087809836722,0.37986193895133,12,cube,r3v2_augmented_kinematic_action_neighbors_targetnorm_latent_quat,10
479,12,interaction,True,10,0.8333749383576761,0.8333749383576761,18.925315519256714,9.524611450788068,22.709244840686775,11.42896313819819,8.283890963664385,0.5805856004379344,12,cube,r3v2_augmented_kinematic_action_neighbors_targetnorm_latent_quat,10
480,12,interaction,True,10,1.1621805894596122,1.1621805894596122,18.558909052676096,8.856174191708337,15.969040630170541,7.620308127694904,7.63027937534635,0.7041502426609767,12,cube,r3v2_augmented_kinematic_action_neighbors_targetnorm_latent_quat,10
481,12,interaction,True,10,1.1322775162302912,1.1322775162302912,19.60908480649772,7.498124346029118,17.31826740831395,6.622161297517183,6.939682244199463,0.5964508271284945,12,cube,r3v2_augmented_kinematic_action_neighbors_targetnorm_latent_quat,10
482,12,interaction,True,10,0.8878412696355935,0.8878412696355935,21.059254343786286,7.079852617115208,23.719616404438902,7.974232398569476,6.574448166746793,0.4456696734753727,12,cube,r3v2_augmented_kinematic_action_neighbors_targetnorm_latent_quat,10
483,12,interaction,True,10,0.6361139249981075,0.6361139249981075,21.68128444958893,3.6868659522917944,34.083964518861045,5.795920836511735,2.913288455456116,0.3182697213344924,12,cube,r3v2_augmented_kinematic_action_neighbors_targetnorm_latent_quat,10
484,12,interaction,True,10,0.5867108880352174,0.5867108880352174,22.079592983297538,3.2786524078287353,37.63283319530318,5.5881908358788355,2.34708341153418,0.347839783051073,12,cube,r3v2_augmented_kinematic_action_neighbors_targetnorm_latent_quat,10
485,12,interaction,True,10,0.7048675314469512,0.7048675314469512,21.78069937362438,2.857079966175516,30.900415187110386,4.053357317098301,2.1542195198014373,0.42765048325992205,12,cube,r3v2_augmented_kinematic_action_neighbors_targetnorm_latent_quat,10
486,12,transport_free,True,10,0.6973384402808117,0.6973384402808117,20.645339422896548,6.715569437765786,29.60591045946479,9.630287174562596,4.6850027486,0.41859714401810155,12,cube,r3v2_augmented_kinematic_action_neighbors_targetnorm_latent_quat,10
487,12,transport_free,True,10,0.9544157983048764,0.9544157983048764,20.374458487514072,7.703814691311404,21.34757044435019,8.071759399827657,5.191464613526456,0.7818953484189637,12,cube,r3v2_augmented_kinematic_action_neighbors_targetnorm_latent_quat,10
488,12,transport_free,True,10,1.259191258011374,1.259191258011374,21.4011202638886,5.793873677803946,16.995925065178056,4.601265805286913,3.8134096748846904,0.9768482547027897,12,cube,r3v2_augmented_kinematic_action_neighbors_targetnorm_latent_quat,10
489,12,transport_free,True,10,1.4692262667255205,1.4692262667255205,21.017022102629312,2.802416408036957,14.304823279174121,1.907409683249627,1.9194060854698607,1.2816009176857048,12,cube,r3v2_augmented_kinematic_action_neighbors_targetnorm_latent_quat,10
490,12,transport_free,True,10,1.2426440426572016,1.2426440426572016,20.823894049736108,3.7384478295881713,16.75773056072231,3.008462360302376,3.446370001565383,0.9900568535230678,12,cube,r3v2_augmented_kinematic_action_neighbors_targetnorm_latent_quat,10
491,12,transport_free,True,10,0.8459084371178391,0.8459084371178391,20.149856736237826,2.264452592350946,23.82037564832901,2.6769476375792394,1.8046166592633486,0.519326649291461,12,cube,r3v2_augmented_kinematic_action_neighbors_targetnorm_latent_quat,10
492,12,transport_free,True,10,0.6116406725217132,0.6116406725217132,20.51094276620954,2.097260651471759,33.53430157227061,3.4289097270543376,1.6256472379793925,0.4053122714470274,12,cube,r3v2_augmented_kinematic_action_neighbors_targetnorm_latent_quat,10
493,12,transport_free,True,10,0.537645797533514,0.537645797533514,20.936564945899914,1.6244591755481421,38.94118589217623,3.0214300623206896,1.1439335407063562,0.4383005964314385,12,cube,r3v2_augmented_kinematic_action_neighbors_targetnorm_latent_quat,10
494,13,transport_free,True,10,0.6368411654189063,0.6368411654189063,20.633489136827254,2.1855834988673974,32.39974150109281,3.4319130382059195,1.4727581722282346,0.35041766731074087,13,cube,r3v2_augmented_kinematic_action_neighbors_targetnorm_latent_quat,10
495,13,transport_free,True,10,0.5432817645108178,0.5432817645108178,20.500323447876823,1.780803782245822,37.734238082398626,3.2778640819083904,1.3601965511490746,0.34863765645927414,13,cube,r3v2_augmented_kinematic_action_neighbors_targetnorm_latent_quat,10
496,13,transport_free,True,10,0.5815068627383018,0.5815068627383018,21.22349615778726,1.3783273242798015,36.49741304487161,2.3702683710202344,0.8333491856296287,0.3504549187841222,13,cube,r3v2_augmented_kinematic_action_neighbors_targetnorm_latent_quat,10
497,13,interaction,True,10,1.1180313291877586,1.1180313291877586,21.280339669144848,3.1018585871816855,19.033759711013513,2.774393262696102,2.9604536488672206,0.4318246586898585,13,cube,r3v2_augmented_kinematic_action_neighbors_targetnorm_latent_quat,10
498,13,interaction,True,10,1.0375919854065194,1.0375919854065194,20.524906877758475,6.0390981525574645,19.781288952147214,5.82030146483003,5.336216642793404,0.3903068536425887,13,cube,r3v2_augmented_kinematic_action_neighbors_targetnorm_latent_quat,10
499,13,interaction,True,10,0.8410452798512773,0.8410452798512773,19.649786954611105,7.519224030969053,23.363530389333846,8.940332002456138,5.987226285116324,0.5410264036060899,13,cube,r3v2_augmented_kinematic_action_neighbors_targetnorm_latent_quat,10
500,13,interaction,True,10,1.4828310592175908,1.4828310592175908,19.256389488050182,18.443602486619355,12.986232901144335,12.438101004136668,16.709499619302733,1.088465157303137,13,cube,r3v2_augmented_kinematic_action_neighbors_targetnorm_latent_quat,10
501,13,interaction,True,10,1.7869413004402608,1.7869413004402608,19.61705591129835,10.442624865081942,10.978008010931957,5.84385444698666,9.133873386958324,1.0579658975174449,13,cube,r3v2_augmented_kinematic_action_neighbors_targetnorm_latent_quat,10
502,13,interaction,True,10,1.2093957153083905,1.2093957153083905,19.666278264144566,6.46100681985658,16.2612435410603,5.342343071067564,5.245642726289996,0.43885537391522333,13,cube,r3v2_augmented_kinematic_action_neighbors_targetnorm_latent_quat,10
503,13,interaction,True,10,0.7973572842556492,0.7973572842556492,20.050641355956564,4.44532656324316,25.146370080100645,5.575074876744836,3.223889148365179,0.4185728625999272,13,cube,r3v2_augmented_kinematic_action_neighbors_targetnorm_latent_quat,10
504,13,interaction,True,10,0.7950945471436601,0.7950945471436601,20.34178642995236,4.989419089647513,25.58411009486768,6.275252556531506,3.971004656620225,0.40750164827891666,13,cube,r3v2_augmented_kinematic_action_neighbors_targetnorm_latent_quat,10
505,13,interaction,True,10,0.7346311548315629,0.7346311548315629,20.26247773060525,2.679532837876669,27.581838310752087,3.6474533107584244,2.013598785901722,0.35989934042876304,13,cube,r3v2_augmented_kinematic_action_neighbors_targetnorm_latent_quat,10
506,13,static,True,10,0.91846731763618,0.91846731763618,20.74615531531657,3.260824024286994,22.587799170372293,3.550288574969916,1.9533882719431852,0.3861068901028743,13,cube,r3v2_augmented_kinematic_action_neighbors_targetnorm_latent_quat,10
507,13,transport_free,True,10,0.7957650992821803,0.7957650992821803,19.951946941573247,8.617334186438267,25.072658953717493,10.828992367485746,6.051528828620282,0.4191338750658363,13,cube,r3v2_augmented_kinematic_action_neighbors_targetnorm_latent_quat,10
508,13,transport_free,True,10,1.132159308239184,1.132159308239184,20.954145688948877,5.725503014498311,18.508124728081135,5.057153152238819,4.639240849753114,0.9305088409980468,13,cube,r3v2_augmented_kinematic_action_neighbors_targetnorm_latent_quat,10
509,13,transport_free,True,10,1.4148481013843084,1.4148481013843084,20.891726193060116,2.278365130148164,14.766055926865464,1.6103249019587176,1.5910679269400387,1.1353427940963456,13,cube,r3v2_augmented_kinematic_action_neighbors_targetnorm_latent_quat,10
510,13,transport_free,True,10,0.9159550322966064,0.9159550322966064,20.454479067159042,2.33176990590052,22.331313597210997,2.5457253071190524,1.897551197282167,0.6201586719449362,13,cube,r3v2_augmented_kinematic_action_neighbors_targetnorm_latent_quat,10
511,13,transport_free,True,10,0.8024995087579602,0.8024995087579602,20.04652993399511,2.1364937562068222,24.980114897542315,2.6622991452212896,1.5243721556621592,0.4435042550780593,13,cube,r3v2_augmented_kinematic_action_neighbors_targetnorm_latent_quat,10
512,13,transport_free,True,10,0.586106631662386,0.586106631662386,19.809930197470255,2.5190941474036297,33.79919135411069,4.2980133841152295,2.01802575946887,0.3749044685459208,13,cube,r3v2_augmented_kinematic_action_neighbors_targetnorm_latent_quat,10
513,13,transport_free,True,10,0.6347084740978071,0.6347084740978071,20.667885572203627,3.0502078547067253,32.56280074341461,4.805683206045702,2.7177848915151044,0.47661647036509547,13,cube,r3v2_augmented_kinematic_action_neighbors_targetnorm_latent_quat,10
514,13,interaction,True,10,0.8058187299884467,0.8058187299884467,20.858988498061727,2.0883075279286487,25.885459994657595,2.591535106113244,1.5856582224320503,0.4432419461738125,13,cube,r3v2_augmented_kinematic_action_neighbors_targetnorm_latent_quat,10
515,13,interaction,True,10,1.1724261696319944,1.1724261696319944,20.189679137051016,5.927715752481641,17.22042688913045,5.055939474928519,4.687924838914965,0.3980106981433146,13,cube,r3v2_augmented_kinematic_action_neighbors_targetnorm_latent_quat,10
516,13,interaction,True,10,0.9159887230066712,0.9159887230066712,19.566340411946573,9.921938476248462,21.360896614230555,10.83194391703903,7.499625100950949,0.5916378866504838,13,cube,r3v2_augmented_kinematic_action_neighbors_targetnorm_latent_quat,10
517,13,interaction,True,10,1.2493405626019984,1.2493405626019984,18.964386283581437,15.366149698764836,15.179516979809218,12.299408310862649,12.982523772528626,0.788938968697432,13,cube,r3v2_augmented_kinematic_action_neighbors_targetnorm_latent_quat,10
518,13,interaction,True,10,1.3312847088994806,1.3312847088994806,19.24610729808172,6.375584571760891,14.45679287790491,4.789046647303063,3.654913122519728,0.7606522622750798,13,cube,r3v2_augmented_kinematic_action_neighbors_targetnorm_latent_quat,10
519,13,interaction,True,10,1.2229265726097647,1.2229265726097647,19.851938100475458,12.438471386517538,16.23313986718825,10.171069682436812,11.818910444300375,0.7936447739762973,13,cube,r3v2_augmented_kinematic_action_neighbors_targetnorm_latent_quat,10
520,13,interaction,True,10,1.1391366448271256,1.1391366448271256,20.107319820211686,6.36225438442639,17.65136773671534,5.585154698795526,5.559324214782564,0.4293910166543342,13,cube,r3v2_augmented_kinematic_action_neighbors_targetnorm_latent_quat,10
521,13,interaction,True,10,0.8005019467728411,0.8005019467728411,20.336995347661535,4.330737177240939,25.40530404660287,5.410027039534327,3.204545608004189,0.4370444812126314,13,cube,r3v2_augmented_kinematic_action_neighbors_targetnorm_latent_quat,10
522,13,interaction,True,10,0.7887333431304808,0.7887333431304808,20.59297835345172,3.204035320566417,26.1089232917658,4.062254180671009,2.8681447364326735,0.37647177506618834,13,cube,r3v2_augmented_kinematic_action_neighbors_targetnorm_latent_quat,10
523,13,static,True,10,1.0373296445883105,1.0373296445883105,20.52750808600284,4.83690595177417,19.78879924341667,4.662843655349129,3.14510418872216,0.40486093994784944,13,cube,r3v2_augmented_kinematic_action_neighbors_targetnorm_latent_quat,10
524,13,transport_free,True,10,0.7317191488148094,0.7317191488148094,20.316195103071223,7.208650732308049,27.76501767922578,9.851663365628943,3.787272322608396,0.39126018701860066,13,cube,r3v2_augmented_kinematic_action_neighbors_targetnorm_latent_quat,10
525,13,transport_free,True,10,1.1824376768507536,1.1824376768507536,20.777328998254646,6.468694999425773,17.571606017825786,5.470643507109971,4.88069941437047,0.9053222680602582,13,cube,r3v2_augmented_kinematic_action_neighbors_targetnorm_latent_quat,10
526,13,transport_free,True,10,1.6970563478089506,1.6970563478089506,21.40190755966799,3.3052641622023913,12.611194429283234,1.947645501853712,2.6102412667228636,1.4270072970976493,13,cube,r3v2_augmented_kinematic_action_neighbors_targetnorm_latent_quat,10
527,13,transport_free,True,10,1.4316752643787698,1.4316752643787698,20.475890431623,2.7566070992447145,14.30204945288893,1.9254415912821243,2.144758370138873,0.7291568123590668,13,cube,r3v2_augmented_kinematic_action_neighbors_targetnorm_latent_quat,10
528,13,transport_free,True,10,0.9652905632696562,0.9652905632696562,20.401490461784245,2.7519695117842193,21.135077082572742,2.8509234592148913,2.2825882230133665,0.6369433703704868,13,cube,r3v2_augmented_kinematic_action_neighbors_targetnorm_latent_quat,10
529,13,transport_free,True,10,0.6782429613530743,0.6782429613530743,20.095422757051594,2.3745489138665326,29.62864917456988,3.5010299393736117,1.7631544130493688,0.4442287152232962,13,cube,r3v2_augmented_kinematic_action_neighbors_targetnorm_latent_quat,10
530,13,transport_free,True,10,0.577342062648832,0.577342062648832,20.044031081593452,2.1618454054589407,34.71777370530029,3.744479304938296,1.5583053872407875,0.41334967354029206,13,cube,r3v2_augmented_kinematic_action_neighbors_targetnorm_latent_quat,10
531,13,interaction,True,10,0.7323688959361063,0.7323688959361063,21.370115665964935,1.6538532737828155,29.179441924072805,2.2582243497232053,1.2741945039666982,0.44300355043561834,13,cube,r3v2_augmented_kinematic_action_neighbors_targetnorm_latent_quat,10
532,14,transport_free,True,10,0.6187849833996752,0.6187849833996752,20.709123440809734,2.275809924476234,33.467398201927026,3.6778687032330275,1.885303136610902,0.38125626235457877,14,cube,r3v2_augmented_kinematic_action_neighbors_targetnorm_latent_quat,10
533,14,transport_free,True,10,0.561862170557234,0.561862170557234,21.19475905987234,2.0147023504805066,37.722345746915416,3.5857590278455653,1.5189122831933435,0.3889207792123903,14,cube,r3v2_augmented_kinematic_action_neighbors_targetnorm_latent_quat,10
534,14,static,True,10,0.5472336429780742,0.5472336429780742,21.528236758345777,1.279813104454075,39.34011922437367,2.3386959498492543,0.8431703428822122,0.38995202432565906,14,cube,r3v2_augmented_kinematic_action_neighbors_targetnorm_latent_quat,10
535,14,interaction,True,10,0.7154523414322216,0.7154523414322216,21.216906260870996,1.260311238630195,29.65523352456731,1.7615586191349275,0.7794812182648024,0.32045363454055475,14,cube,r3v2_augmented_kinematic_action_neighbors_targetnorm_latent_quat,10
536,14,interaction,True,10,0.6931161255275872,0.6931161255275872,20.870632746440613,4.272229350887832,30.111307438640637,6.1638002544463815,2.810964222513259,0.3704929671806608,14,cube,r3v2_augmented_kinematic_action_neighbors_targetnorm_latent_quat,10
537,14,interaction,True,10,0.6645202811540343,0.6645202811540343,19.739306375562805,5.9877527318223756,29.704595834581124,9.01063955704074,3.562390642957307,0.38124961136705104,14,cube,r3v2_augmented_kinematic_action_neighbors_targetnorm_latent_quat,10
538,14,interaction,True,10,1.0005679000609042,1.0005679000609042,19.67474181169141,8.260010885559307,19.663574866327227,8.255322687302403,5.752768538712406,0.7575577656107373,14,cube,r3v2_augmented_kinematic_action_neighbors_targetnorm_latent_quat,10
539,14,interaction,True,10,2.011172658292133,2.011172658292133,20.125173251525318,16.45116480400846,10.006685984193624,8.17988686161765,14.609791429566863,1.3919650332237001,14,cube,r3v2_augmented_kinematic_action_neighbors_targetnorm_latent_quat,10
540,14,interaction,True,10,2.5555007257385784,2.5555007257385784,19.90416836373354,20.20424004281242,7.788754729459501,7.906176601445921,19.756603996285307,1.4367789043562902,14,cube,r3v2_augmented_kinematic_action_neighbors_targetnorm_latent_quat,10
541,14,interaction,True,10,2.3968980226669365,2.3968980226669365,20.186765172899154,12.237437424419628,8.422037559377731,5.105531110916226,11.589423254294568,0.8987664552755881,14,cube,r3v2_augmented_kinematic_action_neighbors_targetnorm_latent_quat,10
542,14,interaction,True,10,1.3082367812740245,1.3082367812740245,20.949983522298627,4.149071566880201,16.013908049501953,3.1714989413763717,3.372186776629759,0.4685432301523639,14,cube,r3v2_augmented_kinematic_action_neighbors_targetnorm_latent_quat,10
543,14,interaction,True,10,0.9207220224730646,0.9207220224730646,22.131742055120043,3.7111605011878117,24.0373766619311,4.030706782943688,2.9772710648050693,0.4269977079019873,14,cube,r3v2_augmented_kinematic_action_neighbors_targetnorm_latent_quat,10
544,14,transport_free,True,10,1.0321118860737455,1.0321118860737455,21.553419459859168,6.449659265623939,20.882832327268783,6.248992335665345,4.839137172733699,0.41565074470954144,14,cube,r3v2_augmented_kinematic_action_neighbors_targetnorm_latent_quat,10
545,14,transport_free,True,10,0.649731547665707,0.649731547665707,21.065802166168115,8.44060538485683,32.42231694282247,12.990912039259024,6.601443386492189,0.374138248835803,14,cube,r3v2_augmented_kinematic_action_neighbors_targetnorm_latent_quat,10
546,14,transport_free,True,10,1.2530855521758006,1.2530855521758006,21.32590701422648,5.9953091255651625,17.01871590267492,4.784437195972119,3.907363851997706,1.010726833320874,14,cube,r3v2_augmented_kinematic_action_neighbors_targetnorm_latent_quat,10
547,14,transport_free,True,10,1.920106736603779,1.920106736603779,20.707422814627513,3.0807959387643042,10.784516516646422,1.604492021216234,2.7483485891364863,1.6600102052638337,14,cube,r3v2_augmented_kinematic_action_neighbors_targetnorm_latent_quat,10
548,14,transport_free,True,10,1.586933786157168,1.586933786157168,21.41427949023609,2.382331447226403,13.494122865763504,1.501216665753476,2.2631096020303394,0.9945902512882614,14,cube,r3v2_augmented_kinematic_action_neighbors_targetnorm_latent_quat,10
549,14,transport_free,True,10,1.0163310005106974,1.0163310005106974,21.281100415351556,2.166148326252917,20.939143256141936,2.1313413889416406,2.0235148990135454,0.7871241885467448,14,cube,r3v2_augmented_kinematic_action_neighbors_targetnorm_latent_quat,10
550,14,transport_free,True,10,0.6422754850719586,0.6422754850719586,21.189082113918477,1.8461001952851128,32.990644367415825,2.8743120953437624,1.5666438899806836,0.39294859410054006,14,cube,r3v2_augmented_kinematic_action_neighbors_targetnorm_latent_quat,10
551,14,transport_free,True,10,0.5021541755266954,0.5021541755266954,21.93506180714601,1.6738356837899229,43.68192654006897,3.333310296651987,1.1529772973923873,0.33613522217139596,14,cube,r3v2_augmented_kinematic_action_neighbors_targetnorm_latent_quat,10
552,14,interaction,True,10,0.7375801564303708,0.7375801564303708,21.60006127919545,1.5656725635308062,29.28503579018743,2.1227151379832563,1.0620547337401693,0.41906791550959155,14,cube,r3v2_augmented_kinematic_action_neighbors_targetnorm_latent_quat,10
553,14,interaction,True,10,5.03462225184855,5.03462225184855,20.82398022998067,2.365825014394672,4.136155442910296,0.4699111266045865,1.4827749520817708,0.5957522652559599,14,cube,r3v2_augmented_kinematic_action_neighbors_targetnorm_latent_quat,10
554,14,interaction,True,10,0.7232797889353269,0.7232797889353269,19.71929933665882,6.664174966618523,27.263722335841535,9.21382716421295,5.381312615814806,0.37407618749221,14,cube,r3v2_augmented_kinematic_action_neighbors_targetnorm_latent_quat,10
555,14,interaction,True,10,0.8924601947705526,0.8924601947705526,19.40470092296274,8.371780836330203,21.74293154660147,9.3805649656818,6.6996828755037745,0.5590300670695365,14,cube,r3v2_augmented_kinematic_action_neighbors_targetnorm_latent_quat,10
556,14,interaction,True,10,1.0004972046819662,1.0004972046819662,19.138030784380387,6.961856244512488,19.128519994679948,6.958396497195105,4.955372443308065,0.5441489556668226,14,cube,r3v2_augmented_kinematic_action_neighbors_targetnorm_latent_quat,10
557,14,interaction,True,10,1.2577711554252293,1.2577711554252293,20.003113639348705,9.051615181076299,15.903619313472028,7.196551727262432,7.094112293091341,0.8136702811929482,14,cube,r3v2_augmented_kinematic_action_neighbors_targetnorm_latent_quat,10
558,14,interaction,True,10,1.2661712799864824,1.2661712799864824,20.065616351029412,5.895924794298302,15.847473930417717,4.656498601327655,4.7170502917654735,0.4491569432247744,14,cube,r3v2_augmented_kinematic_action_neighbors_targetnorm_latent_quat,10
559,14,interaction,True,10,0.7952851144588349,0.7952851144588349,21.189130036842776,4.784990633634704,26.643438499740153,6.016698347096225,4.1805711148286795,0.3404485766469333,14,cube,r3v2_augmented_kinematic_action_neighbors_targetnorm_latent_quat,10
560,14,interaction,True,10,0.6918221162095953,0.6918221162095953,21.423869699932602,3.221774557644001,30.967309656579406,4.656940681942478,2.196579707496268,0.36433723399782997,14,cube,r3v2_augmented_kinematic_action_neighbors_targetnorm_latent_quat,10
561,14,interaction,True,10,0.6626041531344231,0.6626041531344231,21.627937281602108,2.3619330233609466,32.64081153022056,3.564621519783591,1.8514785461397203,0.4369476848162296,14,cube,r3v2_augmented_kinematic_action_neighbors_targetnorm_latent_quat,10
562,14,transport_free,True,10,0.7299111424409243,0.7299111424409243,21.313900349992178,6.260980262931477,29.200678152022085,8.577729395928783,4.808910470345523,0.48738454264430486,14,cube,r3v2_augmented_kinematic_action_neighbors_targetnorm_latent_quat,10
563,14,transport_free,True,10,1.0577950043812976,1.0577950043812976,20.75732879859666,6.7839396312670015,19.62320554797627,6.413283862344307,5.843593872849109,0.5227048974286441,14,cube,r3v2_augmented_kinematic_action_neighbors_targetnorm_latent_quat,10
564,14,transport_free,True,10,1.1155299128250808,1.1155299128250808,21.194819323787364,5.036579104907192,18.999776769868465,4.514965530733326,2.574004341275777,0.8979816444881125,14,cube,r3v2_augmented_kinematic_action_neighbors_targetnorm_latent_quat,10
565,14,transport_free,True,10,1.2572177582545185,1.2572177582545185,21.329410755104867,2.33981188437192,16.965565921307018,1.861103113608927,2.0808007308926975,0.9990672798929215,14,cube,r3v2_augmented_kinematic_action_neighbors_targetnorm_latent_quat,10
566,14,transport_free,True,10,1.059413717255988,1.059413717255988,21.47331204852003,2.9636359835455153,20.269052305777716,2.797430253425165,2.5723224019793074,0.6778300381489228,14,cube,r3v2_augmented_kinematic_action_neighbors_targetnorm_latent_quat,10
567,14,transport_free,True,10,0.8712286528411751,0.8712286528411751,20.92963312299326,1.99073516192831,24.023123039789105,2.2849743926996635,1.6365964179882444,0.5051811539867259,14,cube,r3v2_augmented_kinematic_action_neighbors_targetnorm_latent_quat,10
568,14,transport_free,True,10,0.602330886630688,0.602330886630688,21.282324304255464,2.316724540938237,35.333277400573465,3.8462655533032777,1.976860248252957,0.4071630011994522,14,cube,r3v2_augmented_kinematic_action_neighbors_targetnorm_latent_quat,10
569,14,transport_free,True,10,0.551605382771801,0.551605382771801,21.8275869799348,2.6646592913424394,39.57101881466749,4.830734750905808,2.3951817869397662,0.39055164708339163,14,cube,r3v2_augmented_kinematic_action_neighbors_targetnorm_latent_quat,10
570,15,transport_free,True,10,1.289512622282342,1.289512622282342,20.34922561100092,2.3189197486134585,15.780555583073157,1.7982916247141048,1.8707085287374803,0.9962815594230238,15,cube,r3v2_augmented_kinematic_action_neighbors_targetnorm_latent_quat,10
571,15,transport_free,True,10,0.9347135694347644,0.9347135694347644,20.137711881022938,1.7921305215424295,21.54425969572745,1.9173044878616219,1.1608969426599955,0.4851016432103067,15,cube,r3v2_augmented_kinematic_action_neighbors_targetnorm_latent_quat,10
572,15,transport_free,True,10,0.6836023143078114,0.6836023143078114,20.35951417209641,2.048555971138401,29.782687603554486,2.9967071910993863,1.257873840335289,0.42752322418500055,15,cube,r3v2_augmented_kinematic_action_neighbors_targetnorm_latent_quat,10
573,15,interaction,True,10,0.8283353508135956,0.8283353508135956,20.861372620640775,1.3008279427635183,25.18469433925598,1.5704122026010818,0.6704479275145404,0.3601803298960988,15,cube,r3v2_augmented_kinematic_action_neighbors_targetnorm_latent_quat,10
574,15,interaction,True,10,1.0587400659088588,1.0587400659088588,21.59026864962102,5.381823569664458,20.3924167459245,5.083234065619794,2.969596604551656,0.37961426748866123,15,cube,r3v2_augmented_kinematic_action_neighbors_targetnorm_latent_quat,10
575,15,interaction,True,10,1.1415360346936252,1.1415360346936252,19.441672582820395,15.131630164816002,17.031151003514584,13.255499349065362,12.751549348695729,0.7596626822805885,15,cube,r3v2_augmented_kinematic_action_neighbors_targetnorm_latent_quat,10
576,15,interaction,True,10,1.7140444141108677,1.7140444141108677,18.874862172211152,20.985529844821667,11.011886283006369,12.24328242142288,17.345463036180433,1.1472618982211782,15,cube,r3v2_augmented_kinematic_action_neighbors_targetnorm_latent_quat,10
577,15,interaction,True,10,2.130053005415629,2.130053005415629,17.531973100491665,18.95095990511944,8.230768462529747,8.896942872753353,18.104377155439668,1.42737234907958,15,cube,r3v2_augmented_kinematic_action_neighbors_targetnorm_latent_quat,10
578,15,interaction,True,10,2.070190718816079,2.070190718816079,19.20258582670226,12.425168154720179,9.275756891463617,6.001943705856244,11.28765285216106,0.9605982981242265,15,cube,r3v2_augmented_kinematic_action_neighbors_targetnorm_latent_quat,10
579,15,interaction,True,10,1.3671765333792998,1.3671765333792998,20.607519263808545,3.967936772983194,15.073049281260111,2.902285605484685,2.8452508674607473,0.4349439579280756,15,cube,r3v2_augmented_kinematic_action_neighbors_targetnorm_latent_quat,10
580,15,interaction,True,10,0.7555437788438755,0.7555437788438755,21.33647131046896,2.856505577833393,28.23988749284361,3.7807280766766227,1.9282868795328594,0.35496161842072577,15,cube,r3v2_augmented_kinematic_action_neighbors_targetnorm_latent_quat,10
581,15,interaction,True,10,0.6502510561997523,0.6502510561997523,21.243267109228334,2.35265473756938,32.66933118629577,3.618071382027347,1.1847827573221699,0.3714522065978635,15,cube,r3v2_augmented_kinematic_action_neighbors_targetnorm_latent_quat,10
582,15,static,True,10,0.9189316985268061,0.9189316985268061,20.868998473340696,4.881113213362301,22.71006485770055,5.311725802023701,2.9717477574124813,0.3656963046250355,15,cube,r3v2_augmented_kinematic_action_neighbors_targetnorm_latent_quat,10
583,15,transport_free,True,10,0.5985444855119,0.5985444855119,20.86020284142617,9.068838960920559,34.85154962807094,15.151486949486324,6.680899391546297,0.39112594858048433,15,cube,r3v2_augmented_kinematic_action_neighbors_targetnorm_latent_quat,10
584,15,transport_free,True,10,1.5013232816389919,1.5013232816389919,20.08572078722836,6.136015387502471,13.378678018834702,4.087071360675759,5.629947013737149,1.2493654001671155,15,cube,r3v2_augmented_kinematic_action_neighbors_targetnorm_latent_quat,10
585,15,transport_free,True,10,1.792379384987771,1.792379384987771,20.475905519064195,3.0145147942003865,11.423868010624268,1.6818508511360466,2.440633622381561,1.4264266846944116,15,cube,r3v2_augmented_kinematic_action_neighbors_targetnorm_latent_quat,10
586,15,transport_free,True,10,1.4870132540116083,1.4870132540116083,20.93328325099204,2.7233225647660095,14.077401929350003,1.831404365374103,2.0992641415759183,0.9846172258337582,15,cube,r3v2_augmented_kinematic_action_neighbors_targetnorm_latent_quat,10
587,15,transport_free,True,10,1.2594595696341915,1.2594595696341915,20.528125753745655,2.3839625919954397,16.29915421557202,1.8928456692642057,2.127002466612134,1.017365497429565,15,cube,r3v2_augmented_kinematic_action_neighbors_targetnorm_latent_quat,10
588,15,transport_free,True,10,0.607765512371973,0.607765512371973,20.86132184449486,1.8185948767561828,34.324622604987546,2.992264022449404,0.9949795701656347,0.3977379841609392,15,cube,r3v2_augmented_kinematic_action_neighbors_targetnorm_latent_quat,10
589,15,transport_free,True,10,0.4933854868598615,0.4933854868598615,20.428750188717423,1.5257198702874253,41.40525153817484,3.092348500151125,0.829698559269263,0.3521478831644957,15,cube,r3v2_augmented_kinematic_action_neighbors_targetnorm_latent_quat,10
590,15,interaction,True,10,0.6088862711211409,0.6088862711211409,20.539551724151416,2.1641513377839248,33.73298544953557,3.554278426739821,1.9343321837443928,0.4312900607530447,15,cube,r3v2_augmented_kinematic_action_neighbors_targetnorm_latent_quat,10
591,15,interaction,True,10,5.924609623952084,5.924609623952084,21.337336341157076,2.7510087742112086,3.601475488763721,0.4643358716985161,2.3780441334622475,0.5331564758730288,15,cube,r3v2_augmented_kinematic_action_neighbors_targetnorm_latent_quat,10
592,15,interaction,True,10,0.7750399774821598,0.7750399774821598,20.315271239446783,7.112656773219202,26.21190110146855,9.177148250243548,5.02827917240359,0.49712165940737785,15,cube,r3v2_augmented_kinematic_action_neighbors_targetnorm_latent_quat,10
593,15,interaction,True,10,0.924787497171945,0.924787497171945,19.507183825230634,9.152619292897976,21.093693291577534,9.89699722464591,7.658891727128857,0.524637247999717,15,cube,r3v2_augmented_kinematic_action_neighbors_targetnorm_latent_quat,10
594,15,interaction,True,10,1.1488666489776889,1.1488666489776889,19.56340107783817,6.258870874970226,17.028435019196117,5.447865407651653,5.001947276491933,0.6292408005281782,15,cube,r3v2_augmented_kinematic_action_neighbors_targetnorm_latent_quat,10
595,15,interaction,True,10,1.0823858596337361,1.0823858596337361,20.083751451037113,11.190452261384543,18.555075597378153,10.338690367935175,10.622386332334067,0.6341081484779392,15,cube,r3v2_augmented_kinematic_action_neighbors_targetnorm_latent_quat,10
596,15,interaction,True,10,0.921007243791076,0.921007243791076,20.369723818773682,5.142412477970861,22.11679002102877,5.5834658333451515,4.303039929589429,0.4401574822304669,15,cube,r3v2_augmented_kinematic_action_neighbors_targetnorm_latent_quat,10
597,15,interaction,True,10,0.7517909677884462,0.7517909677884462,20.830112748879444,4.1482556310553935,27.707319775543024,5.5178311642375455,3.38571413262036,0.3957771987187406,15,cube,r3v2_augmented_kinematic_action_neighbors_targetnorm_latent_quat,10
598,15,interaction,True,10,0.7876779028331377,0.7876779028331377,21.62316054023937,2.0400061427500815,27.451780051801247,2.5898989109794006,1.1821322115472646,0.43443566554988466,15,cube,r3v2_augmented_kinematic_action_neighbors_targetnorm_latent_quat,10
599,15,static,True,10,0.8144820068783787,0.8144820068783787,20.891596660396317,2.467906025048774,25.650163519838106,3.0300313625188413,1.6681305660879815,0.39565261088118303,15,cube,r3v2_augmented_kinematic_action_neighbors_targetnorm_latent_quat,10
600,15,transport_free,True,10,0.682882422509627,0.682882422509627,20.636154905304466,7.425512811494478,30.21919180386217,10.873779389730588,5.132094888504539,0.3756026123146522,15,cube,r3v2_augmented_kinematic_action_neighbors_targetnorm_latent_quat,10
601,15,transport_free,True,10,1.0455014239109395,1.0455014239109395,21.329835150950313,7.012440332881454,20.401536203710886,6.707250867865681,5.3465175518022106,0.8368339305366558,15,cube,r3v2_augmented_kinematic_action_neighbors_targetnorm_latent_quat,10
602,15,transport_free,True,10,1.7443568433537302,1.7443568433537302,21.143025464151293,4.807845070208029,12.120814353272666,2.7562279407029955,4.1881156987298045,1.531111409268501,15,cube,r3v2_augmented_kinematic_action_neighbors_targetnorm_latent_quat,10
603,15,transport_free,True,10,1.435252897229804,1.435252897229804,20.454866056416705,2.1380957772537217,14.251750402940727,1.4896996768865485,1.3745087720003728,1.082438876230559,15,cube,r3v2_augmented_kinematic_action_neighbors_targetnorm_latent_quat,10
604,15,transport_free,True,10,1.0555964904869015,1.0555964904869015,20.91522783624491,2.913958113648931,19.81365798838305,2.760484844265489,2.088561881005228,0.6664652117007877,15,cube,r3v2_augmented_kinematic_action_neighbors_targetnorm_latent_quat,10
605,15,transport_free,True,10,0.7473554433406617,0.7473554433406617,21.442950859381295,1.983794278641353,28.69177049615347,2.6544187191222397,1.1760457744724029,0.47495990687353384,15,cube,r3v2_augmented_kinematic_action_neighbors_targetnorm_latent_quat,10
606,15,transport_free,True,10,0.5588911429165113,0.5588911429165113,20.669710492349957,1.8413033065759672,36.98342826563214,3.2945651938002283,1.2902100568918002,0.3713248600888325,15,cube,r3v2_augmented_kinematic_action_neighbors_targetnorm_latent_quat,10
607,15,transport_free,True,10,0.5210391727395298,0.5210391727395298,21.52027795194239,1.8853233259680178,41.30261039451728,3.6183907556419,1.3279563143038824,0.3349298462931619,15,cube,r3v2_augmented_kinematic_action_neighbors_targetnorm_latent_quat,10
608,16,transport_free,True,10,0.8974516064324376,0.8974516064324376,19.904499145115214,2.6139083792803133,22.178910820874076,2.9125897826080664,2.0880333144185044,0.5532899832863754,16,cube,r3v2_augmented_kinematic_action_neighbors_targetnorm_latent_quat,10
609,16,transport_free,True,10,0.5581749200905584,0.5581749200905584,19.7973613654043,2.0816057432637516,35.46802382699741,3.7293071908820834,1.4050026610167285,0.33694497826231,16,cube,r3v2_augmented_kinematic_action_neighbors_targetnorm_latent_quat,10
610,16,transport_free,True,10,0.585092044261377,0.585092044261377,20.371592114359217,2.8478925289332992,34.81775613626129,4.867426513256547,2.39455822009701,0.38423848405847066,16,cube,r3v2_augmented_kinematic_action_neighbors_targetnorm_latent_quat,10
611,16,interaction,True,10,0.7613328607909281,0.7613328607909281,20.77902144007558,1.7631757892163966,27.292952281724475,2.315906589641594,1.1082477066411118,0.5501574660097075,16,cube,r3v2_augmented_kinematic_action_neighbors_targetnorm_latent_quat,10
612,16,interaction,True,10,0.8050479548537043,0.8050479548537043,20.618495535974475,7.199816329845875,25.611512223171015,8.943338451377405,5.522336009782871,0.37723318559592156,16,cube,r3v2_augmented_kinematic_action_neighbors_targetnorm_latent_quat,10
613,16,interaction,True,10,0.9562381745333435,0.9562381745333435,19.186274911752392,9.490944238921546,20.06432646460234,9.925293187079934,7.66817058490498,0.646067060852049,16,cube,r3v2_augmented_kinematic_action_neighbors_targetnorm_latent_quat,10
614,16,interaction,True,10,1.491572779510891,1.491572779510891,19.351753465884393,12.38625223618839,12.974059148645848,8.304155456799116,9.867421348464333,0.8408734953650471,16,cube,r3v2_augmented_kinematic_action_neighbors_targetnorm_latent_quat,10
615,16,interaction,True,10,1.7802163610646322,1.7802163610646322,19.17338575932846,10.778369988817452,10.770255896233927,6.054528103747797,9.037890251277187,1.0565046992653895,16,cube,r3v2_augmented_kinematic_action_neighbors_targetnorm_latent_quat,10
616,16,interaction,True,10,1.8300356591641553,1.8300356591641553,19.875803100257087,12.370377774444968,10.860882956420149,6.759637558152815,11.215073522151659,0.9338547633470046,16,cube,r3v2_augmented_kinematic_action_neighbors_targetnorm_latent_quat,10
617,16,interaction,True,10,1.2788540634032393,1.2788540634032393,20.76522300718763,4.831995918511452,16.237367187877545,3.778379454535041,3.3870127572582467,0.45728979102441397,16,cube,r3v2_augmented_kinematic_action_neighbors_targetnorm_latent_quat,10
618,16,interaction,True,10,0.8171978679058114,0.8171978679058114,20.864918635750655,4.503184663021855,25.53227248281992,5.510519348957581,3.254175131879508,0.3894546240974605,16,cube,r3v2_augmented_kinematic_action_neighbors_targetnorm_latent_quat,10
619,16,interaction,True,10,0.7095276503805104,0.7095276503805104,21.227544613762568,2.548261343099172,29.917853944632764,3.591489833740197,1.6388602502029377,0.38815086608373267,16,cube,r3v2_augmented_kinematic_action_neighbors_targetnorm_latent_quat,10
620,16,static,True,10,2.0955737541580515,2.0955737541580515,20.026594037752204,4.540130907321911,9.556616176364733,2.166533579795678,3.468751360106235,0.44108199424036343,16,cube,r3v2_augmented_kinematic_action_neighbors_targetnorm_latent_quat,10
621,16,transport_free,True,10,0.6124599445468218,0.6124599445468218,20.30054454687211,8.928327366936216,33.14591383097407,14.577814347585724,6.09077758086567,0.3711181625416631,16,cube,r3v2_augmented_kinematic_action_neighbors_targetnorm_latent_quat,10
622,16,transport_free,True,10,1.1055585465890827,1.1055585465890827,20.722747691352545,6.9080604162518835,18.74414318019364,6.248479953924586,6.557371399953207,0.9449784965326808,16,cube,r3v2_augmented_kinematic_action_neighbors_targetnorm_latent_quat,10
623,16,static,True,10,1.7584851338941754,1.7584851338941754,20.55944165490812,1.9851834828040016,11.691564096068937,1.1289168412858865,1.4083400262896426,1.4292800623089041,16,cube,r3v2_augmented_kinematic_action_neighbors_targetnorm_latent_quat,10
624,16,transport_free,True,10,0.9879933186257329,0.9879933186257329,20.996075491463294,3.5577256812991447,21.251232266092813,3.600961275980922,3.464517917564107,0.6337375906485049,16,cube,r3v2_augmented_kinematic_action_neighbors_targetnorm_latent_quat,10
625,16,transport_free,True,10,0.7980817130489501,0.7980817130489501,19.923719234572665,2.5626582356714307,24.964510411417795,3.2110223724851226,2.1795865254524993,0.44456614135264916,16,cube,r3v2_augmented_kinematic_action_neighbors_targetnorm_latent_quat,10
626,16,transport_free,True,10,0.6197645407575084,0.6197645407575084,20.73229419769962,2.06398298181168,33.45188831287368,3.330269555739625,1.39461120491071,0.4287848022662746,16,cube,r3v2_augmented_kinematic_action_neighbors_targetnorm_latent_quat,10
627,16,transport_free,True,10,0.5207255009196134,0.5207255009196134,20.465102660088853,2.916816220765135,39.30113394475016,5.601446857536205,2.545224633589277,0.38682053862251764,16,cube,r3v2_augmented_kinematic_action_neighbors_targetnorm_latent_quat,10
628,16,interaction,True,10,0.7806449031035188,0.7806449031035188,21.148292739352428,2.0684190111411036,27.090797179710815,2.6496285352250837,1.3271785842811537,0.40299956701632356,16,cube,r3v2_augmented_kinematic_action_neighbors_targetnorm_latent_quat,10
629,16,interaction,True,10,1.1049835941555815,1.1049835941555815,20.216019880634953,3.671845260805502,18.295312244960392,3.3229862237108536,2.5089922853449846,0.45690208727782655,16,cube,r3v2_augmented_kinematic_action_neighbors_targetnorm_latent_quat,10
630,16,interaction,True,10,0.796147979556863,0.796147979556863,19.899262758554165,10.219926878885019,24.994427254126954,12.836717722468434,8.132168716252224,0.48160930969106486,16,cube,r3v2_augmented_kinematic_action_neighbors_targetnorm_latent_quat,10
631,16,interaction,True,10,1.0096036854508983,1.0096036854508983,18.818155187726692,15.279141427491448,18.639150647832995,15.133801161460344,13.039969314744146,0.6989768439050479,16,cube,r3v2_augmented_kinematic_action_neighbors_targetnorm_latent_quat,10
632,16,interaction,True,10,1.2165558826537333,1.2165558826537333,19.597540992212465,6.19226967301455,16.109034752652203,5.090000189310702,3.8883216251175363,0.7082476614323179,16,cube,r3v2_augmented_kinematic_action_neighbors_targetnorm_latent_quat,10
633,16,interaction,True,10,1.2843139037844056,1.2843139037844056,19.014484818235292,10.861466233706686,14.805169329870624,8.457018336173032,10.044240887196972,0.7630842455024991,16,cube,r3v2_augmented_kinematic_action_neighbors_targetnorm_latent_quat,10
634,16,interaction,True,10,0.9979880004413485,0.9979880004413485,20.076691705922215,6.302548144843549,20.117167437928646,6.315254433977484,5.152570125666144,0.47423068272096147,16,cube,r3v2_augmented_kinematic_action_neighbors_targetnorm_latent_quat,10
635,16,interaction,True,10,0.6846289077413279,0.6846289077413279,20.600546139765854,3.8948172562439907,30.09009100671706,5.688946540533112,2.950285947757646,0.34934603262182296,16,cube,r3v2_augmented_kinematic_action_neighbors_targetnorm_latent_quat,10
636,16,interaction,True,10,0.6855131943562948,0.6855131943562948,20.736442492334337,2.873220876562959,30.249516220918416,4.191342924129926,2.084055903376603,0.3730480406612981,16,cube,r3v2_augmented_kinematic_action_neighbors_targetnorm_latent_quat,10
637,16,interaction,True,10,1.4794664341119717,1.4794664341119717,20.710707509528802,3.0989598160147738,13.99876809098417,2.0946469244331856,1.7616084903555944,0.41905023871538694,16,cube,r3v2_augmented_kinematic_action_neighbors_targetnorm_latent_quat,10
638,16,transport_free,True,10,0.6648076578367246,0.6648076578367246,19.79267522096937,7.922004847191386,29.772032538515692,11.9162358522907,6.259100030881696,0.36748533333004607,16,cube,r3v2_augmented_kinematic_action_neighbors_targetnorm_latent_quat,10
639,16,transport_free,True,10,1.5339792385012165,1.5339792385012165,20.701830689271535,7.647932675408019,13.495509045805848,4.985681998460733,5.404782908842178,1.4084739949301328,16,cube,r3v2_augmented_kinematic_action_neighbors_targetnorm_latent_quat,10
640,16,transport_free,True,10,1.6011230338397218,1.6011230338397218,21.85570358130672,3.383061209949027,13.650233691844168,2.1129301986468603,2.7060151638210517,1.3027386087010617,16,cube,r3v2_augmented_kinematic_action_neighbors_targetnorm_latent_quat,10
641,16,transport_free,True,10,1.1157904272561092,1.1157904272561092,21.39067865752787,2.811692832688559,19.170874865928592,2.5199112342296393,2.2113246200885555,0.7024627946380879,16,cube,r3v2_augmented_kinematic_action_neighbors_targetnorm_latent_quat,10
642,16,transport_free,True,10,0.8012904625072286,0.8012904625072286,20.024298739611616,4.056666421743786,24.99006250112577,5.06266655046726,3.7361225346899705,0.521229913511651,16,cube,r3v2_augmented_kinematic_action_neighbors_targetnorm_latent_quat,10
643,16,transport_free,True,10,0.5557378318463638,0.5557378318463638,20.83749405485048,2.1626786126838415,37.49518722815887,3.8915446974315824,1.5188772036860925,0.3806764152758078,16,cube,r3v2_augmented_kinematic_action_neighbors_targetnorm_latent_quat,10
644,16,transport_free,True,10,0.5572348555271266,0.5572348555271266,21.05548157177268,1.8533253404816916,37.785650633528405,3.3259321847850027,1.0977693889742253,0.35701921621706806,16,cube,r3v2_augmented_kinematic_action_neighbors_targetnorm_latent_quat,10
645,16,interaction,True,10,0.8229111154983317,0.8229111154983317,21.06675803809245,1.7751374952076888,25.600283726068053,2.1571436595952598,1.1732458979771139,0.4626977279895472,16,cube,r3v2_augmented_kinematic_action_neighbors_targetnorm_latent_quat,10
646,17,transport_free,True,10,0.8158566501616148,0.8158566501616148,20.231648983569947,2.043434213635904,24.79804384699471,2.504648596332598,1.250706701020297,0.4664233180535994,17,cube,r3v2_augmented_kinematic_action_neighbors_targetnorm_latent_quat,10
647,17,transport_free,True,10,0.5911937947478255,0.5911937947478255,20.89872773510438,2.1932658372027753,35.35004582383812,3.7098931969309925,1.2584793922539346,0.30748783634152776,17,cube,r3v2_augmented_kinematic_action_neighbors_targetnorm_latent_quat,10
648,17,transport_free,True,10,0.5605831654701787,0.5605831654701787,21.787835378840143,1.9296145670668532,38.86637473418596,3.4421557512317102,1.4883080204081685,0.39904586762210625,17,cube,r3v2_augmented_kinematic_action_neighbors_targetnorm_latent_quat,10
649,17,interaction,True,10,0.7262273174087215,0.7262273174087215,20.83413911264359,1.744258461812466,28.688178774357667,2.4018078361968245,1.2379628831364327,0.3077386948961274,17,cube,r3v2_augmented_kinematic_action_neighbors_targetnorm_latent_quat,10
650,17,interaction,True,10,0.726134830751772,0.726134830751772,21.51229427035834,6.726994897635423,29.625757310231936,9.264112686442713,5.378378977199993,0.3884978137187983,17,cube,r3v2_augmented_kinematic_action_neighbors_targetnorm_latent_quat,10
651,17,interaction,True,10,0.8850700675254208,0.8850700675254208,19.097401726351343,12.949438321642635,21.577276677931298,14.63097532814339,11.402114189865785,0.582007328253898,17,cube,r3v2_augmented_kinematic_action_neighbors_targetnorm_latent_quat,10
652,17,interaction,True,10,1.2554628909302799,1.2554628909302799,18.972137689308198,17.38560142897402,15.11166743865294,13.847961221770197,15.161375659916846,0.8643111245448659,17,cube,r3v2_augmented_kinematic_action_neighbors_targetnorm_latent_quat,10
653,17,interaction,True,10,1.7572432161501352,1.7572432161501352,19.048472523054254,21.363396849194366,10.83997499491658,12.157336362349696,17.606032506468196,1.271802343236243,17,cube,r3v2_augmented_kinematic_action_neighbors_targetnorm_latent_quat,10
654,17,interaction,True,10,1.712670057070223,1.712670057070223,19.207926365671312,17.69376488270813,11.215193659968184,10.331099565654782,16.031356495171458,0.9473082040211833,17,cube,r3v2_augmented_kinematic_action_neighbors_targetnorm_latent_quat,10
655,17,interaction,True,10,1.0560835513715752,1.0560835513715752,19.95580791040731,5.941265582677406,18.896050302544676,5.625753355367824,4.924251743397058,0.46557753527283263,17,cube,r3v2_augmented_kinematic_action_neighbors_targetnorm_latent_quat,10
656,17,interaction,True,10,0.831039490729903,0.831039490729903,20.6698072082983,3.7699122705013766,24.872232233084357,4.53638161910965,2.9847754616546203,0.3692771825711535,17,cube,r3v2_augmented_kinematic_action_neighbors_targetnorm_latent_quat,10
657,17,interaction,True,10,0.7485280302743638,0.7485280302743638,20.463051037002067,2.6551120262579806,27.337721781108968,3.547111021727245,1.9505864058037248,0.37824957179155827,17,cube,r3v2_augmented_kinematic_action_neighbors_targetnorm_latent_quat,10
658,17,static,True,10,0.9959713151696454,0.9959713151696454,19.738404532402775,4.684189263428435,19.818245999424892,4.703136718983286,3.6576610177718853,0.3969216767495387,17,cube,r3v2_augmented_kinematic_action_neighbors_targetnorm_latent_quat,10
659,17,transport_free,True,10,0.7759330228161366,0.7759330228161366,19.896062344765557,7.36717129920173,25.641468734705576,9.494596933719418,5.653437511929929,0.3554149200922888,17,cube,r3v2_augmented_kinematic_action_neighbors_targetnorm_latent_quat,10
660,17,transport_free,True,10,1.20669843529789,1.20669843529789,20.67912973702915,5.275930676651255,17.136949159898617,4.372203130725714,4.456394755254215,1.027463191669117,17,cube,r3v2_augmented_kinematic_action_neighbors_targetnorm_latent_quat,10
661,17,transport_free,True,10,1.6291553345771543,1.6291553345771543,21.11539177358118,2.428688962858014,12.960944438770573,1.4907657430274306,2.004018652323311,1.3584022125518858,17,cube,r3v2_augmented_kinematic_action_neighbors_targetnorm_latent_quat,10
662,17,transport_free,True,10,1.2725996061682867,1.2725996061682867,20.474998920506017,3.052918253255344,16.089113041732652,2.39896212324588,2.747503723686355,0.8421752467108686,17,cube,r3v2_augmented_kinematic_action_neighbors_targetnorm_latent_quat,10
663,17,transport_free,True,10,0.79869752361641,0.79869752361641,19.679449724968862,2.060312521318199,24.639427496735674,2.579590471232892,1.5649809524204419,0.5530423560442823,17,cube,r3v2_augmented_kinematic_action_neighbors_targetnorm_latent_quat,10
664,17,transport_free,True,10,0.5601056421226369,0.5601056421226369,19.728545265948764,2.2142677486032567,35.22290043568091,3.9533037735735497,1.6751860039041142,0.3613105852879461,17,cube,r3v2_augmented_kinematic_action_neighbors_targetnorm_latent_quat,10
665,17,transport_free,True,10,0.5766953035985953,0.5766953035985953,20.232822992323683,2.2371721219412857,35.08407796295597,3.8792965851833143,1.8080535177914523,0.39226611058395144,17,cube,r3v2_augmented_kinematic_action_neighbors_targetnorm_latent_quat,10
666,17,interaction,True,10,0.58385855565089,0.58385855565089,20.456340856260972,2.6267594906346314,35.03646672344484,4.498965486095001,2.3410576271177117,0.42162225370938233,17,cube,r3v2_augmented_kinematic_action_neighbors_targetnorm_latent_quat,10
667,17,interaction,True,10,1.7785160066787913,1.7785160066787913,19.999140340538087,4.835946090778192,11.244846976600773,2.7190905634911093,3.6712697924649955,0.4251759451788349,17,cube,r3v2_augmented_kinematic_action_neighbors_targetnorm_latent_quat,10
668,17,interaction,True,10,0.8357766105573329,0.8357766105573329,19.075377576895953,6.725605406848354,22.82353602139649,8.047132836564334,4.969958207962914,0.539279439168589,17,cube,r3v2_augmented_kinematic_action_neighbors_targetnorm_latent_quat,10
669,17,interaction,True,10,1.1032104451474116,1.1032104451474116,18.937950938047095,12.859038009168447,17.166217942685083,11.656015464438623,10.611416521063633,0.740357328330181,17,cube,r3v2_augmented_kinematic_action_neighbors_targetnorm_latent_quat,10
670,17,interaction,True,10,1.2314113688164192,1.2314113688164192,18.55604438671243,6.405130541170765,15.068924046517223,5.201454772443028,4.411169424543375,0.7215817196039171,17,cube,r3v2_augmented_kinematic_action_neighbors_targetnorm_latent_quat,10
671,17,interaction,True,10,1.3395540007663072,1.3395540007663072,18.89119698398372,10.225590010134873,14.102602040064674,7.633578044845678,9.619061357674568,0.5304125329094811,17,cube,r3v2_augmented_kinematic_action_neighbors_targetnorm_latent_quat,10
672,17,interaction,True,10,0.9112669960966071,0.9112669960966071,19.995941496381,4.611852090937,21.94301075539133,5.06092299039883,3.63370683336076,0.4458504130718725,17,cube,r3v2_augmented_kinematic_action_neighbors_targetnorm_latent_quat,10
673,17,interaction,True,10,0.8108556846251465,0.8108556846251465,20.39824047192855,3.522942469595435,25.156437648159955,4.344721923265629,1.987179727874656,0.35961490567721827,17,cube,r3v2_augmented_kinematic_action_neighbors_targetnorm_latent_quat,10
674,17,interaction,True,10,0.7268152969497111,0.7268152969497111,20.104054439258167,4.096817266096053,27.660472369844992,5.636669017960302,2.7897020358647926,0.4348050585666223,17,cube,r3v2_augmented_kinematic_action_neighbors_targetnorm_latent_quat,10
675,17,interaction,True,10,0.7666697077158089,0.7666697077158089,20.717578821973756,2.7132860033905635,27.02282170988475,3.5390546621105465,1.9605517473810912,0.39134440524084846,17,cube,r3v2_augmented_kinematic_action_neighbors_targetnorm_latent_quat,10
676,17,transport_free,True,10,0.7181198056731612,0.7181198056731612,19.581703621995572,7.7209430307940945,27.268017769875875,10.751608533560118,5.408445024068373,0.41144941967639903,17,cube,r3v2_augmented_kinematic_action_neighbors_targetnorm_latent_quat,10
677,17,transport_free,True,10,1.4092407062607641,1.4092407062607641,20.37343217652968,6.255893788990633,14.457027877507112,4.439194639494788,4.1027471515938885,1.1561397492663192,17,cube,r3v2_augmented_kinematic_action_neighbors_targetnorm_latent_quat,10
678,17,transport_free,True,10,1.8261370023584003,1.8261370023584003,21.48424257985529,5.148010232559866,11.76485803206936,2.8190712010716434,2.6635569122021465,1.4293089580920966,17,cube,r3v2_augmented_kinematic_action_neighbors_targetnorm_latent_quat,10
679,17,static,True,10,1.6858645762885602,1.6858645762885602,20.96627665393821,1.7487385893929748,12.436512961257883,1.0372948183316313,1.1837538016029987,1.423665455154778,17,cube,r3v2_augmented_kinematic_action_neighbors_targetnorm_latent_quat,10
680,17,transport_free,True,10,1.0324038524628876,1.0324038524628876,21.02085369473313,3.5155469578584397,20.3610763797385,3.4052051912357766,2.693780658447677,0.8023597223123362,17,cube,r3v2_augmented_kinematic_action_neighbors_targetnorm_latent_quat,10
681,17,transport_free,True,10,0.8592054979169845,0.8592054979169845,20.364688689758307,2.744892958176329,23.701767201361555,3.194687376688013,2.0681173602892744,0.5535846392107133,17,cube,r3v2_augmented_kinematic_action_neighbors_targetnorm_latent_quat,10
682,17,transport_free,True,10,0.5039318567315031,0.5039318567315031,19.977569037885814,1.9212805803713728,39.64339378633477,3.8125801230999348,1.2341593715946637,0.34448271125283686,17,cube,r3v2_augmented_kinematic_action_neighbors_targetnorm_latent_quat,10
683,17,transport_free,True,10,0.5754756491282266,0.5754756491282266,20.64699023247099,2.0870695955573257,35.878130141125155,3.626686200743636,1.5907084678209868,0.39355637244271946,17,cube,r3v2_augmented_kinematic_action_neighbors_targetnorm_latent_quat,10
684,18,transport_free,True,10,0.8614600537907187,0.8614600537907187,20.164252706453958,2.0593441169897293,23.407066430677027,2.390527695309738,1.278181669596335,0.5750081374402084,18,cube,r3v2_augmented_kinematic_action_neighbors_targetnorm_latent_quat,10
685,18,transport_free,True,10,0.5936267749529465,0.5936267749529465,20.368228950742672,1.7179034654289003,34.311506505678,2.8939116931932003,1.219981424150732,0.3913015062822315,18,cube,r3v2_augmented_kinematic_action_neighbors_targetnorm_latent_quat,10
686,18,transport_free,True,10,0.6211239235045621,0.6211239235045621,20.097333205624015,2.9290213155535394,32.356398530311,4.715679439663422,2.62825773943957,0.4277272940844131,18,cube,r3v2_augmented_kinematic_action_neighbors_targetnorm_latent_quat,10
687,18,interaction,True,10,0.9836111490536635,0.9836111490536635,20.435676214709055,3.1922792809438416,20.776173830858166,3.245468785114064,3.052291739386476,0.4266147573435123,18,cube,r3v2_augmented_kinematic_action_neighbors_targetnorm_latent_quat,10
688,18,interaction,True,10,0.8204411874805472,0.8204411874805472,20.420230989706564,5.74933841572571,24.889329425810587,7.007617978542829,4.582373522883805,0.37823053030930487,18,cube,r3v2_augmented_kinematic_action_neighbors_targetnorm_latent_quat,10
689,18,interaction,True,10,0.8189252394682587,0.8189252394682587,19.46096919822388,6.8272280605757505,23.76403639831665,8.33681480498608,4.966026993416652,0.413036972732962,18,cube,r3v2_augmented_kinematic_action_neighbors_targetnorm_latent_quat,10
690,18,interaction,True,10,0.9601287763636508,0.9601287763636508,19.8910988426092,8.428052624240886,20.71711559145625,8.778043978809716,5.9492815780830774,0.6011299450507089,18,cube,r3v2_augmented_kinematic_action_neighbors_targetnorm_latent_quat,10
691,18,interaction,True,10,1.5372913324939996,1.5372913324939996,19.593575618314762,17.15104337922874,12.7455188253273,11.156664333366157,16.083549854091093,1.1404643677883763,18,cube,r3v2_augmented_kinematic_action_neighbors_targetnorm_latent_quat,10
692,18,interaction,True,10,1.6075372373968944,1.6075372373968944,19.791063993600396,13.555775554370493,12.311418692638386,8.43263548676579,11.679844917278661,0.8095627661975608,18,cube,r3v2_augmented_kinematic_action_neighbors_targetnorm_latent_quat,10
693,18,interaction,True,10,1.1017801267042788,1.1017801267042788,20.280529278763453,3.487370514907891,18.407056714144936,3.16521457447191,2.306170476457038,0.4154307443913715,18,cube,r3v2_augmented_kinematic_action_neighbors_targetnorm_latent_quat,10
694,18,interaction,True,10,0.736421525949555,0.736421525949555,20.464067107824402,3.7936304533766148,27.788523809699438,5.151438842699553,3.090942055549981,0.3521872055217127,18,cube,r3v2_augmented_kinematic_action_neighbors_targetnorm_latent_quat,10
695,18,interaction,True,10,0.8138879731760336,0.8138879731760336,20.69713356258432,2.312724518332047,25.42995380779241,2.8415759841088524,1.0022732209534237,0.4165790411455664,18,cube,r3v2_augmented_kinematic_action_neighbors_targetnorm_latent_quat,10
696,18,static,True,10,1.5512814215000275,1.5512814215000275,21.062745100826028,3.911475820896957,13.577642849908685,2.5214482470335495,3.13256125645082,0.5856160009135125,18,cube,r3v2_augmented_kinematic_action_neighbors_targetnorm_latent_quat,10
697,18,transport_free,True,10,0.7489228659732186,0.7489228659732186,20.093849861393398,8.124689148484023,26.830332967977444,10.84849924821839,5.240953208997495,0.38998246859062835,18,cube,r3v2_augmented_kinematic_action_neighbors_targetnorm_latent_quat,10
698,18,transport_free,True,10,1.468278875574431,1.468278875574431,19.76351118377501,5.16743430141195,13.46032522332856,3.5193820379594496,4.256481717991934,1.3379336237242403,18,cube,r3v2_augmented_kinematic_action_neighbors_targetnorm_latent_quat,10
699,18,transport_free,True,10,2.2347424984233157,2.2347424984233157,19.733810364860663,2.1379002378832124,8.830462739570002,0.9566651367625448,1.7790649445742768,1.8268383988694612,18,cube,r3v2_augmented_kinematic_action_neighbors_targetnorm_latent_quat,10
700,18,transport_free,True,10,1.6354945425011107,1.6354945425011107,20.546135818109228,3.0452116419346646,12.56264407136979,1.8619515766024615,2.805827546833151,1.2166619481051977,18,cube,r3v2_augmented_kinematic_action_neighbors_targetnorm_latent_quat,10
701,18,transport_free,True,10,1.1581530164488618,1.1581530164488618,20.12198975276832,1.8808933100456633,17.374206574591092,1.624045599615907,1.3849348139039612,0.6165235430020299,18,cube,r3v2_augmented_kinematic_action_neighbors_targetnorm_latent_quat,10
702,18,transport_free,True,10,0.6504166118725732,0.6504166118725732,20.429890459976995,1.844276692057595,31.41046843984903,2.8355313477431876,1.0906886830495814,0.3629242317706546,18,cube,r3v2_augmented_kinematic_action_neighbors_targetnorm_latent_quat,10
703,18,transport_free,True,10,0.60188256376134,0.60188256376134,20.48970711550205,1.7592954573510364,34.04269927252234,2.9229879103934913,1.3955865617635144,0.3462236270847188,18,cube,r3v2_augmented_kinematic_action_neighbors_targetnorm_latent_quat,10
704,18,interaction,True,10,1.186170077711548,1.186170077711548,20.560745542495816,1.9895310869665037,17.333724673078258,1.6772730355876642,1.7154496394380352,0.34058132950594266,18,cube,r3v2_augmented_kinematic_action_neighbors_targetnorm_latent_quat,10
705,18,interaction,True,10,0.8091494892294322,0.8091494892294322,19.796791327603735,5.178813096789893,24.46617292739884,6.400316833570236,3.3961743479819457,0.38872974903753604,18,cube,r3v2_augmented_kinematic_action_neighbors_targetnorm_latent_quat,10
706,18,interaction,True,10,0.7960073731200875,0.7960073731200875,19.17979248367287,5.363260568523016,24.094993503005355,6.737702123914752,4.33447821252766,0.4180064035440313,18,cube,r3v2_augmented_kinematic_action_neighbors_targetnorm_latent_quat,10
707,18,interaction,True,10,0.9208767617099273,0.9208767617099273,18.903424733394424,9.566802181752541,20.52763792007701,10.388797480336514,7.6098736217060985,0.5088339882202304,18,cube,r3v2_augmented_kinematic_action_neighbors_targetnorm_latent_quat,10
708,18,interaction,True,10,1.0399369811717434,1.0399369811717434,19.844622629223608,7.171606944132691,19.082524218788514,6.8961937828695365,4.418777832188726,0.5669919638638212,18,cube,r3v2_augmented_kinematic_action_neighbors_targetnorm_latent_quat,10
709,18,interaction,True,10,1.2046113171166581,1.2046113171166581,19.57805638714165,9.663492146174463,16.252592109132287,8.022083147371445,8.142642729272666,0.7641159086052394,18,cube,r3v2_augmented_kinematic_action_neighbors_targetnorm_latent_quat,10
710,18,interaction,True,10,1.1189977284852841,1.1189977284852841,20.309408766675862,5.222642962304255,18.14964253248969,4.66725072746467,4.426487873788064,0.4715940171816603,18,cube,r3v2_augmented_kinematic_action_neighbors_targetnorm_latent_quat,10
711,18,interaction,True,10,0.862494732098644,0.862494732098644,20.475544340628588,3.3546170327186715,23.739906550857388,3.889434807973995,2.5025728646281977,0.36994390484033957,18,cube,r3v2_augmented_kinematic_action_neighbors_targetnorm_latent_quat,10
712,18,interaction,True,10,0.7633733587220219,0.7633733587220219,20.63927477043704,3.5821144781451526,27.03693354584662,4.692480340343603,2.850873248812602,0.3503078775220488,18,cube,r3v2_augmented_kinematic_action_neighbors_targetnorm_latent_quat,10
713,18,interaction,True,10,0.8216140208539796,0.8216140208539796,20.675945259790844,2.7851908514808557,25.165034596537698,3.3899018039954436,1.7993751599277594,0.41480367020136205,18,cube,r3v2_augmented_kinematic_action_neighbors_targetnorm_latent_quat,10
714,18,transport_free,True,10,0.8635035918446936,0.8635035918446936,19.907729379352343,7.536454924230652,23.054599387159087,8.72776326052171,5.3786842774234565,0.37152819649978774,18,cube,r3v2_augmented_kinematic_action_neighbors_targetnorm_latent_quat,10
715,18,transport_free,True,10,1.0996357808071227,1.0996357808071227,20.719939939697944,6.263684022847415,18.8425479611892,5.696144243551195,3.890728113025236,0.9379878848088566,18,cube,r3v2_augmented_kinematic_action_neighbors_targetnorm_latent_quat,10
716,18,transport_free,True,10,1.914175546731165,1.914175546731165,20.09626487196909,3.9253591618049013,10.498653013453993,2.050678773171161,3.7665977057573485,1.661345504019792,18,cube,r3v2_augmented_kinematic_action_neighbors_targetnorm_latent_quat,10
717,18,transport_free,True,10,2.2252410462098653,2.2252410462098653,20.396755440090992,2.434534805917688,9.166088085078108,1.0940544216835753,1.4771138149203165,1.7693899004572957,18,cube,r3v2_augmented_kinematic_action_neighbors_targetnorm_latent_quat,10
718,18,transport_free,True,10,1.527618982344979,1.527618982344979,20.181767052823016,2.8546200527452217,13.21125705170467,1.868672807641617,2.960943700013256,1.103866294320649,18,cube,r3v2_augmented_kinematic_action_neighbors_targetnorm_latent_quat,10
719,18,transport_free,True,10,0.9757579143090718,0.9757579143090718,20.102801318188625,1.6609593940582992,20.60224264993361,1.7022248753518072,1.208149017484812,0.4977599203520239,18,cube,r3v2_augmented_kinematic_action_neighbors_targetnorm_latent_quat,10
720,18,transport_free,True,10,0.6183957973177181,0.6183957973177181,20.18853455367768,2.098544926593215,32.646623151782606,3.39353038247611,1.5074772689491118,0.34931817014955335,18,cube,r3v2_augmented_kinematic_action_neighbors_targetnorm_latent_quat,10
721,18,transport_free,True,10,0.6458184504544306,0.6458184504544306,20.447799385281897,1.3627883842212936,31.661838355491064,2.1101725775446125,0.7501150087672486,0.3747236352572865,18,cube,r3v2_augmented_kinematic_action_neighbors_targetnorm_latent_quat,10
722,19,transport_free,True,10,0.8684138413424587,0.8684138413424587,20.67111544661088,2.073960345053618,23.80330029592335,2.3882165925033347,1.7669181729375119,0.5713092242896015,19,cube,r3v2_augmented_kinematic_action_neighbors_targetnorm_latent_quat,10
723,19,transport_free,True,10,0.5989496037716713,0.5989496037716713,20.925500154137268,1.967853418062587,34.9369964056515,3.2855075045892557,1.6924520269738994,0.4471339350965597,19,cube,r3v2_augmented_kinematic_action_neighbors_targetnorm_latent_quat,10
724,19,transport_free,True,10,0.7020592044248748,0.7020592044248748,21.169972301562,1.8841323761900362,30.1541125992421,2.6837229172623878,1.6099208878858544,0.36390962123663495,19,cube,r3v2_augmented_kinematic_action_neighbors_targetnorm_latent_quat,10
725,19,interaction,True,10,0.7916371345257327,0.7916371345257327,22.418497847666835,2.5627418772726234,28.31915895544451,3.237268396723145,2.2040231551027305,0.4319623551060945,19,cube,r3v2_augmented_kinematic_action_neighbors_targetnorm_latent_quat,10
726,19,interaction,True,10,0.8299296434443959,0.8299296434443959,20.608525393160164,5.226104010140986,24.831653569608765,6.297044636761583,3.6826546483596925,0.42007627992723995,19,cube,r3v2_augmented_kinematic_action_neighbors_targetnorm_latent_quat,10
727,19,interaction,True,10,0.9523669869127629,0.9523669869127629,19.662173409154967,11.505273590825155,20.645584821133692,12.080714418840982,10.464876986639878,0.7360455831237711,19,cube,r3v2_augmented_kinematic_action_neighbors_targetnorm_latent_quat,10
728,19,interaction,True,10,1.362374573527717,1.362374573527717,19.465947710468456,14.854171020144467,14.288249420321721,10.90314756952726,13.305138944910894,0.9509103856192309,19,cube,r3v2_augmented_kinematic_action_neighbors_targetnorm_latent_quat,10
729,19,interaction,True,10,1.389711051665582,1.389711051665582,20.032405996685277,5.1037124263452975,14.414799373349048,3.672498984755464,2.784130234696365,0.7517748665553621,19,cube,r3v2_augmented_kinematic_action_neighbors_targetnorm_latent_quat,10
730,19,interaction,True,10,1.2094631244955707,1.2094631244955707,20.23685482917125,5.623527451129407,16.732097423484003,4.6496063726414185,4.5815762886401465,0.5374616067588884,19,cube,r3v2_augmented_kinematic_action_neighbors_targetnorm_latent_quat,10
731,19,interaction,True,10,0.8543408841625832,0.8543408841625832,20.407676339896,3.666821759756978,23.887041716257567,4.291989096777408,2.514879232231829,0.34294131687649154,19,cube,r3v2_augmented_kinematic_action_neighbors_targetnorm_latent_quat,10
732,19,interaction,True,10,0.58993881861919,0.58993881861919,20.463525095997568,3.2800282027125673,34.68753784315206,5.559946386287645,2.295688529955795,0.31061078957821475,19,cube,r3v2_augmented_kinematic_action_neighbors_targetnorm_latent_quat,10
733,19,interaction,True,10,0.7405858257405507,0.7405858257405507,20.850989179614963,1.6906714995740462,28.15472353763315,2.2828839559323932,0.7377998676471687,0.4039072243097239,19,cube,r3v2_augmented_kinematic_action_neighbors_targetnorm_latent_quat,10
734,19,static,True,10,0.9668568720154678,0.9668568720154678,20.68150196420558,3.9299015095366063,21.390448330882545,4.064615584046587,2.6936059968942017,0.39990143106318954,19,cube,r3v2_augmented_kinematic_action_neighbors_targetnorm_latent_quat,10
735,19,transport_free,True,10,0.7042191674109874,0.7042191674109874,20.128027438532555,8.926641880139195,28.582049978179153,12.675942793430872,6.5939334748873755,0.3478207662833691,19,cube,r3v2_augmented_kinematic_action_neighbors_targetnorm_latent_quat,10
736,19,transport_free,True,10,1.2841283204829412,1.2841283204829412,20.496358755089254,6.392224430054899,15.961301085066705,4.97787045740949,6.332009054157223,1.0999850192715765,19,cube,r3v2_augmented_kinematic_action_neighbors_targetnorm_latent_quat,10
737,19,transport_free,True,10,1.6596198405484248,1.6596198405484248,19.820585440054575,2.1259292008821804,11.942846762729001,1.280973599459779,1.6443275182116965,1.430468457890032,19,cube,r3v2_augmented_kinematic_action_neighbors_targetnorm_latent_quat,10
738,19,transport_free,True,10,1.0552606530097566,1.0552606530097566,20.627040825052003,3.3456097136919407,19.54686812800296,3.170410745581934,3.073533606360347,0.7567798528617466,19,cube,r3v2_augmented_kinematic_action_neighbors_targetnorm_latent_quat,10
739,19,transport_free,True,10,0.9052911559701313,0.9052911559701313,20.057897794119604,2.192868407804508,22.156294869162938,2.422279720002985,1.8083079696774524,0.5151492159760228,19,cube,r3v2_augmented_kinematic_action_neighbors_targetnorm_latent_quat,10
740,19,transport_free,True,10,0.6069645198928373,0.6069645198928373,20.56523548735551,2.121294242507269,33.88210482383123,3.4949229699320723,1.7962753648487095,0.357134997021597,19,cube,r3v2_augmented_kinematic_action_neighbors_targetnorm_latent_quat,10
741,19,transport_free,True,10,0.5706414131855745,0.5706414131855745,20.831457675618765,1.907156307831066,36.5053380183683,3.342127409198134,1.6719366377529237,0.36234212748778283,19,cube,r3v2_augmented_kinematic_action_neighbors_targetnorm_latent_quat,10
742,19,interaction,True,10,0.7352786689394726,0.7352786689394726,20.903006719738734,1.3167349823610683,28.428686432435384,1.790797201094189,0.8478761218289353,0.3261768855397794,19,cube,r3v2_augmented_kinematic_action_neighbors_targetnorm_latent_quat,10
743,19,interaction,True,10,0.8973213877588597,0.8973213877588597,20.33798905607481,5.017467605123921,22.665222665505336,5.591605943613462,3.9098687132561696,0.37026084878683074,19,cube,r3v2_augmented_kinematic_action_neighbors_targetnorm_latent_quat,10
744,19,interaction,True,10,0.7437172158214356,0.7437172158214356,19.500519227186686,8.05455987204215,26.220341296857523,10.830137719947613,6.681725804844696,0.42014991336103186,19,cube,r3v2_augmented_kinematic_action_neighbors_targetnorm_latent_quat,10
745,19,interaction,True,10,1.0050823561727054,1.0050823561727054,19.780969552957103,7.312468544272505,19.680943985806174,7.275491903089371,5.619150487624649,0.6987139601108282,19,cube,r3v2_augmented_kinematic_action_neighbors_targetnorm_latent_quat,10
746,19,interaction,True,10,1.012759530905499,1.012759530905499,20.098656280394128,3.6684054910281763,19.84543780340838,3.6221880703983977,1.2569929340452874,0.6074771476221903,19,cube,r3v2_augmented_kinematic_action_neighbors_targetnorm_latent_quat,10
747,19,interaction,True,10,0.9726264633892717,0.9726264633892717,20.53057320834423,7.414906918215517,21.108384339864845,7.6235915814762985,7.052034749335587,0.6152862931349841,19,cube,r3v2_augmented_kinematic_action_neighbors_targetnorm_latent_quat,10
748,19,interaction,True,10,0.8039790500925152,0.8039790500925152,20.323311640083027,3.445090257469525,25.278409478138006,4.2850497871469315,2.48092740749691,0.38609191467488735,19,cube,r3v2_augmented_kinematic_action_neighbors_targetnorm_latent_quat,10
749,19,interaction,True,10,0.6256860534954283,0.6256860534954283,20.235163537630616,3.412672011673619,32.34076167206509,5.454288125184421,2.767711100391486,0.38913703997599575,19,cube,r3v2_augmented_kinematic_action_neighbors_targetnorm_latent_quat,10
750,19,interaction,True,10,0.7280858405953148,0.7280858405953148,20.804125518945334,3.0765206405138246,28.57372628196556,4.225491650817336,2.375764465234936,0.412209864523166,19,cube,r3v2_augmented_kinematic_action_neighbors_targetnorm_latent_quat,10
751,19,transport_free,True,10,1.0561244278354147,1.0561244278354147,20.77428640472327,5.086399763634031,19.67030196176914,4.81609896483399,4.5002486608441785,0.5058253361484698,19,cube,r3v2_augmented_kinematic_action_neighbors_targetnorm_latent_quat,10
752,19,transport_free,True,10,0.6780256308393497,0.6780256308393497,20.16288638118521,8.576533084483136,29.737646283703057,12.649275623793116,5.927731057762653,0.32104167409380224,19,cube,r3v2_augmented_kinematic_action_neighbors_targetnorm_latent_quat,10
753,19,transport_free,True,10,1.4146524943975591,1.4146524943975591,19.75888838380839,5.488683692690508,13.967308905939383,3.8798812531185667,5.546172895558779,1.2411049690761136,19,cube,r3v2_augmented_kinematic_action_neighbors_targetnorm_latent_quat,10
754,19,transport_free,True,10,1.963907315840244,1.963907315840244,21.074951029642083,4.379833001565275,10.731133215736971,2.230162781226462,3.8002984998225346,1.5474571707885065,19,cube,r3v2_augmented_kinematic_action_neighbors_targetnorm_latent_quat,10
755,19,transport_free,True,10,2.2767909516060714,2.2767909516060714,20.850452484531033,3.562990253578338,9.15782473126174,1.5649176096140793,3.4773537334847617,1.5507212771042207,19,cube,r3v2_augmented_kinematic_action_neighbors_targetnorm_latent_quat,10
756,19,transport_free,True,10,1.6115437765308271,1.6115437765308271,20.00259832637174,4.375376669012457,12.412072583862019,2.715021914223973,4.386876750089032,1.2065999948620385,19,cube,r3v2_augmented_kinematic_action_neighbors_targetnorm_latent_quat,10
757,19,transport_free,True,10,0.8179091190585596,0.8179091190585596,20.192273764593622,2.0695896157321934,24.687674087599852,2.5303417794318754,1.6747357655669355,0.4089122362953538,19,cube,r3v2_augmented_kinematic_action_neighbors_targetnorm_latent_quat,10
758,19,transport_free,True,10,0.6057492039704792,0.6057492039704792,20.537646449918945,1.5831899106814724,33.90453724957736,2.613606258669765,1.227447780306549,0.3964143058499328,19,cube,r3v2_augmented_kinematic_action_neighbors_targetnorm_latent_quat,10
759,19,static,True,10,0.6493274789688274,0.6493274789688274,20.60112060805505,1.5917593784530437,31.726857826455948,2.4513969145135475,1.1691022967949292,0.37717645732851857,19,cube,r3v2_augmented_kinematic_action_neighbors_targetnorm_latent_quat,10
760,20,transport_free,True,10,0.6931599263426131,0.6931599263426131,20.904351947853897,1.5983112776584796,30.158050333569562,2.3058333537713356,0.8777294352338686,0.4465355692072801,20,cube,r3v2_augmented_kinematic_action_neighbors_targetnorm_latent_quat,10
761,20,transport_free,True,10,0.5395303181627882,0.5395303181627882,21.394830640120887,1.9939557713117912,39.65454752009987,3.69572515980496,1.6781061836110591,0.36903818371768415,20,cube,r3v2_augmented_kinematic_action_neighbors_targetnorm_latent_quat,10
762,20,transport_free,True,10,0.5768709937221439,0.5768709937221439,21.50596797215682,1.563669855070645,37.28037673274902,2.7106057889674435,0.9662699204612663,0.38801109463023997,20,cube,r3v2_augmented_kinematic_action_neighbors_targetnorm_latent_quat,10
763,20,interaction,True,10,1.1934752576762637,1.1934752576762637,20.977830669992468,1.725676532832961,17.577097250291562,1.445925687804296,0.9095972002951045,0.3953018748952427,20,cube,r3v2_augmented_kinematic_action_neighbors_targetnorm_latent_quat,10
764,20,interaction,True,10,0.843484391285459,0.843484391285459,20.017630222161184,6.438647485642141,23.73206953083575,7.633392570347067,5.36060326996031,0.43570438763338687,20,cube,r3v2_augmented_kinematic_action_neighbors_targetnorm_latent_quat,10
765,20,interaction,True,10,1.1022024951571596,1.1022024951571596,19.451224168933308,13.392040423967998,17.647595840508252,12.150254134616588,11.41189988108055,0.7789005177268853,20,cube,r3v2_augmented_kinematic_action_neighbors_targetnorm_latent_quat,10
766,20,interaction,True,10,1.6095833819883247,1.6095833819883247,19.667489876558506,16.60705063005179,12.218994117759328,10.3176081561783,14.586422490550845,1.1276541990531401,20,cube,r3v2_augmented_kinematic_action_neighbors_targetnorm_latent_quat,10
767,20,interaction,True,10,1.931249824940088,1.931249824940088,19.169272910892545,7.314407241865014,9.925838005700387,3.7873956789054595,4.349246652722863,0.9504976629788283,20,cube,r3v2_augmented_kinematic_action_neighbors_targetnorm_latent_quat,10
768,20,interaction,True,10,1.7342075878610062,1.7342075878610062,19.884250258975364,5.89249284480504,11.465899698605778,3.397801327851942,4.080202453714966,0.7772480661578987,20,cube,r3v2_augmented_kinematic_action_neighbors_targetnorm_latent_quat,10
769,20,interaction,True,10,1.5987599204314837,1.5987599204314837,20.040864821535436,3.6128942312465737,12.535255960211135,2.2598103599391597,2.6845103297580306,0.4322035848681852,20,cube,r3v2_augmented_kinematic_action_neighbors_targetnorm_latent_quat,10
770,20,interaction,True,10,0.9487134995445063,0.9487134995445063,19.694431378128762,2.7876552186375183,20.75909258968529,2.9383530644139872,2.304373120673658,0.35316292127932986,20,cube,r3v2_augmented_kinematic_action_neighbors_targetnorm_latent_quat,10
771,20,interaction,True,10,0.8527949550542868,0.8527949550542868,21.4047099789125,2.4628767172065045,25.099480070857044,2.8880057305800126,1.5378976661246817,0.37815384673108454,20,cube,r3v2_augmented_kinematic_action_neighbors_targetnorm_latent_quat,10
772,20,transport_free,True,10,0.9029714946997247,0.9029714946997247,21.65697907094379,2.616160081414984,23.98412264181787,2.8972787034489556,2.160531258544569,0.5076942780009456,20,cube,r3v2_augmented_kinematic_action_neighbors_targetnorm_latent_quat,10
773,20,transport_free,True,10,0.8270617514990322,0.8270617514990322,20.71209335125186,7.759292904290776,25.042982961927112,9.381757638081098,5.383837121504698,0.37715785653443,20,cube,r3v2_augmented_kinematic_action_neighbors_targetnorm_latent_quat,10
774,20,transport_free,True,10,1.4160369900579406,1.4160369900579406,20.836074809271146,7.293160746247681,14.714357714919995,5.1504027066053295,5.261554031073173,0.9759852593486646,20,cube,r3v2_augmented_kinematic_action_neighbors_targetnorm_latent_quat,10
775,20,transport_free,True,10,1.803255654306435,1.803255654306435,21.37526428674998,4.366706212804315,11.853707063500819,2.421568013595848,2.6907762386481586,1.4547628856313803,20,cube,r3v2_augmented_kinematic_action_neighbors_targetnorm_latent_quat,10
776,20,transport_free,True,10,1.60535154055672,1.60535154055672,21.251966125225998,3.355393004620911,13.238200847806846,2.0901297440791655,2.9970426410232816,0.7827715447481515,20,cube,r3v2_augmented_kinematic_action_neighbors_targetnorm_latent_quat,10
777,20,transport_free,True,10,0.9409801795333212,0.9409801795333212,20.374718967242444,3.344947989733816,21.652654764043252,3.554748614782451,3.2988691852634004,0.6239073831092079,20,cube,r3v2_augmented_kinematic_action_neighbors_targetnorm_latent_quat,10
778,20,transport_free,True,10,0.648806992687776,0.648806992687776,21.053789847389343,2.054689913809966,32.450004523180304,3.1668738730729746,1.6374266754714373,0.3574890693139394,20,cube,r3v2_augmented_kinematic_action_neighbors_targetnorm_latent_quat,10
779,20,transport_free,True,10,0.6546351964616693,0.6546351964616693,20.621030740849505,1.964208666877559,31.500033686405864,3.0004629715820186,1.7124503475545763,0.4176724678868353,20,cube,r3v2_augmented_kinematic_action_neighbors_targetnorm_latent_quat,10
780,20,interaction,True,10,0.7978195145437375,0.7978195145437375,21.382533770273326,1.6955409841523592,26.801216792123363,2.125218740885295,0.7600758718075691,0.40803277634734203,20,cube,r3v2_augmented_kinematic_action_neighbors_targetnorm_latent_quat,10
781,20,interaction,True,10,2.2439915341052403,2.2439915341052403,20.86729827835476,3.2606498072726957,9.299187613323728,1.4530579807079502,2.5703896259972203,0.5717937934390319,20,cube,r3v2_augmented_kinematic_action_neighbors_targetnorm_latent_quat,10
782,20,interaction,True,10,0.8449950162539859,0.8449950162539859,18.192328840786047,4.782940530832134,21.5295102229548,5.6603180359995084,3.6477785157441933,0.33726234890582774,20,cube,r3v2_augmented_kinematic_action_neighbors_targetnorm_latent_quat,10
783,20,interaction,True,10,1.0354375286775515,1.0354375286775515,18.14205868314098,10.728631775559347,17.521152344470075,10.361447676386453,9.919292156690831,0.661112250394782,20,cube,r3v2_augmented_kinematic_action_neighbors_targetnorm_latent_quat,10
784,20,interaction,True,10,1.3599766810172096,1.3599766810172096,19.400479612894074,7.928523582767067,14.265303136215005,5.829896713256025,4.89055476709929,0.7710218753031657,20,cube,r3v2_augmented_kinematic_action_neighbors_targetnorm_latent_quat,10
785,20,interaction,True,10,1.1344917362114209,1.1344917362114209,19.158209587723668,8.438194604662243,16.887041990893263,7.437863437279127,7.6509223435063,0.5873169006822438,20,cube,r3v2_augmented_kinematic_action_neighbors_targetnorm_latent_quat,10
786,20,interaction,True,10,1.0157996382032364,1.0157996382032364,19.259087265162506,6.108703113219123,18.95953349543253,6.0136890027095316,5.700084220094019,0.4198678585274016,20,cube,r3v2_augmented_kinematic_action_neighbors_targetnorm_latent_quat,10
787,20,interaction,True,10,0.7966380275742463,0.7966380275742463,21.28874594905401,3.099125644262304,26.723235914155392,3.8902557209064024,2.371706509091864,0.32914654578401115,20,cube,r3v2_augmented_kinematic_action_neighbors_targetnorm_latent_quat,10
788,20,interaction,True,10,0.8457954262024963,0.8457954262024963,21.44609842580268,3.1303238363319545,25.356129580994164,3.70104133855,2.485055743171082,0.43639901298030337,20,cube,r3v2_augmented_kinematic_action_neighbors_targetnorm_latent_quat,10
789,20,interaction,True,10,0.9081426156738681,0.9081426156738681,21.674527580038248,2.5002959928511608,23.86687642001595,2.7531975151236225,1.9424201733319877,0.47182983360940955,20,cube,r3v2_augmented_kinematic_action_neighbors_targetnorm_latent_quat,10
790,20,transport_free,True,10,0.8190487690990628,0.8190487690990628,20.808207398857395,7.30790831930927,25.405333826148112,8.922433675528042,4.9186348498828485,0.38871116754431806,20,cube,r3v2_augmented_kinematic_action_neighbors_targetnorm_latent_quat,10
791,20,transport_free,True,10,0.7881832063520724,0.7881832063520724,20.77302716725001,7.430783275214123,26.3555820522912,9.427736109230013,5.51879878937214,0.35072812879325,20,cube,r3v2_augmented_kinematic_action_neighbors_targetnorm_latent_quat,10
792,20,transport_free,True,10,1.0145101747792005,1.0145101747792005,21.22797883652007,5.460151182047394,20.924362676934372,5.382056600108274,3.3315885683867927,0.7698446148590774,20,cube,r3v2_augmented_kinematic_action_neighbors_targetnorm_latent_quat,10
793,20,static,True,10,1.3099735232585612,1.3099735232585612,21.336426769917992,2.220033637317565,16.28767787370511,1.6947164182335746,1.6467838427302697,0.9208642806836234,20,cube,r3v2_augmented_kinematic_action_neighbors_targetnorm_latent_quat,10
794,20,transport_free,True,10,0.8528053535050788,0.8528053535050788,21.251666230415665,2.288072380993725,24.919714848259456,2.6829948611246595,1.7109666800314287,0.5408257589370675,20,cube,r3v2_augmented_kinematic_action_neighbors_targetnorm_latent_quat,10
795,20,transport_free,True,10,0.7223889045903222,0.7223889045903222,20.66382056985381,1.9871513335809552,28.60484212665556,2.7508054469744367,1.5670410231075036,0.45859697091216634,20,cube,r3v2_augmented_kinematic_action_neighbors_targetnorm_latent_quat,10
796,20,transport_free,True,10,0.6469088338340738,0.6469088338340738,21.123117205071686,2.0250434259765573,32.65238639559152,3.130338186873426,1.5656404352292588,0.41061842988110914,20,cube,r3v2_augmented_kinematic_action_neighbors_targetnorm_latent_quat,10
797,20,transport_free,True,10,0.6647934258217147,0.6647934258217147,19.36089037456224,1.2950312061856037,29.123167622530715,1.9480204765636582,1.0427755473085574,0.2905425325078489,20,cube,r3v2_augmented_kinematic_action_neighbors_targetnorm_latent_quat,10
798,21,transport_free,True,10,1.2047737398307596,1.2047737398307596,20.307608540041365,1.9624276495139732,16.855952174799288,1.6288765140163537,1.4586450656603616,0.7759379923296269,21,cube,r3v2_augmented_kinematic_action_neighbors_targetnorm_latent_quat,10
799,21,transport_free,True,10,0.707767937877285,0.707767937877285,20.89070319844327,2.375060405763552,29.51631753918947,3.355704996876176,1.9043877806964078,0.38261542302269724,21,cube,r3v2_augmented_kinematic_action_neighbors_targetnorm_latent_quat,10
800,21,transport_free,True,10,0.6806154165503607,0.6806154165503607,20.88230632566335,1.9288354013203832,30.68150649819759,2.833957848172931,1.284986042647588,0.4660424578260025,21,cube,r3v2_augmented_kinematic_action_neighbors_targetnorm_latent_quat,10
801,21,interaction,True,10,1.035662696778422,1.035662696778422,20.668553879098255,2.0671845330318455,19.95683917494641,1.9960017286150413,1.7664043035548442,0.46037079081977506,21,cube,r3v2_augmented_kinematic_action_neighbors_targetnorm_latent_quat,10
802,21,interaction,True,10,0.9300287144514177,0.9300287144514177,20.659510464716952,5.019770977963096,22.21384151230543,5.397436552186493,3.6414927057320874,0.3761576667974612,21,cube,r3v2_augmented_kinematic_action_neighbors_targetnorm_latent_quat,10
803,21,interaction,True,10,1.0144562862708142,1.0144562862708142,19.96328032643515,8.526879574587436,19.678797989237214,8.405369151915476,6.214725345324217,0.5707504217398814,21,cube,r3v2_augmented_kinematic_action_neighbors_targetnorm_latent_quat,10
804,21,interaction,True,10,1.4580586662201855,1.4580586662201855,20.30225316531495,14.733398253200162,13.924167549407132,10.104804830243525,12.34679770127005,0.9797192658416802,21,cube,r3v2_augmented_kinematic_action_neighbors_targetnorm_latent_quat,10
805,21,interaction,True,10,1.5362855203821435,1.5362855203821435,20.01879928827948,9.4281899932495,13.03065024221533,6.137003745829931,6.7613357545503385,0.8392084779115188,21,cube,r3v2_augmented_kinematic_action_neighbors_targetnorm_latent_quat,10
806,21,interaction,True,10,1.3254755967053324,1.3254755967053324,20.008342221271278,11.22714991514469,15.095217347648648,8.470280360537341,9.714324500841,0.6785237343303434,21,cube,r3v2_augmented_kinematic_action_neighbors_targetnorm_latent_quat,10
807,21,interaction,True,10,1.0881670067319411,1.0881670067319411,20.569350378870404,5.463699135016233,18.902751371451437,5.021011573788838,4.2446380577662755,0.5009064293906135,21,cube,r3v2_augmented_kinematic_action_neighbors_targetnorm_latent_quat,10
808,21,interaction,True,10,0.8326790876901922,0.8326790876901922,21.076038584521104,5.680475799206646,25.311117927778064,6.82192681812628,4.817141028988097,0.4455037912845393,21,cube,r3v2_augmented_kinematic_action_neighbors_targetnorm_latent_quat,10
809,21,interaction,True,10,0.8851541265486611,0.8851541265486611,21.747187166219465,3.39391572609409,24.568814078757978,3.834265270080634,2.7991823850237503,0.46337783565437185,21,cube,r3v2_augmented_kinematic_action_neighbors_targetnorm_latent_quat,10
810,21,transport_free,True,10,0.8557313164105969,0.8557313164105969,21.233837148748027,7.582678665376211,24.813673102223607,8.861050799428604,4.439565385478837,0.49776988448062365,21,cube,r3v2_augmented_kinematic_action_neighbors_targetnorm_latent_quat,10
811,21,transport_free,True,10,0.7952412069550214,0.7952412069550214,21.011790556013153,7.993879024875632,26.42190868914766,10.052143871523201,4.762068412036508,0.3654516701922239,21,cube,r3v2_augmented_kinematic_action_neighbors_targetnorm_latent_quat,10
812,21,transport_free,True,10,1.0244454570918209,1.0244454570918209,20.765994227938297,6.0067918080384795,20.270473244020685,5.863456923407579,2.965213511011803,0.7560373549891899,21,cube,r3v2_augmented_kinematic_action_neighbors_targetnorm_latent_quat,10
813,21,transport_free,True,10,1.1939770973226993,1.1939770973226993,21.120968614326387,1.7751597266058021,17.68959275825872,1.486761957650872,1.196835093908587,0.9234098752869799,21,cube,r3v2_augmented_kinematic_action_neighbors_targetnorm_latent_quat,10
814,21,transport_free,True,10,0.781064926285149,0.781064926285149,21.02200304684829,3.132619487970874,26.9145398025127,4.010703057516663,2.564403815998497,0.5703420802672693,21,cube,r3v2_augmented_kinematic_action_neighbors_targetnorm_latent_quat,10
815,21,transport_free,True,10,0.5960240843511588,0.5960240843511588,21.390110402305368,2.2362129279712075,35.88799675031753,3.7518835004890514,1.727162245428997,0.37900293482535136,21,cube,r3v2_augmented_kinematic_action_neighbors_targetnorm_latent_quat,10
816,21,transport_free,True,10,0.5724690523087546,0.5724690523087546,21.35787258836192,1.6991691633634938,37.30834444626502,2.968141520508023,1.2438127668221957,0.3777791178096511,21,cube,r3v2_augmented_kinematic_action_neighbors_targetnorm_latent_quat,10
817,21,transport_free,True,10,0.6218860245310596,0.6218860245310596,21.171615195140518,2.759049599816791,34.044204822105826,4.436584021802523,2.32148640268528,0.4003023033473033,21,cube,r3v2_augmented_kinematic_action_neighbors_targetnorm_latent_quat,10
818,21,interaction,True,10,0.9829504223895824,0.9829504223895824,21.26743236933153,2.561395920520049,21.636322529502305,2.605824121112047,2.391815071260435,0.43373049216977505,21,cube,r3v2_augmented_kinematic_action_neighbors_targetnorm_latent_quat,10
819,21,interaction,True,10,0.9582464137872718,0.9582464137872718,20.79189030684435,4.445968532893858,21.697853503744074,4.639692326446682,2.812084636636043,0.43415958212611233,21,cube,r3v2_augmented_kinematic_action_neighbors_targetnorm_latent_quat,10
820,21,interaction,True,10,0.794666592743648,0.794666592743648,19.93421285709791,5.673217376564988,25.085001734215975,7.1391164903230235,3.093511207156695,0.4958790220568521,21,cube,r3v2_augmented_kinematic_action_neighbors_targetnorm_latent_quat,10
821,21,interaction,True,10,1.057248877308738,1.057248877308738,19.050402172816064,15.703376197489739,18.01884360597241,14.853055448460916,13.927643011322472,0.6893967110761832,21,cube,r3v2_augmented_kinematic_action_neighbors_targetnorm_latent_quat,10
822,21,interaction,True,10,1.3224414601557768,1.3224414601557768,19.967457206987866,6.713597486344737,15.098934666367615,5.0766689404564715,5.176731751037948,0.6577340749164663,21,cube,r3v2_augmented_kinematic_action_neighbors_targetnorm_latent_quat,10
823,21,interaction,True,10,1.3412830270652858,1.3412830270652858,19.773828516687363,14.41212360077886,14.742472779926477,10.7450279396381,12.455166118190348,0.5984438604912381,21,cube,r3v2_augmented_kinematic_action_neighbors_targetnorm_latent_quat,10
824,21,interaction,True,10,1.1046784880877776,1.1046784880877776,20.354372006038425,5.02697992440314,18.425607292554673,4.550627154064483,3.471268634450259,0.37409359560806055,21,cube,r3v2_augmented_kinematic_action_neighbors_targetnorm_latent_quat,10
825,21,interaction,True,10,0.8166808303984874,0.8166808303984874,20.935308371912022,5.557955232108002,25.634626885630396,6.805541437033706,4.679615672186914,0.40511935124877196,21,cube,r3v2_augmented_kinematic_action_neighbors_targetnorm_latent_quat,10
826,21,interaction,True,10,0.8205593239797059,0.8205593239797059,21.346566773682298,3.812559468564361,26.01465384629551,4.646293518515492,3.211394365658174,0.3615317099252757,21,cube,r3v2_augmented_kinematic_action_neighbors_targetnorm_latent_quat,10
827,21,transport_free,True,10,0.9134542647454023,0.9134542647454023,21.448320279788444,4.56881192005174,23.480453381830248,5.001686560985249,3.7217911899282665,0.4139518692701292,21,cube,r3v2_augmented_kinematic_action_neighbors_targetnorm_latent_quat,10
828,21,transport_free,True,10,0.6692249830835952,0.6692249830835952,21.300645189199457,8.115722513680899,31.82882547368785,12.127046537154062,4.94047652214066,0.3286942988843228,21,cube,r3v2_augmented_kinematic_action_neighbors_targetnorm_latent_quat,10
829,21,transport_free,True,10,1.41450366426885,1.41450366426885,21.000287187830946,6.726742257646636,14.846399990547845,4.755549545446852,4.04810644526024,1.2711719877640313,21,cube,r3v2_augmented_kinematic_action_neighbors_targetnorm_latent_quat,10
830,21,transport_free,True,10,1.7316345540330205,1.7316345540330205,22.03991897550407,4.174536755188086,12.727811953262623,2.4107492804792354,4.0580520771210296,1.3932839033972912,21,cube,r3v2_augmented_kinematic_action_neighbors_targetnorm_latent_quat,10
831,21,transport_free,True,10,1.7609213871086946,1.7609213871086946,21.44837016197424,3.925560408114306,12.180197434702585,2.2292649955031734,3.355484460031784,1.1915791992918252,21,cube,r3v2_augmented_kinematic_action_neighbors_targetnorm_latent_quat,10
832,21,transport_free,True,10,1.1059808592465012,1.1059808592465012,20.591329850946543,3.496788835719788,18.618161136147787,3.161708275948041,3.177730644204047,0.947711502156406,21,cube,r3v2_augmented_kinematic_action_neighbors_targetnorm_latent_quat,10
833,21,transport_free,True,10,0.6020490951707471,0.6020490951707471,21.04475453218509,1.7798681419398525,34.95521328907004,2.9563504973544794,1.3177213917901012,0.3398401403175071,21,cube,r3v2_augmented_kinematic_action_neighbors_targetnorm_latent_quat,10
834,21,transport_free,True,10,0.5337495502452612,0.5337495502452612,21.509754132153468,1.7141016945986234,40.299339123132945,3.211434452377493,1.2705186881998995,0.3139927269389149,21,cube,r3v2_augmented_kinematic_action_neighbors_targetnorm_latent_quat,10
835,21,transport_free,True,10,0.5855171388375686,0.5855171388375686,21.109015137557776,1.500282895946789,36.05191673716956,2.56232106019187,0.9447694949049278,0.3826459783110572,21,cube,r3v2_augmented_kinematic_action_neighbors_targetnorm_latent_quat,10
836,22,transport_free,True,10,0.9964214156501245,0.9964214156501245,20.631226440003665,2.202172351325859,20.705322181923023,2.210081313727115,1.364618949776203,0.6842185061717836,22,cube,r3v2_augmented_kinematic_action_neighbors_targetnorm_latent_quat,10
837,22,transport_free,True,10,0.5962333402532387,0.5962333402532387,20.964255742832677,2.308840738144421,35.161159780042674,3.8723777794173424,1.9724610699726495,0.3654197541076386,22,cube,r3v2_augmented_kinematic_action_neighbors_targetnorm_latent_quat,10
838,22,transport_free,True,10,0.5461942105107453,0.5461942105107453,21.792775537722083,1.4698749777533506,39.89931624750049,2.6911214902458833,1.1479022848001503,0.3271989142567008,22,cube,r3v2_augmented_kinematic_action_neighbors_targetnorm_latent_quat,10
839,22,interaction,True,10,0.7436760979322925,0.7436760979322925,21.12455470082724,2.302986524685719,28.405585119061485,3.0967601770299105,1.9257229107544291,0.5066197768778343,22,cube,r3v2_augmented_kinematic_action_neighbors_targetnorm_latent_quat,10
840,22,interaction,True,10,0.6902125934581325,0.6902125934581325,18.70683657939079,5.758686686717455,27.103006749942075,8.343352093686148,4.2600405374576775,0.3570156929947207,22,cube,r3v2_augmented_kinematic_action_neighbors_targetnorm_latent_quat,10
841,22,interaction,True,10,1.2170922347343032,1.2170922347343032,19.257147427475388,15.95151004627641,15.822258065494363,13.106245846485658,14.371027608061024,1.0191780284720369,22,cube,r3v2_augmented_kinematic_action_neighbors_targetnorm_latent_quat,10
842,22,interaction,True,10,2.175993854639638,2.175993854639638,20.152684638552422,17.544117919657864,9.261370198993449,8.062576960982875,16.51142001154274,1.6460239031276105,22,cube,r3v2_augmented_kinematic_action_neighbors_targetnorm_latent_quat,10
843,22,interaction,True,10,3.0856331566617623,3.0856331566617623,19.79541556997067,17.66509410102282,6.415349642984338,5.724949533577758,16.90220920708814,1.6181296034163215,22,cube,r3v2_augmented_kinematic_action_neighbors_targetnorm_latent_quat,10
844,22,interaction,True,10,3.6685662526352956,3.6685662526352956,20.13109571651766,16.045669188383812,5.4874559515060115,4.37382565378436,15.687788598772187,1.5969049159411113,22,cube,r3v2_augmented_kinematic_action_neighbors_targetnorm_latent_quat,10
845,22,interaction,True,10,3.2481050453110045,3.2481050453110045,20.558260198423397,6.1792083750753255,6.329308908313017,1.9024041060481371,5.046559426797374,1.3367276964644523,22,cube,r3v2_augmented_kinematic_action_neighbors_targetnorm_latent_quat,10
846,22,interaction,True,10,2.750908671704357,2.750908671704357,20.36148828453261,5.711537397389495,7.401731832819232,2.076236647235129,4.622660466404266,1.2351637732457905,22,cube,r3v2_augmented_kinematic_action_neighbors_targetnorm_latent_quat,10
847,22,interaction,True,10,2.7987521706551544,2.7987521706551544,20.766008460789365,7.6402180796550905,7.41973822424166,2.7298658880062994,7.1804545932476005,1.4203398125255644,22,cube,r3v2_augmented_kinematic_action_neighbors_targetnorm_latent_quat,10
848,22,static,True,10,2.992356456441742,2.992356456441742,21.591455858848853,5.549483222449098,7.215536040958032,1.8545528593368434,5.050556660169207,1.155312598027817,22,cube,r3v2_augmented_kinematic_action_neighbors_targetnorm_latent_quat,10
849,22,transport_free,True,10,1.6312311272775353,1.6312311272775353,21.39129108271822,8.316562963602184,13.113586863940915,5.098335131381548,6.794504921790764,1.3532107117872476,22,cube,r3v2_augmented_kinematic_action_neighbors_targetnorm_latent_quat,10
850,22,transport_free,True,10,1.5247539295417876,1.5247539295417876,22.2757777581699,5.58447125419675,14.60942472525001,3.6625393422497825,4.193007633221036,1.2463581993319712,22,cube,r3v2_augmented_kinematic_action_neighbors_targetnorm_latent_quat,10
851,22,transport_free,True,10,2.1006621231970852,2.1006621231970852,23.050826029560213,3.7366685016545844,10.973124033139703,1.7788051016826985,2.541227037507377,1.6817020466432089,22,cube,r3v2_augmented_kinematic_action_neighbors_targetnorm_latent_quat,10
852,22,transport_free,True,10,1.7002915395943425,1.7002915395943425,21.543836992774544,3.2288912098345612,12.670672347116717,1.8990220998246652,2.885325956276437,1.0930996562567135,22,cube,r3v2_augmented_kinematic_action_neighbors_targetnorm_latent_quat,10
853,22,transport_free,True,10,1.1274560515380712,1.1274560515380712,20.85504763656771,2.9620631439869474,18.497437313070726,2.6272094064740816,2.697756666985639,0.7550060066769384,22,cube,r3v2_augmented_kinematic_action_neighbors_targetnorm_latent_quat,10
854,22,transport_free,True,10,0.7213927826241081,0.7213927826241081,20.460065638727187,1.9641302265864193,28.36189400773114,2.722691817683262,1.566585231716306,0.4557302136233856,22,cube,r3v2_augmented_kinematic_action_neighbors_targetnorm_latent_quat,10
855,22,transport_free,True,10,0.7922655764721861,0.7922655764721861,20.314574407504196,2.0567752132730375,25.641117083442253,2.5960678771776022,1.7039870829644985,0.4374295814840814,22,cube,r3v2_augmented_kinematic_action_neighbors_targetnorm_latent_quat,10
856,22,transport_free,True,10,1.0097426259738487,1.0097426259738487,20.612047772206008,2.1354424029736454,20.4131698929979,2.114838324185941,1.8082721091041807,0.4881582363877192,22,cube,r3v2_augmented_kinematic_action_neighbors_targetnorm_latent_quat,10
857,22,interaction,True,10,1.2025889666708833,1.2025889666708833,21.07249252790663,2.1515635320404733,17.52260590436101,1.789109655642882,1.526077451457776,0.40868473955953477,22,cube,r3v2_augmented_kinematic_action_neighbors_targetnorm_latent_quat,10
858,22,interaction,True,10,0.8517410337548461,0.8517410337548461,20.37432526805054,6.247284189822555,23.920798060217464,7.334722576745892,4.7330586152516405,0.3524310712437,22,cube,r3v2_augmented_kinematic_action_neighbors_targetnorm_latent_quat,10
859,22,interaction,True,10,1.0667211391704985,1.0667211391704985,20.513982954604106,11.35569278542531,19.230876938049757,10.645418346406542,9.981905396508868,0.6041582961494718,22,cube,r3v2_augmented_kinematic_action_neighbors_targetnorm_latent_quat,10
860,22,interaction,True,10,1.3842213451144647,1.3842213451144647,20.65017388748347,7.035523899016804,14.918259973643055,5.082658148458922,5.322838106533194,0.7194352932946131,22,cube,r3v2_augmented_kinematic_action_neighbors_targetnorm_latent_quat,10
861,22,interaction,True,10,1.4526680437975976,1.4526680437975976,20.632522692763843,6.764308514400128,14.203191693283095,4.656472305067522,6.321680218169688,0.7132661373903418,22,cube,r3v2_augmented_kinematic_action_neighbors_targetnorm_latent_quat,10
862,22,interaction,True,10,1.3360978301110662,1.3360978301110662,21.193593235128397,7.9280473611363895,15.862306455034531,5.933732682192406,7.3788626601155,0.617361724431738,22,cube,r3v2_augmented_kinematic_action_neighbors_targetnorm_latent_quat,10
863,22,interaction,True,10,1.1468200080573465,1.1468200080573465,21.489694059734028,2.3431944994428964,18.738506399218174,2.043210340750983,0.8646625750325122,0.38528607254177527,22,cube,r3v2_augmented_kinematic_action_neighbors_targetnorm_latent_quat,10
864,22,interaction,True,10,0.877592066895416,0.877592066895416,21.30081615835375,3.2912049278268576,24.27188777322004,3.7502674100848217,2.4526819931547585,0.3569900347093691,22,cube,r3v2_augmented_kinematic_action_neighbors_targetnorm_latent_quat,10
865,22,interaction,True,10,0.8541924285000281,0.8541924285000281,21.0146335831546,4.251646692461087,24.601755859691405,4.977387472196432,4.093061741144214,0.42359703731916465,22,cube,r3v2_augmented_kinematic_action_neighbors_targetnorm_latent_quat,10
866,22,transport_free,True,10,0.8890998604368058,0.8890998604368058,21.141545448102836,5.670727499840211,23.7785949462597,6.378054650750075,3.645196421767784,0.4368614833767761,22,cube,r3v2_augmented_kinematic_action_neighbors_targetnorm_latent_quat,10
867,22,transport_free,True,10,0.7718253177974196,0.7718253177974196,21.023702555516316,8.15157126030784,27.23893874784034,10.561419886523309,6.2754142552606735,0.34537786292471884,22,cube,r3v2_augmented_kinematic_action_neighbors_targetnorm_latent_quat,10
868,22,transport_free,True,10,1.380045027712728,1.380045027712728,22.120410920525092,6.748900278612767,16.028760276892722,4.890347882197962,4.962585947068492,1.159917895658318,22,cube,r3v2_augmented_kinematic_action_neighbors_targetnorm_latent_quat,10
869,22,transport_free,True,10,1.9389512969540588,1.9389512969540588,21.570237618758597,2.5504417045590513,11.124692844345166,1.3153717210770566,1.94000761092132,1.5320591362509621,22,cube,r3v2_augmented_kinematic_action_neighbors_targetnorm_latent_quat,10
870,22,transport_free,True,10,1.1928014303465617,1.1928014303465617,21.15358089827495,2.2310603538330445,17.734369158267103,1.8704373561866223,1.6477155565569366,0.8027112048103935,22,cube,r3v2_augmented_kinematic_action_neighbors_targetnorm_latent_quat,10
871,22,transport_free,True,10,0.9164002496866532,0.9164002496866532,20.66357151337961,2.0358786297700133,22.54863147456054,2.221604184924814,1.7191301418039726,0.5330306235442328,22,cube,r3v2_augmented_kinematic_action_neighbors_targetnorm_latent_quat,10
872,22,transport_free,True,10,0.7648085349414637,0.7648085349414637,21.095178870460362,2.0051435358460217,27.582300545423344,2.62175883798092,1.367618266293111,0.41421236404924133,22,cube,r3v2_augmented_kinematic_action_neighbors_targetnorm_latent_quat,10
873,22,transport_free,True,10,0.7148192605588106,0.7148192605588106,20.709376361969376,1.9883039383125927,28.971486226853767,2.781547795394089,1.6725402668564906,0.3982482542427423,22,cube,r3v2_augmented_kinematic_action_neighbors_targetnorm_latent_quat,10
874,23,transport_free,True,10,0.8790976532045975,0.8790976532045975,19.68053835088739,2.02366111645064,22.387203832413167,2.3019753369534492,1.259924460325138,0.49320817592390365,23,cube,r3v2_augmented_kinematic_action_neighbors_targetnorm_latent_quat,10
875,23,transport_free,True,10,0.6240821702506274,0.6240821702506274,19.798776386347676,2.577687258273033,31.724630713927645,4.130365168480699,1.8870123380622417,0.41114686008472356,23,cube,r3v2_augmented_kinematic_action_neighbors_targetnorm_latent_quat,10
876,23,transport_free,True,10,0.6122291895275788,0.6122291895275788,20.05895972206202,3.2141348192393364,32.76380817049958,5.249888235024362,2.813971457522131,0.4222651835625965,23,cube,r3v2_augmented_kinematic_action_neighbors_targetnorm_latent_quat,10
877,23,interaction,True,10,0.6983156860229802,0.6983156860229802,19.834376975542824,1.3944272436411964,28.403166895051122,1.996843650445092,0.9981029660933045,0.318814337037385,23,cube,r3v2_augmented_kinematic_action_neighbors_targetnorm_latent_quat,10
878,23,interaction,True,10,0.6175540819278535,0.6175540819278535,19.72573418686247,5.852022614937049,31.94171128346125,9.476129761248535,4.458919052332938,0.34978877654743945,23,cube,r3v2_augmented_kinematic_action_neighbors_targetnorm_latent_quat,10
879,23,interaction,True,10,0.9086973226496697,0.9086973226496697,19.405468658962718,8.034208212427007,21.355261180233622,8.841456898981573,6.564461350469973,0.5792766831875783,23,cube,r3v2_augmented_kinematic_action_neighbors_targetnorm_latent_quat,10
880,23,interaction,True,10,1.421870482456086,1.421870482456086,18.97242405704702,18.759232580312975,13.343285686805148,13.19334834767016,15.976895817970709,0.9025543770770323,23,cube,r3v2_augmented_kinematic_action_neighbors_targetnorm_latent_quat,10
881,23,interaction,True,10,2.055831339581527,2.055831339581527,18.68271589786748,17.506732925560573,9.087669566157322,8.515646487383611,14.20050937127943,1.0531956609420152,23,cube,r3v2_augmented_kinematic_action_neighbors_targetnorm_latent_quat,10
882,23,interaction,True,10,1.790946464082198,1.790946464082198,19.193229843725106,19.856540737731954,10.716808251195278,11.087177163560714,16.266263332710803,1.0150887399635553,23,cube,r3v2_augmented_kinematic_action_neighbors_targetnorm_latent_quat,10
883,23,interaction,True,10,1.5846651687647497,1.5846651687647497,19.697985751710092,9.63907440760401,12.43037717997217,6.082719932007903,8.719914357501038,0.5766503885298743,23,cube,r3v2_augmented_kinematic_action_neighbors_targetnorm_latent_quat,10
884,23,interaction,True,10,0.8691781781154486,0.8691781781154486,20.322973573225624,4.728655563756968,23.381826747295793,5.440375383111475,3.8861106616204864,0.4444697894952386,23,cube,r3v2_augmented_kinematic_action_neighbors_targetnorm_latent_quat,10
885,23,interaction,True,10,0.9255417225880169,0.9255417225880169,20.36049239964435,2.53429352379625,21.99845982384453,2.7381731821984334,1.6728761014869005,0.35959084795074553,23,cube,r3v2_augmented_kinematic_action_neighbors_targetnorm_latent_quat,10
886,23,static,True,10,0.8767707619232465,0.8767707619232465,19.985007789503754,4.4345050113504225,22.793880290516878,5.05777017657738,3.1437443506751004,0.3963293246672225,23,cube,r3v2_augmented_kinematic_action_neighbors_targetnorm_latent_quat,10
887,23,transport_free,True,10,0.7120511437959371,0.7120511437959371,20.242165657686222,9.053144459169427,28.427965932019223,12.714177258261548,7.042166342561982,0.38068320607420203,23,cube,r3v2_augmented_kinematic_action_neighbors_targetnorm_latent_quat,10
888,23,transport_free,True,10,1.5814564861762008,1.5814564861762008,21.076798529316488,6.228041436018039,13.327460295969331,3.9381680687761462,3.8517605408816413,1.4247335486113732,23,cube,r3v2_augmented_kinematic_action_neighbors_targetnorm_latent_quat,10
889,23,transport_free,True,10,2.079689060929459,2.079689060929459,20.592690508960274,2.4456072608526007,9.901812196750676,1.1759485140339223,1.8813551066139327,1.7254576340408447,23,cube,r3v2_augmented_kinematic_action_neighbors_targetnorm_latent_quat,10
890,23,transport_free,True,10,1.5686382001247456,1.5686382001247456,20.479153887953522,4.136154755462855,13.055371140601396,2.636780587858901,3.751471741607368,1.1659789052054839,23,cube,r3v2_augmented_kinematic_action_neighbors_targetnorm_latent_quat,10
891,23,transport_free,True,10,1.0732381599861547,1.0732381599861547,19.938355660836237,2.8334177700665104,18.577755063324854,2.6400643172276532,2.4221831980829513,0.6570857957238274,23,cube,r3v2_augmented_kinematic_action_neighbors_targetnorm_latent_quat,10
892,23,transport_free,True,10,0.6110942611550527,0.6110942611550527,19.941254048786664,2.1732675555150562,32.63204274099209,3.5563540580585387,1.4345797333708274,0.38631194128558566,23,cube,r3v2_augmented_kinematic_action_neighbors_targetnorm_latent_quat,10
893,23,transport_free,True,10,0.9181963695582542,0.9181963695582542,20.313966368335826,1.8010109750434302,22.12377116902445,1.9614660161528406,1.2994531136928977,0.38183331368669626,23,cube,r3v2_augmented_kinematic_action_neighbors_targetnorm_latent_quat,10
894,23,interaction,True,10,0.7361025683322702,0.7361025683322702,20.90283047336953,1.8382271970465478,28.396627552499147,2.4972432866404404,1.3716739648195109,0.3829775689647651,23,cube,r3v2_augmented_kinematic_action_neighbors_targetnorm_latent_quat,10
895,23,interaction,True,10,0.8881713925521776,0.8881713925521776,20.529831696624036,3.298749771915575,23.11471847526092,3.714091446287809,1.8052632673427211,0.502924455432872,23,cube,r3v2_augmented_kinematic_action_neighbors_targetnorm_latent_quat,10
896,23,interaction,True,10,0.8175807790824893,0.8175807790824893,19.44995063573444,6.057832735794961,23.789637835617523,7.409460802874086,4.3969400860052446,0.4290810523362716,23,cube,r3v2_augmented_kinematic_action_neighbors_targetnorm_latent_quat,10
897,23,interaction,True,10,0.9884153680304117,0.9884153680304117,17.92862511886375,10.205380224837846,18.138755930707177,10.3249914508855,9.247245114197172,0.5784389809081114,23,cube,r3v2_augmented_kinematic_action_neighbors_targetnorm_latent_quat,10
898,23,interaction,True,10,1.22311609441756,1.22311609441756,18.245689145486992,5.47690733581994,14.917381292554628,4.4778311403285125,4.337986288638918,0.6938723543499511,23,cube,r3v2_augmented_kinematic_action_neighbors_targetnorm_latent_quat,10
899,23,interaction,True,10,1.1774956040402942,1.1774956040402942,19.611954547468287,13.964445247463168,16.655649906610744,11.859445758903489,13.296597233851468,0.7357869166552793,23,cube,r3v2_augmented_kinematic_action_neighbors_targetnorm_latent_quat,10
900,23,interaction,True,10,1.0664287287514669,1.0664287287514669,20.274542127285436,5.378140163399592,19.011624106396756,5.043131358338506,3.9187966126894485,0.4413083133929355,23,cube,r3v2_augmented_kinematic_action_neighbors_targetnorm_latent_quat,10
901,23,interaction,True,10,0.800146320948204,0.800146320948204,20.179133040600043,4.1226094304309235,25.219303660219293,5.152319422709429,2.8484932779234744,0.3905530106132842,23,cube,r3v2_augmented_kinematic_action_neighbors_targetnorm_latent_quat,10
902,23,interaction,True,10,0.8395206694377015,0.8395206694377015,20.656426883353618,2.2612348673531804,24.605024790144817,2.6934832573779532,0.9707472706771281,0.3056313251800288,23,cube,r3v2_augmented_kinematic_action_neighbors_targetnorm_latent_quat,10
903,23,transport_free,True,10,0.8338009363456345,0.8338009363456345,20.27675416902937,4.202033060759653,24.318459341024383,5.039611827705828,3.574371658268641,0.40430881988989487,23,cube,r3v2_augmented_kinematic_action_neighbors_targetnorm_latent_quat,10
904,23,transport_free,True,10,0.7030566602845594,0.7030566602845594,19.963872849170194,8.674647272712882,28.39582351881838,12.338475350197028,6.485744162562259,0.38261787599855845,23,cube,r3v2_augmented_kinematic_action_neighbors_targetnorm_latent_quat,10
905,23,transport_free,True,10,0.9425131574775069,0.9425131574775069,21.229116594151044,6.944184606904216,22.523947199811563,7.367732271758698,4.746646844515131,0.6293819874936373,23,cube,r3v2_augmented_kinematic_action_neighbors_targetnorm_latent_quat,10
906,23,transport_free,True,10,1.7244065500650056,1.7244065500650056,21.351725554234584,4.490108283947775,12.382071706599397,2.603857126255122,4.102541443035453,1.3495371162625354,23,cube,r3v2_augmented_kinematic_action_neighbors_targetnorm_latent_quat,10
907,23,static,True,10,2.0389613893683065,2.0389613893683065,21.52602408698063,2.6537419514428118,10.557347578636415,1.3015165295822357,1.9185860138031083,1.6793164036023038,23,cube,r3v2_augmented_kinematic_action_neighbors_targetnorm_latent_quat,10
908,23,transport_free,True,10,1.40402743874904,1.40402743874904,21.03180347191816,4.41628260064771,14.979624251971224,3.145438955653551,4.4608666452449945,1.0966259841921588,23,cube,r3v2_augmented_kinematic_action_neighbors_targetnorm_latent_quat,10
909,23,transport_free,True,10,0.8778217302775635,0.8778217302775635,19.917858669476168,2.419581314761965,22.69009524653511,2.756347025035372,1.8148755206460303,0.43806168016015495,23,cube,r3v2_augmented_kinematic_action_neighbors_targetnorm_latent_quat,10
910,23,transport_free,True,10,0.5559502341119399,0.5559502341119399,20.489606404657273,2.217689454860818,36.85510887028733,3.9890071427045912,1.6258042809177617,0.38242687384331664,23,cube,r3v2_augmented_kinematic_action_neighbors_targetnorm_latent_quat,10
911,23,transport_free,True,10,0.6653461591610537,0.6653461591610537,20.730099100197762,1.8359302226492338,31.1568629573765,2.759360969279795,1.4604222102405737,0.4041143348989219,23,cube,r3v2_augmented_kinematic_action_neighbors_targetnorm_latent_quat,10
912,24,transport_free,True,10,0.8171599606169656,0.8171599606169656,20.78692850068142,2.2663023462190823,25.438016425801184,2.7733888778740416,1.8913242754036388,0.43888949217416084,24,cube,r3v2_augmented_kinematic_action_neighbors_targetnorm_latent_quat,10
913,24,transport_free,True,10,0.564548533405466,0.564548533405466,20.756729331554755,2.124792312851156,36.766952889499414,3.7637017672050224,1.7290800196048868,0.3975877841751284,24,cube,r3v2_augmented_kinematic_action_neighbors_targetnorm_latent_quat,10
914,24,transport_free,True,10,0.5017324926111411,0.5017324926111411,21.14884033056737,1.453789282251821,42.15162590029505,2.897538635949087,1.1266344183122146,0.30713151377367365,24,cube,r3v2_augmented_kinematic_action_neighbors_targetnorm_latent_quat,10
915,24,interaction,True,10,0.7534842710174768,0.7534842710174768,20.785250796333745,2.9985112038154504,27.585513853217034,3.979527269715098,2.8527947136121488,0.38686279671703866,24,cube,r3v2_augmented_kinematic_action_neighbors_targetnorm_latent_quat,10
916,24,interaction,True,10,0.7320577701159405,0.7320577701159405,19.823417227427406,5.647456781046538,27.079033973354107,7.7144960569875725,4.055949078591934,0.3898008446471237,24,cube,r3v2_augmented_kinematic_action_neighbors_targetnorm_latent_quat,10
917,24,interaction,True,10,0.9342665139984897,0.9342665139984897,18.92046169357699,11.428389929149851,20.2516748808655,12.232473023397182,10.409163262046345,0.66826086909277,24,cube,r3v2_augmented_kinematic_action_neighbors_targetnorm_latent_quat,10
918,24,interaction,True,10,1.6341919243519651,1.6341919243519651,18.974128407255307,18.19873253516105,11.610709932237276,11.136227186031233,16.189751553751435,1.0199099922917414,24,cube,r3v2_augmented_kinematic_action_neighbors_targetnorm_latent_quat,10
919,24,interaction,True,10,1.809211395177083,1.809211395177083,17.853475869907793,16.189198286306638,9.868098287187895,8.948207119114493,14.723156664646128,0.8744155990905975,24,cube,r3v2_augmented_kinematic_action_neighbors_targetnorm_latent_quat,10
920,24,interaction,True,10,1.4470425592170941,1.4470425592170941,18.942765252763277,14.827978830643543,13.09067596671935,10.247092413554203,14.208906577973526,0.7034678259671361,24,cube,r3v2_augmented_kinematic_action_neighbors_targetnorm_latent_quat,10
921,24,interaction,True,10,1.11477100853849,1.11477100853849,20.27815002236953,4.852234122579468,18.19041746426022,4.352673405940959,3.4579433300983236,0.4235135648470463,24,cube,r3v2_augmented_kinematic_action_neighbors_targetnorm_latent_quat,10
922,24,interaction,True,10,0.8107852588362443,0.8107852588362443,20.313885720787525,2.5918693376503317,25.054581961621917,3.196739592146206,1.3199498727761279,0.388846513338771,24,cube,r3v2_augmented_kinematic_action_neighbors_targetnorm_latent_quat,10
923,24,interaction,True,10,0.7205098911568046,0.7205098911568046,21.099439432985385,2.113728376876473,29.28403855651374,2.9336562937155604,1.3039426890959227,0.34824246879753085,24,cube,r3v2_augmented_kinematic_action_neighbors_targetnorm_latent_quat,10
924,24,static,True,10,0.8844212776621113,0.8844212776621113,20.809568132945,3.0293923085548533,23.52902249022461,3.4252820291284505,2.880630718248122,0.533926402380511,24,cube,r3v2_augmented_kinematic_action_neighbors_targetnorm_latent_quat,10
925,24,transport_free,True,10,0.5880346618195273,0.5880346618195273,20.258286438767612,7.925979716585653,34.45083726201339,13.478762785956656,6.32556480029989,0.344284175145624,24,cube,r3v2_augmented_kinematic_action_neighbors_targetnorm_latent_quat,10
926,24,transport_free,True,10,1.1376238879117793,1.1376238879117793,21.29554743866018,7.331841577549229,18.719321618457094,6.444873086312864,5.724770119777706,0.906544427166668,24,cube,r3v2_augmented_kinematic_action_neighbors_targetnorm_latent_quat,10
927,24,transport_free,True,10,1.555317297690228,1.555317297690228,21.495616777158165,3.201299997134205,13.820727647715932,2.0582938297467623,2.407867934819854,1.318208387757679,24,cube,r3v2_augmented_kinematic_action_neighbors_targetnorm_latent_quat,10
928,24,transport_free,True,10,1.1239664310861093,1.1239664310861093,22.338533316117978,2.379050112533899,19.874733531438164,2.1166558419676105,2.1313379118031404,0.7826998399900064,24,cube,r3v2_augmented_kinematic_action_neighbors_targetnorm_latent_quat,10
929,24,transport_free,True,10,0.8248840747504587,0.8248840747504587,21.093706337018922,2.2244786608224256,25.571722115498623,2.6967167010653803,1.8085959052262033,0.5528734494291883,24,cube,r3v2_augmented_kinematic_action_neighbors_targetnorm_latent_quat,10
930,24,transport_free,True,10,0.5714673168875899,0.5714673168875899,20.475438531921178,1.617129991461708,35.829588021651965,2.8297856127086347,0.9296091268013642,0.34343328358915615,24,cube,r3v2_augmented_kinematic_action_neighbors_targetnorm_latent_quat,10
931,24,transport_free,True,10,0.5102863566204323,0.5102863566204323,20.132363028920025,2.0517376588645986,39.45306937511389,4.020757428148816,1.555101767890821,0.37049960106852986,24,cube,r3v2_augmented_kinematic_action_neighbors_targetnorm_latent_quat,10
932,24,interaction,True,10,0.7262263290427506,0.7262263290427506,20.57947735121203,1.4462926304584136,28.33755336072452,1.991517757783297,1.0220857422019467,0.37472833077629897,24,cube,r3v2_augmented_kinematic_action_neighbors_targetnorm_latent_quat,10
933,24,interaction,True,10,1.1043691121118087,1.1043691121118087,20.577245979847305,5.639661662269663,18.632580134823638,5.106681815362736,4.38749966806978,0.36647927919386325,24,cube,r3v2_augmented_kinematic_action_neighbors_targetnorm_latent_quat,10
934,24,interaction,True,10,0.8682435923983405,0.8682435923983405,18.590228631281526,6.717275446026779,21.41130529962211,7.736625418071577,5.396094032760752,0.5346161623956938,24,cube,r3v2_augmented_kinematic_action_neighbors_targetnorm_latent_quat,10
935,24,interaction,True,10,1.1784072391512046,1.1784072391512046,18.7586552149726,14.780468079032216,15.918652390903741,12.54275057719303,13.405222293998515,0.8234020623232912,24,cube,r3v2_augmented_kinematic_action_neighbors_targetnorm_latent_quat,10
936,24,interaction,True,10,1.3440289201351703,1.3440289201351703,18.53730218345958,5.758929958403935,13.792338770206868,4.284825923109418,3.779811794106622,0.7533581104750352,24,cube,r3v2_augmented_kinematic_action_neighbors_targetnorm_latent_quat,10
937,24,interaction,True,10,1.293474160487535,1.293474160487535,19.60345146894369,12.695107679373844,15.155657583105313,9.814736209797045,11.552183011599944,0.7531537895526024,24,cube,r3v2_augmented_kinematic_action_neighbors_targetnorm_latent_quat,10
938,24,interaction,True,10,1.0608072006766944,1.0608072006766944,20.14230454785705,5.54143974190168,18.98771476570688,5.223795368627557,4.209198912940047,0.42448120051002897,24,cube,r3v2_augmented_kinematic_action_neighbors_targetnorm_latent_quat,10
939,24,interaction,True,10,0.7249773236189188,0.7249773236189188,20.435425003496576,2.5907016776001415,28.187674755794664,3.573493395169878,1.817990474908815,0.40289895747464943,24,cube,r3v2_augmented_kinematic_action_neighbors_targetnorm_latent_quat,10
940,24,interaction,True,10,0.7584975516164212,0.7584975516164212,20.652069307966514,3.0883299597988554,27.227601808279065,4.0716413035445775,2.442176864148337,0.47054359389793277,24,cube,r3v2_augmented_kinematic_action_neighbors_targetnorm_latent_quat,10
941,24,interaction,True,10,0.7226417908639654,0.7226417908639654,20.276872608105155,2.4728229091035585,28.059368921720996,3.4219207086641603,2.2673594204313074,0.362979422165662,24,cube,r3v2_augmented_kinematic_action_neighbors_targetnorm_latent_quat,10
942,24,transport_free,True,10,0.7441534648495987,0.7441534648495987,19.88830885958,6.829708046800491,26.726085141053048,9.177822007696824,4.7862224259103305,0.3908306069080195,24,cube,r3v2_augmented_kinematic_action_neighbors_targetnorm_latent_quat,10
943,24,transport_free,True,10,0.9819431608507277,0.9819431608507277,20.862725287697714,7.350916129292706,21.246367528669214,7.486091275307707,5.533623444730443,0.8271439607065623,24,cube,r3v2_augmented_kinematic_action_neighbors_targetnorm_latent_quat,10
944,24,transport_free,True,10,1.7356735912664927,1.7356735912664927,21.388051630403197,5.3866534616435295,12.322623181007602,3.103494509997687,4.553867899464534,1.461943974434496,24,cube,r3v2_augmented_kinematic_action_neighbors_targetnorm_latent_quat,10
945,24,transport_free,True,10,1.8409276260622247,1.8409276260622247,21.204455258732906,1.9965456313462635,11.518353550970167,1.0845323863257506,1.397889126489734,1.480283739343079,24,cube,r3v2_augmented_kinematic_action_neighbors_targetnorm_latent_quat,10
946,24,transport_free,True,10,1.3132804672734537,1.3132804672734537,20.59262147297447,2.7246999290086995,15.68029220424447,2.0747281307438783,2.2474743995854443,1.018812580403979,24,cube,r3v2_augmented_kinematic_action_neighbors_targetnorm_latent_quat,10
947,24,transport_free,True,10,0.7232912499781294,0.7232912499781294,20.06049213448168,2.284509001290246,27.735012880479697,3.158491135292075,1.7316804797487146,0.46496735667216804,24,cube,r3v2_augmented_kinematic_action_neighbors_targetnorm_latent_quat,10
948,24,transport_free,True,10,0.5240315813680989,0.5240315813680989,21.409762093570478,1.7409686840326353,40.855862231958646,3.3222590888271584,1.2571092567930944,0.3416794177839811,24,cube,r3v2_augmented_kinematic_action_neighbors_targetnorm_latent_quat,10
949,24,static,True,10,0.5709632835385323,0.5709632835385323,21.106315318255916,1.4514561001404032,36.96615163666917,2.542118104591658,1.0377263226135618,0.33569156057130506,24,cube,r3v2_augmented_kinematic_action_neighbors_targetnorm_latent_quat,10
950,25,transport_free,True,10,1.0632371566085586,1.0632371566085586,21.52468475433909,2.0045337632767466,20.244481318727672,1.8853119934885194,1.2850357113651893,0.782254725565321,25,cube,r3v2_augmented_kinematic_action_neighbors_targetnorm_latent_quat,10
951,25,transport_free,True,10,0.637961436389489,0.637961436389489,20.21054054514086,1.7800099930060043,31.679878112259274,2.7901529645426253,1.2204579930733925,0.333190855732321,25,cube,r3v2_augmented_kinematic_action_neighbors_targetnorm_latent_quat,10
952,25,transport_free,True,10,0.6893455046050176,0.6893455046050176,20.64064065694793,1.6529301117639834,29.942373626958865,2.3978253295654435,0.9760307357019062,0.4196412050470345,25,cube,r3v2_augmented_kinematic_action_neighbors_targetnorm_latent_quat,10
953,25,interaction,True,10,0.745412548785968,0.745412548785968,20.504648336722557,1.5242221526517907,27.507785279598377,2.0448034516379523,1.2423046203587371,0.3314704027860178,25,cube,r3v2_augmented_kinematic_action_neighbors_targetnorm_latent_quat,10
954,25,interaction,True,10,0.8306003056028874,0.8306003056028874,19.572752864148924,5.583470171146769,23.564586639469308,6.7222105909219865,3.654160031821027,0.3727416149455426,25,cube,r3v2_augmented_kinematic_action_neighbors_targetnorm_latent_quat,10
955,25,interaction,True,10,0.8566186578409201,0.8566186578409201,20.40318711135704,7.8349461031439045,23.81828474619339,9.146364057597854,4.3140289191999885,0.4923580935625335,25,cube,r3v2_augmented_kinematic_action_neighbors_targetnorm_latent_quat,10
956,25,interaction,True,10,1.3355695513645318,1.3355695513645318,20.453438798001706,9.594233059551781,15.314394354906286,7.183626678033723,6.442154929835997,0.993623552476638,25,cube,r3v2_augmented_kinematic_action_neighbors_targetnorm_latent_quat,10
957,25,interaction,True,10,1.9430775575562471,1.9430775575562471,19.970538406850444,6.98863504701203,10.277787589686753,3.5966835290925987,5.4297347970277885,0.7867376169725057,25,cube,r3v2_augmented_kinematic_action_neighbors_targetnorm_latent_quat,10
958,25,interaction,True,10,1.6400315681325792,1.6400315681325792,19.92718370727993,9.197385954736934,12.1504878896752,5.608054218864537,8.596497188685401,0.7190379198454815,25,cube,r3v2_augmented_kinematic_action_neighbors_targetnorm_latent_quat,10
959,25,interaction,True,10,1.2092516244925902,1.2092516244925902,20.66711656765732,3.6065636723955556,17.090832171781763,2.9824757720783657,2.7806914381750385,0.3830092348432141,25,cube,r3v2_augmented_kinematic_action_neighbors_targetnorm_latent_quat,10
960,25,interaction,True,10,0.6973480667118565,0.6973480667118565,20.720777524009826,2.765257930520944,29.713680317079923,3.9653912622999297,1.6650910381625565,0.36646203530125876,25,cube,r3v2_augmented_kinematic_action_neighbors_targetnorm_latent_quat,10
961,25,interaction,True,10,0.7477406913995668,0.7477406913995668,21.239638179784045,4.639424978371952,28.40508537796603,6.204590751491955,4.352036714255851,0.4120887874667267,25,cube,r3v2_augmented_kinematic_action_neighbors_targetnorm_latent_quat,10
962,25,transport_free,True,10,1.4932422235704812,1.4932422235704812,20.959415450128297,4.217801249674041,14.036179207424489,2.8245928109298206,3.0596055478797215,0.387731779761467,25,cube,r3v2_augmented_kinematic_action_neighbors_targetnorm_latent_quat,10
963,25,transport_free,True,10,0.6536532887092958,0.6536532887092958,20.65556344578521,8.41287180869243,31.600182853163176,12.870541545510298,6.519652545437705,0.3270071365826297,25,cube,r3v2_augmented_kinematic_action_neighbors_targetnorm_latent_quat,10
964,25,transport_free,True,10,1.3395627659595961,1.3395627659595961,21.608950068708367,6.641032059960944,16.13134570310992,4.95761171385175,4.525850749881144,1.162730806382121,25,cube,r3v2_augmented_kinematic_action_neighbors_targetnorm_latent_quat,10
965,25,static,True,10,1.6775129628093228,1.6775129628093228,21.3243321349742,2.917796794141938,12.711873235997201,1.7393587166417588,2.252945601288186,1.4042555356928241,25,cube,r3v2_augmented_kinematic_action_neighbors_targetnorm_latent_quat,10
966,25,transport_free,True,10,1.073896627145536,1.073896627145536,21.15780542349647,2.910026875538132,19.701901364319244,2.709783047995141,2.2235606690657077,0.7945843731960529,25,cube,r3v2_augmented_kinematic_action_neighbors_targetnorm_latent_quat,10
967,25,transport_free,True,10,0.6559110276963622,0.6559110276963622,20.923888033189662,1.5069710124807876,31.900497399284248,2.297523518964835,1.0875069540276878,0.35578832815524875,25,cube,r3v2_augmented_kinematic_action_neighbors_targetnorm_latent_quat,10
968,25,transport_free,True,10,0.7171981105044593,0.7171981105044593,20.746127470983282,2.4194494619348603,28.92663431083355,3.373474395007929,1.9498334853771535,0.44841376532414373,25,cube,r3v2_augmented_kinematic_action_neighbors_targetnorm_latent_quat,10
969,25,transport_free,True,10,0.6203277891254839,0.6203277891254839,21.382617235773672,1.1347294245081612,34.4698683673645,1.8292416435314987,0.748218639445766,0.3589420245336754,25,cube,r3v2_augmented_kinematic_action_neighbors_targetnorm_latent_quat,10
970,25,interaction,True,10,1.008897906564194,1.008897906564194,21.107309108748016,2.0829073147266026,20.921154629638437,2.064537255132139,1.6205446342292047,0.3575633251611071,25,cube,r3v2_augmented_kinematic_action_neighbors_targetnorm_latent_quat,10
971,25,interaction,True,10,0.7140252609398992,0.7140252609398992,20.224711247089367,5.418416551059604,28.324923995639587,7.58855022009604,3.9842558348074424,0.3477303832469344,25,cube,r3v2_augmented_kinematic_action_neighbors_targetnorm_latent_quat,10
972,25,interaction,True,10,0.812683740589951,0.812683740589951,19.782534871743003,9.769513225722989,24.342230419649198,12.021297754315858,7.916938027079675,0.4740441008330258,25,cube,r3v2_augmented_kinematic_action_neighbors_targetnorm_latent_quat,10
973,25,interaction,True,10,1.1142125445656101,1.1142125445656101,19.483442289178043,9.126390131048762,17.486288755413277,8.190887973359517,8.049700571519939,0.6931651263464192,25,cube,r3v2_augmented_kinematic_action_neighbors_targetnorm_latent_quat,10
974,25,interaction,True,10,1.1412874821215753,1.1412874821215753,19.656186759162978,3.372999320819263,17.222818147994992,2.9554335552240425,1.5040886978548509,0.6773784149510755,25,cube,r3v2_augmented_kinematic_action_neighbors_targetnorm_latent_quat,10
975,25,interaction,True,10,1.0336935059782755,1.0336935059782755,20.821620716150235,6.571972936562785,20.142934627846866,6.357757786572478,6.301131551525276,0.5813287195042497,25,cube,r3v2_augmented_kinematic_action_neighbors_targetnorm_latent_quat,10
976,25,interaction,True,10,0.934506254894675,0.934506254894675,20.195106299282717,4.765246474821769,21.610455995887197,5.099213033473857,4.1716986318273825,0.37696887853321526,25,cube,r3v2_augmented_kinematic_action_neighbors_targetnorm_latent_quat,10
977,25,interaction,True,10,0.8589239601893777,0.8589239601893777,20.990189143921995,4.703725560541734,24.437773443057786,5.476300322911757,3.782412675127452,0.4213561268541963,25,cube,r3v2_augmented_kinematic_action_neighbors_targetnorm_latent_quat,10
978,25,interaction,True,10,0.8247224410395727,0.8247224410395727,21.217121126871454,3.6177628424692587,25.726377834616716,4.386642902440031,3.199686275010145,0.34590648550223246,25,cube,r3v2_augmented_kinematic_action_neighbors_targetnorm_latent_quat,10
979,25,static,True,10,1.587795964727858,1.587795964727858,21.09596346300531,4.730499017992043,13.28631885433786,2.9792864593926796,3.7212870206948763,0.4389691733967287,25,cube,r3v2_augmented_kinematic_action_neighbors_targetnorm_latent_quat,10
980,25,transport_free,True,10,0.8423863442868935,0.8423863442868935,20.563029212233804,8.003628238318033,24.410449375982054,9.501137206934848,5.939133322690116,0.393952127999159,25,cube,r3v2_augmented_kinematic_action_neighbors_targetnorm_latent_quat,10
981,25,transport_free,True,10,1.2524000777657833,1.2524000777657833,21.209831799222478,4.853662399584971,16.935348516633532,3.8754887401824925,3.492759727307529,1.1478723524722219,25,cube,r3v2_augmented_kinematic_action_neighbors_targetnorm_latent_quat,10
982,25,transport_free,True,10,2.1131185395182923,2.1131185395182923,21.19645922548417,2.9207769192405793,10.030889810051132,1.3822115818956382,2.7090636854842325,1.8958883100559074,25,cube,r3v2_augmented_kinematic_action_neighbors_targetnorm_latent_quat,10
983,25,transport_free,True,10,1.8599252376936146,1.8599252376936146,21.213836972304865,2.3866243574788233,11.405747146380417,1.2831829522558325,2.3804718131560865,0.9839733828168,25,cube,r3v2_augmented_kinematic_action_neighbors_targetnorm_latent_quat,10
984,25,transport_free,True,10,1.1455642352362339,1.1455642352362339,20.73151658759963,2.204367364002551,18.097210047173352,1.9242634294950514,1.8967439653192306,0.8412221100653168,25,cube,r3v2_augmented_kinematic_action_neighbors_targetnorm_latent_quat,10
985,25,transport_free,True,10,0.6396194421145354,0.6396194421145354,20.63305312411343,1.8240593144623376,32.258327007543826,2.851788414110944,1.4127292905169722,0.3468131257992042,25,cube,r3v2_augmented_kinematic_action_neighbors_targetnorm_latent_quat,10
986,25,transport_free,True,10,0.5422697439014734,0.5422697439014734,20.92456552126105,2.768807552029367,38.58700537248284,5.1059598717579195,2.5796537460694884,0.33490827593902084,25,cube,r3v2_augmented_kinematic_action_neighbors_targetnorm_latent_quat,10
987,25,static,True,10,0.6318987430235132,0.6318987430235132,21.221008887658876,2.641045108789694,33.58292625511558,4.179538475029724,2.327344375005088,0.3477805263499063,25,cube,r3v2_augmented_kinematic_action_neighbors_targetnorm_latent_quat,10
988,26,transport_free,True,10,0.8769863979497389,0.8769863979497389,20.051004330551535,2.3488836961046835,22.86352944290555,2.678358183885197,1.8437722897488116,0.5942548505309551,26,cube,r3v2_augmented_kinematic_action_neighbors_targetnorm_latent_quat,10
989,26,transport_free,True,10,0.5501792941320696,0.5501792941320696,20.121411450573735,2.19073694665623,36.57246222309418,3.9818600409384866,1.5221168044323652,0.3460569649780957,26,cube,r3v2_augmented_kinematic_action_neighbors_targetnorm_latent_quat,10
990,26,transport_free,True,10,0.5761492401747295,0.5761492401747295,21.099331704055782,1.7706136449691783,36.621295721325545,3.0731857676879035,1.1070952723098988,0.38084533984345714,26,cube,r3v2_augmented_kinematic_action_neighbors_targetnorm_latent_quat,10
991,26,interaction,True,10,0.8056494242322756,0.8056494242322756,20.781873083643845,1.6044909097131652,25.795181450601092,1.9915497503670738,0.8381193721947873,0.3870796883770704,26,cube,r3v2_augmented_kinematic_action_neighbors_targetnorm_latent_quat,10
992,26,interaction,True,10,1.2289645813618923,1.2289645813618923,20.89462793780843,4.987968085917672,17.001814580086425,4.058675214537259,3.7773613945091276,0.4404653495707498,26,cube,r3v2_augmented_kinematic_action_neighbors_targetnorm_latent_quat,10
993,26,interaction,True,10,1.2682797688150267,1.2682797688150267,18.623862211254327,13.227126245704573,14.684348571336818,10.42918650201515,12.049751648983642,0.9594261489371311,26,cube,r3v2_augmented_kinematic_action_neighbors_targetnorm_latent_quat,10
994,26,interaction,True,10,2.0187751484848233,2.0187751484848233,19.02262851102854,17.984658312661047,9.422856490632864,8.908698091592468,16.997075224783057,1.3174028792439607,26,cube,r3v2_augmented_kinematic_action_neighbors_targetnorm_latent_quat,10
995,26,interaction,True,10,2.6605167077555243,2.6605167077555243,19.468340186271796,19.562278297312336,7.317503449431729,7.3528116701118345,19.089941281025165,1.4802253154521545,26,cube,r3v2_augmented_kinematic_action_neighbors_targetnorm_latent_quat,10
996,26,interaction,True,10,2.5966544080558647,2.5966544080558647,18.773161309300097,20.599528989096314,7.229749654423866,7.933103814349843,19.327415433139986,1.3584865231185965,26,cube,r3v2_augmented_kinematic_action_neighbors_targetnorm_latent_quat,10
997,26,interaction,True,10,2.2128035400869135,2.2128035400869135,18.07404540914339,7.452880384894495,8.16793948568678,3.368071430598744,6.092191620831579,0.7359825746854356,26,cube,r3v2_augmented_kinematic_action_neighbors_targetnorm_latent_quat,10
998,26,interaction,True,10,1.099513291877138,1.099513291877138,19.366842546235127,3.477805739308011,17.614014027216708,3.163041106461338,2.831316638971612,0.47449470940130006,26,cube,r3v2_augmented_kinematic_action_neighbors_targetnorm_latent_quat,10
999,26,interaction,True,10,0.8587426086074628,0.8587426086074628,21.508769100468236,1.9517869508642294,25.046817154382104,2.272842795152843,1.1825346618491928,0.38052705307995804,26,cube,r3v2_augmented_kinematic_action_neighbors_targetnorm_latent_quat,10
1000,26,static,True,10,1.6854607555626877,1.6854607555626877,22.133121297467405,4.096464457095909,13.131792730515583,2.4304715749541805,3.0216405388030716,0.34488230201598613,26,cube,r3v2_augmented_kinematic_action_neighbors_targetnorm_latent_quat,10
1001,26,transport_free,True,10,0.7116763477467798,0.7116763477467798,21.42454770064579,7.242394509129046,30.104341346284023,10.176528322261944,5.240346041543248,0.4376365580518571,26,cube,r3v2_augmented_kinematic_action_neighbors_targetnorm_latent_quat,10
1002,26,transport_free,True,10,1.1979299108425794,1.1979299108425794,22.07845156350725,6.73359619488269,18.43050362435486,5.621026851351035,5.213565148003608,0.8943145871283391,26,cube,r3v2_augmented_kinematic_action_neighbors_targetnorm_latent_quat,10
1003,26,static,True,10,1.449928818401109,1.449928818401109,21.8132055949567,2.5638638293300042,15.044328602979931,1.7682687569154418,2.2153683795458634,1.126075068760049,26,cube,r3v2_augmented_kinematic_action_neighbors_targetnorm_latent_quat,10
1004,26,transport_free,True,10,0.9049716559182728,0.9049716559182728,21.404944091814052,2.4494582992161167,23.65261271094121,2.7066685273481372,1.9988717863421837,0.5404273243785883,26,cube,r3v2_augmented_kinematic_action_neighbors_targetnorm_latent_quat,10
1005,26,transport_free,True,10,0.7793067473716008,0.7793067473716008,21.167051854342215,2.0478024446874388,27.161386611540557,2.6277232316981016,1.6782246288451317,0.5140800602310551,26,cube,r3v2_augmented_kinematic_action_neighbors_targetnorm_latent_quat,10
1006,26,transport_free,True,10,0.5816590725276195,0.5816590725276195,21.067280664227205,1.7365678954036063,36.21929349898836,2.9855425238315134,1.2181420741462061,0.3924151129648621,26,cube,r3v2_augmented_kinematic_action_neighbors_targetnorm_latent_quat,10
1007,26,transport_free,True,10,0.6038809218571617,0.6038809218571617,21.238586309654607,1.6269877474288972,35.170156136640216,2.694219486890389,1.2660662272969032,0.4418457291610249,26,cube,r3v2_augmented_kinematic_action_neighbors_targetnorm_latent_quat,10
1008,26,interaction,True,10,0.8550758372540114,0.8550758372540114,21.738304496215967,2.086243788200778,25.422662586310835,2.4398348044783216,1.695829001058821,0.44536787949668005,26,cube,r3v2_augmented_kinematic_action_neighbors_targetnorm_latent_quat,10
1009,26,interaction,True,10,0.8582601552516939,0.8582601552516939,21.451632757380384,5.085390156041699,24.994324420302917,5.925231557033373,3.5794211812991263,0.4626766116963835,26,cube,r3v2_augmented_kinematic_action_neighbors_targetnorm_latent_quat,10
1010,26,interaction,True,10,0.8103948562302444,0.8103948562302444,20.359675989014125,6.839067719133736,25.12315549943429,8.439179575925962,5.493890030558821,0.4591167743261021,26,cube,r3v2_augmented_kinematic_action_neighbors_targetnorm_latent_quat,10
1011,26,interaction,True,10,1.0057128266057669,1.0057128266057669,18.97957416998625,12.446788440304974,18.87176305988004,12.376086006889556,11.267753373552795,0.641323058113183,26,cube,r3v2_augmented_kinematic_action_neighbors_targetnorm_latent_quat,10
1012,26,interaction,True,10,1.2255682767547698,1.2255682767547698,19.460364146830493,4.92517787246598,15.878645454466522,4.018689097850633,2.4549351403427084,0.7598021032971358,26,cube,r3v2_augmented_kinematic_action_neighbors_targetnorm_latent_quat,10
1013,26,interaction,True,10,1.1771220652837218,1.1771220652837218,20.4391315237067,10.289146921855613,17.363646580510114,8.740934543076142,9.833569935567006,0.5739006344303362,26,cube,r3v2_augmented_kinematic_action_neighbors_targetnorm_latent_quat,10
1014,26,interaction,True,10,0.9494165460775261,0.9494165460775261,20.334516035606313,5.405833413424452,21.417907787279983,5.693847906652167,4.729621092553411,0.37458947291704464,26,cube,r3v2_augmented_kinematic_action_neighbors_targetnorm_latent_quat,10
1015,26,interaction,True,10,0.7514595624710703,0.7514595624710703,21.124123457337323,3.125148499447864,28.110792000401965,4.158771350478592,2.14090656192544,0.4083332877497975,26,cube,r3v2_augmented_kinematic_action_neighbors_targetnorm_latent_quat,10
1016,26,interaction,True,10,0.763632065894021,0.763632065894021,21.467927532045184,2.865785860630856,28.11292046374669,3.752835938438156,2.1580234569770047,0.4139734944418121,26,cube,r3v2_augmented_kinematic_action_neighbors_targetnorm_latent_quat,10
1017,26,transport_free,True,10,1.1828243927166406,1.1828243927166406,21.207441700407564,4.51503796354021,17.929493026179124,3.817166767393374,4.212312015188766,0.4731422612981184,26,cube,r3v2_augmented_kinematic_action_neighbors_targetnorm_latent_quat,10
1018,26,transport_free,True,10,0.651477549910753,0.651477549910753,20.829454299609615,7.912353379650504,31.972635591914223,12.145243348346279,6.4908411225213944,0.32861374131349985,26,cube,r3v2_augmented_kinematic_action_neighbors_targetnorm_latent_quat,10
1019,26,transport_free,True,10,1.048320838730897,1.048320838730897,21.029802060914605,5.360347511808159,20.060463632844883,5.11327001597853,3.6901128555349083,0.9045253249688707,26,cube,r3v2_augmented_kinematic_action_neighbors_targetnorm_latent_quat,10
1020,26,transport_free,True,10,1.3647722546390213,1.3647722546390213,20.415328291213633,3.5438347603816824,14.95878028133964,2.596649183287374,2.827870607026255,1.0422496188860149,26,cube,r3v2_augmented_kinematic_action_neighbors_targetnorm_latent_quat,10
1021,26,transport_free,True,10,1.66600534068272,1.66600534068272,21.347402594310733,2.9139418668902195,12.813525907163468,1.7490591390878145,2.1369701522208975,1.1391887018605842,26,cube,r3v2_augmented_kinematic_action_neighbors_targetnorm_latent_quat,10
1022,26,transport_free,True,10,1.247749616699056,1.247749616699056,20.744124981722187,2.1810164156329277,16.62523049824783,1.747959996495808,1.842101850454931,0.7261804657394635,26,cube,r3v2_augmented_kinematic_action_neighbors_targetnorm_latent_quat,10
1023,26,transport_free,True,10,0.6617126110438123,0.6617126110438123,21.40949836907012,1.6266711342400981,32.35467786430413,2.4582743431081373,1.1330749307255763,0.3449038561047967,26,cube,r3v2_augmented_kinematic_action_neighbors_targetnorm_latent_quat,10
1024,26,transport_free,True,10,0.5335000673664547,0.5335000673664547,21.47455389249457,2.0772511897138246,40.25220465013355,3.8936287299228884,1.6717730485957576,0.3516786652630184,26,cube,r3v2_augmented_kinematic_action_neighbors_targetnorm_latent_quat,10
1025,26,transport_free,True,10,0.5725119980615918,0.5725119980615918,21.802904687380824,1.7877758611437429,38.082878195043925,3.122687152752755,1.2921049827223465,0.3248630950266635,26,cube,r3v2_augmented_kinematic_action_neighbors_targetnorm_latent_quat,10
1026,27,transport_free,True,10,1.3560204594000749,1.3560204594000749,19.97810413934655,1.7598830988582392,14.732892856340221,1.2978293112456722,1.0164730140711933,0.8539704053701906,27,cube,r3v2_augmented_kinematic_action_neighbors_targetnorm_latent_quat,10
1027,27,transport_free,True,10,0.5362402272388349,0.5362402272388349,19.953196976656663,1.7733802844960456,37.20943704540419,3.3070631303201417,1.0032033600496035,0.3737660519410411,27,cube,r3v2_augmented_kinematic_action_neighbors_targetnorm_latent_quat,10
1028,27,transport_free,True,10,0.5723724612867533,0.5723724612867533,19.954702827789106,1.7316058580083782,34.8631427566044,3.02531301753328,1.2884740164195572,0.39175718250865876,27,cube,r3v2_augmented_kinematic_action_neighbors_targetnorm_latent_quat,10
1029,27,interaction,True,10,0.9078026791486906,0.9078026791486906,20.7739597577049,1.699672803887327,22.883783265748985,1.8722932228854268,1.0553580878699456,0.4051991049584811,27,cube,r3v2_augmented_kinematic_action_neighbors_targetnorm_latent_quat,10
1030,27,interaction,True,10,0.6636814154971696,0.6636814154971696,20.46390437372198,5.769159946484663,30.83392708592313,8.69266460047391,4.320679286593518,0.35741720542478134,27,cube,r3v2_augmented_kinematic_action_neighbors_targetnorm_latent_quat,10
1031,27,interaction,True,10,0.8764226234652108,0.8764226234652108,19.926865393310727,6.53905403010558,22.736594035562018,7.461073978500676,4.906668080352304,0.4565497163653833,27,cube,r3v2_augmented_kinematic_action_neighbors_targetnorm_latent_quat,10
1032,27,interaction,True,10,0.9223637934100547,0.9223637934100547,19.6111390478221,7.157548305194739,21.26182661107946,7.760005711773112,5.678088164797909,0.5280177204805978,27,cube,r3v2_augmented_kinematic_action_neighbors_targetnorm_latent_quat,10
1033,27,interaction,True,10,1.4662565476302047,1.4662565476302047,19.22142359059961,15.43405396553132,13.109181760630966,10.52616200792158,13.396424412411548,0.9102192913394032,27,cube,r3v2_augmented_kinematic_action_neighbors_targetnorm_latent_quat,10
1034,27,interaction,True,10,1.5775744904876894,1.5775744904876894,19.203022885878042,18.152949189077432,12.172498352164432,11.506872923297367,17.104771121431043,0.8553808034391074,27,cube,r3v2_augmented_kinematic_action_neighbors_targetnorm_latent_quat,10
1035,27,interaction,True,10,1.1849310144561551,1.1849310144561551,19.982102266743414,5.315680528969719,16.863515278916513,4.4860675128918315,4.198731026924851,0.3951374559702703,27,cube,r3v2_augmented_kinematic_action_neighbors_targetnorm_latent_quat,10
1036,27,interaction,True,10,0.6849577404325372,0.6849577404325372,20.821380642410546,3.7012507490778392,30.39805146119271,5.40361912946713,2.8759933855040196,0.32746504815648425,27,cube,r3v2_augmented_kinematic_action_neighbors_targetnorm_latent_quat,10
1037,27,interaction,True,10,0.7071025955438403,0.7071025955438403,21.077024541345487,2.8633326286877274,29.80759040367391,4.049387806992148,1.6381304658274196,0.386661305785731,27,cube,r3v2_augmented_kinematic_action_neighbors_targetnorm_latent_quat,10
1038,27,static,True,10,0.7967653567062684,0.7967653567062684,20.77880687799655,4.65703642146179,26.07895373851798,5.844928349688063,3.497143340207208,0.3396057807160653,27,cube,r3v2_augmented_kinematic_action_neighbors_targetnorm_latent_quat,10
1039,27,transport_free,True,10,0.5987212142243237,0.5987212142243237,20.47745357362519,8.735355172321281,34.201984307763105,14.590021139702582,6.990899029861532,0.3508608085131484,27,cube,r3v2_augmented_kinematic_action_neighbors_targetnorm_latent_quat,10
1040,27,transport_free,True,10,1.2265724207702602,1.2265724207702602,20.345979898860413,4.501848613245194,16.587671102276694,3.670267272451906,4.035753689652962,0.9765894292466188,27,cube,r3v2_augmented_kinematic_action_neighbors_targetnorm_latent_quat,10
1041,27,transport_free,True,10,1.7280198664395114,1.7280198664395114,20.85203164617073,2.5581853012689137,12.067009211610037,1.4804142886041651,1.958613209523298,1.418794705564183,27,cube,r3v2_augmented_kinematic_action_neighbors_targetnorm_latent_quat,10
1042,27,transport_free,True,10,1.318347881424108,1.318347881424108,20.823032630578304,2.4215326520051574,15.79479356244333,1.8367933730733994,2.383455341259471,0.8805970520703186,27,cube,r3v2_augmented_kinematic_action_neighbors_targetnorm_latent_quat,10
1043,27,transport_free,True,10,0.7624664945176113,0.7624664945176113,20.25062235351602,1.655496706062086,26.559360311731414,2.1712386287996392,1.2009892642834263,0.48161944885231944,27,cube,r3v2_augmented_kinematic_action_neighbors_targetnorm_latent_quat,10
1044,27,transport_free,True,10,0.5297867570619292,0.5297867570619292,20.314865913880844,1.6400630146173563,38.34536375832087,3.0957040597102763,0.9535002617373289,0.36258074110672456,27,cube,r3v2_augmented_kinematic_action_neighbors_targetnorm_latent_quat,10
1045,27,transport_free,True,10,0.647003958881909,0.647003958881909,20.82523876712861,2.0968004949221566,32.1871890909552,3.2407846445725754,1.431387185048243,0.3916388496575375,27,cube,r3v2_augmented_kinematic_action_neighbors_targetnorm_latent_quat,10
1046,27,interaction,True,10,0.7792138528017776,0.7792138528017776,21.05929826072914,2.1065956510853905,27.026339669151604,2.7034884499432565,1.5555865369184831,0.35586115113827077,27,cube,r3v2_augmented_kinematic_action_neighbors_targetnorm_latent_quat,10
1047,27,interaction,True,10,2.9720650223334943,2.9720650223334943,20.87856733160823,3.0931705127291798,7.024936256345961,1.0407479276145177,2.6547921800863366,0.620142692354583,27,cube,r3v2_augmented_kinematic_action_neighbors_targetnorm_latent_quat,10
1048,27,interaction,True,10,0.7959285180317553,0.7959285180317553,19.089686122293557,6.455278288722477,23.98417155538072,8.110374414885495,4.647767800174651,0.4421827335336307,27,cube,r3v2_augmented_kinematic_action_neighbors_targetnorm_latent_quat,10
1049,27,interaction,True,10,0.8461025780455949,0.8461025780455949,18.24983120832963,7.809898870343751,21.56928921134452,9.230439751624171,6.425432109630427,0.5020255276089962,27,cube,r3v2_augmented_kinematic_action_neighbors_targetnorm_latent_quat,10
1050,27,interaction,True,10,1.0231075961170286,1.0231075961170286,19.740620615212414,6.539635958401694,19.294764978906848,6.3919337352409356,4.608790624910293,0.5151546312423372,27,cube,r3v2_augmented_kinematic_action_neighbors_targetnorm_latent_quat,10
1051,27,interaction,True,10,1.2380992228374295,1.2380992228374295,19.471161823692263,9.946632360572767,15.726657011438052,8.033792588753466,8.140545374767623,0.7038799972790073,27,cube,r3v2_augmented_kinematic_action_neighbors_targetnorm_latent_quat,10
1052,27,interaction,True,10,1.1427367963428305,1.1427367963428305,19.970056220250925,4.994369795772855,17.475639433474356,4.37053380249646,3.403816894585283,0.3683035519346455,27,cube,r3v2_augmented_kinematic_action_neighbors_targetnorm_latent_quat,10
1053,27,interaction,True,10,0.7540761352229495,0.7540761352229495,20.586986045998945,3.915787008575755,27.30093830633191,5.1928271240383665,3.1816895908879848,0.3866781444478772,27,cube,r3v2_augmented_kinematic_action_neighbors_targetnorm_latent_quat,10
1054,27,interaction,True,10,0.7417073233656839,0.7417073233656839,20.861411047879557,2.8830817545721357,28.126203410282706,3.887088159638799,2.0114389752797934,0.4110441158243596,27,cube,r3v2_augmented_kinematic_action_neighbors_targetnorm_latent_quat,10
1055,27,transport_free,True,10,0.7940166329005045,0.7940166329005045,19.98964702650268,2.9643518321107765,25.175350487912908,3.7333623872363253,2.5003971456027507,0.3741640450275505,27,cube,r3v2_augmented_kinematic_action_neighbors_targetnorm_latent_quat,10
1056,27,transport_free,True,10,0.6539618031070367,0.6539618031070367,19.91053137297379,8.688756452609635,30.44601577397472,13.286336314030118,6.863295125700351,0.3578453189097123,27,cube,r3v2_augmented_kinematic_action_neighbors_targetnorm_latent_quat,10
1057,27,transport_free,True,10,0.932682279431098,0.932682279431098,20.995033638538985,6.723141185281905,22.510381189342617,7.208393826655284,4.2009783951560475,0.7299564007913084,27,cube,r3v2_augmented_kinematic_action_neighbors_targetnorm_latent_quat,10
1058,27,transport_free,True,10,1.4071481995076756,1.4071481995076756,20.278739492247333,5.756540856771288,14.411232235056929,4.090927209220288,3.854467735512658,1.2268094294614065,27,cube,r3v2_augmented_kinematic_action_neighbors_targetnorm_latent_quat,10
1059,27,transport_free,True,10,2.046622299156539,2.046622299156539,20.74588511188246,2.407077790441582,10.136645691993253,1.17612213618194,1.662989348152793,1.7222939144258023,27,cube,r3v2_augmented_kinematic_action_neighbors_targetnorm_latent_quat,10
1060,27,transport_free,True,10,1.6233146802450518,1.6233146802450518,20.559815865744937,2.9533654986331905,12.66532984389772,1.819342567756091,2.755048042743993,0.9633738191181588,27,cube,r3v2_augmented_kinematic_action_neighbors_targetnorm_latent_quat,10
1061,27,transport_free,True,10,0.7751860986527447,0.7751860986527447,20.199050967539904,1.6205752805258267,26.057034565822818,2.09056287689156,0.8624094691023377,0.44828541780683867,27,cube,r3v2_augmented_kinematic_action_neighbors_targetnorm_latent_quat,10
1062,27,transport_free,True,10,0.603366360297223,0.603366360297223,20.16176622778058,1.8910290542280892,33.41546290026632,3.134130734926212,1.4003235968235472,0.368073585115275,27,cube,r3v2_augmented_kinematic_action_neighbors_targetnorm_latent_quat,10
1063,27,transport_free,True,10,0.5526488487937633,0.5526488487937633,20.651361086996765,1.6876097829618764,37.367961829779205,3.0536746555164838,1.3829020219803352,0.36075646797727073,27,cube,r3v2_augmented_kinematic_action_neighbors_targetnorm_latent_quat,10
1064,28,transport_free,True,10,0.7197629057849587,0.7197629057849587,20.58053351256826,1.7902718928859709,28.593490088411198,2.4873078044130894,1.3952607842759894,0.48449697989407087,28,cube,r3v2_augmented_kinematic_action_neighbors_targetnorm_latent_quat,10
1065,28,transport_free,True,10,0.548042599289998,0.548042599289998,20.885837821838088,1.8931560184305938,38.10988023357341,3.454395736541688,1.5104642197581506,0.34776466694548536,28,cube,r3v2_augmented_kinematic_action_neighbors_targetnorm_latent_quat,10
1066,28,static,True,10,0.6517897830836161,0.6517897830836161,21.26541506825211,1.1387212039573953,32.626186571451726,1.7470682012996699,0.696399704435036,0.40150127034270516,28,cube,r3v2_augmented_kinematic_action_neighbors_targetnorm_latent_quat,10
1067,28,interaction,True,10,0.7249572528611649,0.7249572528611649,21.199128956441307,1.7685161900145432,29.24190201942998,2.439476511249179,1.3175428777480456,0.29347815496796137,28,cube,r3v2_augmented_kinematic_action_neighbors_targetnorm_latent_quat,10
1068,28,interaction,True,10,0.6794564801928549,0.6794564801928549,20.953477186014013,4.856242457871744,30.838586130000028,7.147245775760889,3.0266074504996308,0.3873298786365191,28,cube,r3v2_augmented_kinematic_action_neighbors_targetnorm_latent_quat,10
1069,28,interaction,True,10,0.767548756365474,0.767548756365474,20.251148642869836,6.591463682496194,26.384185336660362,8.587680753608856,4.989663290736008,0.5218969024137257,28,cube,r3v2_augmented_kinematic_action_neighbors_targetnorm_latent_quat,10
1070,28,interaction,True,10,1.0567829424974162,1.0567829424974162,19.10030879377311,10.161080879745068,18.074013144681135,9.615106821966812,9.029384007516144,0.6382736071430595,28,cube,r3v2_augmented_kinematic_action_neighbors_targetnorm_latent_quat,10
1071,28,interaction,True,10,1.5826804670267762,1.5826804670267762,19.911233771711977,14.341015936823215,12.580703551056788,9.061220022361336,13.256602261532718,1.1560875910722617,28,cube,r3v2_augmented_kinematic_action_neighbors_targetnorm_latent_quat,10
1072,28,interaction,True,10,1.7149861513348732,1.7149861513348732,19.566140649478093,11.934229122515731,11.408920494342553,6.95879037462001,10.831830115040832,0.7676189555955073,28,cube,r3v2_augmented_kinematic_action_neighbors_targetnorm_latent_quat,10
1073,28,interaction,True,10,0.8980110416937213,0.8980110416937213,21.131104424889415,3.4869649725214913,23.531007352687386,3.8829867458475724,2.232140429925818,0.3430650144642666,28,cube,r3v2_augmented_kinematic_action_neighbors_targetnorm_latent_quat,10
1074,28,interaction,True,10,0.6443290777779433,0.6443290777779433,20.73565567686331,3.2293604910139857,32.18177852282105,5.011973853719089,1.8964560218646864,0.33592415395878505,28,cube,r3v2_augmented_kinematic_action_neighbors_targetnorm_latent_quat,10
1075,28,interaction,True,10,0.7374763713779061,0.7374763713779061,20.59210919944367,3.0112035775203028,27.92239859965849,4.083118719985765,2.4997247385476857,0.4588764486982611,28,cube,r3v2_augmented_kinematic_action_neighbors_targetnorm_latent_quat,10
1076,28,transport_free,True,10,1.4530727545131885,1.4530727545131885,20.50806161053193,5.463048218530764,14.113582094795097,3.7596522277103777,4.243428155947111,0.45627561128147875,28,cube,r3v2_augmented_kinematic_action_neighbors_targetnorm_latent_quat,10
1077,28,transport_free,True,10,1.3519311640256664,1.3519311640256664,20.485374046656467,8.00177267417396,15.152675366737498,5.918772262299922,5.84844478648083,0.3666795692184367,28,cube,r3v2_augmented_kinematic_action_neighbors_targetnorm_latent_quat,10
1078,28,transport_free,True,10,1.3454134550162244,1.3454134550162244,21.32969734199956,5.26998668570816,15.853637602979333,3.9170016221107353,4.441331215608631,1.187999310131687,28,cube,r3v2_augmented_kinematic_action_neighbors_targetnorm_latent_quat,10
1079,28,static,True,10,1.6312131729318926,1.6312131729318926,20.81540064941079,1.905508635721281,12.760686950558293,1.1681542715207345,1.052891511054616,1.3456562907301648,28,cube,r3v2_augmented_kinematic_action_neighbors_targetnorm_latent_quat,10
1080,28,transport_free,True,10,0.9420973724104771,0.9420973724104771,20.036358849706758,2.5813622703413004,21.26782160366413,2.740016420740622,2.058504143928909,0.7026714152293911,28,cube,r3v2_augmented_kinematic_action_neighbors_targetnorm_latent_quat,10
1081,28,transport_free,True,10,0.7677287315776238,0.7677287315776238,19.790305347883226,2.1440663468220347,25.777731813183106,2.7927394907002405,1.7222313020334503,0.5042923448093474,28,cube,r3v2_augmented_kinematic_action_neighbors_targetnorm_latent_quat,10
1082,28,transport_free,True,10,0.5475505952948025,0.5475505952948025,20.454581009752594,2.080131832885778,37.35651314330103,3.7989764795449266,1.5333504954242212,0.3896747398769532,28,cube,r3v2_augmented_kinematic_action_neighbors_targetnorm_latent_quat,10
1083,28,transport_free,True,10,0.5222564877581506,0.5222564877581506,21.807046303134786,1.5784427429340162,41.75543399517004,3.022351622111337,1.016498491013803,0.3172982252938643,28,cube,r3v2_augmented_kinematic_action_neighbors_targetnorm_latent_quat,10
1084,28,interaction,True,10,0.7536956105576629,0.7536956105576629,21.169983975383253,1.380941487045214,28.088241033697255,1.8322270525410769,0.9118748187242438,0.3483016691771901,28,cube,r3v2_augmented_kinematic_action_neighbors_targetnorm_latent_quat,10
1085,28,interaction,True,10,0.8376660330545647,0.8376660330545647,21.050577477416724,4.537219020960072,25.130035893487772,5.416501137589427,2.2268658761437172,0.463757374178624,28,cube,r3v2_augmented_kinematic_action_neighbors_targetnorm_latent_quat,10
1086,28,interaction,True,10,0.7954110083477943,0.7954110083477943,20.28813002971721,7.449553818520176,25.506473781220542,9.365665976881791,5.869607568669112,0.4956049846310178,28,cube,r3v2_augmented_kinematic_action_neighbors_targetnorm_latent_quat,10
1087,28,interaction,True,10,0.983836800613894,0.983836800613894,18.90365080086724,10.015987671515589,19.21421397234963,10.180537732747766,8.773773789659664,0.5568278659338504,28,cube,r3v2_augmented_kinematic_action_neighbors_targetnorm_latent_quat,10
1088,28,interaction,True,10,1.1196865508175522,1.1196865508175522,18.920474417912835,5.819003481039279,16.898009897589493,5.196993280655613,3.5800133949221467,0.7795659448438743,28,cube,r3v2_augmented_kinematic_action_neighbors_targetnorm_latent_quat,10
1089,28,interaction,True,10,1.1464305422370296,1.1464305422370296,19.352131643856346,12.374238265121031,16.88033503198069,10.793709526418569,11.547526725192084,0.6936912090731444,28,cube,r3v2_augmented_kinematic_action_neighbors_targetnorm_latent_quat,10
1090,28,interaction,True,10,1.112568943907902,1.112568943907902,21.020997948793138,4.649519145913429,18.8941081484414,4.1790840660912005,3.6304249469787386,0.46846767778287535,28,cube,r3v2_augmented_kinematic_action_neighbors_targetnorm_latent_quat,10
1091,28,interaction,True,10,0.6290211232620679,0.6290211232620679,21.387586198642026,3.5627815705197876,34.00137993415422,5.6640094247446005,2.3608410813583007,0.31329074793237854,28,cube,r3v2_augmented_kinematic_action_neighbors_targetnorm_latent_quat,10
1092,28,interaction,True,10,0.6434531231002338,0.6434531231002338,22.32761794896205,2.6542562332160453,34.699680749679054,4.125018805453181,1.169480303822715,0.46381882524168516,28,cube,r3v2_augmented_kinematic_action_neighbors_targetnorm_latent_quat,10
1093,28,interaction,True,10,0.6900368540530042,0.6900368540530042,21.226676480861485,3.3981121492749686,30.761656216163477,4.924537188580289,2.7706925267525593,0.38566631974383414,28,cube,r3v2_augmented_kinematic_action_neighbors_targetnorm_latent_quat,10
1094,28,transport_free,True,10,0.799542482731677,0.799542482731677,19.64458363401321,8.236820076252062,24.569780916326675,10.30191672631397,6.396476381689151,0.3911981199556446,28,cube,r3v2_augmented_kinematic_action_neighbors_targetnorm_latent_quat,10
1095,28,transport_free,True,10,1.1608910596934605,1.1608910596934605,20.849810985041337,6.308889727571995,17.96017878761754,5.434523485121757,5.090039031586611,0.9387436588985328,28,cube,r3v2_augmented_kinematic_action_neighbors_targetnorm_latent_quat,10
1096,28,transport_free,True,10,1.8154243999707047,1.8154243999707047,21.44560717774599,3.3571798366108494,11.81299930643879,1.8492534509644267,2.4520376382721536,1.351707682478791,28,cube,r3v2_augmented_kinematic_action_neighbors_targetnorm_latent_quat,10
1097,28,transport_free,True,10,1.3575514230776387,1.3575514230776387,20.1260507919229,2.7992207174300816,14.825258513077989,2.061962935506417,2.427191790510361,0.8662943561466625,28,cube,r3v2_augmented_kinematic_action_neighbors_targetnorm_latent_quat,10
1098,28,transport_free,True,10,0.9025305877412602,0.9025305877412602,19.83876291116809,2.187529365267835,21.98126377170002,2.4237731052888836,1.967432617812389,0.6811735490562449,28,cube,r3v2_augmented_kinematic_action_neighbors_targetnorm_latent_quat,10
1099,28,transport_free,True,10,0.9089574601638601,0.9089574601638601,20.52175576093893,2.085706275932529,22.57724553714474,2.2946137386413366,1.223478446283719,0.4387120617501693,28,cube,r3v2_augmented_kinematic_action_neighbors_targetnorm_latent_quat,10
1100,28,transport_free,True,10,0.5975804975920962,0.5975804975920962,20.957431442563927,2.078864957954223,35.07047423235908,3.4788032178607677,1.4319895362141657,0.3805240807052806,28,cube,r3v2_augmented_kinematic_action_neighbors_targetnorm_latent_quat,10
1101,28,interaction,True,10,0.6187981000676446,0.6187981000676446,21.70366210405031,1.9294460600809467,35.073899066073004,3.1180542730658467,1.6261934880110451,0.37484473654249884,28,cube,r3v2_augmented_kinematic_action_neighbors_targetnorm_latent_quat,10
1102,29,transport_free,True,10,0.6495865375087895,0.6495865375087895,21.101730647650054,1.6040440271780945,32.48486449330784,2.4693307735867145,1.054826695401012,0.32934517993227214,29,cube,r3v2_augmented_kinematic_action_neighbors_targetnorm_latent_quat,10
1103,29,transport_free,True,10,0.5454425372968068,0.5454425372968068,20.403088686905125,1.7435246962699278,37.40648609479943,3.1965323146793283,1.1887516421106021,0.39622285284945424,29,cube,r3v2_augmented_kinematic_action_neighbors_targetnorm_latent_quat,10
1104,29,transport_free,True,10,0.5518948232945691,0.5518948232945691,21.49122967422751,1.5195042571573032,38.94080677534595,2.7532497008878103,0.8087360192885483,0.33204269987747537,29,cube,r3v2_augmented_kinematic_action_neighbors_targetnorm_latent_quat,10
1105,29,interaction,True,10,0.73924119298281,0.73924119298281,21.098109709803527,1.485459554292543,28.540224638556005,2.0094382840041294,1.2161818863229663,0.32020505334357796,29,cube,r3v2_augmented_kinematic_action_neighbors_targetnorm_latent_quat,10
1106,29,interaction,True,10,0.9631592182045666,0.9631592182045666,21.426490135756872,4.46158732615084,22.24605208648491,4.632242771312228,2.7071814614101544,0.37303458222867214,29,cube,r3v2_augmented_kinematic_action_neighbors_targetnorm_latent_quat,10
1107,29,interaction,True,10,0.7456805059606675,0.7456805059606675,19.423982486801748,5.8739976125885995,26.0486660594374,7.877365125726428,3.0161594601989243,0.4826163395998035,29,cube,r3v2_augmented_kinematic_action_neighbors_targetnorm_latent_quat,10
1108,29,interaction,True,10,0.9770465263987944,0.9770465263987944,19.80434265045554,10.147376059938914,20.269600387865392,10.38576545309484,8.757907542931541,0.6967665852258386,29,cube,r3v2_augmented_kinematic_action_neighbors_targetnorm_latent_quat,10
1109,29,interaction,True,10,1.8065073516033747,1.8065073516033747,20.128508735036647,23.38116832844775,11.142223538238849,12.942747400222688,18.65486782493029,1.2816704574976634,29,cube,r3v2_augmented_kinematic_action_neighbors_targetnorm_latent_quat,10
1110,29,interaction,True,10,2.1900080520051537,2.1900080520051537,19.754370956685428,20.297167652133048,9.02022754601221,9.268079007083616,19.14494521575132,1.417383164936932,29,cube,r3v2_augmented_kinematic_action_neighbors_targetnorm_latent_quat,10
1111,29,interaction,True,10,1.3325319663484594,1.3325319663484594,20.96917690047882,6.258492377513345,15.736340613231746,4.696692113633497,5.323987441286213,0.5126701051251283,29,cube,r3v2_augmented_kinematic_action_neighbors_targetnorm_latent_quat,10
1112,29,interaction,True,10,0.8962334661803839,0.8962334661803839,20.524546933040483,3.388116651786935,22.90089324661475,3.7803951533148985,2.316277429827796,0.3523235982791224,29,cube,r3v2_augmented_kinematic_action_neighbors_targetnorm_latent_quat,10
1113,29,interaction,True,10,0.7138686930383014,0.7138686930383014,20.373836468231097,1.9897550547227896,28.540033576087886,2.787284376142312,1.0189837798351191,0.374255871011273,29,cube,r3v2_augmented_kinematic_action_neighbors_targetnorm_latent_quat,10
1114,29,transport_free,True,10,1.0457321513684517,1.0457321513684517,20.32558701133588,5.683010852940631,19.43670469033365,5.434480373873757,3.746578959251171,0.38700378166417226,29,cube,r3v2_augmented_kinematic_action_neighbors_targetnorm_latent_quat,10
1115,29,transport_free,True,10,0.6871024246376677,0.6871024246376677,19.940364502367046,7.230700637912183,29.02094911523893,10.523468377695183,5.161779426380315,0.44600441330564156,29,cube,r3v2_augmented_kinematic_action_neighbors_targetnorm_latent_quat,10
1116,29,transport_free,True,10,1.465010890215374,1.465010890215374,21.05276492592376,5.340300154038962,14.370381180462592,3.645228980689607,4.798742442710799,1.2728373055301203,29,cube,r3v2_augmented_kinematic_action_neighbors_targetnorm_latent_quat,10
1117,29,transport_free,True,10,2.1105572074500705,2.1105572074500705,22.030685825808096,4.019571346006494,10.438326783108188,1.9045071755542948,3.6680340580426045,1.8013547062097213,29,cube,r3v2_augmented_kinematic_action_neighbors_targetnorm_latent_quat,10
1118,29,transport_free,True,10,2.2161364725021895,2.2161364725021895,21.739787908029427,5.0971522237740565,9.809769469424202,2.300017299033474,4.483080986319612,1.5325402975391043,29,cube,r3v2_augmented_kinematic_action_neighbors_targetnorm_latent_quat,10
1119,29,transport_free,True,10,1.6765155176738884,1.6765155176738884,20.552123299275983,3.7924284786381315,12.258832729321465,2.262089696551097,3.790414937665106,1.3439028097806696,29,cube,r3v2_augmented_kinematic_action_neighbors_targetnorm_latent_quat,10
1120,29,transport_free,True,10,0.7496656813522444,0.7496656813522444,20.31615885960339,2.4507623205125424,27.100291990100402,3.2691403401204995,1.9612504347147537,0.5158965816846959,29,cube,r3v2_augmented_kinematic_action_neighbors_targetnorm_latent_quat,10
1121,29,transport_free,True,10,0.5318393589777994,0.5318393589777994,20.507039540147005,2.4790373929275504,38.55870986976545,4.661252220392798,1.7991270685099572,0.3731968670489095,29,cube,r3v2_augmented_kinematic_action_neighbors_targetnorm_latent_quat,10
1122,29,transport_free,True,10,0.6389799479889666,0.6389799479889666,20.97104077421639,4.499710271571091,32.81956005069896,7.0420210927319875,4.361716112167103,0.4289453938666521,29,cube,r3v2_augmented_kinematic_action_neighbors_targetnorm_latent_quat,10
1123,29,interaction,True,10,4.702729376799683,4.702729376799683,20.994426577493776,3.0107144306892026,4.464306766421029,0.6402057591368492,2.6322537360094613,0.5887171696279935,29,cube,r3v2_augmented_kinematic_action_neighbors_targetnorm_latent_quat,10
1124,29,interaction,True,10,0.7982129196036358,0.7982129196036358,20.3264532590384,5.999492373218489,25.464951468252096,7.516155434063412,4.237504102284455,0.40039113956959904,29,cube,r3v2_augmented_kinematic_action_neighbors_targetnorm_latent_quat,10
1125,29,interaction,True,10,0.8844154314776842,0.8844154314776842,18.36523479925664,6.4153075619804,20.76539389251943,7.253726397855455,4.156255754048352,0.4947731615027243,29,cube,r3v2_augmented_kinematic_action_neighbors_targetnorm_latent_quat,10
1126,29,interaction,True,10,1.0165389895319676,1.0165389895319676,18.36041990922527,6.736984220594821,18.06169768036023,6.627374148921377,4.536408278971645,0.5675457921448609,29,cube,r3v2_augmented_kinematic_action_neighbors_targetnorm_latent_quat,10
1127,29,interaction,True,10,1.0799376669191887,1.0799376669191887,20.102455313106585,4.899118338199946,18.614458897849374,4.536482510306352,3.9977004667945484,0.5706541783215081,29,cube,r3v2_augmented_kinematic_action_neighbors_targetnorm_latent_quat,10
1128,29,interaction,True,10,0.9129287129991628,0.9129287129991628,20.039731657356196,5.736583537791873,21.951036671331615,6.283714660420735,4.489945838003058,0.5063480649717437,29,cube,r3v2_augmented_kinematic_action_neighbors_targetnorm_latent_quat,10
1129,29,interaction,True,10,0.7975432875512847,0.7975432875512847,20.53101743172939,4.26276559133259,25.742825188543982,5.344870501538113,3.018834086227177,0.45040637916292664,29,cube,r3v2_augmented_kinematic_action_neighbors_targetnorm_latent_quat,10
1130,29,interaction,True,10,0.798688285798351,0.798688285798351,20.65906742162364,4.3037375118270464,25.866245679280617,5.388507116421679,3.325390407462864,0.4542644650658095,29,cube,r3v2_augmented_kinematic_action_neighbors_targetnorm_latent_quat,10
1131,29,interaction,True,10,0.8262051535006969,0.8262051535006969,20.756068539511205,1.8673121797756402,25.122172685036027,2.260107156029819,0.9916798811874271,0.4014756975048933,29,cube,r3v2_augmented_kinematic_action_neighbors_targetnorm_latent_quat,10
1132,29,transport_free,True,10,0.7977885970021554,0.7977885970021554,20.407615608857732,4.918277313587279,25.58022975703499,6.164887956619904,4.072999592772672,0.3476841623907792,29,cube,r3v2_augmented_kinematic_action_neighbors_targetnorm_latent_quat,10
1133,29,transport_free,True,10,0.9507363400239723,0.9507363400239723,19.795233808046866,8.684662150202254,20.82095000970273,9.134669397388633,7.213443896019188,0.7729481161130662,29,cube,r3v2_augmented_kinematic_action_neighbors_targetnorm_latent_quat,10
1134,29,transport_free,True,10,1.4178290192155796,1.4178290192155796,20.999836710802565,4.898956066935005,14.811261743267762,3.455251656257801,3.5563989385180745,1.1444476811433062,29,cube,r3v2_augmented_kinematic_action_neighbors_targetnorm_latent_quat,10
1135,29,static,True,10,1.5826002535352937,1.5826002535352937,21.216716064296072,2.068580953003908,13.406238256882041,1.3070773547413541,1.338762717694848,1.3148582178785786,29,cube,r3v2_augmented_kinematic_action_neighbors_targetnorm_latent_quat,10
1136,29,transport_free,True,10,1.156491307306509,1.156491307306509,20.342668859724633,2.697595788959931,17.58998855521284,2.332569014498418,1.9414685044394708,0.871691167922669,29,cube,r3v2_augmented_kinematic_action_neighbors_targetnorm_latent_quat,10
1137,29,transport_free,True,10,1.4056989260098485,1.4056989260098485,19.879913490411795,1.816058568659165,14.142369409672947,1.2919256997756585,1.3041030050329359,0.5607729850953753,29,cube,r3v2_augmented_kinematic_action_neighbors_targetnorm_latent_quat,10
1138,29,transport_free,True,10,0.5320600372570412,0.5320600372570412,20.506771767664567,2.0842652730458986,38.54221390763394,3.917349785920829,1.458396542847213,0.3678059492898307,29,cube,r3v2_augmented_kinematic_action_neighbors_targetnorm_latent_quat,10
1139,29,transport_free,True,10,0.53401079000581,0.53401079000581,21.189726567707034,1.6879747370565577,39.680334113616865,3.160937510341678,1.365015171008363,0.3086528029721139,29,cube,r3v2_augmented_kinematic_action_neighbors_targetnorm_latent_quat,10
