row_id,episode_key,regime,valid_neighbors,n_neighbors,neighbor_radius,input_spread,successor_spread,residual_spread,local_expansion,model_sensitivity,residual_norm,action_neighbor_distance,episode_ordinal,dataset,scale,k,kinematic_divergence
380,10,transport_free,True,10,30.744011184617243,30.744011184617243,10.022059164186484,0.0,0.3259841113120925,0.0,0.0,1.228075967042877,10,cube,r3v2_latent_action_neighbors_kinematic_divergence,10,10.022059164186484
381,10,transport_free,True,10,28.837539181511634,28.837539181511634,8.371210959904799,0.0,0.29028867224814253,0.0,0.0,0.8471931579028741,10,cube,r3v2_latent_action_neighbors_kinematic_divergence,10,8.371210959904799
382,10,transport_free,True,10,27.621635078666827,27.621635078666827,5.744460385198774,0.0,0.2079695995127901,0.0,0.0,0.9052863781349678,10,cube,r3v2_latent_action_neighbors_kinematic_divergence,10,5.744460385198774
383,10,interaction,True,10,28.47573020069784,28.47573020069784,13.551664737120173,0.0,0.47590227332565715,0.0,0.0,0.7189307446076412,10,cube,r3v2_latent_action_neighbors_kinematic_divergence,10,13.551664737120173
384,10,interaction,True,10,21.68646344116376,21.68646344116376,14.25710514737545,0.0,0.6574195551089067,0.0,0.0,1.0579985568509747,10,cube,r3v2_latent_action_neighbors_kinematic_divergence,10,14.25710514737545
385,10,interaction,True,10,27.35720592691363,27.35720592691363,10.525806396606068,0.0,0.38475443818079863,0.0,0.0,1.097217946312551,10,cube,r3v2_latent_action_neighbors_kinematic_divergence,10,10.525806396606068
386,10,interaction,True,10,23.489748089364213,23.489748089364213,11.392670353609326,0.0,0.48500606776484534,0.0,0.0,1.288897594355332,10,cube,r3v2_latent_action_neighbors_kinematic_divergence,10,11.392670353609326
387,10,interaction,True,10,11.83210893485856,11.83210893485856,17.627540778364065,0.0,1.4898054839937782,0.0,0.0,1.1643794893684736,10,cube,r3v2_latent_action_neighbors_kinematic_divergence,10,17.627540778364065
388,10,interaction,True,10,19.522121328554462,19.522121328554462,16.83200824526243,0.0,0.8622018049156738,0.0,0.0,1.3319801432520022,10,cube,r3v2_latent_action_neighbors_kinematic_divergence,10,16.83200824526243
389,10,interaction,True,10,31.901995123668875,31.901995123668875,12.069145290386757,0.0,0.3783194512945167,0.0,0.0,0.7699484975125137,10,cube,r3v2_latent_action_neighbors_kinematic_divergence,10,12.069145290386757
390,10,interaction,True,10,39.00025844505221,39.00025844505221,7.396446449625691,0.0,0.189651216287364,0.0,0.0,0.7736473681780817,10,cube,r3v2_latent_action_neighbors_kinematic_divergence,10,7.396446449625691
391,10,interaction,True,10,38.969602196019736,38.969602196019736,7.80352393146781,0.0,0.20024643547079482,0.0,0.0,0.8392642671027549,10,cube,r3v2_latent_action_neighbors_kinematic_divergence,10,7.80352393146781
392,10,static,True,10,45.05842578557259,45.05842578557259,9.915226883867103,0.0,0.22005266963946826,0.0,0.0,1.1783527571915724,10,cube,r3v2_latent_action_neighbors_kinematic_divergence,10,9.915226883867103
393,10,transport_free,True,10,45.795382863109424,45.795382863109424,13.901224210888152,0.0,0.3035507804889719,0.0,0.0,1.1562907921576453,10,cube,r3v2_latent_action_neighbors_kinematic_divergence,10,13.901224210888152
394,10,transport_free,True,10,50.18289103203083,50.18289103203083,8.244145326319709,0.0,0.16428199246347963,0.0,0.0,1.8123632508895966,10,cube,r3v2_latent_action_neighbors_kinematic_divergence,10,8.244145326319709
395,10,transport_free,True,10,47.38066262171904,47.38066262171904,10.533322686581613,0.0,0.22231269264168532,0.0,0.0,1.9996660482778668,10,cube,r3v2_latent_action_neighbors_kinematic_divergence,10,10.533322686581613
396,10,transport_free,True,10,43.1969243309654,43.1969243309654,12.13070453463467,0.0,0.28082333921952085,0.0,0.0,1.6789600228163848,10,cube,r3v2_latent_action_neighbors_kinematic_divergence,10,12.13070453463467
397,10,transport_free,True,10,47.59294026787954,47.59294026787954,9.951083137819268,0.0,0.2090873789643808,0.0,0.0,1.4435638098544417,10,cube,r3v2_latent_action_neighbors_kinematic_divergence,10,9.951083137819268
398,10,transport_free,True,10,51.65947125698972,51.65947125698972,9.181137691762803,0.0,0.17772419013136068,0.0,0.0,0.9201742527147176,10,cube,r3v2_latent_action_neighbors_kinematic_divergence,10,9.181137691762803
399,10,transport_free,True,10,51.10816920573744,51.10816920573744,8.582404081125038,0.0,0.1679262672582991,0.0,0.0,0.8510661154120607,10,cube,r3v2_latent_action_neighbors_kinematic_divergence,10,8.582404081125038
400,10,interaction,True,10,46.49783368028375,46.49783368028375,12.757955337000153,0.0,0.27437741346668043,0.0,0.0,0.6443100721002063,10,cube,r3v2_latent_action_neighbors_kinematic_divergence,10,12.757955337000153
401,10,interaction,True,10,45.27518149559386,45.27518149559386,13.256917830175883,0.0,0.2928076131835282,0.0,0.0,0.8277221441072657,10,cube,r3v2_latent_action_neighbors_kinematic_divergence,10,13.256917830175883
402,10,interaction,True,10,43.86120438550671,43.86120438550671,9.315215532081247,0.0,0.21237938316074428,0.0,0.0,1.1109357953090442,10,cube,r3v2_latent_action_neighbors_kinematic_divergence,10,9.315215532081247
403,10,interaction,True,10,37.43472358360323,37.43472358360323,10.279385161677116,0.0,0.2745949262512943,0.0,0.0,1.185635539310447,10,cube,r3v2_latent_action_neighbors_kinematic_divergence,10,10.279385161677116
404,10,interaction,True,10,13.254354737392891,13.254354737392891,13.527998934509245,0.0,1.0206456068618983,0.0,0.0,1.4675607771625834,10,cube,r3v2_latent_action_neighbors_kinematic_divergence,10,13.527998934509245
405,10,interaction,True,10,4.35400226226049,4.35400226226049,15.073265077228701,0.0,3.4619332212755984,0.0,0.0,1.4308050482875474,10,cube,r3v2_latent_action_neighbors_kinematic_divergence,10,15.073265077228701
406,10,interaction,True,10,24.116763929090354,24.116763929090354,17.225587630894765,0.0,0.7142578366460166,0.0,0.0,0.9600833415275143,10,cube,r3v2_latent_action_neighbors_kinematic_divergence,10,17.225587630894765
407,10,interaction,True,10,33.29512641386091,33.29512641386091,9.327805021855863,0.0,0.2801552667471674,0.0,0.0,0.692824604976075,10,cube,r3v2_latent_action_neighbors_kinematic_divergence,10,9.327805021855863
408,10,interaction,True,10,35.087635377866484,35.087635377866484,7.7875761931771015,0.0,0.22194645234171456,0.0,0.0,0.8035968150054826,10,cube,r3v2_latent_action_neighbors_kinematic_divergence,10,7.7875761931771015
409,10,interaction,True,10,41.887383063105936,41.887383063105936,7.738517097002493,0.0,0.18474577620053126,0.0,0.0,0.9468384187279228,10,cube,r3v2_latent_action_neighbors_kinematic_divergence,10,7.738517097002493
410,10,transport_free,True,10,43.18124195851543,43.18124195851543,12.300681526772365,0.0,0.28486168921657534,0.0,0.0,1.2277504280859124,10,cube,r3v2_latent_action_neighbors_kinematic_divergence,10,12.300681526772365
411,10,transport_free,True,10,46.0245077249109,46.0245077249109,10.27007296823904,0.0,0.22314357015230676,0.0,0.0,1.60232664807745,10,cube,r3v2_latent_action_neighbors_kinematic_divergence,10,10.27007296823904
412,10,transport_free,True,10,43.634124399096876,43.634124399096876,13.17609975006379,0.0,0.3019677816735679,0.0,0.0,2.5459169508820514,10,cube,r3v2_latent_action_neighbors_kinematic_divergence,10,13.17609975006379
413,10,static,True,10,41.07095842263597,41.07095842263597,13.060267345441527,0.0,0.3179927580711984,0.0,0.0,2.304161389737967,10,cube,r3v2_latent_action_neighbors_kinematic_divergence,10,13.060267345441527
414,10,transport_free,True,10,41.01155482417544,41.01155482417544,14.338581665565423,0.0,0.34962297155125494,0.0,0.0,2.161762009692488,10,cube,r3v2_latent_action_neighbors_kinematic_divergence,10,14.338581665565423
415,10,transport_free,True,10,45.58238309349264,45.58238309349264,10.046461951974553,0.0,0.2204022973386135,0.0,0.0,1.0906060889123301,10,cube,r3v2_latent_action_neighbors_kinematic_divergence,10,10.046461951974553
416,10,transport_free,True,10,48.719871029063455,48.719871029063455,7.876227307785993,0.0,0.16166355003459454,0.0,0.0,0.8519449590931663,10,cube,r3v2_latent_action_neighbors_kinematic_divergence,10,7.876227307785993
417,10,transport_free,True,10,46.3225880804386,46.3225880804386,9.26758633308884,0.0,0.2000662466655747,0.0,0.0,0.8498560291302508,10,cube,r3v2_latent_action_neighbors_kinematic_divergence,10,9.26758633308884
418,11,transport_free,True,10,11.832220387403158,11.832220387403158,7.887464600991641,0.0,0.6666090000646716,0.0,0.0,1.0552675621334582,11,cube,r3v2_latent_action_neighbors_kinematic_divergence,10,7.887464600991641
419,11,transport_free,True,10,11.925436906672894,11.925436906672894,5.779622408538684,0.0,0.484646596495319,0.0,0.0,0.7236732586738999,11,cube,r3v2_latent_action_neighbors_kinematic_divergence,10,5.779622408538684
420,11,transport_free,True,10,12.16614736864073,12.16614736864073,7.521409884655517,0.0,0.6182244597860604,0.0,0.0,0.6983387994709738,11,cube,r3v2_latent_action_neighbors_kinematic_divergence,10,7.521409884655517
421,11,interaction,True,10,10.966143276292186,10.966143276292186,19.975152776352353,0.0,1.8215294359263783,0.0,0.0,0.8588358447174902,11,cube,r3v2_latent_action_neighbors_kinematic_divergence,10,19.975152776352353
422,11,interaction,True,10,9.876821786086424,9.876821786086424,9.568884763923872,0.0,0.9688222559005423,0.0,0.0,1.074835811062556,11,cube,r3v2_latent_action_neighbors_kinematic_divergence,10,9.568884763923872
423,11,interaction,True,10,6.852614509927303,6.852614509927303,10.328341308325516,0.0,1.507211779294307,0.0,0.0,1.1528670859819155,11,cube,r3v2_latent_action_neighbors_kinematic_divergence,10,10.328341308325516
424,11,interaction,True,10,4.641044300995093,4.641044300995093,11.52065305297587,0.0,2.482340677184596,0.0,0.0,1.2254885081928377,11,cube,r3v2_latent_action_neighbors_kinematic_divergence,10,11.52065305297587
425,11,interaction,True,10,6.1323386300146385,6.1323386300146385,13.218739097672849,0.0,2.1555787922366076,0.0,0.0,1.0820048743143666,11,cube,r3v2_latent_action_neighbors_kinematic_divergence,10,13.218739097672849
426,11,interaction,True,10,5.817604314386648,5.817604314386648,13.434410524657004,0.0,2.3092685233738517,0.0,0.0,1.078143466764124,11,cube,r3v2_latent_action_neighbors_kinematic_divergence,10,13.434410524657004
427,11,interaction,True,10,5.1168527300037745,5.1168527300037745,13.791187763545189,0.0,2.6952481322508213,0.0,0.0,1.0741991744481607,11,cube,r3v2_latent_action_neighbors_kinematic_divergence,10,13.791187763545189
428,11,interaction,True,10,6.091162610188635,6.091162610188635,12.247797327576166,0.0,2.010748704539488,0.0,0.0,1.0096119765579001,11,cube,r3v2_latent_action_neighbors_kinematic_divergence,10,12.247797327576166
429,11,interaction,True,10,7.283340138539097,7.283340138539097,10.68053944022579,0.0,1.4664342509161064,0.0,0.0,1.1229987171684521,11,cube,r3v2_latent_action_neighbors_kinematic_divergence,10,10.68053944022579
430,11,transport_free,True,10,6.74896255296338,6.74896255296338,10.475716648560935,0.0,1.5521965881943125,0.0,0.0,1.5544205335923698,11,cube,r3v2_latent_action_neighbors_kinematic_divergence,10,10.475716648560935
431,11,transport_free,True,10,6.625215685198528,6.625215685198528,11.23708807210446,0.0,1.6961090183387342,0.0,0.0,1.4758089175908815,11,cube,r3v2_latent_action_neighbors_kinematic_divergence,10,11.23708807210446
432,11,transport_free,True,10,5.898130114176216,5.898130114176216,11.635464862233903,0.0,1.9727379079461038,0.0,0.0,1.7372111782621016,11,cube,r3v2_latent_action_neighbors_kinematic_divergence,10,11.635464862233903
433,11,static,True,10,5.618240386309807,5.618240386309807,12.351651892187677,0.0,2.1984911721266758,0.0,0.0,1.5730998240150078,11,cube,r3v2_latent_action_neighbors_kinematic_divergence,10,12.351651892187677
434,11,transport_free,True,10,5.50796996467094,5.50796996467094,11.1063724116793,0.0,2.0164184777545033,0.0,0.0,1.4513639741553443,11,cube,r3v2_latent_action_neighbors_kinematic_divergence,10,11.1063724116793
435,11,transport_free,True,10,5.643359058944929,5.643359058944929,9.851102724157872,0.0,1.7456097727015112,0.0,0.0,1.0761701399413062,11,cube,r3v2_latent_action_neighbors_kinematic_divergence,10,9.851102724157872
436,11,transport_free,True,10,6.076691111131308,6.076691111131308,15.16797773469996,0.0,2.496091615865614,0.0,0.0,1.1753651683503654,11,cube,r3v2_latent_action_neighbors_kinematic_divergence,10,15.16797773469996
437,11,transport_free,True,10,6.354496192915638,6.354496192915638,10.401623111750936,0.0,1.6368918630161853,0.0,0.0,1.0801407510614673,11,cube,r3v2_latent_action_neighbors_kinematic_divergence,10,10.401623111750936
438,11,interaction,True,10,6.513549144395076,6.513549144395076,17.279236018513114,0.0,2.652814254634424,0.0,0.0,0.9402859501556999,11,cube,r3v2_latent_action_neighbors_kinematic_divergence,10,17.279236018513114
439,11,interaction,True,10,6.838375276319044,6.838375276319044,10.539288641583576,0.0,1.541197757613656,0.0,0.0,1.1306561981446737,11,cube,r3v2_latent_action_neighbors_kinematic_divergence,10,10.539288641583576
440,11,interaction,True,10,5.983563815759304,5.983563815759304,12.57727178444386,0.0,2.101970025174341,0.0,0.0,1.6160024777370918,11,cube,r3v2_latent_action_neighbors_kinematic_divergence,10,12.57727178444386
441,11,interaction,True,10,4.930160281545433,4.930160281545433,12.293905233239625,0.0,2.4936116740987404,0.0,0.0,1.5485728806584915,11,cube,r3v2_latent_action_neighbors_kinematic_divergence,10,12.293905233239625
442,11,interaction,True,10,3.0733103695094943,3.0733103695094943,12.45532481397527,0.0,4.052739006624691,0.0,0.0,1.2884053019112292,11,cube,r3v2_latent_action_neighbors_kinematic_divergence,10,12.45532481397527
443,11,interaction,True,10,3.131796704528265,3.131796704528265,14.015510956914143,0.0,4.475230124819122,0.0,0.0,1.245277669657423,11,cube,r3v2_latent_action_neighbors_kinematic_divergence,10,14.015510956914143
444,11,interaction,True,10,4.754294958787819,4.754294958787819,13.03279058926245,0.0,2.7412667287654706,0.0,0.0,1.033511754007456,11,cube,r3v2_latent_action_neighbors_kinematic_divergence,10,13.03279058926245
445,11,interaction,True,10,5.612907311635132,5.612907311635132,11.312423463923658,0.0,2.015430299458867,0.0,0.0,0.9829218651682003,11,cube,r3v2_latent_action_neighbors_kinematic_divergence,10,11.312423463923658
446,11,interaction,True,10,6.660350908952541,6.660350908952541,11.814013720115128,0.0,1.7737824750697846,0.0,0.0,0.9363978558825223,11,cube,r3v2_latent_action_neighbors_kinematic_divergence,10,11.814013720115128
447,11,transport_free,True,10,7.247129500220172,7.247129500220172,10.285093723044369,0.0,1.4191955204790947,0.0,0.0,1.3224388204787747,11,cube,r3v2_latent_action_neighbors_kinematic_divergence,10,10.285093723044369
448,11,transport_free,True,10,6.351610437551127,6.351610437551127,15.058340700583125,0.0,2.3707909747671634,0.0,0.0,1.5177211279794847,11,cube,r3v2_latent_action_neighbors_kinematic_divergence,10,15.058340700583125
449,11,transport_free,True,10,6.10517298435078,6.10517298435078,12.584241920640256,0.0,2.0612424828742926,0.0,0.0,1.7425264549083077,11,cube,r3v2_latent_action_neighbors_kinematic_divergence,10,12.584241920640256
450,11,transport_free,True,10,5.256191360284621,5.256191360284621,12.50626785007568,0.0,2.379340285167713,0.0,0.0,1.9585985924382174,11,cube,r3v2_latent_action_neighbors_kinematic_divergence,10,12.50626785007568
451,11,transport_free,True,10,5.442822814065081,5.442822814065081,14.155183696697499,0.0,2.6007063210138597,0.0,0.0,1.879822707413003,11,cube,r3v2_latent_action_neighbors_kinematic_divergence,10,14.155183696697499
452,11,transport_free,True,10,5.266053790492899,5.266053790492899,12.084950119985997,0.0,2.294877834670742,0.0,0.0,1.8042563618054068,11,cube,r3v2_latent_action_neighbors_kinematic_divergence,10,12.084950119985997
453,11,transport_free,True,10,5.124470102857431,5.124470102857431,11.650352076136905,0.0,2.273474494395159,0.0,0.0,1.175086236522977,11,cube,r3v2_latent_action_neighbors_kinematic_divergence,10,11.650352076136905
454,11,transport_free,True,10,5.72489356563163,5.72489356563163,11.712091172317162,0.0,2.045818151559812,0.0,0.0,1.2103743222040428,11,cube,r3v2_latent_action_neighbors_kinematic_divergence,10,11.712091172317162
455,11,transport_free,True,10,6.245579833445408,6.245579833445408,11.071576876196175,0.0,1.77270600511858,0.0,0.0,0.9187887383908155,11,cube,r3v2_latent_action_neighbors_kinematic_divergence,10,11.071576876196175
456,12,transport_free,True,10,28.25672472293903,28.25672472293903,9.862313402258112,0.0,0.34902535587402345,0.0,0.0,1.3583650692216196,12,cube,r3v2_latent_action_neighbors_kinematic_divergence,10,9.862313402258112
457,12,transport_free,True,10,27.351587036701357,27.351587036701357,8.761183431202053,0.0,0.32031718742484583,0.0,0.0,1.0490094634746503,12,cube,r3v2_latent_action_neighbors_kinematic_divergence,10,8.761183431202053
458,12,transport_free,True,10,25.04689446815331,25.04689446815331,8.24359630332969,0.0,0.32912648367689973,0.0,0.0,0.8821489006638211,12,cube,r3v2_latent_action_neighbors_kinematic_divergence,10,8.24359630332969
459,12,interaction,True,10,25.870359407778853,25.870359407778853,13.188855575319213,0.0,0.5098056570235939,0.0,0.0,0.8367232924422066,12,cube,r3v2_latent_action_neighbors_kinematic_divergence,10,13.188855575319213
460,12,interaction,True,10,27.749340891261753,27.749340891261753,8.528920598153327,0.0,0.3073557902356909,0.0,0.0,1.0297140730880459,12,cube,r3v2_latent_action_neighbors_kinematic_divergence,10,8.528920598153327
461,12,interaction,True,10,28.476286856816753,28.476286856816753,10.829514571983864,0.0,0.38029939178644906,0.0,0.0,1.0722731481350214,12,cube,r3v2_latent_action_neighbors_kinematic_divergence,10,10.829514571983864
462,12,interaction,True,10,16.507065462488256,16.507065462488256,12.718830147451591,0.0,0.7705082515335447,0.0,0.0,1.3268865747705028,12,cube,r3v2_latent_action_neighbors_kinematic_divergence,10,12.718830147451591
463,12,interaction,True,10,6.358471513339409,6.358471513339409,12.585032384396518,0.0,1.979254347211344,0.0,0.0,1.6409254300309106,12,cube,r3v2_latent_action_neighbors_kinematic_divergence,10,12.585032384396518
464,12,interaction,True,10,6.516608894701624,6.516608894701624,18.4398575828202,0.0,2.8296707506588064,0.0,0.0,1.8430318666199161,12,cube,r3v2_latent_action_neighbors_kinematic_divergence,10,18.4398575828202
465,12,interaction,True,10,2.7992714381728416,2.7992714381728416,18.896496765073607,0.0,6.750505330561244,0.0,0.0,1.0357685764363922,12,cube,r3v2_latent_action_neighbors_kinematic_divergence,10,18.896496765073607
466,12,interaction,True,10,4.113187627182597,4.113187627182597,14.599642534198418,0.0,3.5494715674321693,0.0,0.0,0.8877355170780183,12,cube,r3v2_latent_action_neighbors_kinematic_divergence,10,14.599642534198418
467,12,interaction,True,10,5.508288538243907,5.508288538243907,13.387684489336976,0.0,2.43046172987973,0.0,0.0,1.0979867438801039,12,cube,r3v2_latent_action_neighbors_kinematic_divergence,10,13.387684489336976
468,12,static,True,10,5.654027960140383,5.654027960140383,13.54585976248842,0.0,2.3957893130319947,0.0,0.0,1.4586015369759777,12,cube,r3v2_latent_action_neighbors_kinematic_divergence,10,13.54585976248842
469,12,transport_free,True,10,5.229742735162923,5.229742735162923,13.047389697387331,0.0,2.4948435053337024,0.0,0.0,1.3082782204649286,12,cube,r3v2_latent_action_neighbors_kinematic_divergence,10,13.047389697387331
470,12,transport_free,True,10,4.702578674155891,4.702578674155891,11.863790117811236,0.0,2.522826504320159,0.0,0.0,1.476015704773151,12,cube,r3v2_latent_action_neighbors_kinematic_divergence,10,11.863790117811236
471,12,transport_free,True,10,6.038229044446604,6.038229044446604,10.488332088889146,0.0,1.7369881155030595,0.0,0.0,1.6903156312848642,12,cube,r3v2_latent_action_neighbors_kinematic_divergence,10,10.488332088889146
472,12,transport_free,True,10,7.629821759628301,7.629821759628301,10.300877138604207,0.0,1.3500809669118705,0.0,0.0,1.260605484848026,12,cube,r3v2_latent_action_neighbors_kinematic_divergence,10,10.300877138604207
473,12,transport_free,True,10,5.801236401313702,5.801236401313702,14.497825083891485,0.0,2.4990922763651593,0.0,0.0,1.353199982883102,12,cube,r3v2_latent_action_neighbors_kinematic_divergence,10,14.497825083891485
474,12,transport_free,True,10,4.6876513795448735,4.6876513795448735,11.541914665086296,0.0,2.4621956136607808,0.0,0.0,1.2255225958309892,12,cube,r3v2_latent_action_neighbors_kinematic_divergence,10,11.541914665086296
475,12,transport_free,True,10,4.889443459155643,4.889443459155643,12.717470199089394,0.0,2.6010056779111568,0.0,0.0,1.2663977937265993,12,cube,r3v2_latent_action_neighbors_kinematic_divergence,10,12.717470199089394
476,12,transport_free,True,10,5.484757201859685,5.484757201859685,11.504761535273992,0.0,2.0975881177334776,0.0,0.0,0.9666712496113661,12,cube,r3v2_latent_action_neighbors_kinematic_divergence,10,11.504761535273992
477,12,interaction,True,10,5.279776386501071,5.279776386501071,20.68271085800754,0.0,3.9173459904263206,0.0,0.0,1.0100822140206498,12,cube,r3v2_latent_action_neighbors_kinematic_divergence,10,20.68271085800754
478,12,interaction,True,10,4.750690942461551,4.750690942461551,10.058179937926546,0.0,2.117203594118657,0.0,0.0,1.139636131258054,12,cube,r3v2_latent_action_neighbors_kinematic_divergence,10,10.058179937926546
479,12,interaction,True,10,3.7726915178240814,3.7726915178240814,10.18876946334155,0.0,2.700663283813349,0.0,0.0,1.1567450795652983,12,cube,r3v2_latent_action_neighbors_kinematic_divergence,10,10.18876946334155
480,12,interaction,True,10,3.84700913083939,3.84700913083939,11.56723345088708,0.0,3.006812060350684,0.0,0.0,1.2378422938270288,12,cube,r3v2_latent_action_neighbors_kinematic_divergence,10,11.56723345088708
481,12,interaction,True,10,3.5337443922392033,3.5337443922392033,9.86889380856837,0.0,2.792758251061508,0.0,0.0,0.7160247465793202,12,cube,r3v2_latent_action_neighbors_kinematic_divergence,10,9.86889380856837
482,12,interaction,True,10,3.947301280177992,3.947301280177992,9.847201938961877,0.0,2.494666923047193,0.0,0.0,0.6319097834540913,12,cube,r3v2_latent_action_neighbors_kinematic_divergence,10,9.847201938961877
483,12,interaction,True,10,3.745920321713207,3.745920321713207,12.638998375817515,0.0,3.374070265871815,0.0,0.0,0.8664173517253941,12,cube,r3v2_latent_action_neighbors_kinematic_divergence,10,12.638998375817515
484,12,interaction,True,10,4.532022377727952,4.532022377727952,11.926160682556073,0.0,2.6315317287852937,0.0,0.0,0.9246923454310609,12,cube,r3v2_latent_action_neighbors_kinematic_divergence,10,11.926160682556073
485,12,interaction,True,10,5.771739479481711,5.771739479481711,11.73652841944959,0.0,2.033447362129294,0.0,0.0,1.2031973025383262,12,cube,r3v2_latent_action_neighbors_kinematic_divergence,10,11.73652841944959
486,12,transport_free,True,10,5.192088084194221,5.192088084194221,14.579406220849977,0.0,2.8080044067882195,0.0,0.0,1.5268362202477408,12,cube,r3v2_latent_action_neighbors_kinematic_divergence,10,14.579406220849977
487,12,transport_free,True,10,4.462457602523568,4.462457602523568,11.496979253144126,0.0,2.5763783720079405,0.0,0.0,1.4838974043070414,12,cube,r3v2_latent_action_neighbors_kinematic_divergence,10,11.496979253144126
488,12,transport_free,True,10,3.7566741198848455,3.7566741198848455,12.553065810269008,0.0,3.341537064347173,0.0,0.0,1.759291730137408,12,cube,r3v2_latent_action_neighbors_kinematic_divergence,10,12.553065810269008
489,12,transport_free,True,10,4.112426437552659,4.112426437552659,11.327195750143591,0.0,2.7543825821926444,0.0,0.0,1.6913576469317269,12,cube,r3v2_latent_action_neighbors_kinematic_divergence,10,11.327195750143591
490,12,transport_free,True,10,3.9995660088991745,3.9995660088991745,12.349767695153872,0.0,3.0877769407168696,0.0,0.0,1.6127139390447043,12,cube,r3v2_latent_action_neighbors_kinematic_divergence,10,12.349767695153872
491,12,transport_free,True,10,3.4763498284935848,3.4763498284935848,12.762713545441041,0.0,3.6712972442625373,0.0,0.0,1.3393635581634267,12,cube,r3v2_latent_action_neighbors_kinematic_divergence,10,12.762713545441041
492,12,transport_free,True,10,3.673571126727694,3.673571126727694,12.22168029482765,0.0,3.326920828048415,0.0,0.0,1.2771671688441715,12,cube,r3v2_latent_action_neighbors_kinematic_divergence,10,12.22168029482765
493,12,transport_free,True,10,4.06546694429782,4.06546694429782,11.187003737206538,0.0,2.7517143517541838,0.0,0.0,1.1743129624396969,12,cube,r3v2_latent_action_neighbors_kinematic_divergence,10,11.187003737206538
494,13,transport_free,True,10,15.57887722983123,15.57887722983123,7.526235560216292,0.0,0.48310513326369064,0.0,0.0,1.2635278605117501,13,cube,r3v2_latent_action_neighbors_kinematic_divergence,10,7.526235560216292
495,13,transport_free,True,10,16.354084214067377,16.354084214067377,6.549851233236317,0.0,0.4005024767820565,0.0,0.0,0.7691693521795842,13,cube,r3v2_latent_action_neighbors_kinematic_divergence,10,6.549851233236317
496,13,transport_free,True,10,16.699789977939325,16.699789977939325,6.643781809517643,0.0,0.3978362493357209,0.0,0.0,0.7289824669618715,13,cube,r3v2_latent_action_neighbors_kinematic_divergence,10,6.643781809517643
497,13,interaction,True,10,16.92056463718689,16.92056463718689,14.40642305381835,0.0,0.8514150303327865,0.0,0.0,0.8207798664851285,13,cube,r3v2_latent_action_neighbors_kinematic_divergence,10,14.40642305381835
498,13,interaction,True,10,13.444377742791215,13.444377742791215,9.917821502365706,0.0,0.73769286255614,0.0,0.0,1.0082905851211073,13,cube,r3v2_latent_action_neighbors_kinematic_divergence,10,9.917821502365706
499,13,interaction,True,10,13.991573228260723,13.991573228260723,10.346850520562331,0.0,0.739505869122949,0.0,0.0,1.1328733214796864,13,cube,r3v2_latent_action_neighbors_kinematic_divergence,10,10.346850520562331
500,13,interaction,True,10,4.883317122982689,4.883317122982689,11.6929401975535,0.0,2.394466692020106,0.0,0.0,1.5950799181200965,13,cube,r3v2_latent_action_neighbors_kinematic_divergence,10,11.6929401975535
501,13,interaction,True,10,3.0830583803838985,3.0830583803838985,18.051385147728183,0.0,5.8550254067782035,0.0,0.0,1.0674779944693644,13,cube,r3v2_latent_action_neighbors_kinematic_divergence,10,18.051385147728183
502,13,interaction,True,10,2.957351809308489,2.957351809308489,14.690109661797605,0.0,4.967318942426589,0.0,0.0,1.1481500472677757,13,cube,r3v2_latent_action_neighbors_kinematic_divergence,10,14.690109661797605
503,13,interaction,True,10,4.948706012420093,4.948706012420093,13.842608451779569,0.0,2.797217781181154,0.0,0.0,1.133000534281339,13,cube,r3v2_latent_action_neighbors_kinematic_divergence,10,13.842608451779569
504,13,interaction,True,10,7.042791006596832,7.042791006596832,14.233915558747594,0.0,2.021061755973589,0.0,0.0,1.0612348919048007,13,cube,r3v2_latent_action_neighbors_kinematic_divergence,10,14.233915558747594
505,13,interaction,True,10,10.134744805687932,10.134744805687932,11.780725530467775,0.0,1.1624096863155418,0.0,0.0,0.9133100692461755,13,cube,r3v2_latent_action_neighbors_kinematic_divergence,10,11.780725530467775
506,13,static,True,10,11.187093617900384,11.187093617900384,10.578412319963508,0.0,0.9455907567482112,0.0,0.0,1.2797975830994264,13,cube,r3v2_latent_action_neighbors_kinematic_divergence,10,10.578412319963508
507,13,transport_free,True,10,11.614036204655042,11.614036204655042,14.346086781017807,0.0,1.2352369605381226,0.0,0.0,1.4218996319614483,13,cube,r3v2_latent_action_neighbors_kinematic_divergence,10,14.346086781017807
508,13,transport_free,True,10,12.690105617224287,12.690105617224287,9.482655708367998,0.0,0.747247973688823,0.0,0.0,2.0402928660520048,13,cube,r3v2_latent_action_neighbors_kinematic_divergence,10,9.482655708367998
509,13,transport_free,True,10,12.73584769083143,12.73584769083143,12.484726312477385,0.0,0.9802823192888189,0.0,0.0,1.5909576210042569,13,cube,r3v2_latent_action_neighbors_kinematic_divergence,10,12.484726312477385
510,13,transport_free,True,10,12.61537330245837,12.61537330245837,9.484033109099226,0.0,0.7517837864735294,0.0,0.0,1.2216483929830602,13,cube,r3v2_latent_action_neighbors_kinematic_divergence,10,9.484033109099226
511,13,transport_free,True,10,13.25241893377014,13.25241893377014,9.84538512679349,0.0,0.7429123072547335,0.0,0.0,1.2085947259891046,13,cube,r3v2_latent_action_neighbors_kinematic_divergence,10,9.84538512679349
512,13,transport_free,True,10,13.298540347184385,13.298540347184385,8.337403384414316,0.0,0.6269412406737962,0.0,0.0,0.9279472239698033,13,cube,r3v2_latent_action_neighbors_kinematic_divergence,10,8.337403384414316
513,13,transport_free,True,10,12.034304786827128,12.034304786827128,9.002021092612209,0.0,0.7480300068904613,0.0,0.0,0.790114445367478,13,cube,r3v2_latent_action_neighbors_kinematic_divergence,10,9.002021092612209
514,13,interaction,True,10,11.935087182782151,11.935087182782151,18.109147450612802,0.0,1.5173033236604674,0.0,0.0,0.9824926230887309,13,cube,r3v2_latent_action_neighbors_kinematic_divergence,10,18.109147450612802
515,13,interaction,True,10,12.268573057265016,12.268573057265016,14.516628155676894,0.0,1.1832368840221936,0.0,0.0,1.3922770354961547,13,cube,r3v2_latent_action_neighbors_kinematic_divergence,10,14.516628155676894
516,13,interaction,True,10,8.541780047723519,8.541780047723519,12.335653682443294,0.0,1.4441549201130373,0.0,0.0,1.3666421104854292,13,cube,r3v2_latent_action_neighbors_kinematic_divergence,10,12.335653682443294
517,13,interaction,True,10,3.0854846431724763,3.0854846431724763,13.117786861608646,0.0,4.251451029139143,0.0,0.0,1.4709662291053833,13,cube,r3v2_latent_action_neighbors_kinematic_divergence,10,13.117786861608646
518,13,interaction,True,10,3.083434949529339,3.083434949529339,13.194333105955149,0.0,4.279102144823634,0.0,0.0,0.9689029939261058,13,cube,r3v2_latent_action_neighbors_kinematic_divergence,10,13.194333105955149
519,13,interaction,True,10,3.5848073523516786,3.5848073523516786,10.019702223232562,0.0,2.795046215428986,0.0,0.0,1.0296073721394434,13,cube,r3v2_latent_action_neighbors_kinematic_divergence,10,10.019702223232562
520,13,interaction,True,10,4.293432748272597,4.293432748272597,16.17854187392812,0.0,3.7682066594468795,0.0,0.0,1.0891093347445422,13,cube,r3v2_latent_action_neighbors_kinematic_divergence,10,16.17854187392812
521,13,interaction,True,10,7.401239091365327,7.401239091365327,13.731737832604558,0.0,1.8553295823971856,0.0,0.0,1.114536415065947,13,cube,r3v2_latent_action_neighbors_kinematic_divergence,10,13.731737832604558
522,13,interaction,True,10,10.60185591510421,10.60185591510421,11.087854402755774,0.0,1.0458408878165542,0.0,0.0,1.1131644021355709,13,cube,r3v2_latent_action_neighbors_kinematic_divergence,10,11.087854402755774
523,13,static,True,10,9.95221608785656,9.95221608785656,11.753705876390391,0.0,1.1810139342464603,0.0,0.0,1.3853495829228581,13,cube,r3v2_latent_action_neighbors_kinematic_divergence,10,11.753705876390391
524,13,transport_free,True,10,11.051935939557838,11.051935939557838,11.721816622148523,0.0,1.060612067085279,0.0,0.0,1.2984039346755165,13,cube,r3v2_latent_action_neighbors_kinematic_divergence,10,11.721816622148523
525,13,transport_free,True,10,12.267302344856063,12.267302344856063,7.851715184407281,0.0,0.6400523084604391,0.0,0.0,1.9154532154704675,13,cube,r3v2_latent_action_neighbors_kinematic_divergence,10,7.851715184407281
526,13,transport_free,True,10,11.970481102033393,11.970481102033393,11.826046986538284,0.0,0.9879341428081304,0.0,0.0,1.8923510182297676,13,cube,r3v2_latent_action_neighbors_kinematic_divergence,10,11.826046986538284
527,13,transport_free,True,10,12.559300016874843,12.559300016874843,11.016323677953832,0.0,0.8771447185075723,0.0,0.0,1.3799465072860504,13,cube,r3v2_latent_action_neighbors_kinematic_divergence,10,11.016323677953832
528,13,transport_free,True,10,12.20973253671757,12.20973253671757,10.645450669058945,0.0,0.8718823804735725,0.0,0.0,1.3663614883114286,13,cube,r3v2_latent_action_neighbors_kinematic_divergence,10,10.645450669058945
529,13,transport_free,True,10,12.656228914217621,12.656228914217621,9.055454082699681,0.0,0.7154938603020257,0.0,0.0,1.0417124280184362,13,cube,r3v2_latent_action_neighbors_kinematic_divergence,10,9.055454082699681
530,13,transport_free,True,10,11.700150797535262,11.700150797535262,9.863916542338657,0.0,0.8430589240282763,0.0,0.0,0.9589915139986008,13,cube,r3v2_latent_action_neighbors_kinematic_divergence,10,9.863916542338657
531,13,interaction,True,10,10.198591835105699,10.198591835105699,9.900320192139446,0.0,0.97075364444535,0.0,0.0,0.8362980877303658,13,cube,r3v2_latent_action_neighbors_kinematic_divergence,10,9.900320192139446
532,14,transport_free,True,10,8.53949427889252,8.53949427889252,9.379952900699617,0.0,1.098420186764982,0.0,0.0,1.167148141193438,14,cube,r3v2_latent_action_neighbors_kinematic_divergence,10,9.379952900699617
533,14,transport_free,True,10,8.763743494342705,8.763743494342705,11.957294588859455,0.0,1.3644049026056382,0.0,0.0,1.2506081115906995,14,cube,r3v2_latent_action_neighbors_kinematic_divergence,10,11.957294588859455
534,14,static,True,10,8.45405003203199,8.45405003203199,13.76969214344744,0.0,1.6287687074567498,0.0,0.0,1.1825237854830113,14,cube,r3v2_latent_action_neighbors_kinematic_divergence,10,13.76969214344744
535,14,interaction,True,10,7.97387876308472,7.97387876308472,15.695071235324297,0.0,1.9683107433216869,0.0,0.0,1.092642579501327,14,cube,r3v2_latent_action_neighbors_kinematic_divergence,10,15.695071235324297
536,14,interaction,True,10,7.987402035311664,7.987402035311664,12.04406426997096,0.0,1.5078825651601255,0.0,0.0,1.2459931588010411,14,cube,r3v2_latent_action_neighbors_kinematic_divergence,10,12.04406426997096
537,14,interaction,True,10,7.02803588672316,7.02803588672316,13.739374258598172,0.0,1.9549379769892141,0.0,0.0,1.2622670815208192,14,cube,r3v2_latent_action_neighbors_kinematic_divergence,10,13.739374258598172
538,14,interaction,True,10,4.936672187043332,4.936672187043332,11.788636221172377,0.0,2.387972256313178,0.0,0.0,1.338090121232208,14,cube,r3v2_latent_action_neighbors_kinematic_divergence,10,11.788636221172377
539,14,interaction,True,10,2.9680895232063396,2.9680895232063396,15.041979830623164,0.0,5.067899641508709,0.0,0.0,1.7671024493942649,14,cube,r3v2_latent_action_neighbors_kinematic_divergence,10,15.041979830623164
540,14,interaction,True,10,3.2646602218057375,3.2646602218057375,19.743000130923843,0.0,6.047490026390453,0.0,0.0,1.7102075859899553,14,cube,r3v2_latent_action_neighbors_kinematic_divergence,10,19.743000130923843
541,14,interaction,True,10,18.161106383204952,18.161106383204952,25.2212934404566,0.0,1.388753135865157,0.0,0.0,1.4999829887931972,14,cube,r3v2_latent_action_neighbors_kinematic_divergence,10,25.2212934404566
542,14,interaction,True,10,21.98370713304505,21.98370713304505,17.211846177064565,0.0,0.7829364753132282,0.0,0.0,1.560458787445668,14,cube,r3v2_latent_action_neighbors_kinematic_divergence,10,17.211846177064565
543,14,interaction,True,10,22.99534412060355,22.99534412060355,12.036249065903803,0.0,0.5234211326770043,0.0,0.0,0.769865186200562,14,cube,r3v2_latent_action_neighbors_kinematic_divergence,10,12.036249065903803
544,14,transport_free,True,10,18.36361929344063,18.36361929344063,11.491729012308912,0.0,0.6257878051530771,0.0,0.0,0.8576406429448588,14,cube,r3v2_latent_action_neighbors_kinematic_divergence,10,11.491729012308912
545,14,transport_free,True,10,17.0401268706661,17.0401268706661,7.928188906567704,0.0,0.4652658379096793,0.0,0.0,1.2090405003149196,14,cube,r3v2_latent_action_neighbors_kinematic_divergence,10,7.928188906567704
546,14,transport_free,True,10,17.203232715800304,17.203232715800304,7.722614228595823,0.0,0.44890482830607703,0.0,0.0,1.743991098519406,14,cube,r3v2_latent_action_neighbors_kinematic_divergence,10,7.722614228595823
547,14,transport_free,True,10,14.428642394335856,14.428642394335856,10.46761419640293,0.0,0.7254746434433861,0.0,0.0,2.249596230015559,14,cube,r3v2_latent_action_neighbors_kinematic_divergence,10,10.46761419640293
548,14,transport_free,True,10,16.21210568656893,16.21210568656893,11.458486292017206,0.0,0.706785812623347,0.0,0.0,1.8512150560279004,14,cube,r3v2_latent_action_neighbors_kinematic_divergence,10,11.458486292017206
549,14,transport_free,True,10,14.291287636113722,14.291287636113722,10.172491740784988,0.0,0.7117967253754909,0.0,0.0,1.715517731255383,14,cube,r3v2_latent_action_neighbors_kinematic_divergence,10,10.172491740784988
550,14,transport_free,True,10,15.747061938861966,15.747061938861966,9.48843291440892,0.0,0.6025525873491703,0.0,0.0,1.4920849150873576,14,cube,r3v2_latent_action_neighbors_kinematic_divergence,10,9.48843291440892
551,14,transport_free,True,10,14.272647507403274,14.272647507403274,8.328056576650356,0.0,0.583497670795174,0.0,0.0,1.1901434865679525,14,cube,r3v2_latent_action_neighbors_kinematic_divergence,10,8.328056576650356
552,14,interaction,True,10,18.68715366097635,18.68715366097635,9.835869247480233,0.0,0.5263438951658054,0.0,0.0,1.1602186149742362,14,cube,r3v2_latent_action_neighbors_kinematic_divergence,10,9.835869247480233
553,14,interaction,True,10,18.281159773503767,18.281159773503767,48.690495299775876,0.0,2.663424853949726,0.0,0.0,1.1894013022643635,14,cube,r3v2_latent_action_neighbors_kinematic_divergence,10,48.690495299775876
554,14,interaction,True,10,16.946468040467504,16.946468040467504,10.768910608840336,0.0,0.6354663746524998,0.0,0.0,1.0674239933867224,14,cube,r3v2_latent_action_neighbors_kinematic_divergence,10,10.768910608840336
555,14,interaction,True,10,18.897289883889265,18.897289883889265,12.44839912153408,0.0,0.6587399144544459,0.0,0.0,1.1038384439006688,14,cube,r3v2_latent_action_neighbors_kinematic_divergence,10,12.44839912153408
556,14,interaction,True,10,15.510301312969986,15.510301312969986,10.61159054485962,0.0,0.6841640488303101,0.0,0.0,1.5703479027342746,14,cube,r3v2_latent_action_neighbors_kinematic_divergence,10,10.61159054485962
557,14,interaction,True,10,16.060928140725743,16.060928140725743,11.513772020921623,0.0,0.7168808626773018,0.0,0.0,0.9887384185425917,14,cube,r3v2_latent_action_neighbors_kinematic_divergence,10,11.513772020921623
558,14,interaction,True,10,11.063410947915656,11.063410947915656,14.650829187393569,0.0,1.3242596931784207,0.0,0.0,0.9964694462471737,14,cube,r3v2_latent_action_neighbors_kinematic_divergence,10,14.650829187393569
559,14,interaction,True,10,21.629650479195774,21.629650479195774,14.081118820350397,0.0,0.6510100028613109,0.0,0.0,1.444247026700901,14,cube,r3v2_latent_action_neighbors_kinematic_divergence,10,14.081118820350397
560,14,interaction,True,10,19.456868910190256,19.456868910190256,10.700663147171468,0.0,0.5499684042979366,0.0,0.0,0.9231350162515062,14,cube,r3v2_latent_action_neighbors_kinematic_divergence,10,10.700663147171468
561,14,interaction,True,10,19.59243617617127,19.59243617617127,9.823990838383569,0.0,0.5014175240918591,0.0,0.0,0.6665820348109726,14,cube,r3v2_latent_action_neighbors_kinematic_divergence,10,9.823990838383569
562,14,transport_free,True,10,19.830095660779477,19.830095660779477,10.57745028178457,0.0,0.5334038959128649,0.0,0.0,0.8476741660916183,14,cube,r3v2_latent_action_neighbors_kinematic_divergence,10,10.57745028178457
563,14,transport_free,True,10,17.88305111958104,17.88305111958104,7.64723387917243,0.0,0.4276246725481366,0.0,0.0,1.201011604615455,14,cube,r3v2_latent_action_neighbors_kinematic_divergence,10,7.64723387917243
564,14,transport_free,True,10,21.363770762622423,21.363770762622423,7.97624432012914,0.0,0.3733537683377599,0.0,0.0,1.4904402616167385,14,cube,r3v2_latent_action_neighbors_kinematic_divergence,10,7.97624432012914
565,14,transport_free,True,10,22.947691001645296,22.947691001645296,8.216102541931775,0.0,0.35803613275700374,0.0,0.0,1.6132540974335663,14,cube,r3v2_latent_action_neighbors_kinematic_divergence,10,8.216102541931775
566,14,transport_free,True,10,22.998442952650763,22.998442952650763,8.410115127496795,0.0,0.3656819352862955,0.0,0.0,1.1788439957174446,14,cube,r3v2_latent_action_neighbors_kinematic_divergence,10,8.410115127496795
567,14,transport_free,True,10,22.80110634353465,22.80110634353465,8.797431052300736,0.0,0.38583351701244467,0.0,0.0,1.1809521345415954,14,cube,r3v2_latent_action_neighbors_kinematic_divergence,10,8.797431052300736
568,14,transport_free,True,10,22.465425199647292,22.465425199647292,8.024002208438509,0.0,0.3571711702373871,0.0,0.0,1.176513314579983,14,cube,r3v2_latent_action_neighbors_kinematic_divergence,10,8.024002208438509
569,14,transport_free,True,10,20.258279670574854,20.258279670574854,9.185320863086318,0.0,0.4534107047810182,0.0,0.0,1.285059826933982,14,cube,r3v2_latent_action_neighbors_kinematic_divergence,10,9.185320863086318
570,15,transport_free,True,10,27.962515029583127,27.962515029583127,9.995715674994504,0.0,0.35746840598635243,0.0,0.0,1.456642701433509,15,cube,r3v2_latent_action_neighbors_kinematic_divergence,10,9.995715674994504
571,15,transport_free,True,10,27.856720924582394,27.856720924582394,7.976568078084609,0.0,0.2863426782958371,0.0,0.0,0.9454291753126841,15,cube,r3v2_latent_action_neighbors_kinematic_divergence,10,7.976568078084609
572,15,transport_free,True,10,26.21468120144821,26.21468120144821,7.23663817029211,0.0,0.27605287719052357,0.0,0.0,0.8621402065996251,15,cube,r3v2_latent_action_neighbors_kinematic_divergence,10,7.23663817029211
573,15,interaction,True,10,26.155284308159963,26.155284308159963,13.325020385823983,0.0,0.5094580593668724,0.0,0.0,0.8545101564756121,15,cube,r3v2_latent_action_neighbors_kinematic_divergence,10,13.325020385823983
574,15,interaction,True,10,26.55960380555525,26.55960380555525,10.884736892366007,0.0,0.40982301438131163,0.0,0.0,1.3484435517870892,15,cube,r3v2_latent_action_neighbors_kinematic_divergence,10,10.884736892366007
575,15,interaction,True,10,22.220232252525946,22.220232252525946,10.996578676738727,0.0,0.4948903572098649,0.0,0.0,1.7159443240951635,15,cube,r3v2_latent_action_neighbors_kinematic_divergence,10,10.996578676738727
576,15,interaction,True,10,9.468419072732882,9.468419072732882,15.756030254224443,0.0,1.6640613531353508,0.0,0.0,2.066136094750485,15,cube,r3v2_latent_action_neighbors_kinematic_divergence,10,15.756030254224443
577,15,interaction,True,10,3.449170972470964,3.449170972470964,17.625026185579664,0.0,5.10993114758623,0.0,0.0,1.6865703800486211,15,cube,r3v2_latent_action_neighbors_kinematic_divergence,10,17.625026185579664
578,15,interaction,True,10,4.258222284403964,4.258222284403964,18.432290389037206,0.0,4.328635087122331,0.0,0.0,1.294760628140055,15,cube,r3v2_latent_action_neighbors_kinematic_divergence,10,18.432290389037206
579,15,interaction,True,10,19.071579430688473,19.071579430688473,14.63223489349675,0.0,0.7672272213570166,0.0,0.0,0.7604002251435535,15,cube,r3v2_latent_action_neighbors_kinematic_divergence,10,14.63223489349675
580,15,interaction,True,10,23.60917777661182,23.60917777661182,8.999808540434634,0.0,0.3811995752495116,0.0,0.0,0.6738912269271202,15,cube,r3v2_latent_action_neighbors_kinematic_divergence,10,8.999808540434634
581,15,interaction,True,10,26.876844854124933,26.876844854124933,8.068591661342833,0.0,0.30020605860306193,0.0,0.0,0.6913284674066376,15,cube,r3v2_latent_action_neighbors_kinematic_divergence,10,8.068591661342833
582,15,static,True,10,24.528145883936723,24.528145883936723,10.43762796840967,0.0,0.4255367697908705,0.0,0.0,0.7692751902356656,15,cube,r3v2_latent_action_neighbors_kinematic_divergence,10,10.43762796840967
583,15,transport_free,True,10,22.777737052287293,22.777737052287293,9.411806643540444,0.0,0.4132020060612356,0.0,0.0,1.0186508842883715,15,cube,r3v2_latent_action_neighbors_kinematic_divergence,10,9.411806643540444
584,15,transport_free,True,10,24.785285836796632,24.785285836796632,8.021671805452613,0.0,0.3236465319896981,0.0,0.0,1.7283148128065755,15,cube,r3v2_latent_action_neighbors_kinematic_divergence,10,8.021671805452613
585,15,transport_free,True,10,23.034795770986918,23.034795770986918,10.430611651475349,0.0,0.4528198016243342,0.0,0.0,2.065044770722213,15,cube,r3v2_latent_action_neighbors_kinematic_divergence,10,10.430611651475349
586,15,transport_free,True,10,21.711984540560813,21.711984540560813,10.560009489416615,0.0,0.486367769362084,0.0,0.0,1.6397497488073607,15,cube,r3v2_latent_action_neighbors_kinematic_divergence,10,10.560009489416615
587,15,transport_free,True,10,23.11501070436569,23.11501070436569,9.29255403970237,0.0,0.40201383242047567,0.0,0.0,1.4706979160277163,15,cube,r3v2_latent_action_neighbors_kinematic_divergence,10,9.29255403970237
588,15,transport_free,True,10,24.929366086627887,24.929366086627887,8.101580278404768,0.0,0.32498139945686205,0.0,0.0,0.8607520302417203,15,cube,r3v2_latent_action_neighbors_kinematic_divergence,10,8.101580278404768
589,15,transport_free,True,10,25.741703076059434,25.741703076059434,7.828466658124206,0.0,0.3041161120922461,0.0,0.0,0.6878529287819986,15,cube,r3v2_latent_action_neighbors_kinematic_divergence,10,7.828466658124206
590,15,interaction,True,10,28.453883873826772,28.453883873826772,8.182079493245471,0.0,0.28755580537009695,0.0,0.0,0.7701119017044636,15,cube,r3v2_latent_action_neighbors_kinematic_divergence,10,8.182079493245471
591,15,interaction,True,10,27.202324520839774,27.202324520839774,59.53197447402506,0.0,2.188488503194551,0.0,0.0,0.8568362590134648,15,cube,r3v2_latent_action_neighbors_kinematic_divergence,10,59.53197447402506
592,15,interaction,True,10,25.571134052447754,25.571134052447754,8.953316459001886,0.0,0.3501337265933595,0.0,0.0,1.0005473674525704,15,cube,r3v2_latent_action_neighbors_kinematic_divergence,10,8.953316459001886
593,15,interaction,True,10,25.11567054113015,25.11567054113015,9.050098725049766,0.0,0.36033673519602283,0.0,0.0,0.9347667236254125,15,cube,r3v2_latent_action_neighbors_kinematic_divergence,10,9.050098725049766
594,15,interaction,True,10,24.196905858571675,24.196905858571675,11.162074844268139,0.0,0.46130174285544073,0.0,0.0,1.3081783757829535,15,cube,r3v2_latent_action_neighbors_kinematic_divergence,10,11.162074844268139
595,15,interaction,True,10,30.095445060870457,30.095445060870457,10.225754067901867,0.0,0.339777466231832,0.0,0.0,1.201326698913495,15,cube,r3v2_latent_action_neighbors_kinematic_divergence,10,10.225754067901867
596,15,interaction,True,10,23.199222440735525,23.199222440735525,9.948150871150617,0.0,0.42881397842380503,0.0,0.0,0.7517086307942685,15,cube,r3v2_latent_action_neighbors_kinematic_divergence,10,9.948150871150617
597,15,interaction,True,10,24.87797005067166,24.87797005067166,8.6194482152245,0.0,0.3464691129408201,0.0,0.0,0.9170519259717473,15,cube,r3v2_latent_action_neighbors_kinematic_divergence,10,8.6194482152245
598,15,interaction,True,10,23.090173830444932,23.090173830444932,6.587665240103677,0.0,0.2853016737109916,0.0,0.0,0.7362286710720105,15,cube,r3v2_latent_action_neighbors_kinematic_divergence,10,6.587665240103677
599,15,static,True,10,24.41098015177557,24.41098015177557,7.738821065097024,0.0,0.31702213581678446,0.0,0.0,0.7375280510694784,15,cube,r3v2_latent_action_neighbors_kinematic_divergence,10,7.738821065097024
600,15,transport_free,True,10,24.26411619144062,24.26411619144062,12.888010476037202,0.0,0.5311551582737458,0.0,0.0,1.0123290074999889,15,cube,r3v2_latent_action_neighbors_kinematic_divergence,10,12.888010476037202
601,15,transport_free,True,10,22.50698466381565,22.50698466381565,7.938349048832898,0.0,0.3527060229260891,0.0,0.0,1.270822803481161,15,cube,r3v2_latent_action_neighbors_kinematic_divergence,10,7.938349048832898
602,15,transport_free,True,10,19.199962793462316,19.199962793462316,9.568743131795234,0.0,0.49837300388172834,0.0,0.0,1.8761822478042576,15,cube,r3v2_latent_action_neighbors_kinematic_divergence,10,9.568743131795234
603,15,transport_free,True,10,17.41718381573684,17.41718381573684,9.52270593375873,0.0,0.5467420011468638,0.0,0.0,1.2192738429507826,15,cube,r3v2_latent_action_neighbors_kinematic_divergence,10,9.52270593375873
604,15,transport_free,True,10,17.83441578617355,17.83441578617355,10.894378231136997,0.0,0.6108626355780635,0.0,0.0,0.9751483145601294,15,cube,r3v2_latent_action_neighbors_kinematic_divergence,10,10.894378231136997
605,15,transport_free,True,10,18.63631967539358,18.63631967539358,8.38108828967992,0.0,0.44971799344834534,0.0,0.0,0.7746220791017584,15,cube,r3v2_latent_action_neighbors_kinematic_divergence,10,8.38108828967992
606,15,transport_free,True,10,20.483933656213495,20.483933656213495,8.564463983513274,0.0,0.4181064109683529,0.0,0.0,0.8659764359740063,15,cube,r3v2_latent_action_neighbors_kinematic_divergence,10,8.564463983513274
607,15,transport_free,True,10,21.5729811719537,21.5729811719537,8.646436874032721,0.0,0.40079935198171224,0.0,0.0,0.7348522573571179,15,cube,r3v2_latent_action_neighbors_kinematic_divergence,10,8.646436874032721
608,16,transport_free,True,10,29.179084391356675,29.179084391356675,11.85335493503845,0.0,0.40622778892094397,0.0,0.0,1.8042516021802966,16,cube,r3v2_latent_action_neighbors_kinematic_divergence,10,11.85335493503845
609,16,transport_free,True,10,29.258392022749387,29.258392022749387,10.378432555308988,0.0,0.3547164364753677,0.0,0.0,1.4998247117697343,16,cube,r3v2_latent_action_neighbors_kinematic_divergence,10,10.378432555308988
610,16,transport_free,True,10,29.870978991976653,29.870978991976653,9.927599544651066,0.0,0.332349319629518,0.0,0.0,1.1958124314611913,16,cube,r3v2_latent_action_neighbors_kinematic_divergence,10,9.927599544651066
611,16,interaction,True,10,28.84518381917237,28.84518381917237,7.492746450685042,0.0,0.25975727863813713,0.0,0.0,1.0911782557026015,16,cube,r3v2_latent_action_neighbors_kinematic_divergence,10,7.492746450685042
612,16,interaction,True,10,28.048898119070248,28.048898119070248,9.59315285216783,0.0,0.34201531951251635,0.0,0.0,1.1825983992048756,16,cube,r3v2_latent_action_neighbors_kinematic_divergence,10,9.59315285216783
613,16,interaction,True,10,27.021925630159455,27.021925630159455,11.489060681443952,0.0,0.425175497804675,0.0,0.0,1.3164072089819925,16,cube,r3v2_latent_action_neighbors_kinematic_divergence,10,11.489060681443952
614,16,interaction,True,10,7.452125836253906,7.452125836253906,14.010726171019567,0.0,1.88009790479633,0.0,0.0,1.2308879190966748,16,cube,r3v2_latent_action_neighbors_kinematic_divergence,10,14.010726171019567
615,16,interaction,True,10,3.735913509858261,3.735913509858261,14.907285455293664,0.0,3.9902651429045637,0.0,0.0,1.242608029447156,16,cube,r3v2_latent_action_neighbors_kinematic_divergence,10,14.907285455293664
616,16,interaction,True,10,2.967708379900361,2.967708379900361,15.922300812406858,0.0,5.365183762746069,0.0,0.0,1.3470090863184732,16,cube,r3v2_latent_action_neighbors_kinematic_divergence,10,15.922300812406858
617,16,interaction,True,10,6.491272394417952,6.491272394417952,15.297189405321568,0.0,2.3565779520323473,0.0,0.0,1.2733624964607193,16,cube,r3v2_latent_action_neighbors_kinematic_divergence,10,15.297189405321568
618,16,interaction,True,10,7.58584477522057,7.58584477522057,11.068235980467122,0.0,1.4590643901153773,0.0,0.0,1.1853455640545132,16,cube,r3v2_latent_action_neighbors_kinematic_divergence,10,11.068235980467122
619,16,interaction,True,10,8.558659592928166,8.558659592928166,11.15023553321928,0.0,1.3028016142191796,0.0,0.0,0.9450736103415152,16,cube,r3v2_latent_action_neighbors_kinematic_divergence,10,11.15023553321928
620,16,static,True,10,9.178901574427494,9.178901574427494,19.51520360644072,0.0,2.1260935688438214,0.0,0.0,1.3950411491606722,16,cube,r3v2_latent_action_neighbors_kinematic_divergence,10,19.51520360644072
621,16,transport_free,True,10,8.297449365338487,8.297449365338487,12.268189476827718,0.0,1.4785494839024242,0.0,0.0,1.416772592690728,16,cube,r3v2_latent_action_neighbors_kinematic_divergence,10,12.268189476827718
622,16,transport_free,True,10,6.22541710433655,6.22541710433655,8.56634205797828,0.0,1.3760270058067388,0.0,0.0,1.707917565526241,16,cube,r3v2_latent_action_neighbors_kinematic_divergence,10,8.56634205797828
623,16,static,True,10,5.0214312378908605,5.0214312378908605,13.375698079900996,0.0,2.6637222429673573,0.0,0.0,1.8915875499586523,16,cube,r3v2_latent_action_neighbors_kinematic_divergence,10,13.375698079900996
624,16,transport_free,True,10,4.792497414858218,4.792497414858218,9.0572536265427,0.0,1.8898817970068016,0.0,0.0,1.0312929335232919,16,cube,r3v2_latent_action_neighbors_kinematic_divergence,10,9.0572536265427
625,16,transport_free,True,10,4.779460593751951,4.779460593751951,7.754631135397094,0.0,1.622490861319057,0.0,0.0,0.9120490099358562,16,cube,r3v2_latent_action_neighbors_kinematic_divergence,10,7.754631135397094
626,16,transport_free,True,10,6.431770717028074,6.431770717028074,7.256141370574249,0.0,1.128171648184482,0.0,0.0,0.8996410612298955,16,cube,r3v2_latent_action_neighbors_kinematic_divergence,10,7.256141370574249
627,16,transport_free,True,10,7.077370996210506,7.077370996210506,8.438742752296767,0.0,1.192355573392322,0.0,0.0,0.8558551910391677,16,cube,r3v2_latent_action_neighbors_kinematic_divergence,10,8.438742752296767
628,16,interaction,True,10,6.41431457936139,6.41431457936139,16.11913719625289,0.0,2.512994490185686,0.0,0.0,0.7688047612556566,16,cube,r3v2_latent_action_neighbors_kinematic_divergence,10,16.11913719625289
629,16,interaction,True,10,7.950000750880337,7.950000750880337,11.941516963787773,0.0,1.5020774636361436,0.0,0.0,0.9044925716848677,16,cube,r3v2_latent_action_neighbors_kinematic_divergence,10,11.941516963787773
630,16,interaction,True,10,7.870155156193253,7.870155156193253,9.76836372063978,0.0,1.2411907423391484,0.0,0.0,1.1225834494822107,16,cube,r3v2_latent_action_neighbors_kinematic_divergence,10,9.76836372063978
631,16,interaction,True,10,6.452485565230029,6.452485565230029,10.442518747954425,0.0,1.6183715007787316,0.0,0.0,1.205398705302953,16,cube,r3v2_latent_action_neighbors_kinematic_divergence,10,10.442518747954425
632,16,interaction,True,10,3.3798431172865646,3.3798431172865646,15.892847350495597,0.0,4.702244098020393,0.0,0.0,1.3268819407262682,16,cube,r3v2_latent_action_neighbors_kinematic_divergence,10,15.892847350495597
633,16,interaction,True,10,3.361855228407427,3.361855228407427,12.901745291698408,0.0,3.837686162889948,0.0,0.0,1.2313439960311614,16,cube,r3v2_latent_action_neighbors_kinematic_divergence,10,12.901745291698408
634,16,interaction,True,10,6.545627091414996,6.545627091414996,14.17281074644903,0.0,2.165233452580513,0.0,0.0,1.3050545061165453,16,cube,r3v2_latent_action_neighbors_kinematic_divergence,10,14.17281074644903
635,16,interaction,True,10,8.305131569700198,8.305131569700198,11.74506471681038,0.0,1.4141936967814175,0.0,0.0,1.1591033808729847,16,cube,r3v2_latent_action_neighbors_kinematic_divergence,10,11.74506471681038
636,16,interaction,True,10,9.588186145153482,9.588186145153482,11.375906399256113,0.0,1.186450307392735,0.0,0.0,1.0281500801280368,16,cube,r3v2_latent_action_neighbors_kinematic_divergence,10,11.375906399256113
637,16,interaction,True,10,8.999932325312791,8.999932325312791,15.147267053424049,0.0,1.6830423280874622,0.0,0.0,1.3317509969704264,16,cube,r3v2_latent_action_neighbors_kinematic_divergence,10,15.147267053424049
638,16,transport_free,True,10,9.353106540833993,9.353106540833993,16.112756581928707,0.0,1.7227171006321043,0.0,0.0,1.27132631615931,16,cube,r3v2_latent_action_neighbors_kinematic_divergence,10,16.112756581928707
639,16,transport_free,True,10,8.083841339100168,8.083841339100168,9.669305407428997,0.0,1.1961275588945826,0.0,0.0,1.847078519946424,16,cube,r3v2_latent_action_neighbors_kinematic_divergence,10,9.669305407428997
640,16,transport_free,True,10,8.119233197303677,8.119233197303677,10.219405538821665,0.0,1.2586663408332004,0.0,0.0,1.8440375551284642,16,cube,r3v2_latent_action_neighbors_kinematic_divergence,10,10.219405538821665
641,16,transport_free,True,10,8.360081568453742,8.360081568453742,10.360277613365984,0.0,1.2392555656944615,0.0,0.0,1.3741142672439608,16,cube,r3v2_latent_action_neighbors_kinematic_divergence,10,10.360277613365984
642,16,transport_free,True,10,8.242267524792448,8.242267524792448,9.532295502850271,0.0,1.1565137232172416,0.0,0.0,1.1342211586099462,16,cube,r3v2_latent_action_neighbors_kinematic_divergence,10,9.532295502850271
643,16,transport_free,True,10,7.69394860061109,7.69394860061109,7.610556636024578,0.0,0.9891613566823296,0.0,0.0,0.9282857801386526,16,cube,r3v2_latent_action_neighbors_kinematic_divergence,10,7.610556636024578
644,16,transport_free,True,10,8.21929731256721,8.21929731256721,9.223513153180278,0.0,1.1221778215855063,0.0,0.0,0.8587229748772722,16,cube,r3v2_latent_action_neighbors_kinematic_divergence,10,9.223513153180278
645,16,interaction,True,10,9.347803702614293,9.347803702614293,15.737668746352,0.0,1.6835685950434174,0.0,0.0,0.7785562466865523,16,cube,r3v2_latent_action_neighbors_kinematic_divergence,10,15.737668746352
646,17,transport_free,True,10,32.63258106715861,32.63258106715861,10.775327436213196,0.0,0.33020150671003684,0.0,0.0,1.3380525436129327,17,cube,r3v2_latent_action_neighbors_kinematic_divergence,10,10.775327436213196
647,17,transport_free,True,10,34.189638771751774,34.189638771751774,9.217799403010217,0.0,0.26960797873729403,0.0,0.0,1.3322148228802795,17,cube,r3v2_latent_action_neighbors_kinematic_divergence,10,9.217799403010217
648,17,transport_free,True,10,34.31347075396946,34.31347075396946,7.885416085488387,0.0,0.22980526050621633,0.0,0.0,0.7769314584856997,17,cube,r3v2_latent_action_neighbors_kinematic_divergence,10,7.885416085488387
649,17,interaction,True,10,32.39201705496046,32.39201705496046,10.510843927014932,0.0,0.3244887130425031,0.0,0.0,0.7765474419735507,17,cube,r3v2_latent_action_neighbors_kinematic_divergence,10,10.510843927014932
650,17,interaction,True,10,32.03152201056624,32.03152201056624,8.895610031593755,0.0,0.2777142475046724,0.0,0.0,1.1407606839093476,17,cube,r3v2_latent_action_neighbors_kinematic_divergence,10,8.895610031593755
651,17,interaction,True,10,25.769869695765713,25.769869695765713,10.20959109602602,0.0,0.39618326427562706,0.0,0.0,1.1508299077003759,17,cube,r3v2_latent_action_neighbors_kinematic_divergence,10,10.20959109602602
652,17,interaction,True,10,23.97698626174104,23.97698626174104,12.011474320648855,0.0,0.5009584686552123,0.0,0.0,1.336794716143105,17,cube,r3v2_latent_action_neighbors_kinematic_divergence,10,12.011474320648855
653,17,interaction,True,10,13.548514619085243,13.548514619085243,14.957410397744725,0.0,1.103988947738583,0.0,0.0,1.6444103922031792,17,cube,r3v2_latent_action_neighbors_kinematic_divergence,10,14.957410397744725
654,17,interaction,True,10,4.641521335571843,4.641521335571843,15.788276469384911,0.0,3.4015305172436032,0.0,0.0,1.5154198890186192,17,cube,r3v2_latent_action_neighbors_kinematic_divergence,10,15.788276469384911
655,17,interaction,True,10,3.3738279860091955,3.3738279860091955,13.966712502682912,0.0,4.139722760200272,0.0,0.0,0.7596468798828642,17,cube,r3v2_latent_action_neighbors_kinematic_divergence,10,13.966712502682912
656,17,interaction,True,10,3.256143734760662,3.256143734760662,13.801218555321572,0.0,4.238516379970558,0.0,0.0,0.9115414477231452,17,cube,r3v2_latent_action_neighbors_kinematic_divergence,10,13.801218555321572
657,17,interaction,True,10,4.1840375498298945,4.1840375498298945,12.516701286533184,0.0,2.9915365570851677,0.0,0.0,1.1774224347915683,17,cube,r3v2_latent_action_neighbors_kinematic_divergence,10,12.516701286533184
658,17,static,True,10,4.122830542027718,4.122830542027718,11.908640934518715,0.0,2.8884623835792502,0.0,0.0,1.5731496542072008,17,cube,r3v2_latent_action_neighbors_kinematic_divergence,10,11.908640934518715
659,17,transport_free,True,10,4.211295789152398,4.211295789152398,11.882919788985333,0.0,2.8216777884834805,0.0,0.0,1.4917879199691377,17,cube,r3v2_latent_action_neighbors_kinematic_divergence,10,11.882919788985333
660,17,transport_free,True,10,4.777960130845992,4.777960130845992,11.939360476348373,0.0,2.4988405406041707,0.0,0.0,1.8070120523975808,17,cube,r3v2_latent_action_neighbors_kinematic_divergence,10,11.939360476348373
661,17,transport_free,True,10,5.198072892302614,5.198072892302614,13.397494925305798,0.0,2.5773965088379223,0.0,0.0,1.7460958413999492,17,cube,r3v2_latent_action_neighbors_kinematic_divergence,10,13.397494925305798
662,17,transport_free,True,10,5.105303208468122,5.105303208468122,14.642955264644717,0.0,2.868185231458256,0.0,0.0,1.4194913221884364,17,cube,r3v2_latent_action_neighbors_kinematic_divergence,10,14.642955264644717
663,17,transport_free,True,10,4.824628601462445,4.824628601462445,10.930983606180835,0.0,2.2656632269823684,0.0,0.0,1.4258797828836598,17,cube,r3v2_latent_action_neighbors_kinematic_divergence,10,10.930983606180835
664,17,transport_free,True,10,4.372188210852454,4.372188210852454,10.571154244019523,0.0,2.41781774576407,0.0,0.0,1.08415443785654,17,cube,r3v2_latent_action_neighbors_kinematic_divergence,10,10.571154244019523
665,17,transport_free,True,10,4.119973127065756,4.119973127065756,10.87095736758653,0.0,2.638599095749157,0.0,0.0,1.2296005977652888,17,cube,r3v2_latent_action_neighbors_kinematic_divergence,10,10.87095736758653
666,17,interaction,True,10,4.0971776377562525,4.0971776377562525,12.165456693906792,0.0,2.9692285200914528,0.0,0.0,1.1384787176851536,17,cube,r3v2_latent_action_neighbors_kinematic_divergence,10,12.165456693906792
667,17,interaction,True,10,3.069293819596317,3.069293819596317,18.69866724146056,0.0,6.092172447641349,0.0,0.0,1.351849229490684,17,cube,r3v2_latent_action_neighbors_kinematic_divergence,10,18.69866724146056
668,17,interaction,True,10,3.1821505832617847,3.1821505832617847,11.57322546045988,0.0,3.6369194849971658,0.0,0.0,1.5092284962425215,17,cube,r3v2_latent_action_neighbors_kinematic_divergence,10,11.57322546045988
669,17,interaction,True,10,3.2186660349227747,3.2186660349227747,14.20491262880046,0.0,4.41329186522493,0.0,0.0,1.603186646333255,17,cube,r3v2_latent_action_neighbors_kinematic_divergence,10,14.20491262880046
670,17,interaction,True,10,5.622523450486611,5.622523450486611,12.14322774116442,0.0,2.159746926464747,0.0,0.0,1.0683387717309076,17,cube,r3v2_latent_action_neighbors_kinematic_divergence,10,12.14322774116442
671,17,interaction,True,10,4.720305918441701,4.720305918441701,12.115323894670157,0.0,2.5666395576898857,0.0,0.0,1.2301118519012446,17,cube,r3v2_latent_action_neighbors_kinematic_divergence,10,12.115323894670157
672,17,interaction,True,10,3.1411743009342765,3.1411743009342765,13.193946703458213,0.0,4.20032301280892,0.0,0.0,1.0903041460325005,17,cube,r3v2_latent_action_neighbors_kinematic_divergence,10,13.193946703458213
673,17,interaction,True,10,2.936325874915083,2.936325874915083,14.328291165896946,0.0,4.879666554827233,0.0,0.0,0.9776858801654538,17,cube,r3v2_latent_action_neighbors_kinematic_divergence,10,14.328291165896946
674,17,interaction,True,10,3.3911734205797517,3.3911734205797517,13.783971168686683,0.0,4.064661242340767,0.0,0.0,1.001481408295355,17,cube,r3v2_latent_action_neighbors_kinematic_divergence,10,13.783971168686683
675,17,interaction,True,10,4.011011652307488,4.011011652307488,12.23465034486015,0.0,3.05026547051333,0.0,0.0,1.4133310992139783,17,cube,r3v2_latent_action_neighbors_kinematic_divergence,10,12.23465034486015
676,17,transport_free,True,10,3.8725489969475664,3.8725489969475664,14.86557035799883,0.0,3.8387042668062357,0.0,0.0,1.5871662611358834,17,cube,r3v2_latent_action_neighbors_kinematic_divergence,10,14.86557035799883
677,17,transport_free,True,10,4.311327277773485,4.311327277773485,12.255433270359955,0.0,2.842612606456793,0.0,0.0,1.76178820104488,17,cube,r3v2_latent_action_neighbors_kinematic_divergence,10,12.255433270359955
678,17,transport_free,True,10,4.6616666564649885,4.6616666564649885,12.637973876573625,0.0,2.7110419529990994,0.0,0.0,2.1000577871442747,17,cube,r3v2_latent_action_neighbors_kinematic_divergence,10,12.637973876573625
679,17,static,True,10,4.996024013750164,4.996024013750164,10.637343255722083,0.0,2.1291617547165025,0.0,0.0,1.9579005512590228,17,cube,r3v2_latent_action_neighbors_kinematic_divergence,10,10.637343255722083
680,17,transport_free,True,10,4.832660645297285,4.832660645297285,10.189065661964545,0.0,2.108375987848358,0.0,0.0,1.4572000704149084,17,cube,r3v2_latent_action_neighbors_kinematic_divergence,10,10.189065661964545
681,17,transport_free,True,10,4.385906500290384,4.385906500290384,11.678538118102697,0.0,2.6627421531511173,0.0,0.0,1.2162210615266187,17,cube,r3v2_latent_action_neighbors_kinematic_divergence,10,11.678538118102697
682,17,transport_free,True,10,4.143051963466003,4.143051963466003,12.408783053996375,0.0,2.9950826500412537,0.0,0.0,1.1966913782243311,17,cube,r3v2_latent_action_neighbors_kinematic_divergence,10,12.408783053996375
683,17,transport_free,True,10,3.966259431841113,3.966259431841113,12.442852801170494,0.0,3.1371757231207136,0.0,0.0,1.2311471961426153,17,cube,r3v2_latent_action_neighbors_kinematic_divergence,10,12.442852801170494
684,18,transport_free,True,10,14.460118187057247,14.460118187057247,8.134538140576153,0.0,0.5625499069473096,0.0,0.0,0.8521226704676446,18,cube,r3v2_latent_action_neighbors_kinematic_divergence,10,8.134538140576153
685,18,transport_free,True,10,16.286045994629493,16.286045994629493,7.369375755679169,0.0,0.45249631237129645,0.0,0.0,0.6189917833645937,18,cube,r3v2_latent_action_neighbors_kinematic_divergence,10,7.369375755679169
686,18,transport_free,True,10,18.468413987506743,18.468413987506743,7.726480522318406,0.0,0.41836188681632913,0.0,0.0,0.7844707355018057,18,cube,r3v2_latent_action_neighbors_kinematic_divergence,10,7.726480522318406
687,18,interaction,True,10,14.307732619740468,14.307732619740468,13.93003382453977,0.0,0.9736017714868682,0.0,0.0,1.101557492921672,18,cube,r3v2_latent_action_neighbors_kinematic_divergence,10,13.93003382453977
688,18,interaction,True,10,21.121357980418175,21.121357980418175,10.728652731445727,0.0,0.507952790790837,0.0,0.0,1.3228023726177633,18,cube,r3v2_latent_action_neighbors_kinematic_divergence,10,10.728652731445727
689,18,interaction,True,10,15.752101250971172,15.752101250971172,11.945711614972547,0.0,0.7583567058544682,0.0,0.0,1.3164828293436632,18,cube,r3v2_latent_action_neighbors_kinematic_divergence,10,11.945711614972547
690,18,interaction,True,10,6.153769090327768,6.153769090327768,12.3026225583695,0.0,1.9992012013753062,0.0,0.0,1.5630093586133622,18,cube,r3v2_latent_action_neighbors_kinematic_divergence,10,12.3026225583695
691,18,interaction,True,10,4.786565096821006,4.786565096821006,12.925189681190089,0.0,2.7003058393114396,0.0,0.0,1.5255483300597326,18,cube,r3v2_latent_action_neighbors_kinematic_divergence,10,12.925189681190089
692,18,interaction,True,10,16.57581471568856,16.57581471568856,15.900883594074525,0.0,0.9592821750731064,0.0,0.0,1.069032871862046,18,cube,r3v2_latent_action_neighbors_kinematic_divergence,10,15.900883594074525
693,18,interaction,True,10,28.298887863237184,28.298887863237184,12.590838082894187,0.0,0.44492342397846757,0.0,0.0,0.9020054713769781,18,cube,r3v2_latent_action_neighbors_kinematic_divergence,10,12.590838082894187
694,18,interaction,True,10,31.69524643705543,31.69524643705543,10.03388105871111,0.0,0.31657368806510794,0.0,0.0,0.9828555880155021,18,cube,r3v2_latent_action_neighbors_kinematic_divergence,10,10.03388105871111
695,18,interaction,True,10,36.00475371899239,36.00475371899239,9.710459754247406,0.0,0.26969937997729365,0.0,0.0,0.9851112148433696,18,cube,r3v2_latent_action_neighbors_kinematic_divergence,10,9.710459754247406
696,18,static,True,10,35.670595087830804,35.670595087830804,13.879732424539577,0.0,0.38910851894575527,0.0,0.0,1.2143011305238005,18,cube,r3v2_latent_action_neighbors_kinematic_divergence,10,13.879732424539577
697,18,transport_free,True,10,37.14492109117781,37.14492109117781,11.992745125423458,0.0,0.3228636586946963,0.0,0.0,1.1812923506269308,18,cube,r3v2_latent_action_neighbors_kinematic_divergence,10,11.992745125423458
698,18,transport_free,True,10,39.2164030597347,39.2164030597347,8.682729268388407,0.0,0.2214055494881265,0.0,0.0,2.160703492786058,18,cube,r3v2_latent_action_neighbors_kinematic_divergence,10,8.682729268388407
699,18,transport_free,True,10,38.126636689705194,38.126636689705194,14.702524482596626,0.0,0.3856234317821835,0.0,0.0,2.389892841326935,18,cube,r3v2_latent_action_neighbors_kinematic_divergence,10,14.702524482596626
700,18,transport_free,True,10,37.05389289621635,37.05389289621635,13.196929023629508,0.0,0.3561549945802611,0.0,0.0,2.0649581484411987,18,cube,r3v2_latent_action_neighbors_kinematic_divergence,10,13.196929023629508
701,18,transport_free,True,10,39.17675957107021,39.17675957107021,11.878199373636843,0.0,0.3031950448093776,0.0,0.0,1.3228520862337054,18,cube,r3v2_latent_action_neighbors_kinematic_divergence,10,11.878199373636843
702,18,transport_free,True,10,38.03732746139128,38.03732746139128,8.418342551280436,0.0,0.22131792933731315,0.0,0.0,1.0388266028916915,18,cube,r3v2_latent_action_neighbors_kinematic_divergence,10,8.418342551280436
703,18,transport_free,True,10,35.926731427258886,35.926731427258886,8.23416731256491,0.0,0.22919333280392312,0.0,0.0,0.9912925299323228,18,cube,r3v2_latent_action_neighbors_kinematic_divergence,10,8.23416731256491
704,18,interaction,True,10,36.33528543116117,36.33528543116117,14.87723670380089,0.0,0.4094432320336793,0.0,0.0,0.7407343314841387,18,cube,r3v2_latent_action_neighbors_kinematic_divergence,10,14.87723670380089
705,18,interaction,True,10,36.86379809162801,36.86379809162801,7.52344522993728,0.0,0.20408763121035808,0.0,0.0,0.7312068660240636,18,cube,r3v2_latent_action_neighbors_kinematic_divergence,10,7.52344522993728
706,18,interaction,True,10,33.67709096771338,33.67709096771338,8.474338366566787,0.0,0.25163510633062797,0.0,0.0,0.984427729613246,18,cube,r3v2_latent_action_neighbors_kinematic_divergence,10,8.474338366566787
707,18,interaction,True,10,24.898082968911922,24.898082968911922,9.42364249580153,0.0,0.3784886775246117,0.0,0.0,0.9912813522566271,18,cube,r3v2_latent_action_neighbors_kinematic_divergence,10,9.42364249580153
708,18,interaction,True,10,18.257012642193175,18.257012642193175,9.92684713047041,0.0,0.5437278992472626,0.0,0.0,0.9656885314421311,18,cube,r3v2_latent_action_neighbors_kinematic_divergence,10,9.92684713047041
709,18,interaction,True,10,19.631125378239012,19.631125378239012,10.904061811725418,0.0,0.5554476170689892,0.0,0.0,0.989674106550029,18,cube,r3v2_latent_action_neighbors_kinematic_divergence,10,10.904061811725418
710,18,interaction,True,10,22.611563476704728,22.611563476704728,10.439119422589247,0.0,0.4616717209026265,0.0,0.0,0.8253343992886462,18,cube,r3v2_latent_action_neighbors_kinematic_divergence,10,10.439119422589247
711,18,interaction,True,10,28.683519934093027,28.683519934093027,9.733565604955176,0.0,0.3393434845974371,0.0,0.0,0.9121090865066148,18,cube,r3v2_latent_action_neighbors_kinematic_divergence,10,9.733565604955176
712,18,interaction,True,10,33.56767457699817,33.56767457699817,10.124699434661098,0.0,0.30162051921222216,0.0,0.0,0.9241629768605155,18,cube,r3v2_latent_action_neighbors_kinematic_divergence,10,10.124699434661098
713,18,interaction,True,10,37.5970445516834,37.5970445516834,8.362496052189128,0.0,0.22242429297051483,0.0,0.0,1.1825765935603667,18,cube,r3v2_latent_action_neighbors_kinematic_divergence,10,8.362496052189128
714,18,transport_free,True,10,37.23306395928705,37.23306395928705,15.97083205181422,0.0,0.42894219152304314,0.0,0.0,1.2026413427288296,18,cube,r3v2_latent_action_neighbors_kinematic_divergence,10,15.97083205181422
715,18,transport_free,True,10,35.289913713199844,35.289913713199844,8.286035411979393,0.0,0.2347989705874538,0.0,0.0,1.5197724166623416,18,cube,r3v2_latent_action_neighbors_kinematic_divergence,10,8.286035411979393
716,18,transport_free,True,10,36.4363343466474,36.4363343466474,9.862583972483343,0.0,0.27067991743222175,0.0,0.0,2.610274496404152,18,cube,r3v2_latent_action_neighbors_kinematic_divergence,10,9.862583972483343
717,18,transport_free,True,10,35.73627525780195,35.73627525780195,14.32244266574116,0.0,0.400781630497831,0.0,0.0,2.2322252900560473,18,cube,r3v2_latent_action_neighbors_kinematic_divergence,10,14.32244266574116
718,18,transport_free,True,10,36.38016653882177,36.38016653882177,10.432395054429737,0.0,0.2867605084571888,0.0,0.0,1.8664352987082262,18,cube,r3v2_latent_action_neighbors_kinematic_divergence,10,10.432395054429737
719,18,transport_free,True,10,36.27909370562866,36.27909370562866,9.956811484386485,0.0,0.2744503918751889,0.0,0.0,1.0981604042386195,18,cube,r3v2_latent_action_neighbors_kinematic_divergence,10,9.956811484386485
720,18,transport_free,True,10,36.00985286018322,36.00985286018322,7.834972301593897,0.0,0.21757857028783292,0.0,0.0,0.9697086904534579,18,cube,r3v2_latent_action_neighbors_kinematic_divergence,10,7.834972301593897
721,18,transport_free,True,10,35.39573997680375,35.39573997680375,8.459477979424747,0.0,0.23899706532392265,0.0,0.0,1.0273813412515678,18,cube,r3v2_latent_action_neighbors_kinematic_divergence,10,8.459477979424747
722,19,transport_free,True,10,8.530487789598826,8.530487789598826,7.550414113582377,0.0,0.8851093043927163,0.0,0.0,1.000424941898797,19,cube,r3v2_latent_action_neighbors_kinematic_divergence,10,7.550414113582377
723,19,transport_free,True,10,9.038372337391337,9.038372337391337,8.07847213321909,0.0,0.8937972271621094,0.0,0.0,0.89549798270352,19,cube,r3v2_latent_action_neighbors_kinematic_divergence,10,8.07847213321909
724,19,transport_free,True,10,9.111436443096041,9.111436443096041,9.973065606697823,0.0,1.0945656778690103,0.0,0.0,0.8770776655794528,19,cube,r3v2_latent_action_neighbors_kinematic_divergence,10,9.973065606697823
725,19,interaction,True,10,8.840398716823273,8.840398716823273,18.26218075798041,0.0,2.0657643781640176,0.0,0.0,0.9362792774952511,19,cube,r3v2_latent_action_neighbors_kinematic_divergence,10,18.26218075798041
726,19,interaction,True,10,8.745846510120273,8.745846510120273,9.554070608858046,0.0,1.0924123351356023,0.0,0.0,1.3075681242367674,19,cube,r3v2_latent_action_neighbors_kinematic_divergence,10,9.554070608858046
727,19,interaction,True,10,7.458384008658289,7.458384008658289,10.51382566415198,0.0,1.409665371472787,0.0,0.0,1.5325001385409722,19,cube,r3v2_latent_action_neighbors_kinematic_divergence,10,10.51382566415198
728,19,interaction,True,10,5.7726806727902815,5.7726806727902815,12.336856159882764,0.0,2.137110444725089,0.0,0.0,1.756031036035573,19,cube,r3v2_latent_action_neighbors_kinematic_divergence,10,12.336856159882764
729,19,interaction,True,10,3.4299039330391152,3.4299039330391152,16.39313334299814,0.0,4.779473029867858,0.0,0.0,1.16079950953099,19,cube,r3v2_latent_action_neighbors_kinematic_divergence,10,16.39313334299814
730,19,interaction,True,10,4.6173141388529295,4.6173141388529295,13.279517586421381,0.0,2.876026448943408,0.0,0.0,0.9369437645710146,19,cube,r3v2_latent_action_neighbors_kinematic_divergence,10,13.279517586421381
731,19,interaction,True,10,6.132271452394461,6.132271452394461,14.131502244566075,0.0,2.3044482544960014,0.0,0.0,0.9882485659823613,19,cube,r3v2_latent_action_neighbors_kinematic_divergence,10,14.131502244566075
732,19,interaction,True,10,7.759094014383462,7.759094014383462,13.382057465928304,0.0,1.72469330067676,0.0,0.0,0.9642931585357867,19,cube,r3v2_latent_action_neighbors_kinematic_divergence,10,13.382057465928304
733,19,interaction,True,10,9.542682577415992,9.542682577415992,12.025650878648754,0.0,1.2601960487619102,0.0,0.0,1.2483675312387246,19,cube,r3v2_latent_action_neighbors_kinematic_divergence,10,12.025650878648754
734,19,static,True,10,9.827133387270962,9.827133387270962,13.63355462673033,0.0,1.3873379030745432,0.0,0.0,1.5250969646151207,19,cube,r3v2_latent_action_neighbors_kinematic_divergence,10,13.63355462673033
735,19,transport_free,True,10,10.482887424717823,10.482887424717823,13.968943237256205,0.0,1.3325472907701494,0.0,0.0,1.5498337775793525,19,cube,r3v2_latent_action_neighbors_kinematic_divergence,10,13.968943237256205
736,19,transport_free,True,10,11.452393470963184,11.452393470963184,11.580030627888796,0.0,1.0111450202308563,0.0,0.0,1.9055668552281526,19,cube,r3v2_latent_action_neighbors_kinematic_divergence,10,11.580030627888796
737,19,transport_free,True,10,10.597032986179524,10.597032986179524,14.348695221451708,0.0,1.354029494875126,0.0,0.0,2.0090488751201425,19,cube,r3v2_latent_action_neighbors_kinematic_divergence,10,14.348695221451708
738,19,transport_free,True,10,10.37390328738345,10.37390328738345,10.818854788797344,0.0,1.042891425636774,0.0,0.0,1.4834145616659706,19,cube,r3v2_latent_action_neighbors_kinematic_divergence,10,10.818854788797344
739,19,transport_free,True,10,10.888019560131095,10.888019560131095,11.505599317975562,0.0,1.0567210367720015,0.0,0.0,1.0834454764649797,19,cube,r3v2_latent_action_neighbors_kinematic_divergence,10,11.505599317975562
740,19,transport_free,True,10,11.266693644246681,11.266693644246681,11.018556847895198,0.0,0.97797607672787,0.0,0.0,1.1676497744346968,19,cube,r3v2_latent_action_neighbors_kinematic_divergence,10,11.018556847895198
741,19,transport_free,True,10,11.353260408352483,11.353260408352483,11.929401561549263,0.0,1.050746757536973,0.0,0.0,1.1151451399019225,19,cube,r3v2_latent_action_neighbors_kinematic_divergence,10,11.929401561549263
742,19,interaction,True,10,10.058170798485929,10.058170798485929,14.512615435049375,0.0,1.4428682636045493,0.0,0.0,1.0973226008550956,19,cube,r3v2_latent_action_neighbors_kinematic_divergence,10,14.512615435049375
743,19,interaction,True,10,9.343311959674185,9.343311959674185,12.37285204330857,0.0,1.3242469155166716,0.0,0.0,1.334403649382847,19,cube,r3v2_latent_action_neighbors_kinematic_divergence,10,12.37285204330857
744,19,interaction,True,10,6.714733052120616,6.714733052120616,10.492455293885573,0.0,1.5626019995794016,0.0,0.0,1.2785757423185076,19,cube,r3v2_latent_action_neighbors_kinematic_divergence,10,10.492455293885573
745,19,interaction,True,10,5.390377062280492,5.390377062280492,10.973250860311914,0.0,2.03571118189448,0.0,0.0,1.137580504140602,19,cube,r3v2_latent_action_neighbors_kinematic_divergence,10,10.973250860311914
746,19,interaction,True,10,4.318594376708802,4.318594376708802,11.890688631765979,0.0,2.7533701002102138,0.0,0.0,1.0500450071607519,19,cube,r3v2_latent_action_neighbors_kinematic_divergence,10,11.890688631765979
747,19,interaction,True,10,4.919499045931745,4.919499045931745,10.276824132569514,0.0,2.0889980944438014,0.0,0.0,1.0200103443430206,19,cube,r3v2_latent_action_neighbors_kinematic_divergence,10,10.276824132569514
748,19,interaction,True,10,6.063068635333214,6.063068635333214,11.990110751926384,0.0,1.9775647404109309,0.0,0.0,0.9538589565046319,19,cube,r3v2_latent_action_neighbors_kinematic_divergence,10,11.990110751926384
749,19,interaction,True,10,7.321028383219348,7.321028383219348,12.01770649366485,0.0,1.6415325640876952,0.0,0.0,0.8968269505165137,19,cube,r3v2_latent_action_neighbors_kinematic_divergence,10,12.01770649366485
750,19,interaction,True,10,8.130967420544597,8.130967420544597,13.711493839867433,0.0,1.6863299446044349,0.0,0.0,1.1479808901915856,19,cube,r3v2_latent_action_neighbors_kinematic_divergence,10,13.711493839867433
751,19,transport_free,True,10,9.796058730171202,9.796058730171202,12.686831550397258,0.0,1.2950954970617592,0.0,0.0,1.653999857287363,19,cube,r3v2_latent_action_neighbors_kinematic_divergence,10,12.686831550397258
752,19,transport_free,True,10,10.89273116013124,10.89273116013124,13.397408407725715,0.0,1.2299402427888708,0.0,0.0,1.5366860277811814,19,cube,r3v2_latent_action_neighbors_kinematic_divergence,10,13.397408407725715
753,19,transport_free,True,10,11.249310266478881,11.249310266478881,10.6296564240946,0.0,0.9449162812914185,0.0,0.0,2.2243157123652226,19,cube,r3v2_latent_action_neighbors_kinematic_divergence,10,10.6296564240946
754,19,transport_free,True,10,10.129294646846844,10.129294646846844,15.123914835564223,0.0,1.4930866721575877,0.0,0.0,2.3285240360442483,19,cube,r3v2_latent_action_neighbors_kinematic_divergence,10,15.123914835564223
755,19,transport_free,True,10,10.423624483263877,10.423624483263877,16.81959808659773,0.0,1.6136036091479693,0.0,0.0,2.128782154621929,19,cube,r3v2_latent_action_neighbors_kinematic_divergence,10,16.81959808659773
756,19,transport_free,True,10,10.14324817743864,10.14324817743864,12.765263333059647,0.0,1.2584985706504832,0.0,0.0,1.9405999416680983,19,cube,r3v2_latent_action_neighbors_kinematic_divergence,10,12.765263333059647
757,19,transport_free,True,10,11.25463032311832,11.25463032311832,10.975982504338226,0.0,0.9752414952086237,0.0,0.0,1.1543722822434628,19,cube,r3v2_latent_action_neighbors_kinematic_divergence,10,10.975982504338226
758,19,transport_free,True,10,11.18214655329685,11.18214655329685,11.65932836799557,0.0,1.0426735432615155,0.0,0.0,1.2280571837136876,19,cube,r3v2_latent_action_neighbors_kinematic_divergence,10,11.65932836799557
759,19,static,True,10,10.29412579973925,10.29412579973925,12.891691817504567,0.0,1.2523347847401587,0.0,0.0,1.0807322071970988,19,cube,r3v2_latent_action_neighbors_kinematic_divergence,10,12.891691817504567
760,20,transport_free,True,10,7.350905414229197,7.350905414229197,6.287236174308129,0.0,0.855300921453551,0.0,0.0,0.91000601785169,20,cube,r3v2_latent_action_neighbors_kinematic_divergence,10,6.287236174308129
761,20,transport_free,True,10,7.077347427332453,7.077347427332453,5.527777302791685,0.0,0.78105213281513,0.0,0.0,0.7067702664205228,20,cube,r3v2_latent_action_neighbors_kinematic_divergence,10,5.527777302791685
762,20,transport_free,True,10,6.622522350497276,6.622522350497276,6.984806250510403,0.0,1.054704821039362,0.0,0.0,0.8227610689741154,20,cube,r3v2_latent_action_neighbors_kinematic_divergence,10,6.984806250510403
763,20,interaction,True,10,6.3926364881085505,6.3926364881085505,22.558179974743474,0.0,3.528775649406271,0.0,0.0,0.9350465653750906,20,cube,r3v2_latent_action_neighbors_kinematic_divergence,10,22.558179974743474
764,20,interaction,True,10,6.320877851009753,6.320877851009753,9.361725191825817,0.0,1.4810799089133313,0.0,0.0,1.229440802770983,20,cube,r3v2_latent_action_neighbors_kinematic_divergence,10,9.361725191825817
765,20,interaction,True,10,4.82579834366207,4.82579834366207,10.933451801325106,0.0,2.2656255033293053,0.0,0.0,1.315203008080764,20,cube,r3v2_latent_action_neighbors_kinematic_divergence,10,10.933451801325106
766,20,interaction,True,10,4.9071018295990205,4.9071018295990205,13.773861591857708,0.0,2.806923938031102,0.0,0.0,1.7114167375642986,20,cube,r3v2_latent_action_neighbors_kinematic_divergence,10,13.773861591857708
767,20,interaction,True,10,3.0756085320446536,3.0756085320446536,18.70180141179884,0.0,6.080683291434996,0.0,0.0,1.3829715855803189,20,cube,r3v2_latent_action_neighbors_kinematic_divergence,10,18.70180141179884
768,20,interaction,True,10,3.05282487235684,3.05282487235684,19.73285516141668,0.0,6.463801883985089,0.0,0.0,1.0136830113680535,20,cube,r3v2_latent_action_neighbors_kinematic_divergence,10,19.73285516141668
769,20,interaction,True,10,4.903892211550181,4.903892211550181,17.731457053555058,0.0,3.6157925763115264,0.0,0.0,0.9269367272364643,20,cube,r3v2_latent_action_neighbors_kinematic_divergence,10,17.731457053555058
770,20,interaction,True,10,5.707759243749858,5.707759243749858,10.948118123133805,0.0,1.9181114086271724,0.0,0.0,0.8778459255884551,20,cube,r3v2_latent_action_neighbors_kinematic_divergence,10,10.948118123133805
771,20,interaction,True,10,6.192578636159174,6.192578636159174,10.638208233301999,0.0,1.7178963495407689,0.0,0.0,0.9633217995731096,20,cube,r3v2_latent_action_neighbors_kinematic_divergence,10,10.638208233301999
772,20,transport_free,True,10,5.919266900103534,5.919266900103534,9.12822106590956,0.0,1.5421202017009739,0.0,0.0,1.3314426087215172,20,cube,r3v2_latent_action_neighbors_kinematic_divergence,10,9.12822106590956
773,20,transport_free,True,10,5.674320305354591,5.674320305354591,11.966803701886061,0.0,2.108940464744922,0.0,0.0,1.0196539003117862,20,cube,r3v2_latent_action_neighbors_kinematic_divergence,10,11.966803701886061
774,20,transport_free,True,10,5.068297820577719,5.068297820577719,10.73307884741983,0.0,2.1176890599922165,0.0,0.0,1.547162266777721,20,cube,r3v2_latent_action_neighbors_kinematic_divergence,10,10.73307884741983
775,20,transport_free,True,10,5.0404156290084465,5.0404156290084465,12.244652850732892,0.0,2.4292942788810588,0.0,0.0,1.9505927632099085,20,cube,r3v2_latent_action_neighbors_kinematic_divergence,10,12.244652850732892
776,20,transport_free,True,10,5.7377356645117406,5.7377356645117406,14.74014820826328,0.0,2.5689834928144273,0.0,0.0,1.1943883210657842,20,cube,r3v2_latent_action_neighbors_kinematic_divergence,10,14.74014820826328
777,20,transport_free,True,10,5.033466723606741,5.033466723606741,9.357957926305467,0.0,1.8591476690244217,0.0,0.0,0.9769532749000287,20,cube,r3v2_latent_action_neighbors_kinematic_divergence,10,9.357957926305467
778,20,transport_free,True,10,4.705496436233893,4.705496436233893,8.562345855862704,0.0,1.8196477187677338,0.0,0.0,0.7154691118457359,20,cube,r3v2_latent_action_neighbors_kinematic_divergence,10,8.562345855862704
779,20,transport_free,True,10,4.977513545436407,4.977513545436407,10.310868538881309,0.0,2.0714898000297244,0.0,0.0,1.028488843304863,20,cube,r3v2_latent_action_neighbors_kinematic_divergence,10,10.310868538881309
780,20,interaction,True,10,5.777490285968101,5.777490285968101,16.149036208303365,0.0,2.7951645799430995,0.0,0.0,0.777680567553134,20,cube,r3v2_latent_action_neighbors_kinematic_divergence,10,16.149036208303365
781,20,interaction,True,10,5.586137817145465,5.586137817145465,23.54691850529187,0.0,4.215241241098563,0.0,0.0,0.8343410284478332,20,cube,r3v2_latent_action_neighbors_kinematic_divergence,10,23.54691850529187
782,20,interaction,True,10,5.8687981347033125,5.8687981347033125,8.821508360875777,0.0,1.5031200866686028,0.0,0.0,0.7963795695013234,20,cube,r3v2_latent_action_neighbors_kinematic_divergence,10,8.821508360875777
783,20,interaction,True,10,5.28539745723536,5.28539745723536,8.859792348594764,0.0,1.6762774077598068,0.0,0.0,1.0369820204625622,20,cube,r3v2_latent_action_neighbors_kinematic_divergence,10,8.859792348594764
784,20,interaction,True,10,4.822316600720095,4.822316600720095,13.51284112906431,0.0,2.8021472350128356,0.0,0.0,1.0839936272830475,20,cube,r3v2_latent_action_neighbors_kinematic_divergence,10,13.51284112906431
785,20,interaction,True,10,6.098377612270188,6.098377612270188,11.728761953948208,0.0,1.923259381372097,0.0,0.0,0.804511047903482,20,cube,r3v2_latent_action_neighbors_kinematic_divergence,10,11.728761953948208
786,20,interaction,True,10,5.004008177387204,5.004008177387204,10.693462795077876,0.0,2.136979480449484,0.0,0.0,1.0163297894668784,20,cube,r3v2_latent_action_neighbors_kinematic_divergence,10,10.693462795077876
787,20,interaction,True,10,5.230277209820119,5.230277209820119,10.072137406391942,0.0,1.9257368208860857,0.0,0.0,0.9496633810303929,20,cube,r3v2_latent_action_neighbors_kinematic_divergence,10,10.072137406391942
788,20,interaction,True,10,6.6258413465279045,6.6258413465279045,10.429114962890257,0.0,1.5740061401191499,0.0,0.0,0.8649573030555047,20,cube,r3v2_latent_action_neighbors_kinematic_divergence,10,10.429114962890257
789,20,interaction,True,10,6.067634525319365,6.067634525319365,9.495985208496432,0.0,1.5650226078830314,0.0,0.0,1.2519454094187161,20,cube,r3v2_latent_action_neighbors_kinematic_divergence,10,9.495985208496432
790,20,transport_free,True,10,5.751590969390683,5.751590969390683,12.482163845491815,0.0,2.1702106272717376,0.0,0.0,1.1240466892022694,20,cube,r3v2_latent_action_neighbors_kinematic_divergence,10,12.482163845491815
791,20,transport_free,True,10,5.049636246562086,5.049636246562086,8.897577717540628,0.0,1.7620234969594717,0.0,0.0,1.0791120201691795,20,cube,r3v2_latent_action_neighbors_kinematic_divergence,10,8.897577717540628
792,20,transport_free,True,10,4.655258495193181,4.655258495193181,8.66289134338259,0.0,1.8608829890601173,0.0,0.0,1.2502489400054713,20,cube,r3v2_latent_action_neighbors_kinematic_divergence,10,8.66289134338259
793,20,static,True,10,5.772928598058986,5.772928598058986,10.218781463825218,0.0,1.77012088236481,0.0,0.0,1.3539635847792915,20,cube,r3v2_latent_action_neighbors_kinematic_divergence,10,10.218781463825218
794,20,transport_free,True,10,5.704667485133536,5.704667485133536,8.460823549811668,0.0,1.4831405286742345,0.0,0.0,1.1737960493522852,20,cube,r3v2_latent_action_neighbors_kinematic_divergence,10,8.460823549811668
795,20,transport_free,True,10,4.750070464634458,4.750070464634458,7.912596452730554,0.0,1.6657850681672925,0.0,0.0,0.8184793617661159,20,cube,r3v2_latent_action_neighbors_kinematic_divergence,10,7.912596452730554
796,20,transport_free,True,10,4.395978571037491,4.395978571037491,7.282294887705161,0.0,1.6565810706366737,0.0,0.0,0.6879321161495042,20,cube,r3v2_latent_action_neighbors_kinematic_divergence,10,7.282294887705161
797,20,transport_free,True,10,5.2710561977103865,5.2710561977103865,9.918397698622195,0.0,1.8816717801131577,0.0,0.0,1.0469353691688008,20,cube,r3v2_latent_action_neighbors_kinematic_divergence,10,9.918397698622195
798,21,transport_free,True,10,25.530236954728714,25.530236954728714,10.026811751743793,0.0,0.39274260436844965,0.0,0.0,1.1021320470075868,21,cube,r3v2_latent_action_neighbors_kinematic_divergence,10,10.026811751743793
799,21,transport_free,True,10,25.146546422868816,25.146546422868816,9.560219257755616,0.0,0.3801802083271898,0.0,0.0,1.2583786847735579,21,cube,r3v2_latent_action_neighbors_kinematic_divergence,10,9.560219257755616
800,21,transport_free,True,10,23.643821375575783,23.643821375575783,8.56519081906326,0.0,0.3622591578157986,0.0,0.0,1.1124357448884536,21,cube,r3v2_latent_action_neighbors_kinematic_divergence,10,8.56519081906326
801,21,interaction,True,10,21.20924895873135,21.20924895873135,11.276283709217381,0.0,0.5316682231963333,0.0,0.0,1.1268272294985258,21,cube,r3v2_latent_action_neighbors_kinematic_divergence,10,11.276283709217381
802,21,interaction,True,10,21.122725504006205,21.122725504006205,11.670213343796943,0.0,0.5524956209644221,0.0,0.0,1.5205723533988649,21,cube,r3v2_latent_action_neighbors_kinematic_divergence,10,11.670213343796943
803,21,interaction,True,10,11.956756276384754,11.956756276384754,12.810691937877822,0.0,1.0714186725692183,0.0,0.0,1.5159315095612844,21,cube,r3v2_latent_action_neighbors_kinematic_divergence,10,12.810691937877822
804,21,interaction,True,10,15.438517261230958,15.438517261230958,13.335687929154865,0.0,0.8637933101673763,0.0,0.0,1.845375541984164,21,cube,r3v2_latent_action_neighbors_kinematic_divergence,10,13.335687929154865
805,21,interaction,True,10,26.222084119764954,26.222084119764954,13.709407893472967,0.0,0.5228191562065606,0.0,0.0,1.1909578107634093,21,cube,r3v2_latent_action_neighbors_kinematic_divergence,10,13.709407893472967
806,21,interaction,True,10,14.80902743522564,14.80902743522564,15.141885926251728,0.0,1.0224767286360974,0.0,0.0,1.0020261870050033,21,cube,r3v2_latent_action_neighbors_kinematic_divergence,10,15.141885926251728
807,21,interaction,True,10,14.430621983677636,14.430621983677636,15.434662737138565,0.0,1.069577094777799,0.0,0.0,1.126976415351019,21,cube,r3v2_latent_action_neighbors_kinematic_divergence,10,15.434662737138565
808,21,interaction,True,10,21.650517558166513,21.650517558166513,11.827794437779374,0.0,0.5463053899752139,0.0,0.0,0.8822274687049938,21,cube,r3v2_latent_action_neighbors_kinematic_divergence,10,11.827794437779374
809,21,interaction,True,10,27.71047513209691,27.71047513209691,11.813648178428597,0.0,0.4263242734782597,0.0,0.0,1.213968055386461,21,cube,r3v2_latent_action_neighbors_kinematic_divergence,10,11.813648178428597
810,21,transport_free,True,10,30.046642460447817,30.046642460447817,14.302968799134108,0.0,0.4760255265779515,0.0,0.0,1.5530484904151454,21,cube,r3v2_latent_action_neighbors_kinematic_divergence,10,14.302968799134108
811,21,transport_free,True,10,29.43896173669183,29.43896173669183,11.078281490749124,0.0,0.3763135938636548,0.0,0.0,1.4884843993372432,21,cube,r3v2_latent_action_neighbors_kinematic_divergence,10,11.078281490749124
812,21,transport_free,True,10,25.561746900788886,25.561746900788886,9.338263476256817,0.0,0.36532180341589326,0.0,0.0,1.543069150926652,21,cube,r3v2_latent_action_neighbors_kinematic_divergence,10,9.338263476256817
813,21,transport_free,True,10,22.227565227939404,22.227565227939404,9.791231974979567,0.0,0.44049952725691577,0.0,0.0,1.4620352121205265,21,cube,r3v2_latent_action_neighbors_kinematic_divergence,10,9.791231974979567
814,21,transport_free,True,10,23.000821162405778,23.000821162405778,9.804236619685085,0.0,0.42625593888403623,0.0,0.0,1.3452597608817798,21,cube,r3v2_latent_action_neighbors_kinematic_divergence,10,9.804236619685085
815,21,transport_free,True,10,25.931252953177154,25.931252953177154,9.046413658121663,0.0,0.3488614173197241,0.0,0.0,0.9075053453604763,21,cube,r3v2_latent_action_neighbors_kinematic_divergence,10,9.046413658121663
816,21,transport_free,True,10,28.147902870007336,28.147902870007336,9.857045012671058,0.0,0.350187545345487,0.0,0.0,1.1326488099351755,21,cube,r3v2_latent_action_neighbors_kinematic_divergence,10,9.857045012671058
817,21,transport_free,True,10,29.28549448607682,29.28549448607682,10.41880875589978,0.0,0.3557668715770938,0.0,0.0,0.9274143111740379,21,cube,r3v2_latent_action_neighbors_kinematic_divergence,10,10.41880875589978
818,21,interaction,True,10,30.51631365217395,30.51631365217395,17.637166538484298,0.0,0.5779586204124575,0.0,0.0,0.7325698962057459,21,cube,r3v2_latent_action_neighbors_kinematic_divergence,10,17.637166538484298
819,21,interaction,True,10,29.618332317879265,29.618332317879265,12.064607668066085,0.0,0.4073358195384694,0.0,0.0,1.0629678571964378,21,cube,r3v2_latent_action_neighbors_kinematic_divergence,10,12.064607668066085
820,21,interaction,True,10,26.414687086949954,26.414687086949954,10.015918343965314,0.0,0.3791798975696982,0.0,0.0,1.0284037122298777,21,cube,r3v2_latent_action_neighbors_kinematic_divergence,10,10.015918343965314
821,21,interaction,True,10,22.165312392397734,22.165312392397734,10.717728252598924,0.0,0.48353607938658666,0.0,0.0,1.2615784162788155,21,cube,r3v2_latent_action_neighbors_kinematic_divergence,10,10.717728252598924
822,21,interaction,True,10,3.389465089191165,3.389465089191165,14.691619262511741,0.0,4.334494935310761,0.0,0.0,0.9927083583579801,21,cube,r3v2_latent_action_neighbors_kinematic_divergence,10,14.691619262511741
823,21,interaction,True,10,4.679165858465295,4.679165858465295,13.069304690010155,0.0,2.7930842986396547,0.0,0.0,1.128529652956694,21,cube,r3v2_latent_action_neighbors_kinematic_divergence,10,13.069304690010155
824,21,interaction,True,10,16.4996232580136,16.4996232580136,12.271416487208903,0.0,0.7437391930296878,0.0,0.0,0.752596816975251,21,cube,r3v2_latent_action_neighbors_kinematic_divergence,10,12.271416487208903
825,21,interaction,True,10,20.282220124212266,20.282220124212266,10.98325457414574,0.0,0.5415213180254503,0.0,0.0,0.46165859524431735,21,cube,r3v2_latent_action_neighbors_kinematic_divergence,10,10.98325457414574
826,21,interaction,True,10,27.261614006639075,27.261614006639075,11.920381713894383,0.0,0.4372588398834856,0.0,0.0,0.9555567286166607,21,cube,r3v2_latent_action_neighbors_kinematic_divergence,10,11.920381713894383
827,21,transport_free,True,10,29.586228586189,29.586228586189,12.447906020182263,0.0,0.42073311182328277,0.0,0.0,1.5621716661689302,21,cube,r3v2_latent_action_neighbors_kinematic_divergence,10,12.447906020182263
828,21,transport_free,True,10,29.107518649514773,29.107518649514773,12.562236872562377,0.0,0.43158048007543887,0.0,0.0,1.5366020222579395,21,cube,r3v2_latent_action_neighbors_kinematic_divergence,10,12.562236872562377
829,21,transport_free,True,10,26.455427085709495,26.455427085709495,9.265761037394995,0.0,0.3502404632280576,0.0,0.0,1.9651988138042267,21,cube,r3v2_latent_action_neighbors_kinematic_divergence,10,9.265761037394995
830,21,transport_free,True,10,23.356600008708973,23.356600008708973,10.850331788708854,0.0,0.46455099563562724,0.0,0.0,2.3815852253521,21,cube,r3v2_latent_action_neighbors_kinematic_divergence,10,10.850331788708854
831,21,transport_free,True,10,22.388150262817696,22.388150262817696,11.794287290924311,0.0,0.5268093680125194,0.0,0.0,2.0242537661976945,21,cube,r3v2_latent_action_neighbors_kinematic_divergence,10,11.794287290924311
832,21,transport_free,True,10,23.428962776984772,23.428962776984772,11.1997454889142,0.0,0.47802993224762674,0.0,0.0,1.7971565133989742,21,cube,r3v2_latent_action_neighbors_kinematic_divergence,10,11.1997454889142
833,21,transport_free,True,10,24.86520966992155,24.86520966992155,10.090225479429819,0.0,0.4057969192045688,0.0,0.0,1.1168323388655714,21,cube,r3v2_latent_action_neighbors_kinematic_divergence,10,10.090225479429819
834,21,transport_free,True,10,26.796010078748168,26.796010078748168,10.08917036202103,0.0,0.3765176357364755,0.0,0.0,1.0695103950320721,21,cube,r3v2_latent_action_neighbors_kinematic_divergence,10,10.08917036202103
835,21,transport_free,True,10,28.779670381417763,28.779670381417763,10.988694177442769,0.0,0.38182140489481997,0.0,0.0,1.0193767650526075,21,cube,r3v2_latent_action_neighbors_kinematic_divergence,10,10.988694177442769
836,22,transport_free,True,10,18.184663552767724,18.184663552767724,9.042256194361201,0.0,0.49724627393422194,0.0,0.0,1.1189844592531535,22,cube,r3v2_latent_action_neighbors_kinematic_divergence,10,9.042256194361201
837,22,transport_free,True,10,17.52104390136958,17.52104390136958,8.399099233214464,0.0,0.4793720785413891,0.0,0.0,0.715794048903377,22,cube,r3v2_latent_action_neighbors_kinematic_divergence,10,8.399099233214464
838,22,transport_free,True,10,16.291490275066828,16.291490275066828,7.84521063178361,0.0,0.48155266948108766,0.0,0.0,0.7396751011615226,22,cube,r3v2_latent_action_neighbors_kinematic_divergence,10,7.84521063178361
839,22,interaction,True,10,15.64479058678248,15.64479058678248,16.080902140340346,0.0,1.027875831967116,0.0,0.0,1.0539062357406404,22,cube,r3v2_latent_action_neighbors_kinematic_divergence,10,16.080902140340346
840,22,interaction,True,10,15.667148150434443,15.667148150434443,10.087094449686864,0.0,0.6438373054771397,0.0,0.0,1.220610708403908,22,cube,r3v2_latent_action_neighbors_kinematic_divergence,10,10.087094449686864
841,22,interaction,True,10,9.254309928692386,9.254309928692386,11.857712688726085,0.0,1.281317870278152,0.0,0.0,1.5513339033672155,22,cube,r3v2_latent_action_neighbors_kinematic_divergence,10,11.857712688726085
842,22,interaction,True,10,3.2496239275115304,3.2496239275115304,15.150296559926893,0.0,4.662169191845088,0.0,0.0,2.0917453734082807,22,cube,r3v2_latent_action_neighbors_kinematic_divergence,10,15.150296559926893
843,22,interaction,True,10,3.9579284193775166,3.9579284193775166,27.339086876549306,0.0,6.907423272917367,0.0,0.0,2.065772698384909,22,cube,r3v2_latent_action_neighbors_kinematic_divergence,10,27.339086876549306
844,22,interaction,True,10,8.64087384800371,8.64087384800371,34.49731388797839,0.0,3.9923408783416345,0.0,0.0,1.680654692843938,22,cube,r3v2_latent_action_neighbors_kinematic_divergence,10,34.49731388797839
845,22,interaction,True,10,10.07720059665412,10.07720059665412,30.00655779820117,0.0,2.9776680051565205,0.0,0.0,1.4236632527366522,22,cube,r3v2_latent_action_neighbors_kinematic_divergence,10,30.00655779820117
846,22,interaction,True,10,18.97152412923467,18.97152412923467,25.25140240227706,0.0,1.3310160127496158,0.0,0.0,1.7642798555588683,22,cube,r3v2_latent_action_neighbors_kinematic_divergence,10,25.25140240227706
847,22,interaction,True,10,18.361975994902416,18.361975994902416,24.748820203290325,0.0,1.3478298964207884,0.0,0.0,1.626307718854298,22,cube,r3v2_latent_action_neighbors_kinematic_divergence,10,24.748820203290325
848,22,static,True,10,16.99578779859251,16.99578779859251,24.729686861036917,0.0,1.4550479891897028,0.0,0.0,1.729348898606102,22,cube,r3v2_latent_action_neighbors_kinematic_divergence,10,24.729686861036917
849,22,transport_free,True,10,16.497175511744416,16.497175511744416,12.299552565338098,0.0,0.7455550531411871,0.0,0.0,1.620015032186161,22,cube,r3v2_latent_action_neighbors_kinematic_divergence,10,12.299552565338098
850,22,transport_free,True,10,19.813001241175666,19.813001241175666,10.1067260205153,0.0,0.5101057582084715,0.0,0.0,2.1929980438159613,22,cube,r3v2_latent_action_neighbors_kinematic_divergence,10,10.1067260205153
851,22,transport_free,True,10,21.376335991019566,21.376335991019566,12.168227565420949,0.0,0.5692382254158502,0.0,0.0,2.4117396509390536,22,cube,r3v2_latent_action_neighbors_kinematic_divergence,10,12.168227565420949
852,22,transport_free,True,10,22.60391090937653,22.60391090937653,12.20230411227968,0.0,0.5398315433643801,0.0,0.0,1.8418713538424734,22,cube,r3v2_latent_action_neighbors_kinematic_divergence,10,12.20230411227968
853,22,transport_free,True,10,20.28977772760851,20.28977772760851,9.253414750554253,0.0,0.45606289407315864,0.0,0.0,1.5669862487119386,22,cube,r3v2_latent_action_neighbors_kinematic_divergence,10,9.253414750554253
854,22,transport_free,True,10,20.804395217011255,20.804395217011255,7.848180115519496,0.0,0.37723663839563226,0.0,0.0,1.3701704304297722,22,cube,r3v2_latent_action_neighbors_kinematic_divergence,10,7.848180115519496
855,22,transport_free,True,10,22.999034113381708,22.999034113381708,8.674672003762353,0.0,0.3771754918488121,0.0,0.0,1.057480862874872,22,cube,r3v2_latent_action_neighbors_kinematic_divergence,10,8.674672003762353
856,22,transport_free,True,10,21.19150430547176,21.19150430547176,14.05476543750036,0.0,0.6632264154022961,0.0,0.0,0.7471959523648943,22,cube,r3v2_latent_action_neighbors_kinematic_divergence,10,14.05476543750036
857,22,interaction,True,10,26.171361768774776,26.171361768774776,11.278221349023996,0.0,0.4309375052268054,0.0,0.0,0.6690393605685727,22,cube,r3v2_latent_action_neighbors_kinematic_divergence,10,11.278221349023996
858,22,interaction,True,10,26.421023014185586,26.421023014185586,8.95829831808671,0.0,0.3390594797664327,0.0,0.0,1.0768631601791765,22,cube,r3v2_latent_action_neighbors_kinematic_divergence,10,8.95829831808671
859,22,interaction,True,10,23.35858260958618,23.35858260958618,10.51719992513636,0.0,0.4502499188807879,0.0,0.0,1.3005950601387601,22,cube,r3v2_latent_action_neighbors_kinematic_divergence,10,10.51719992513636
860,22,interaction,True,10,9.180805548085047,9.180805548085047,13.825630566487607,0.0,1.5059278288898503,0.0,0.0,1.0675928337016618,22,cube,r3v2_latent_action_neighbors_kinematic_divergence,10,13.825630566487607
861,22,interaction,True,10,18.351326925022512,18.351326925022512,12.272245889191133,0.0,0.6687388840780557,0.0,0.0,0.9975674284578915,22,cube,r3v2_latent_action_neighbors_kinematic_divergence,10,12.272245889191133
862,22,interaction,True,10,6.776433016705833,6.776433016705833,15.04448542783944,0.0,2.2201186657863374,0.0,0.0,0.8736650700682678,22,cube,r3v2_latent_action_neighbors_kinematic_divergence,10,15.04448542783944
863,22,interaction,True,10,22.515586224872532,22.515586224872532,13.02846571087874,0.0,0.5786420829001754,0.0,0.0,0.9209931313655685,22,cube,r3v2_latent_action_neighbors_kinematic_divergence,10,13.02846571087874
864,22,interaction,True,10,25.025134724867726,25.025134724867726,9.462898735371148,0.0,0.3781357758672832,0.0,0.0,0.8200840557538128,22,cube,r3v2_latent_action_neighbors_kinematic_divergence,10,9.462898735371148
865,22,interaction,True,10,25.794124235517394,25.794124235517394,9.139938278932547,0.0,0.3543418724155499,0.0,0.0,0.9427482222272285,22,cube,r3v2_latent_action_neighbors_kinematic_divergence,10,9.139938278932547
866,22,transport_free,True,10,25.42694765223419,25.42694765223419,13.363521376423233,0.0,0.52556530021601,0.0,0.0,1.2206784139821647,22,cube,r3v2_latent_action_neighbors_kinematic_divergence,10,13.363521376423233
867,22,transport_free,True,10,24.475512415745623,24.475512415745623,9.440065407018775,0.0,0.38569429095775654,0.0,0.0,1.0684570930817012,22,cube,r3v2_latent_action_neighbors_kinematic_divergence,10,9.440065407018775
868,22,transport_free,True,10,19.972820082631728,19.972820082631728,7.814351615282494,0.0,0.3912492869285804,0.0,0.0,2.0866478184927733,22,cube,r3v2_latent_action_neighbors_kinematic_divergence,10,7.814351615282494
869,22,transport_free,True,10,20.465316440056803,20.465316440056803,12.115207457513023,0.0,0.5919873016866675,0.0,0.0,1.7570131204896307,22,cube,r3v2_latent_action_neighbors_kinematic_divergence,10,12.115207457513023
870,22,transport_free,True,10,21.029452341691353,21.029452341691353,10.43384003924917,0.0,0.49615367389115744,0.0,0.0,1.5645696654555483,22,cube,r3v2_latent_action_neighbors_kinematic_divergence,10,10.43384003924917
871,22,transport_free,True,10,20.11180279159434,20.11180279159434,8.78643455975385,0.0,0.4368795105442318,0.0,0.0,1.2996678604886134,22,cube,r3v2_latent_action_neighbors_kinematic_divergence,10,8.78643455975385
872,22,transport_free,True,10,20.49958893294371,20.49958893294371,9.078057955468559,0.0,0.4428409752587641,0.0,0.0,1.1066556621975172,22,cube,r3v2_latent_action_neighbors_kinematic_divergence,10,9.078057955468559
873,22,transport_free,True,10,22.97558096945241,22.97558096945241,8.785765509806202,0.0,0.38239579323314926,0.0,0.0,1.0818788908528543,22,cube,r3v2_latent_action_neighbors_kinematic_divergence,10,8.785765509806202
874,23,transport_free,True,10,3.4132262908856674,3.4132262908856674,13.538873417918783,0.0,3.9665912143216566,0.0,0.0,1.35565723204342,23,cube,r3v2_latent_action_neighbors_kinematic_divergence,10,13.538873417918783
875,23,transport_free,True,10,2.8678557209111877,2.8678557209111877,13.132788350422896,0.0,4.579305804913466,0.0,0.0,1.2562337646609092,23,cube,r3v2_latent_action_neighbors_kinematic_divergence,10,13.132788350422896
876,23,transport_free,True,10,3.606524600236507,3.606524600236507,13.136432991728825,0.0,3.642407704876703,0.0,0.0,1.1938932410961196,23,cube,r3v2_latent_action_neighbors_kinematic_divergence,10,13.136432991728825
877,23,interaction,True,10,4.548524850402233,4.548524850402233,14.854387571168187,0.0,3.2657593526953232,0.0,0.0,1.0781508351618503,23,cube,r3v2_latent_action_neighbors_kinematic_divergence,10,14.854387571168187
878,23,interaction,True,10,5.224162590755332,5.224162590755332,10.867549470633126,0.0,2.0802471748992497,0.0,0.0,1.331179452762131,23,cube,r3v2_latent_action_neighbors_kinematic_divergence,10,10.867549470633126
879,23,interaction,True,10,5.010235875594814,5.010235875594814,15.249133569649103,0.0,3.0435959400491757,0.0,0.0,1.4178486205647285,23,cube,r3v2_latent_action_neighbors_kinematic_divergence,10,15.249133569649103
880,23,interaction,True,10,8.18080803621907,8.18080803621907,14.608191235893912,0.0,1.7856660578293426,0.0,0.0,1.8183417481673625,23,cube,r3v2_latent_action_neighbors_kinematic_divergence,10,14.608191235893912
881,23,interaction,True,10,7.319564893359056,7.319564893359056,18.70907101331119,0.0,2.5560359510284116,0.0,0.0,1.3559584064192327,23,cube,r3v2_latent_action_neighbors_kinematic_divergence,10,18.70907101331119
882,23,interaction,True,10,2.877258558635091,2.877258558635091,16.91587909013549,0.0,5.879165443567232,0.0,0.0,1.4033010875016938,23,cube,r3v2_latent_action_neighbors_kinematic_divergence,10,16.91587909013549
883,23,interaction,True,10,10.795620969294738,10.795620969294738,16.806890856291375,0.0,1.5568248370421756,0.0,0.0,0.7736792136347987,23,cube,r3v2_latent_action_neighbors_kinematic_divergence,10,16.806890856291375
884,23,interaction,True,10,24.264818128482283,24.264818128482283,10.844213162398754,0.0,0.4469109599329619,0.0,0.0,1.0535412135057305,23,cube,r3v2_latent_action_neighbors_kinematic_divergence,10,10.844213162398754
885,23,interaction,True,10,25.333279010585358,25.333279010585358,9.536397836722616,0.0,0.3764375639149551,0.0,0.0,0.9578040932864872,23,cube,r3v2_latent_action_neighbors_kinematic_divergence,10,9.536397836722616
886,23,static,True,10,23.618953151888256,23.618953151888256,7.730864757972664,0.0,0.32731614768263373,0.0,0.0,1.257583700523869,23,cube,r3v2_latent_action_neighbors_kinematic_divergence,10,7.730864757972664
887,23,transport_free,True,10,22.44642894068845,22.44642894068845,9.831791813302399,0.0,0.4380114021380209,0.0,0.0,1.3729883899681536,23,cube,r3v2_latent_action_neighbors_kinematic_divergence,10,9.831791813302399
888,23,transport_free,True,10,19.96222550226121,19.96222550226121,9.160413629894464,0.0,0.4588873935351959,0.0,0.0,2.1377231020945775,23,cube,r3v2_latent_action_neighbors_kinematic_divergence,10,9.160413629894464
889,23,transport_free,True,10,17.43856821702042,17.43856821702042,11.394982236238334,0.0,0.6534356544889153,0.0,0.0,2.1224638447161754,23,cube,r3v2_latent_action_neighbors_kinematic_divergence,10,11.394982236238334
890,23,transport_free,True,10,17.277661533389818,17.277661533389818,11.522798916179388,0.0,0.6669188937351903,0.0,0.0,1.850681224200354,23,cube,r3v2_latent_action_neighbors_kinematic_divergence,10,11.522798916179388
891,23,transport_free,True,10,17.569142494862493,17.569142494862493,10.225330137456414,0.0,0.582005077393303,0.0,0.0,1.4884197175886054,23,cube,r3v2_latent_action_neighbors_kinematic_divergence,10,10.225330137456414
892,23,transport_free,True,10,18.990697225273365,18.990697225273365,8.53130364451317,0.0,0.4492359360644993,0.0,0.0,1.097252107489552,23,cube,r3v2_latent_action_neighbors_kinematic_divergence,10,8.53130364451317
893,23,transport_free,True,10,20.470358861094248,20.470358861094248,10.7768761694896,0.0,0.526462493531172,0.0,0.0,1.0957837522664529,23,cube,r3v2_latent_action_neighbors_kinematic_divergence,10,10.7768761694896
894,23,interaction,True,10,22.4225156901647,22.4225156901647,15.292856663889328,0.0,0.6820312615768315,0.0,0.0,0.6979386309358193,23,cube,r3v2_latent_action_neighbors_kinematic_divergence,10,15.292856663889328
895,23,interaction,True,10,21.99026082839527,21.99026082839527,6.971316617662183,0.0,0.31701836881626977,0.0,0.0,0.9621297087311227,23,cube,r3v2_latent_action_neighbors_kinematic_divergence,10,6.971316617662183
896,23,interaction,True,10,22.003150361242078,22.003150361242078,8.75515635161054,0.0,0.39790467309774413,0.0,0.0,1.1614553371552025,23,cube,r3v2_latent_action_neighbors_kinematic_divergence,10,8.75515635161054
897,23,interaction,True,10,18.409434772971075,18.409434772971075,9.385858746667257,0.0,0.5098395937960938,0.0,0.0,1.0563694126079683,23,cube,r3v2_latent_action_neighbors_kinematic_divergence,10,9.385858746667257
898,23,interaction,True,10,7.45647850608338,7.45647850608338,10.836528659584381,0.0,1.4533038150305646,0.0,0.0,1.0371125452803711,23,cube,r3v2_latent_action_neighbors_kinematic_divergence,10,10.836528659584381
899,23,interaction,True,10,6.392568299282713,6.392568299282713,10.325073482145381,0.0,1.615168270209005,0.0,0.0,1.1045234494031324,23,cube,r3v2_latent_action_neighbors_kinematic_divergence,10,10.325073482145381
900,23,interaction,True,10,16.167739803532946,16.167739803532946,12.267047571716336,0.0,0.7587360831373451,0.0,0.0,0.7977275099954789,23,cube,r3v2_latent_action_neighbors_kinematic_divergence,10,12.267047571716336
901,23,interaction,True,10,21.785012692745035,21.785012692745035,8.740200506918601,0.0,0.401202451896175,0.0,0.0,0.7710331044349442,23,cube,r3v2_latent_action_neighbors_kinematic_divergence,10,8.740200506918601
902,23,interaction,True,10,25.924645310510225,25.924645310510225,8.784949257600584,0.0,0.3388647810752897,0.0,0.0,0.7727661475621188,23,cube,r3v2_latent_action_neighbors_kinematic_divergence,10,8.784949257600584
903,23,transport_free,True,10,26.334196928138326,26.334196928138326,7.797588481650898,0.0,0.29610124443624497,0.0,0.0,1.3347580693244359,23,cube,r3v2_latent_action_neighbors_kinematic_divergence,10,7.797588481650898
904,23,transport_free,True,10,25.123400193048383,25.123400193048383,11.636790530819997,0.0,0.463185334843326,0.0,0.0,1.3439376939887104,23,cube,r3v2_latent_action_neighbors_kinematic_divergence,10,11.636790530819997
905,23,transport_free,True,10,23.537368949844343,23.537368949844343,7.805108079692823,0.0,0.331604951102423,0.0,0.0,1.2171982078316161,23,cube,r3v2_latent_action_neighbors_kinematic_divergence,10,7.805108079692823
906,23,transport_free,True,10,20.544899338178993,20.544899338178993,9.067025181696206,0.0,0.4413273110979314,0.0,0.0,2.188919721428207,23,cube,r3v2_latent_action_neighbors_kinematic_divergence,10,9.067025181696206
907,23,static,True,10,17.69567143607115,17.69567143607115,11.009459146878335,0.0,0.6221554907736628,0.0,0.0,2.181779404233659,23,cube,r3v2_latent_action_neighbors_kinematic_divergence,10,11.009459146878335
908,23,transport_free,True,10,17.77163853373669,17.77163853373669,10.996027351819414,0.0,0.6187402096292454,0.0,0.0,2.116405147808318,23,cube,r3v2_latent_action_neighbors_kinematic_divergence,10,10.996027351819414
909,23,transport_free,True,10,19.98774944540387,19.98774944540387,10.217266600349454,0.0,0.5111764397616505,0.0,0.0,1.462124946958382,23,cube,r3v2_latent_action_neighbors_kinematic_divergence,10,10.217266600349454
910,23,transport_free,True,10,23.390637081041998,23.390637081041998,9.127111684203822,0.0,0.39020363800186114,0.0,0.0,1.4406695908940041,23,cube,r3v2_latent_action_neighbors_kinematic_divergence,10,9.127111684203822
911,23,transport_free,True,10,25.48066287781944,25.48066287781944,9.803023953335185,0.0,0.3847240552705,0.0,0.0,1.0145551931635999,23,cube,r3v2_latent_action_neighbors_kinematic_divergence,10,9.803023953335185
912,24,transport_free,True,10,3.2012791676186314,3.2012791676186314,9.343592008103258,0.0,2.9187057794318427,0.0,0.0,0.8486842509347303,24,cube,r3v2_latent_action_neighbors_kinematic_divergence,10,9.343592008103258
913,24,transport_free,True,10,3.329610555961879,3.329610555961879,6.926990125311873,0.0,2.080420520324414,0.0,0.0,0.9427316244095969,24,cube,r3v2_latent_action_neighbors_kinematic_divergence,10,6.926990125311873
914,24,transport_free,True,10,3.046494294933492,3.046494294933492,8.297211785924162,0.0,2.72352776098184,0.0,0.0,0.8207265559548883,24,cube,r3v2_latent_action_neighbors_kinematic_divergence,10,8.297211785924162
915,24,interaction,True,10,3.2880173685936285,3.2880173685936285,11.840788442483547,0.0,3.6011940069368196,0.0,0.0,0.9950465639778938,24,cube,r3v2_latent_action_neighbors_kinematic_divergence,10,11.840788442483547
916,24,interaction,True,10,4.720568626708294,4.720568626708294,11.601982312260189,0.0,2.4577510104646825,0.0,0.0,1.0692398000422205,24,cube,r3v2_latent_action_neighbors_kinematic_divergence,10,11.601982312260189
917,24,interaction,True,10,4.3226748662514085,4.3226748662514085,10.23420816297509,0.0,2.3675637145132127,0.0,0.0,1.2388638421146014,24,cube,r3v2_latent_action_neighbors_kinematic_divergence,10,10.23420816297509
918,24,interaction,True,10,3.5410548041591383,3.5410548041591383,14.296557537143482,0.0,4.037372570554822,0.0,0.0,1.4842984623438933,24,cube,r3v2_latent_action_neighbors_kinematic_divergence,10,14.296557537143482
919,24,interaction,True,10,3.1595480180061233,3.1595480180061233,17.11381720861595,0.0,5.416539679436764,0.0,0.0,1.3936719816577243,24,cube,r3v2_latent_action_neighbors_kinematic_divergence,10,17.11381720861595
920,24,interaction,True,10,3.5018143570519102,3.5018143570519102,15.534566183508074,0.0,4.436147836399368,0.0,0.0,1.1689224214251692,24,cube,r3v2_latent_action_neighbors_kinematic_divergence,10,15.534566183508074
921,24,interaction,True,10,24.64207423392001,24.64207423392001,9.496042753107883,0.0,0.3853589053812891,0.0,0.0,0.6141577940727905,24,cube,r3v2_latent_action_neighbors_kinematic_divergence,10,9.496042753107883
922,24,interaction,True,10,16.552981127202628,16.552981127202628,7.176997667381946,0.0,0.4335773485289307,0.0,0.0,0.8299822779305299,24,cube,r3v2_latent_action_neighbors_kinematic_divergence,10,7.176997667381946
923,24,interaction,True,10,11.7948664038096,11.7948664038096,7.291113736288477,0.0,0.6181599254005569,0.0,0.0,0.8125046676766587,24,cube,r3v2_latent_action_neighbors_kinematic_divergence,10,7.291113736288477
924,24,static,True,10,12.19302480139008,12.19302480139008,7.463340848092359,0.0,0.6120992099713839,0.0,0.0,0.7690698058439511,24,cube,r3v2_latent_action_neighbors_kinematic_divergence,10,7.463340848092359
925,24,transport_free,True,10,9.17354471715702,9.17354471715702,9.41672472086259,0.0,1.0265088372274196,0.0,0.0,0.7434534102911359,24,cube,r3v2_latent_action_neighbors_kinematic_divergence,10,9.41672472086259
926,24,transport_free,True,10,13.232783458408345,13.232783458408345,5.59043122672257,0.0,0.42246827693460903,0.0,0.0,1.386153737588233,24,cube,r3v2_latent_action_neighbors_kinematic_divergence,10,5.59043122672257
927,24,transport_free,True,10,10.02527050729228,10.02527050729228,9.168614448083481,0.0,0.9145503297306865,0.0,0.0,1.5122511642143945,24,cube,r3v2_latent_action_neighbors_kinematic_divergence,10,9.168614448083481
928,24,transport_free,True,10,12.85199122947289,12.85199122947289,8.503045427976891,0.0,0.6616130742820024,0.0,0.0,1.3283099241189642,24,cube,r3v2_latent_action_neighbors_kinematic_divergence,10,8.503045427976891
929,24,transport_free,True,10,11.857262862031414,11.857262862031414,6.126300685824534,0.0,0.5166707322852554,0.0,0.0,1.1439700556827188,24,cube,r3v2_latent_action_neighbors_kinematic_divergence,10,6.126300685824534
930,24,transport_free,True,10,11.876867618950804,11.876867618950804,7.461469687867329,0.0,0.6282354849153796,0.0,0.0,1.199066358514379,24,cube,r3v2_latent_action_neighbors_kinematic_divergence,10,7.461469687867329
931,24,transport_free,True,10,11.88337859326404,11.88337859326404,6.594999950244085,0.0,0.5549768442101464,0.0,0.0,0.8071583741592465,24,cube,r3v2_latent_action_neighbors_kinematic_divergence,10,6.594999950244085
932,24,interaction,True,10,11.300834204002363,11.300834204002363,9.810389120546319,0.0,0.8681119414239189,0.0,0.0,0.8829919112363672,24,cube,r3v2_latent_action_neighbors_kinematic_divergence,10,9.810389120546319
933,24,interaction,True,10,10.066003207770937,10.066003207770937,11.155485178430041,0.0,1.1082338191406522,0.0,0.0,0.9437015369487909,24,cube,r3v2_latent_action_neighbors_kinematic_divergence,10,11.155485178430041
934,24,interaction,True,10,19.680492559155695,19.680492559155695,10.679442902439408,0.0,0.5426410375827282,0.0,0.0,1.1568850081599518,24,cube,r3v2_latent_action_neighbors_kinematic_divergence,10,10.679442902439408
935,24,interaction,True,10,22.612344012125185,22.612344012125185,12.09488555189001,0.0,0.5348797782929755,0.0,0.0,1.2158274169278225,24,cube,r3v2_latent_action_neighbors_kinematic_divergence,10,12.09488555189001
936,24,interaction,True,10,14.107766458801748,14.107766458801748,14.280369942268472,0.0,1.0122346428097437,0.0,0.0,0.9330977219147149,24,cube,r3v2_latent_action_neighbors_kinematic_divergence,10,14.280369942268472
937,24,interaction,True,10,18.396632204319815,18.396632204319815,12.613429736656588,0.0,0.6856379796349225,0.0,0.0,1.4500255237376791,24,cube,r3v2_latent_action_neighbors_kinematic_divergence,10,12.613429736656588
938,24,interaction,True,10,26.166128583366035,26.166128583366035,12.438882319579415,0.0,0.4753810744279109,0.0,0.0,0.6086822334234465,24,cube,r3v2_latent_action_neighbors_kinematic_divergence,10,12.438882319579415
939,24,interaction,True,10,17.59958679797977,17.59958679797977,6.282737551035831,0.0,0.3569821054978982,0.0,0.0,0.7834302460743561,24,cube,r3v2_latent_action_neighbors_kinematic_divergence,10,6.282737551035831
940,24,interaction,True,10,12.671691674693998,12.671691674693998,8.239941755749244,0.0,0.6502637506722816,0.0,0.0,0.8546994487597372,24,cube,r3v2_latent_action_neighbors_kinematic_divergence,10,8.239941755749244
941,24,interaction,True,10,14.460705393083632,14.460705393083632,6.626370366913575,0.0,0.4582328584111036,0.0,0.0,0.7998973208004381,24,cube,r3v2_latent_action_neighbors_kinematic_divergence,10,6.626370366913575
942,24,transport_free,True,10,11.575551120763144,11.575551120763144,13.791462935943358,0.0,1.1914303510962443,0.0,0.0,0.805485819097135,24,cube,r3v2_latent_action_neighbors_kinematic_divergence,10,13.791462935943358
943,24,transport_free,True,10,12.89549833699958,12.89549833699958,6.745090880910711,0.0,0.5230577915362753,0.0,0.0,1.0927719312226176,24,cube,r3v2_latent_action_neighbors_kinematic_divergence,10,6.745090880910711
944,24,transport_free,True,10,12.290903521232053,12.290903521232053,9.092889334375123,0.0,0.7398064201437684,0.0,0.0,2.073339300314919,24,cube,r3v2_latent_action_neighbors_kinematic_divergence,10,9.092889334375123
945,24,transport_free,True,10,14.846722384724648,14.846722384724648,11.562011960630677,0.0,0.778758547578588,0.0,0.0,1.8292888132887926,24,cube,r3v2_latent_action_neighbors_kinematic_divergence,10,11.562011960630677
946,24,transport_free,True,10,11.704826288392248,11.704826288392248,9.03992100196471,0.0,0.7723242343997586,0.0,0.0,1.735011920376805,24,cube,r3v2_latent_action_neighbors_kinematic_divergence,10,9.03992100196471
947,24,transport_free,True,10,12.229459858864546,12.229459858864546,7.279735197074875,0.0,0.5952622013635497,0.0,0.0,0.9736217951718975,24,cube,r3v2_latent_action_neighbors_kinematic_divergence,10,7.279735197074875
948,24,transport_free,True,10,13.61531920387168,13.61531920387168,6.389471025234927,0.0,0.4692854372020896,0.0,0.0,0.6142245309248802,24,cube,r3v2_latent_action_neighbors_kinematic_divergence,10,6.389471025234927
949,24,static,True,10,12.40950151234254,12.40950151234254,6.334472511137905,0.0,0.5104534219072066,0.0,0.0,0.7947284092853448,24,cube,r3v2_latent_action_neighbors_kinematic_divergence,10,6.334472511137905
950,25,transport_free,True,10,31.669750817578034,31.669750817578034,10.525584093118022,0.0,0.33235449668507916,0.0,0.0,1.2142971166761767,25,cube,r3v2_latent_action_neighbors_kinematic_divergence,10,10.525584093118022
951,25,transport_free,True,10,33.614435910469574,33.614435910469574,9.303711068264601,0.0,0.27677724811579724,0.0,0.0,1.1468659786216224,25,cube,r3v2_latent_action_neighbors_kinematic_divergence,10,9.303711068264601
952,25,transport_free,True,10,30.996874646492593,30.996874646492593,8.288007641902244,0.0,0.2673820421066245,0.0,0.0,0.7133987405019276,25,cube,r3v2_latent_action_neighbors_kinematic_divergence,10,8.288007641902244
953,25,interaction,True,10,28.566576882379618,28.566576882379618,13.079078549123981,0.0,0.4578454955585313,0.0,0.0,0.7109053710714892,25,cube,r3v2_latent_action_neighbors_kinematic_divergence,10,13.079078549123981
954,25,interaction,True,10,28.797625854586933,28.797625854586933,9.324336407037888,0.0,0.32378837249018194,0.0,0.0,1.045035037569424,25,cube,r3v2_latent_action_neighbors_kinematic_divergence,10,9.324336407037888
955,25,interaction,True,10,23.93257503992247,23.93257503992247,9.94158215319377,0.0,0.4153996022830803,0.0,0.0,1.1960767647746846,25,cube,r3v2_latent_action_neighbors_kinematic_divergence,10,9.94158215319377
956,25,interaction,True,10,30.480164911734757,30.480164911734757,11.177688128447109,0.0,0.36672006732298673,0.0,0.0,1.5608399060198797,25,cube,r3v2_latent_action_neighbors_kinematic_divergence,10,11.177688128447109
957,25,interaction,True,10,18.433205759949114,18.433205759949114,17.743783571392704,0.0,0.9625988990990185,0.0,0.0,1.1431465973906163,25,cube,r3v2_latent_action_neighbors_kinematic_divergence,10,17.743783571392704
958,25,interaction,True,10,21.049178914640663,21.049178914640663,18.122433869417183,0.0,0.8609568070520891,0.0,0.0,1.172354715446549,25,cube,r3v2_latent_action_neighbors_kinematic_divergence,10,18.122433869417183
959,25,interaction,True,10,25.009833510232,25.009833510232,13.725771819525303,0.0,0.5488150016636387,0.0,0.0,0.8790668645949538,25,cube,r3v2_latent_action_neighbors_kinematic_divergence,10,13.725771819525303
960,25,interaction,True,10,26.503905150993127,26.503905150993127,9.153882166496523,0.0,0.3453786192769226,0.0,0.0,0.8380662502386826,25,cube,r3v2_latent_action_neighbors_kinematic_divergence,10,9.153882166496523
961,25,interaction,True,10,31.804995522444948,31.804995522444948,9.13006186608979,0.0,0.28706376832050357,0.0,0.0,1.0169696586846269,25,cube,r3v2_latent_action_neighbors_kinematic_divergence,10,9.13006186608979
962,25,transport_free,True,10,33.07602752145455,33.07602752145455,14.569623974331664,0.0,0.440488930083311,0.0,0.0,1.5138865167058762,25,cube,r3v2_latent_action_neighbors_kinematic_divergence,10,14.569623974331664
963,25,transport_free,True,10,31.71683024763742,31.71683024763742,12.842763389101268,0.0,0.4049195108347223,0.0,0.0,1.468842510424702,25,cube,r3v2_latent_action_neighbors_kinematic_divergence,10,12.842763389101268
964,25,transport_free,True,10,33.41603069687784,33.41603069687784,9.929907081423266,0.0,0.2971599820307517,0.0,0.0,1.8707703952687778,25,cube,r3v2_latent_action_neighbors_kinematic_divergence,10,9.929907081423266
965,25,static,True,10,33.69310535346902,33.69310535346902,10.919671168564914,0.0,0.3240921563628041,0.0,0.0,1.7974604359678992,25,cube,r3v2_latent_action_neighbors_kinematic_divergence,10,10.919671168564914
966,25,transport_free,True,10,33.641996891534376,33.641996891534376,9.73566031265284,0.0,0.2893900841867894,0.0,0.0,1.5434748464985923,25,cube,r3v2_latent_action_neighbors_kinematic_divergence,10,9.73566031265284
967,25,transport_free,True,10,33.9307901827473,33.9307901827473,10.745572583008265,0.0,0.3166909030156344,0.0,0.0,1.2087364893379362,25,cube,r3v2_latent_action_neighbors_kinematic_divergence,10,10.745572583008265
968,25,transport_free,True,10,34.21696680405381,34.21696680405381,9.92553360911944,0.0,0.29007637251889684,0.0,0.0,1.3820257136316652,25,cube,r3v2_latent_action_neighbors_kinematic_divergence,10,9.92553360911944
969,25,transport_free,True,10,34.070252312966026,34.070252312966026,9.244231023871642,0.0,0.2713285167058651,0.0,0.0,1.4188279344260142,25,cube,r3v2_latent_action_neighbors_kinematic_divergence,10,9.244231023871642
970,25,interaction,True,10,34.31399771877386,34.31399771877386,17.02462063315785,0.0,0.4961421508704987,0.0,0.0,1.4946649884402432,25,cube,r3v2_latent_action_neighbors_kinematic_divergence,10,17.02462063315785
971,25,interaction,True,10,30.758294898366294,30.758294898366294,10.175654588253021,0.0,0.3308263550328823,0.0,0.0,1.7052551902785391,25,cube,r3v2_latent_action_neighbors_kinematic_divergence,10,10.175654588253021
972,25,interaction,True,10,22.446749981068393,22.446749981068393,10.790850237418383,0.0,0.48073107449939945,0.0,0.0,1.060252343126536,25,cube,r3v2_latent_action_neighbors_kinematic_divergence,10,10.790850237418383
973,25,interaction,True,10,23.755313357368323,23.755313357368323,10.692683455199795,0.0,0.450117550307253,0.0,0.0,1.070235244868989,25,cube,r3v2_latent_action_neighbors_kinematic_divergence,10,10.692683455199795
974,25,interaction,True,10,16.6716377814065,16.6716377814065,12.085141541477313,0.0,0.7248922811264289,0.0,0.0,0.922430024947801,25,cube,r3v2_latent_action_neighbors_kinematic_divergence,10,12.085141541477313
975,25,interaction,True,10,18.3380807457415,18.3380807457415,11.366445130606923,0.0,0.6198274120505473,0.0,0.0,0.9014425420462544,25,cube,r3v2_latent_action_neighbors_kinematic_divergence,10,11.366445130606923
976,25,interaction,True,10,24.9480342850755,24.9480342850755,9.257767324631118,0.0,0.37108203471442763,0.0,0.0,0.8245511762631492,25,cube,r3v2_latent_action_neighbors_kinematic_divergence,10,9.257767324631118
977,25,interaction,True,10,26.264830923428683,26.264830923428683,10.16105003025952,0.0,0.38686904400346583,0.0,0.0,0.9405287998882466,25,cube,r3v2_latent_action_neighbors_kinematic_divergence,10,10.16105003025952
978,25,interaction,True,10,31.84001956681641,31.84001956681641,11.078859360309927,0.0,0.3479539118077769,0.0,0.0,1.0521966494808468,25,cube,r3v2_latent_action_neighbors_kinematic_divergence,10,11.078859360309927
979,25,static,True,10,34.755355349708395,34.755355349708395,15.60174983899002,0.0,0.4489020377436861,0.0,0.0,1.2151039293030272,25,cube,r3v2_latent_action_neighbors_kinematic_divergence,10,15.60174983899002
980,25,transport_free,True,10,33.17495237272335,33.17495237272335,11.919044355678384,0.0,0.35927841649226594,0.0,0.0,1.4739586146655437,25,cube,r3v2_latent_action_neighbors_kinematic_divergence,10,11.919044355678384
981,25,transport_free,True,10,33.7436775065917,33.7436775065917,9.69190047546483,0.0,0.287221227549118,0.0,0.0,2.072500889286722,25,cube,r3v2_latent_action_neighbors_kinematic_divergence,10,9.69190047546483
982,25,transport_free,True,10,32.12346067482781,32.12346067482781,13.350337093153989,0.0,0.4155946094442874,0.0,0.0,2.7566191229851764,25,cube,r3v2_latent_action_neighbors_kinematic_divergence,10,13.350337093153989
983,25,transport_free,True,10,30.18284897894443,30.18284897894443,15.586125515417589,0.0,0.5163901368717869,0.0,0.0,1.857500396256976,25,cube,r3v2_latent_action_neighbors_kinematic_divergence,10,15.586125515417589
984,25,transport_free,True,10,31.29364309614256,31.29364309614256,12.69249370303487,0.0,0.40559335530350643,0.0,0.0,1.6945066128086186,25,cube,r3v2_latent_action_neighbors_kinematic_divergence,10,12.69249370303487
985,25,transport_free,True,10,33.11023522087901,33.11023522087901,10.99056395594257,0.0,0.3319385646953067,0.0,0.0,1.5357279422823256,25,cube,r3v2_latent_action_neighbors_kinematic_divergence,10,10.99056395594257
986,25,transport_free,True,10,34.59285934819228,34.59285934819228,10.332574939534698,0.0,0.2986909765259011,0.0,0.0,1.4421753074916723,25,cube,r3v2_latent_action_neighbors_kinematic_divergence,10,10.332574939534698
987,25,static,True,10,31.959676953286582,31.959676953286582,9.530388105823796,0.0,0.29820038918896946,0.0,0.0,1.3384198514975212,25,cube,r3v2_latent_action_neighbors_kinematic_divergence,10,9.530388105823796
988,26,transport_free,True,10,18.239699832927137,18.239699832927137,8.001219791797428,0.0,0.43867058477318044,0.0,0.0,1.1394080346001596,26,cube,r3v2_latent_action_neighbors_kinematic_divergence,10,8.001219791797428
989,26,transport_free,True,10,16.92479367304635,16.92479367304635,5.9313122601909125,0.0,0.35045108228627025,0.0,0.0,0.7417478820163408,26,cube,r3v2_latent_action_neighbors_kinematic_divergence,10,5.9313122601909125
990,26,transport_free,True,10,16.77741157772313,16.77741157772313,7.8513741513437285,0.0,0.46797291196984764,0.0,0.0,0.8249471189102148,26,cube,r3v2_latent_action_neighbors_kinematic_divergence,10,7.8513741513437285
991,26,interaction,True,10,16.940145846866606,16.940145846866606,14.979160650553002,0.0,0.8842403593192012,0.0,0.0,0.8290088967112947,26,cube,r3v2_latent_action_neighbors_kinematic_divergence,10,14.979160650553002
992,26,interaction,True,10,17.294249218561703,17.294249218561703,13.240085889694107,0.0,0.7655773732856636,0.0,0.0,1.1287463382634073,26,cube,r3v2_latent_action_neighbors_kinematic_divergence,10,13.240085889694107
993,26,interaction,True,10,13.843061425280354,13.843061425280354,11.752368995086808,0.0,0.8489718158459154,0.0,0.0,1.3813639858339428,26,cube,r3v2_latent_action_neighbors_kinematic_divergence,10,11.752368995086808
994,26,interaction,True,10,4.952286496017763,4.952286496017763,15.441952024226223,0.0,3.11814593857674,0.0,0.0,1.9220837474480832,26,cube,r3v2_latent_action_neighbors_kinematic_divergence,10,15.441952024226223
995,26,interaction,True,10,3.386227023483557,3.386227023483557,21.456097288186974,0.0,6.336284348151638,0.0,0.0,1.5940558535526115,26,cube,r3v2_latent_action_neighbors_kinematic_divergence,10,21.456097288186974
996,26,interaction,True,10,4.218154450279437,4.218154450279437,20.64660409716147,0.0,4.894700831970178,0.0,0.0,1.6776083776926503,26,cube,r3v2_latent_action_neighbors_kinematic_divergence,10,20.64660409716147
997,26,interaction,True,10,26.311147346310698,26.311147346310698,20.844277287059423,0.0,0.7922222855850553,0.0,0.0,1.1449336494692863,26,cube,r3v2_latent_action_neighbors_kinematic_divergence,10,20.844277287059423
998,26,interaction,True,10,23.54910169153083,23.54910169153083,14.440578145075925,0.0,0.6132114224242072,0.0,0.0,1.0324352955808869,26,cube,r3v2_latent_action_neighbors_kinematic_divergence,10,14.440578145075925
999,26,interaction,True,10,24.573845783667515,24.573845783667515,10.653381754903048,0.0,0.4335252141113212,0.0,0.0,1.0866845345325964,26,cube,r3v2_latent_action_neighbors_kinematic_divergence,10,10.653381754903048
1000,26,static,True,10,24.61797164335782,24.61797164335782,16.77376018898933,0.0,0.6813623978446275,0.0,0.0,1.315846829921189,26,cube,r3v2_latent_action_neighbors_kinematic_divergence,10,16.77376018898933
1001,26,transport_free,True,10,27.612837367568062,27.612837367568062,14.345989796262764,0.0,0.5195405892301553,0.0,0.0,0.9915585504693071,26,cube,r3v2_latent_action_neighbors_kinematic_divergence,10,14.345989796262764
1002,26,transport_free,True,10,27.41354099593183,27.41354099593183,11.08908896618276,0.0,0.40451136786117425,0.0,0.0,1.5477065415108027,26,cube,r3v2_latent_action_neighbors_kinematic_divergence,10,11.08908896618276
1003,26,static,True,10,30.036255320386545,30.036255320386545,12.95376149060439,0.0,0.4312708542536681,0.0,0.0,1.7254509626940093,26,cube,r3v2_latent_action_neighbors_kinematic_divergence,10,12.95376149060439
1004,26,transport_free,True,10,29.799615297646426,29.799615297646426,9.206160776213668,0.0,0.3089355578674457,0.0,0.0,1.0213093058420528,26,cube,r3v2_latent_action_neighbors_kinematic_divergence,10,9.206160776213668
1005,26,transport_free,True,10,29.029406351264992,29.029406351264992,8.441369579805116,0.0,0.2907868482621338,0.0,0.0,0.8240823656922645,26,cube,r3v2_latent_action_neighbors_kinematic_divergence,10,8.441369579805116
1006,26,transport_free,True,10,27.935963838890892,27.935963838890892,9.681012825224286,0.0,0.3465430038875881,0.0,0.0,0.8635686127465914,26,cube,r3v2_latent_action_neighbors_kinematic_divergence,10,9.681012825224286
1007,26,transport_free,True,10,28.67713803406469,28.67713803406469,10.397191993902258,0.0,0.3625603078505168,0.0,0.0,0.7483908535675599,26,cube,r3v2_latent_action_neighbors_kinematic_divergence,10,10.397191993902258
1008,26,interaction,True,10,27.41738287258419,27.41738287258419,15.206368803755748,0.0,0.5546251031480194,0.0,0.0,0.8165764165347886,26,cube,r3v2_latent_action_neighbors_kinematic_divergence,10,15.206368803755748
1009,26,interaction,True,10,28.974988349171813,28.974988349171813,10.202066558568653,0.0,0.3520990737123198,0.0,0.0,0.6914601448409944,26,cube,r3v2_latent_action_neighbors_kinematic_divergence,10,10.202066558568653
1010,26,interaction,True,10,27.863983045356147,27.863983045356147,8.76551982348263,0.0,0.31458244175695854,0.0,0.0,0.7637641514470355,26,cube,r3v2_latent_action_neighbors_kinematic_divergence,10,8.76551982348263
1011,26,interaction,True,10,25.33018966594819,25.33018966594819,11.108107400826636,0.0,0.4385323421308391,0.0,0.0,1.104734757748182,26,cube,r3v2_latent_action_neighbors_kinematic_divergence,10,11.108107400826636
1012,26,interaction,True,10,18.604304772194016,18.604304772194016,13.580582359778811,0.0,0.7299698927785973,0.0,0.0,1.1568348662307613,26,cube,r3v2_latent_action_neighbors_kinematic_divergence,10,13.580582359778811
1013,26,interaction,True,10,17.81540824093593,17.81540824093593,15.50471868532438,0.0,0.8702982539405363,0.0,0.0,1.0631339047037824,26,cube,r3v2_latent_action_neighbors_kinematic_divergence,10,15.50471868532438
1014,26,interaction,True,10,22.82405040303942,22.82405040303942,10.995652630576899,0.0,0.48175728831691667,0.0,0.0,0.4586079941591212,26,cube,r3v2_latent_action_neighbors_kinematic_divergence,10,10.995652630576899
1015,26,interaction,True,10,21.38389172326636,21.38389172326636,11.079451736805002,0.0,0.5181213915683179,0.0,0.0,1.2283215162211771,26,cube,r3v2_latent_action_neighbors_kinematic_divergence,10,11.079451736805002
1016,26,interaction,True,10,22.24583617763422,22.24583617763422,10.55055969233171,0.0,0.4742712122882194,0.0,0.0,1.0092516325081942,26,cube,r3v2_latent_action_neighbors_kinematic_divergence,10,10.55055969233171
1017,26,transport_free,True,10,20.359951466762936,20.359951466762936,11.821127236401185,0.0,0.5806068475015205,0.0,0.0,1.1448399217003598,26,cube,r3v2_latent_action_neighbors_kinematic_divergence,10,11.821127236401185
1018,26,transport_free,True,10,18.597881574896483,18.597881574896483,9.394580366679726,0.0,0.5051424985607275,0.0,0.0,0.9267867424151384,26,cube,r3v2_latent_action_neighbors_kinematic_divergence,10,9.394580366679726
1019,26,transport_free,True,10,19.14515577905206,19.14515577905206,8.147214439473027,0.0,0.4255496551450062,0.0,0.0,1.284262546717402,26,cube,r3v2_latent_action_neighbors_kinematic_divergence,10,8.147214439473027
1020,26,transport_free,True,10,16.40556784718297,16.40556784718297,8.088842219531962,0.0,0.49305469307000627,0.0,0.0,1.8459544684664957,26,cube,r3v2_latent_action_neighbors_kinematic_divergence,10,8.088842219531962
1021,26,transport_free,True,10,14.77994881180167,14.77994881180167,10.041663019352331,0.0,0.6794112176717516,0.0,0.0,1.7313406005307983,26,cube,r3v2_latent_action_neighbors_kinematic_divergence,10,10.041663019352331
1022,26,transport_free,True,10,16.995396836433663,16.995396836433663,10.574002152541873,0.0,0.6221685939026732,0.0,0.0,1.3107924991965763,26,cube,r3v2_latent_action_neighbors_kinematic_divergence,10,10.574002152541873
1023,26,transport_free,True,10,16.12447236930944,16.12447236930944,7.195392775112472,0.0,0.44624051009618415,0.0,0.0,1.0267485728300418,26,cube,r3v2_latent_action_neighbors_kinematic_divergence,10,7.195392775112472
1024,26,transport_free,True,10,17.12874278618684,17.12874278618684,7.439496605421722,0.0,0.4343282340266775,0.0,0.0,0.7824944127246086,26,cube,r3v2_latent_action_neighbors_kinematic_divergence,10,7.439496605421722
1025,26,transport_free,True,10,15.069096827867995,15.069096827867995,7.58973309043095,0.0,0.503662109091694,0.0,0.0,0.8447366777723729,26,cube,r3v2_latent_action_neighbors_kinematic_divergence,10,7.58973309043095
1026,27,transport_free,True,10,3.1411034847821324,3.1411034847821324,16.077767449721037,0.0,5.118509316109397,0.0,0.0,1.1756968826998653,27,cube,r3v2_latent_action_neighbors_kinematic_divergence,10,16.077767449721037
1027,27,transport_free,True,10,3.346719054153956,3.346719054153956,9.056089099056319,0.0,2.7059603607347555,0.0,0.0,1.0068163742116503,27,cube,r3v2_latent_action_neighbors_kinematic_divergence,10,9.056089099056319
1028,27,transport_free,True,10,3.4569335789386137,3.4569335789386137,10.182033580813378,0.0,2.9453946245445595,0.0,0.0,1.1004921462896435,27,cube,r3v2_latent_action_neighbors_kinematic_divergence,10,10.182033580813378
1029,27,interaction,True,10,3.2714574293671994,3.2714574293671994,17.129381609533883,0.0,5.236009325925184,0.0,0.0,1.0990528543254752,27,cube,r3v2_latent_action_neighbors_kinematic_divergence,10,17.129381609533883
1030,27,interaction,True,10,3.8043141920615184,3.8043141920615184,11.677489237415433,0.0,3.0695385943103513,0.0,0.0,1.4371570761767463,27,cube,r3v2_latent_action_neighbors_kinematic_divergence,10,11.677489237415433
1031,27,interaction,True,10,4.632747166902998,4.632747166902998,14.335543816752981,0.0,3.0943937366511465,0.0,0.0,1.4628629508383448,27,cube,r3v2_latent_action_neighbors_kinematic_divergence,10,14.335543816752981
1032,27,interaction,True,10,3.937969359592447,3.937969359592447,11.86122263160707,0.0,3.0120149621566954,0.0,0.0,1.4269660588879456,27,cube,r3v2_latent_action_neighbors_kinematic_divergence,10,11.86122263160707
1033,27,interaction,True,10,2.863549072463691,2.863549072463691,13.757088775851091,0.0,4.804209192062144,0.0,0.0,1.4935141923886408,27,cube,r3v2_latent_action_neighbors_kinematic_divergence,10,13.757088775851091
1034,27,interaction,True,10,5.291151092551992,5.291151092551992,15.578381743582035,0.0,2.9442330168024697,0.0,0.0,1.387576326337063,27,cube,r3v2_latent_action_neighbors_kinematic_divergence,10,15.578381743582035
1035,27,interaction,True,10,25.345924406871116,25.345924406871116,13.882681492334308,0.0,0.5477283554341701,0.0,0.0,0.7055097550388374,27,cube,r3v2_latent_action_neighbors_kinematic_divergence,10,13.882681492334308
1036,27,interaction,True,10,15.598123082829446,15.598123082829446,6.1009772346861215,0.0,0.39113534380313564,0.0,0.0,0.9118381570130367,27,cube,r3v2_latent_action_neighbors_kinematic_divergence,10,6.1009772346861215
1037,27,interaction,True,10,8.609187158005408,8.609187158005408,5.9907999852161735,0.0,0.6958612788020899,0.0,0.0,0.6429365584319557,27,cube,r3v2_latent_action_neighbors_kinematic_divergence,10,5.9907999852161735
1038,27,static,True,10,9.914190977582289,9.914190977582289,6.9950065066922456,0.0,0.7055549487103056,0.0,0.0,0.8979225558429034,27,cube,r3v2_latent_action_neighbors_kinematic_divergence,10,6.9950065066922456
1039,27,transport_free,True,10,12.401093979489,12.401093979489,7.997396277419864,0.0,0.6448944174318245,0.0,0.0,0.8173415411312706,27,cube,r3v2_latent_action_neighbors_kinematic_divergence,10,7.997396277419864
1040,27,transport_free,True,10,14.304783803580017,14.304783803580017,6.872630950312762,0.0,0.48044283958998163,0.0,0.0,1.4217363404819534,27,cube,r3v2_latent_action_neighbors_kinematic_divergence,10,6.872630950312762
1041,27,transport_free,True,10,12.903917367432715,12.903917367432715,8.902348171850642,0.0,0.689895007722124,0.0,0.0,1.6512150536326917,27,cube,r3v2_latent_action_neighbors_kinematic_divergence,10,8.902348171850642
1042,27,transport_free,True,10,13.662157620405537,13.662157620405537,9.031315593471998,0.0,0.6610460693253164,0.0,0.0,1.2650701382328111,27,cube,r3v2_latent_action_neighbors_kinematic_divergence,10,9.031315593471998
1043,27,transport_free,True,10,13.223122156760198,13.223122156760198,6.121115544868725,0.0,0.46291000508827346,0.0,0.0,0.867280822077716,27,cube,r3v2_latent_action_neighbors_kinematic_divergence,10,6.121115544868725
1044,27,transport_free,True,10,13.405990731276082,13.405990731276082,5.5316618311425145,0.0,0.4126261118648386,0.0,0.0,0.7635095472822118,27,cube,r3v2_latent_action_neighbors_kinematic_divergence,10,5.5316618311425145
1045,27,transport_free,True,10,12.673128279708227,12.673128279708227,6.372031671354337,0.0,0.5027986406132268,0.0,0.0,0.7794738534953758,27,cube,r3v2_latent_action_neighbors_kinematic_divergence,10,6.372031671354337
1046,27,interaction,True,10,12.182006124004147,12.182006124004147,14.41379518067811,0.0,1.1832037378700961,0.0,0.0,0.7774680939614362,27,cube,r3v2_latent_action_neighbors_kinematic_divergence,10,14.41379518067811
1047,27,interaction,True,10,11.956649759875262,11.956649759875262,30.92461102369731,0.0,2.586394319876769,0.0,0.0,0.8787269415688731,27,cube,r3v2_latent_action_neighbors_kinematic_divergence,10,30.92461102369731
1048,27,interaction,True,10,12.035265765386804,12.035265765386804,8.923474014073193,0.0,0.7414438690449974,0.0,0.0,0.9266137212613392,27,cube,r3v2_latent_action_neighbors_kinematic_divergence,10,8.923474014073193
1049,27,interaction,True,10,20.28080233398881,20.28080233398881,9.089483904636449,0.0,0.44818167225086986,0.0,0.0,0.9815789274210089,27,cube,r3v2_latent_action_neighbors_kinematic_divergence,10,9.089483904636449
1050,27,interaction,True,10,15.801914173132978,15.801914173132978,15.288140483094779,0.0,0.9674866168484995,0.0,0.0,1.4600346251344385,27,cube,r3v2_latent_action_neighbors_kinematic_divergence,10,15.288140483094779
1051,27,interaction,True,10,11.951112316217955,11.951112316217955,12.677431438916718,0.0,1.0607741859904647,0.0,0.0,1.1553723384577228,27,cube,r3v2_latent_action_neighbors_kinematic_divergence,10,12.677431438916718
1052,27,interaction,True,10,23.47879729691724,23.47879729691724,15.59312635865611,0.0,0.6641365041600101,0.0,0.0,1.0614581015996731,27,cube,r3v2_latent_action_neighbors_kinematic_divergence,10,15.59312635865611
1053,27,interaction,True,10,20.291303731614683,20.291303731614683,7.840802529294974,0.0,0.38641196411045203,0.0,0.0,0.7037255249405228,27,cube,r3v2_latent_action_neighbors_kinematic_divergence,10,7.840802529294974
1054,27,interaction,True,10,15.265561539898297,15.265561539898297,6.321511967882584,0.0,0.41410281248813463,0.0,0.0,1.0018724185021055,27,cube,r3v2_latent_action_neighbors_kinematic_divergence,10,6.321511967882584
1055,27,transport_free,True,10,7.8489335026200875,7.8489335026200875,6.30688548434691,0.0,0.8035340702328005,0.0,0.0,0.8357561142900934,27,cube,r3v2_latent_action_neighbors_kinematic_divergence,10,6.30688548434691
1056,27,transport_free,True,10,10.075848403142754,10.075848403142754,10.770652887787026,0.0,1.0689574174644745,0.0,0.0,0.8757095619797397,27,cube,r3v2_latent_action_neighbors_kinematic_divergence,10,10.770652887787026
1057,27,transport_free,True,10,10.84942395913134,10.84942395913134,6.464958276232187,0.0,0.5958803251292435,0.0,0.0,1.2421080103180322,27,cube,r3v2_latent_action_neighbors_kinematic_divergence,10,6.464958276232187
1058,27,transport_free,True,10,12.210297257194682,12.210297257194682,7.841498857362072,0.0,0.6422037639371654,0.0,0.0,1.9172220586472375,27,cube,r3v2_latent_action_neighbors_kinematic_divergence,10,7.841498857362072
1059,27,transport_free,True,10,12.561231204694398,12.561231204694398,12.348703397429391,0.0,0.9830806547700849,0.0,0.0,1.944446590360093,27,cube,r3v2_latent_action_neighbors_kinematic_divergence,10,12.348703397429391
1060,27,transport_free,True,10,12.245654716029968,12.245654716029968,14.079958289592089,0.0,1.1497922010785553,0.0,0.0,1.726693972399477,27,cube,r3v2_latent_action_neighbors_kinematic_divergence,10,14.079958289592089
1061,27,transport_free,True,10,11.034832985123433,11.034832985123433,8.464795702001034,0.0,0.767097763365591,0.0,0.0,0.8550276272604652,27,cube,r3v2_latent_action_neighbors_kinematic_divergence,10,8.464795702001034
1062,27,transport_free,True,10,12.242985176281675,12.242985176281675,5.083832699470925,0.0,0.41524453605643746,0.0,0.0,0.7509922467410013,27,cube,r3v2_latent_action_neighbors_kinematic_divergence,10,5.083832699470925
1063,27,transport_free,True,10,11.786358209765162,11.786358209765162,5.587663325734716,0.0,0.4740788652686,0.0,0.0,0.7705789565723737,27,cube,r3v2_latent_action_neighbors_kinematic_divergence,10,5.587663325734716
1064,28,transport_free,True,10,43.63405825889385,43.63405825889385,9.487560761670968,0.0,0.2174347548737834,0.0,0.0,1.0859286295056925,28,cube,r3v2_latent_action_neighbors_kinematic_divergence,10,9.487560761670968
1065,28,transport_free,True,10,43.526551421825985,43.526551421825985,9.661430687614406,0.0,0.22196637160576363,0.0,0.0,0.8818812756011667,28,cube,r3v2_latent_action_neighbors_kinematic_divergence,10,9.661430687614406
1066,28,static,True,10,44.8603100799986,44.8603100799986,9.555968291330654,0.0,0.21301609985061773,0.0,0.0,0.8162951770570077,28,cube,r3v2_latent_action_neighbors_kinematic_divergence,10,9.555968291330654
1067,28,interaction,True,10,45.103591606965566,45.103591606965566,14.804455321835098,0.0,0.3282322935796708,0.0,0.0,0.7348314736285797,28,cube,r3v2_latent_action_neighbors_kinematic_divergence,10,14.804455321835098
1068,28,interaction,True,10,44.83952966040491,44.83952966040491,8.296459374302328,0.0,0.18502556643961485,0.0,0.0,0.9780171210026041,28,cube,r3v2_latent_action_neighbors_kinematic_divergence,10,8.296459374302328
1069,28,interaction,True,10,43.343904982096554,43.343904982096554,10.246893047333824,0.0,0.23640908800363883,0.0,0.0,1.0648381839998033,28,cube,r3v2_latent_action_neighbors_kinematic_divergence,10,10.246893047333824
1070,28,interaction,True,10,38.34197750820344,38.34197750820344,9.072023549281283,0.0,0.2366081287106353,0.0,0.0,1.0787157546574977,28,cube,r3v2_latent_action_neighbors_kinematic_divergence,10,9.072023549281283
1071,28,interaction,True,10,14.890930387580052,14.890930387580052,14.642545802675937,0.0,0.9833197403762438,0.0,0.0,1.582004347800991,28,cube,r3v2_latent_action_neighbors_kinematic_divergence,10,14.642545802675937
1072,28,interaction,True,10,5.632933853179341,5.632933853179341,15.54306762511547,0.0,2.7593201039175437,0.0,0.0,1.1146050581615634,28,cube,r3v2_latent_action_neighbors_kinematic_divergence,10,15.54306762511547
1073,28,interaction,True,10,8.164987557599808,8.164987557599808,12.052106126211054,0.0,1.4760715850685153,0.0,0.0,0.7415599010946821,28,cube,r3v2_latent_action_neighbors_kinematic_divergence,10,12.052106126211054
1074,28,interaction,True,10,12.109874559709336,12.109874559709336,10.626306909983438,0.0,0.8774910803236671,0.0,0.0,0.8527485061350153,28,cube,r3v2_latent_action_neighbors_kinematic_divergence,10,10.626306909983438
1075,28,interaction,True,10,14.855831901541032,14.855831901541032,10.836850328066529,0.0,0.7294677538012796,0.0,0.0,0.9042193382776844,28,cube,r3v2_latent_action_neighbors_kinematic_divergence,10,10.836850328066529
1076,28,transport_free,True,10,13.919090279194439,13.919090279194439,14.05317087969863,0.0,1.0096328565886672,0.0,0.0,1.0780524585885247,28,cube,r3v2_latent_action_neighbors_kinematic_divergence,10,14.05317087969863
1077,28,transport_free,True,10,11.995667270894538,11.995667270894538,13.643749801674113,0.0,1.1373898169698629,0.0,0.0,1.010577028110805,28,cube,r3v2_latent_action_neighbors_kinematic_divergence,10,13.643749801674113
1078,28,transport_free,True,10,9.965962294883418,9.965962294883418,7.17934130581019,0.0,0.7203861597485779,0.0,0.0,1.8252287646445533,28,cube,r3v2_latent_action_neighbors_kinematic_divergence,10,7.17934130581019
1079,28,static,True,10,9.937809316819967,9.937809316819967,10.08043672174526,0.0,1.0143519965395082,0.0,0.0,1.8743188587410011,28,cube,r3v2_latent_action_neighbors_kinematic_divergence,10,10.08043672174526
1080,28,transport_free,True,10,10.00665446517407,10.00665446517407,7.5336037823367885,0.0,0.7528593905741242,0.0,0.0,1.2559572818320088,28,cube,r3v2_latent_action_neighbors_kinematic_divergence,10,7.5336037823367885
1081,28,transport_free,True,10,10.359845654076068,10.359845654076068,7.3740708186999235,0.0,0.7117935020391549,0.0,0.0,1.0255882504739344,28,cube,r3v2_latent_action_neighbors_kinematic_divergence,10,7.3740708186999235
1082,28,transport_free,True,10,11.380226483879172,11.380226483879172,6.855351292789809,0.0,0.6023914640451891,0.0,0.0,0.7969671532974414,28,cube,r3v2_latent_action_neighbors_kinematic_divergence,10,6.855351292789809
1083,28,transport_free,True,10,12.637894626304883,12.637894626304883,9.667921543719519,0.0,0.7649946315896973,0.0,0.0,0.7539104270941711,28,cube,r3v2_latent_action_neighbors_kinematic_divergence,10,9.667921543719519
1084,28,interaction,True,10,14.479439342869671,14.479439342869671,12.42468177361621,0.0,0.8580913583325092,0.0,0.0,0.6583286519891123,28,cube,r3v2_latent_action_neighbors_kinematic_divergence,10,12.42468177361621
1085,28,interaction,True,10,14.194358302477387,14.194358302477387,9.39085067992141,0.0,0.6615903642704577,0.0,0.0,0.9961397761536737,28,cube,r3v2_latent_action_neighbors_kinematic_divergence,10,9.39085067992141
1086,28,interaction,True,10,13.520413553611796,13.520413553611796,11.764878517092969,0.0,0.8701567056689727,0.0,0.0,1.1918642061169167,28,cube,r3v2_latent_action_neighbors_kinematic_divergence,10,11.764878517092969
1087,28,interaction,True,10,9.243969597535866,9.243969597535866,15.706173590760741,0.0,1.6990723979606643,0.0,0.0,1.189357838968081,28,cube,r3v2_latent_action_neighbors_kinematic_divergence,10,15.706173590760741
1088,28,interaction,True,10,8.729919056870843,8.729919056870843,13.598180996474607,0.0,1.5576525862255528,0.0,0.0,1.1767822701029838,28,cube,r3v2_latent_action_neighbors_kinematic_divergence,10,13.598180996474607
1089,28,interaction,True,10,9.254552993952334,9.254552993952334,13.486861780870111,0.0,1.4573217949784831,0.0,0.0,1.4263923533437408,28,cube,r3v2_latent_action_neighbors_kinematic_divergence,10,13.486861780870111
1090,28,interaction,True,10,7.437110552789564,7.437110552789564,13.161400334599229,0.0,1.7696927107884066,0.0,0.0,0.7102810746928261,28,cube,r3v2_latent_action_neighbors_kinematic_divergence,10,13.161400334599229
1091,28,interaction,True,10,11.084765551694304,11.084765551694304,10.82385870005762,0.0,0.976462573753145,0.0,0.0,0.8282742328935451,28,cube,r3v2_latent_action_neighbors_kinematic_divergence,10,10.82385870005762
1092,28,interaction,True,10,13.698003368667752,13.698003368667752,10.682243324433387,0.0,0.7798394435255804,0.0,0.0,0.6802058662351862,28,cube,r3v2_latent_action_neighbors_kinematic_divergence,10,10.682243324433387
1093,28,interaction,True,10,14.92211632537559,14.92211632537559,9.806323180933902,0.0,0.6571670510474376,0.0,0.0,0.8583725093283631,28,cube,r3v2_latent_action_neighbors_kinematic_divergence,10,9.806323180933902
1094,28,transport_free,True,10,13.09909321915645,13.09909321915645,15.686477867136535,0.0,1.1975239510622178,0.0,0.0,0.9617855913869298,28,cube,r3v2_latent_action_neighbors_kinematic_divergence,10,15.686477867136535
1095,28,transport_free,True,10,11.50035671766646,11.50035671766646,9.895832840168111,0.0,0.860480512310237,0.0,0.0,1.4449113893008634,28,cube,r3v2_latent_action_neighbors_kinematic_divergence,10,9.895832840168111
1096,28,transport_free,True,10,10.878757429717739,10.878757429717739,11.72569786565149,0.0,1.0778526813751859,0.0,0.0,1.72394103871586,28,cube,r3v2_latent_action_neighbors_kinematic_divergence,10,11.72569786565149
1097,28,transport_free,True,10,10.58203345758177,10.58203345758177,9.955253047462271,0.0,0.9407693792849968,0.0,0.0,1.6362835816903742,28,cube,r3v2_latent_action_neighbors_kinematic_divergence,10,9.955253047462271
1098,28,transport_free,True,10,10.692667058058678,10.692667058058678,7.215234939044028,0.0,0.6747834660769846,0.0,0.0,1.1960215840805088,28,cube,r3v2_latent_action_neighbors_kinematic_divergence,10,7.215234939044028
1099,28,transport_free,True,10,11.236703412291249,11.236703412291249,10.241117228655247,0.0,0.9113987308282088,0.0,0.0,0.772890637752863,28,cube,r3v2_latent_action_neighbors_kinematic_divergence,10,10.241117228655247
1100,28,transport_free,True,10,12.191904950379596,12.191904950379596,7.829879088364651,0.0,0.6422194989406366,0.0,0.0,0.7386283604984052,28,cube,r3v2_latent_action_neighbors_kinematic_divergence,10,7.829879088364651
1101,28,interaction,True,10,14.850813812563734,14.850813812563734,10.040932152155516,0.0,0.6761199944248796,0.0,0.0,0.5729486496039992,28,cube,r3v2_latent_action_neighbors_kinematic_divergence,10,10.040932152155516
1102,29,transport_free,True,10,40.23708356488098,40.23708356488098,12.252720069537226,0.0,0.30451312530591623,0.0,0.0,1.5221816754235822,29,cube,r3v2_latent_action_neighbors_kinematic_divergence,10,12.252720069537226
1103,29,transport_free,True,10,40.356560266661766,40.356560266661766,11.348260131143416,0.0,0.281199885623506,0.0,0.0,1.4134402647607054,29,cube,r3v2_latent_action_neighbors_kinematic_divergence,10,11.348260131143416
1104,29,transport_free,True,10,40.802793678490524,40.802793678490524,10.35095376660479,0.0,0.25368247694425317,0.0,0.0,0.8900101070144806,29,cube,r3v2_latent_action_neighbors_kinematic_divergence,10,10.35095376660479
1105,29,interaction,True,10,41.09693119310553,41.09693119310553,12.124959985492083,0.0,0.29503322105778496,0.0,0.0,0.6952469029176397,29,cube,r3v2_latent_action_neighbors_kinematic_divergence,10,12.124959985492083
1106,29,interaction,True,10,40.883415622373604,40.883415622373604,11.959384785808233,0.0,0.2925241104185878,0.0,0.0,1.0051321462515452,29,cube,r3v2_latent_action_neighbors_kinematic_divergence,10,11.959384785808233
1107,29,interaction,True,10,39.43684761966212,39.43684761966212,8.842013239423192,0.0,0.2242068971814778,0.0,0.0,1.067374681502014,29,cube,r3v2_latent_action_neighbors_kinematic_divergence,10,8.842013239423192
1108,29,interaction,True,10,37.51985495714331,37.51985495714331,11.856711760014925,0.0,0.31601166298638783,0.0,0.0,1.3917262169538156,29,cube,r3v2_latent_action_neighbors_kinematic_divergence,10,11.856711760014925
1109,29,interaction,True,10,22.92548936442686,22.92548936442686,13.427595149327917,0.0,0.5857059335083733,0.0,0.0,2.0786463690833434,29,cube,r3v2_latent_action_neighbors_kinematic_divergence,10,13.427595149327917
1110,29,interaction,True,10,3.6549576853042325,3.6549576853042325,18.05256742886384,0.0,4.93920011754149,0.0,0.0,1.5096922001979869,29,cube,r3v2_latent_action_neighbors_kinematic_divergence,10,18.05256742886384
1111,29,interaction,True,10,9.093117869817103,9.093117869817103,15.37824414087266,0.0,1.6911959529214784,0.0,0.0,0.9809364292926462,29,cube,r3v2_latent_action_neighbors_kinematic_divergence,10,15.37824414087266
1112,29,interaction,True,10,12.436073595919833,12.436073595919833,10.20573557971823,0.0,0.8206557721776946,0.0,0.0,0.6223260811364543,29,cube,r3v2_latent_action_neighbors_kinematic_divergence,10,10.20573557971823
1113,29,interaction,True,10,13.30813176372797,13.30813176372797,9.668875754854607,0.0,0.7265389257121461,0.0,0.0,1.0968558844816847,29,cube,r3v2_latent_action_neighbors_kinematic_divergence,10,9.668875754854607
1114,29,transport_free,True,10,13.158815410425225,13.158815410425225,13.072200912501067,0.0,0.9934177587250341,0.0,0.0,1.5201951485638818,29,cube,r3v2_latent_action_neighbors_kinematic_divergence,10,13.072200912501067
1115,29,transport_free,True,10,11.148112405096262,11.148112405096262,12.042240767557132,0.0,1.0802044624211116,0.0,0.0,1.4667632057154523,29,cube,r3v2_latent_action_neighbors_kinematic_divergence,10,12.042240767557132
1116,29,transport_free,True,10,7.710519960848455,7.710519960848455,10.605568518169935,0.0,1.3754673578463719,0.0,0.0,2.0162529328864998,29,cube,r3v2_latent_action_neighbors_kinematic_divergence,10,10.605568518169935
1117,29,transport_free,True,10,5.411567393853382,5.411567393853382,13.002224301651747,0.0,2.4026725263405306,0.0,0.0,2.1649344410474427,29,cube,r3v2_latent_action_neighbors_kinematic_divergence,10,13.002224301651747
1118,29,transport_free,True,10,6.0508097732796,6.0508097732796,16.03236446166777,0.0,2.6496229533552276,0.0,0.0,2.102888460735713,29,cube,r3v2_latent_action_neighbors_kinematic_divergence,10,16.03236446166777
1119,29,transport_free,True,10,4.707660301153073,4.707660301153073,14.984317011461341,0.0,3.182964796289815,0.0,0.0,1.7615029400643252,29,cube,r3v2_latent_action_neighbors_kinematic_divergence,10,14.984317011461341
1120,29,transport_free,True,10,5.170756048896919,5.170756048896919,10.587953754031119,0.0,2.0476606619818885,0.0,0.0,1.2123668352814265,29,cube,r3v2_latent_action_neighbors_kinematic_divergence,10,10.587953754031119
1121,29,transport_free,True,10,7.290344719931406,7.290344719931406,9.33534729365116,0.0,1.2805083507407857,0.0,0.0,0.930327267398241,29,cube,r3v2_latent_action_neighbors_kinematic_divergence,10,9.33534729365116
1122,29,transport_free,True,10,10.716875695582576,10.716875695582576,10.19937572629791,0.0,0.9517116756800701,0.0,0.0,0.9362656926484421,29,cube,r3v2_latent_action_neighbors_kinematic_divergence,10,10.19937572629791
1123,29,interaction,True,10,14.165384604287446,14.165384604287446,47.315955452403685,0.0,3.3402520845132955,0.0,0.0,0.873589018260718,29,cube,r3v2_latent_action_neighbors_kinematic_divergence,10,47.315955452403685
1124,29,interaction,True,10,13.70304688201249,13.70304688201249,10.080571563589492,0.0,0.7356445358748576,0.0,0.0,1.0831183044420891,29,cube,r3v2_latent_action_neighbors_kinematic_divergence,10,10.080571563589492
1125,29,interaction,True,10,12.278005014293582,12.278005014293582,10.576642327836332,0.0,0.8614300381473546,0.0,0.0,1.0813700995038416,29,cube,r3v2_latent_action_neighbors_kinematic_divergence,10,10.576642327836332
1126,29,interaction,True,10,8.5306101258032,8.5306101258032,10.29705279464984,0.0,1.2070710819972352,0.0,0.0,0.996531601437823,29,cube,r3v2_latent_action_neighbors_kinematic_divergence,10,10.29705279464984
1127,29,interaction,True,10,6.823146376051461,6.823146376051461,8.464454375329645,0.0,1.2405500203013387,0.0,0.0,0.8290572449640389,29,cube,r3v2_latent_action_neighbors_kinematic_divergence,10,8.464454375329645
1128,29,interaction,True,10,7.383127340497314,7.383127340497314,9.974209635382786,0.0,1.3509464452377902,0.0,0.0,0.7731352974697663,29,cube,r3v2_latent_action_neighbors_kinematic_divergence,10,9.974209635382786
1129,29,interaction,True,10,9.43925441168056,9.43925441168056,9.025637792850357,0.0,0.9561812193219017,0.0,0.0,0.9810078224032999,29,cube,r3v2_latent_action_neighbors_kinematic_divergence,10,9.025637792850357
1130,29,interaction,True,10,11.200938442508196,11.200938442508196,9.149417749953457,0.0,0.8168438561568108,0.0,0.0,0.7644830751701559,29,cube,r3v2_latent_action_neighbors_kinematic_divergence,10,9.149417749953457
1131,29,interaction,True,10,12.116702001771692,12.116702001771692,10.764292460197934,0.0,0.888384682451049,0.0,0.0,1.097110160098849,29,cube,r3v2_latent_action_neighbors_kinematic_divergence,10,10.764292460197934
1132,29,transport_free,True,10,12.20508710086738,12.20508710086738,11.28966532220468,0.0,0.9249967025145078,0.0,0.0,1.444515186552509,29,cube,r3v2_latent_action_neighbors_kinematic_divergence,10,11.28966532220468
1133,29,transport_free,True,10,10.414748915825973,10.414748915825973,13.407473339561434,0.0,1.2873544478050545,0.0,0.0,1.7245446892997842,29,cube,r3v2_latent_action_neighbors_kinematic_divergence,10,13.407473339561434
1134,29,transport_free,True,10,5.6995246151414065,5.6995246151414065,10.648989843399029,0.0,1.868399658299366,0.0,0.0,2.0170721783331134,29,cube,r3v2_latent_action_neighbors_kinematic_divergence,10,10.648989843399029
1135,29,static,True,10,4.463245247017055,4.463245247017055,10.922227023956939,0.0,2.447149197382028,0.0,0.0,1.590409292704668,29,cube,r3v2_latent_action_neighbors_kinematic_divergence,10,10.922227023956939
1136,29,transport_free,True,10,4.5949760544229115,4.5949760544229115,9.092297154632394,0.0,1.9787474508992424,0.0,0.0,1.5485641241614745,29,cube,r3v2_latent_action_neighbors_kinematic_divergence,10,9.092297154632394
1137,29,transport_free,True,10,5.048858614429594,5.048858614429594,13.004196960118925,0.0,2.5756706521654307,0.0,0.0,1.2193410031461527,29,cube,r3v2_latent_action_neighbors_kinematic_divergence,10,13.004196960118925
1138,29,transport_free,True,10,7.240629440541755,7.240629440541755,9.36896813505484,0.0,1.2939438776684364,0.0,0.0,1.0789088026890568,29,cube,r3v2_latent_action_neighbors_kinematic_divergence,10,9.36896813505484
1139,29,transport_free,True,10,10.52688835767842,10.52688835767842,10.415956518926027,0.0,0.9894620485196389,0.0,0.0,1.0394302676590979,29,cube,r3v2_latent_action_neighbors_kinematic_divergence,10,10.415956518926027
