row_id,episode_key,regime,fold,valid_neighbors,n_neighbors,neighbor_radius,actual_residual_norm,predicted_residual_norm,residual_prediction_mse,residual_baseline_mse,residual_predictability,conditional_mean_floor,successor_baseline_mse,conditional_mean_gain
380,10,transport_free,0,True,10,30.744011184617243,56.232862857370144,70.53089332752307,16.341302254893787,9.581009239148262,-0.70559299620783,696.0809174771547,2785.3899658623177,0.7500957043687569
381,10,transport_free,0,True,10,28.837539181511634,55.7521510951146,59.84378544089204,22.46480780665557,12.59394187547782,-0.7837789016954033,608.4041748925107,2971.3104453013407,0.7952404549801904
382,10,transport_free,0,True,10,27.621635078666827,51.08901773181607,75.1979934318754,31.549954590650817,10.818146683088408,-1.916391828923123,690.2354374653877,3074.022712984284,0.7754618290392195
383,10,interaction,0,True,10,28.47573020069784,114.7120058193595,68.03220961220039,68.65836377472385,66.00009212078113,-0.040276787024449145,348.77735458095486,3123.2573236873195,0.8883289724686572
384,10,interaction,0,True,10,21.68646344116376,109.31401704497549,65.1694946892213,56.33141694934202,53.309160126676325,-0.056693011397741744,704.9027128957349,2901.3615382148905,0.7570441657783064
385,10,interaction,0,True,10,27.35720592691363,275.2953998093482,88.72256500454596,243.48083206480825,372.5854148996622,0.34651002876648307,448.3246394222455,1135.5801386276237,0.6052021128477496
386,10,interaction,0,True,10,23.489748089364213,275.8527933060247,157.85218475875328,96.8754529935502,375.6504748055333,0.7421127897051091,492.54070117873925,244.87809519143966,-1.0113710080670266
387,10,interaction,0,True,10,11.912661069583592,140.81424689126658,65.51996549401439,167.22631886667492,119.21941874676297,-0.4026768510076755,461.1451717995264,448.86551598903526,-0.027357093323228554
388,10,interaction,0,True,10,19.522121328554462,310.28125884310094,71.84946362169777,575.3777005626895,524.771556054537,-0.09643461792905028,2107.9363321434225,2501.66987272952,0.15738828886982725
389,10,interaction,0,True,10,31.901995123668875,146.78621774324438,59.99227927300614,147.20100646817716,114.33865918748272,-0.2874123897745695,1382.4160474719158,3612.4435754961337,0.6173183003191809
390,10,interaction,0,True,10,39.00025844505221,76.86125009195545,59.99227927300614,32.33135014726115,24.208693479315887,-0.33552643701674056,1335.0026659861414,3816.8259440056663,0.6502322386267663
391,10,interaction,0,True,10,38.969602196019736,114.13818896580358,60.579810494684395,74.14764527871993,61.27814357248939,-0.21001781313767243,1952.4112966629148,3972.301859474666,0.5084937233543677
392,10,static,0,True,10,45.05842578557259,139.75861916346688,55.664484482357786,110.5846142904236,97.9414157929787,-0.12908939895426008,1480.5743262279195,3953.5291467263382,0.6255056504505886
393,10,transport_free,0,True,10,45.795382863109424,176.98123872345568,69.01993975821757,139.1883912074086,151.576108148921,0.08172605229672258,2465.686468673964,4255.981343607582,0.4206538352482708
394,10,transport_free,0,True,10,50.18289103203083,180.986670721833,59.3699576916918,112.73204404074595,149.91633504069708,0.24803361815012948,1612.2875480310283,3044.216071269819,0.47037677014874224
395,10,transport_free,0,True,10,47.38066262171904,71.87893206723962,80.18545287103109,35.13720898618882,21.104702208959974,-0.6648995393676467,1210.7230199929402,2196.753000501711,0.4488579190667198
396,10,transport_free,0,True,10,43.1969243309654,75.7445434765232,77.89237891202792,81.95865242409401,31.96660351347408,-1.5638836603190587,1627.3804420078277,3054.8845540978896,0.4672857801369863
397,10,transport_free,0,True,10,47.59294026787954,67.40321142863903,80.18545287103109,74.22570915307169,25.538468138538892,-1.9064276193238539,2010.2048410295195,3741.541459136645,0.46273351157964415
398,10,transport_free,0,True,10,51.65947125698972,65.38821587863802,81.83420520933628,37.37073242844091,16.726027275747132,-1.234286230217307,2020.9117963817152,4069.7532587654173,0.5034313709242486
399,10,transport_free,0,True,10,51.10816920573744,141.37438442490307,71.46933604454944,106.0317606583185,96.03362602249398,-0.10411076879969805,1656.185154074519,4125.85118227503,0.5985833999079714
400,10,interaction,0,True,10,46.49783368028375,42.47500001456329,59.3699576916918,18.331861754379677,7.592596658947464,-1.4144390355276637,1288.906885738128,3714.9698899233113,0.6530505161739723
401,10,interaction,0,True,10,45.27518149559386,52.93513891750133,59.95568466393621,19.88342174105497,14.08940723619534,-0.4112319565847278,1301.1051105956872,3585.373852538849,0.6371075474669516
402,10,interaction,0,True,10,43.86120438550671,206.0551000735683,63.803337408513215,186.22677131652657,218.6214534896482,0.1481770505869202,714.3764251463127,2445.282275777389,0.7078552311842188
403,10,interaction,0,True,10,37.43472358360323,335.19318374021503,71.36150309606313,423.3397570964878,556.6519991997362,0.23948937989067332,803.6037818875324,199.68090696440765,-3.0244397629402373
404,10,interaction,0,True,10,13.339296297216599,90.1245948848188,76.35649656587557,31.767395019538714,39.624110181950535,0.19828117593895367,42.736467336949865,61.16507004617497,0.3012929225015668
405,10,interaction,0,True,10,4.438966312040074,353.91863846723396,69.52245062023239,527.5527600269523,678.2588478339296,0.2221955353597943,587.4216093800434,801.9366909986223,0.26749627997623004
406,10,interaction,0,True,10,24.116763929090354,194.90568823321112,106.12939311114421,173.19355328653293,214.41619335407336,0.19225525564418522,1528.6295787793097,2249.2739925008245,0.3203897862706696
407,10,interaction,0,True,10,33.29512641386091,152.75971697653623,66.0176143978596,136.86619810171524,125.02629812653755,-0.09469927649297172,1178.8411207710458,3516.2710630176384,0.6647468014711662
408,10,interaction,0,True,10,35.087635377866484,100.42118106548322,59.99227927300614,59.72929054078917,46.06754723216502,-0.29655894722967435,1554.0808178878333,3660.648980209386,0.5754630322957266
409,10,interaction,0,True,10,41.887383063105936,80.77126526295477,59.99227927300615,51.73967016390275,32.67343127936388,-0.5835395346610217,1677.1112822172136,4043.1917220921446,0.585201148623891
410,10,transport_free,0,True,10,43.18124195851543,161.2275150392972,60.579810494684395,130.9746444147784,124.10841309937068,-0.055324463055619555,2048.0409161720986,4494.997169551154,0.5443732578864772
411,10,transport_free,0,True,10,46.0245077249109,234.83965432154818,70.58631417841748,196.6018274490652,260.0277343714265,0.2439197767718232,1433.6613667271906,3628.0327817092116,0.6048378134963337
412,10,transport_free,0,True,10,43.634124399096876,164.33391828559218,84.02965924256567,107.87847860448697,123.94139517181061,0.1296009016604729,1369.850053007139,2088.5550317917755,0.344115892492456
413,10,static,0,True,10,41.07095842263597,68.49027625253855,85.11893995006729,55.02936126820938,19.328481698582113,-1.8470607327758284,1313.695267654772,2293.8237047398575,0.42729022071739464
414,10,transport_free,0,True,10,41.01155482417544,85.95689438080183,78.33206621098151,79.25183949608473,39.81626200421825,-0.99043896907471,1945.7872414771084,3492.287669332803,0.44283305795113703
415,10,transport_free,0,True,10,45.58238309349264,57.007613932099986,85.05874992380983,54.846543829052656,16.087146890768164,-2.409339406263961,1821.287586263812,4081.177868596944,0.5537348175197404
416,10,transport_free,0,True,10,48.719871029063455,62.74576221243625,81.69387949261119,37.3467923091296,14.005425042318864,-1.6665947085705959,1580.1792365526792,4148.995494660956,0.6191417323576036
417,10,transport_free,0,True,10,46.3225880804386,84.31854286230089,79.8038745581587,53.10855485056337,30.09657267621435,-0.7646047416068622,1681.87097444169,4056.4868177140056,0.5853872944693822
570,15,transport_free,0,True,10,27.962515029583127,48.91106729093432,38.34214804951074,12.790389592631115,8.616131374476428,-0.48447012199931105,434.2221274587561,1151.24510946583,0.6228239113560863
571,15,transport_free,0,True,10,27.856720924582394,43.546530079379636,38.34214804951074,11.863785785562785,8.091111877805792,-0.46627385268340826,369.20302942580173,1120.5636722940958,0.670520258192965
572,15,transport_free,0,True,10,26.21468120144821,40.24277210383608,40.54658903249424,9.393795369750984,8.638330540927447,-0.08745495732586628,335.00872008518957,909.3280827504377,0.6315865236759308
573,15,interaction,0,True,10,26.155284308159963,38.44320097014851,43.18831384269755,12.459664591299516,7.327782591916808,-0.7003321857615736,313.68848366443024,810.6904335805898,0.6130600896831148
574,15,interaction,0,True,10,26.55960380555525,104.0661962956177,39.10343562157538,45.69189306050674,52.084954176972644,0.12274295365113996,166.41199131722553,555.367697005389,0.7003570927611752
575,15,interaction,0,True,10,22.797942022902564,201.9020085282676,38.73986964064684,175.5867473881298,196.6117695897318,0.1069367426246901,116.77355591439265,154.58298411312657,0.24458984548431484
576,15,interaction,0,True,10,9.468419072732882,63.89167402759988,32.94512006307253,22.953073191294617,20.798221476240503,-0.10360749920447643,8.015961906029213,68.00764910481841,0.8821314659226873
577,15,interaction,0,True,10,3.4663934572750685,175.50645154748727,31.896000203051248,158.5685328818005,146.6496187355713,-0.08127477076991663,19.10563027015584,77.83165755789574,0.7545262317464593
578,15,interaction,0,True,10,4.272172753399458,234.83220365162504,53.05915935485923,313.3310014952427,279.13049329710765,-0.12252515944838693,446.74001025320257,504.040224003764,0.11368182740537303
579,15,interaction,0,True,10,19.071579430688473,61.42526616316612,34.006108813228856,19.12387237306801,21.452980551836102,0.1085680459710644,617.3000341608122,911.2692043203023,0.32259311383045797
580,15,interaction,0,True,10,23.60917777661182,41.178904294247765,31.694595366922954,10.445677227987494,8.127654953023166,-0.28520185568435275,703.656465539011,1301.164935262288,0.45921039948930964
581,15,interaction,0,True,10,26.876844854124933,36.8957725074627,31.84466896983217,7.44200464525048,6.199577341373558,-0.2004051623947729,609.9999010428024,1158.0471492227769,0.47325123899125887
582,15,static,0,True,10,24.528145883936723,52.62382253121659,31.84466896983217,15.10304338105891,13.269728737845504,-0.13815765788676293,537.069470362517,1067.4980421529906,0.49688950316075065
583,15,transport_free,0,True,10,22.777737052287293,137.75998507369522,31.84466896983217,98.58009977696967,97.44118337448982,-0.01168824477534014,632.6415766354767,1144.0571605898388,0.44701925880232485
584,15,transport_free,0,True,10,24.785285836796632,96.405032757029,30.9601174325167,46.48034164158133,47.74228794310286,0.02643246387825937,510.5483508285935,884.0027041333334,0.4224583833947323
585,15,transport_free,0,True,10,23.034795770986918,48.5414588201734,34.036344220178485,9.390460382066285,9.144248022409679,-0.026925380747899297,413.0292993630801,771.7409517414206,0.46480836810449633
586,15,transport_free,0,True,10,21.711984540560813,49.761200773258736,34.036344220178485,12.04293165000742,9.540108444409581,-0.26234745864597286,487.39089292606883,894.9705292799089,0.4554112375988264
587,15,transport_free,0,True,10,23.11501070436569,51.093150040839845,34.036344220178485,13.181614147822081,9.58197082245862,-0.3756683663580427,607.7677653754921,1090.371917355026,0.4426050820808122
588,15,transport_free,0,True,10,24.929366086627887,41.83167331665883,34.036344220178485,8.33412464593015,6.483460082359049,-0.285443966657033,690.1613679645394,1230.4917980179096,0.43911745768947075
589,15,transport_free,0,True,10,25.741703076059434,33.391132003030094,31.84466896983217,5.829514311160215,4.476970037968473,-0.3021115311742155,831.6905641991767,1428.1347613586893,0.417638596368925
590,15,interaction,0,True,10,28.453883873826772,52.34298854970096,31.84466896983217,12.40905741485207,13.408462176660121,0.07453537539507682,698.1723992034586,1211.0885883359688,0.42351665606663436
591,15,interaction,0,True,10,27.202324520839774,45.14766120672729,31.565104811509975,9.904132003269323,7.107214608136027,-0.39353214294830896,540.4701922649472,1051.2241410680144,0.48586588611269477
592,15,interaction,0,True,10,25.571134052447754,116.22841383116086,30.93353663921055,68.63951771079863,66.51719475756556,-0.031906380913510723,496.09522650708647,850.0346287777047,0.4163823334815905
593,15,interaction,0,True,10,25.11567054113015,210.64982231392372,35.41875608725588,214.47769835979383,235.08229394815996,0.08764843681893719,663.9736377483702,697.0362817683845,0.047433175122727045
594,15,interaction,0,True,10,24.196905858571675,140.15607751005584,40.744405897129525,92.52154167510359,105.19596783843652,0.12048395412644264,992.335967626451,1056.4274636944435,0.060668146437482307
595,15,interaction,0,True,10,30.095445060870457,320.3712331917521,97.08646513094017,475.3784419370172,527.0786572384668,0.09808823520254739,687.8946668357418,740.7829188048149,0.07139507489509
596,15,interaction,0,True,10,23.199222440735525,112.85264673124594,34.362916321826305,62.2766248525625,66.38673575213618,0.06191162817402751,740.3576113101716,969.2872172864936,0.23618345717712785
597,15,interaction,0,True,10,24.87797005067166,106.66086219788508,31.84466896983217,61.09273800020165,62.21420563122829,0.018025909350576352,491.77215800995697,953.5899958708892,0.4842939207213116
598,15,interaction,0,True,10,23.090173830444932,36.77422873126446,34.64293573516493,8.875667004598949,5.5193895692084185,-0.6080885201716033,545.8057148605798,1157.0117906843013,0.5282626164615235
599,15,static,0,True,10,24.41098015177557,37.32361113720128,32.05969418108986,7.636937503485265,5.826010451816173,-0.31083484429805,568.2475427304204,1183.47307086155,0.5198475092325126
600,15,transport_free,0,True,10,24.26411619144062,95.70590447484838,32.05969418108986,47.46956477994286,44.22641604738458,-0.07333057983001678,520.5988366883721,1100.8248218373526,0.5270829414806829
601,15,transport_free,0,True,10,22.50698466381565,87.95414901811453,30.9601174325167,38.293415325210255,38.08569103180455,-0.0054541295635739395,374.20528423460723,830.1983538058954,0.5492579785070275
602,15,transport_free,0,True,10,19.199962793462316,74.55256195162995,30.9601174325167,24.462171809932602,25.079220233192174,0.024603971635565935,285.7267675687828,630.423069189377,0.5467698097784055
603,15,transport_free,0,True,10,17.41718381573684,49.738228827346845,31.599284475981637,12.712842428257623,8.967744701275956,-0.41761868248198497,306.523510692177,673.1296242419284,0.544629296270565
604,15,transport_free,0,True,10,17.83441578617355,51.76297670461018,31.599284475981637,13.770380495041897,11.031373021885985,-0.2482925260275204,348.35109106615255,760.0496106688852,0.5416732195157832
605,15,transport_free,0,True,10,18.63631967539358,40.32595472333909,31.482350883913917,6.833324157038887,6.034871674680686,-0.13230645577902012,435.65317090530374,918.4607888076085,0.5256703647948975
606,15,transport_free,0,True,10,20.483933656213495,45.91217436143094,30.9601174325167,10.442257185422106,10.59200057208586,0.014137403566460094,497.4355101084072,1031.5725162559668,0.5177891013286968
607,15,transport_free,0,True,10,21.5729811719537,46.37679618497492,30.9601174325167,11.346251055513337,11.091497566323921,-0.02296835821006704,561.9001631294153,1107.94418802938,0.49284434252159726
760,20,transport_free,0,True,10,7.350905414229197,34.42822569330066,31.800948760266344,5.199319086515602,3.5096262216256444,-0.48144524749627005,48.00129793676094,127.4366375777571,0.6233320428948674
761,20,transport_free,0,True,10,7.077347427332453,36.45509629957215,31.176884831136498,4.61332100801001,3.3468073322744676,-0.37842443558734185,40.4924137860539,118.67479839753564,0.6587951752788084
762,20,transport_free,0,True,10,6.622522350497276,36.561468272249606,34.06208760524612,4.926315583396309,3.0656937948273204,-0.6069170351286797,36.72040512403867,111.72571094662815,0.6713343346583835
763,20,interaction,0,True,10,6.3926364881085505,35.80360211310253,36.919784283197,6.766121647803449,3.773229803947429,-0.7931909794428518,35.68008464694125,105.59545127722389,0.6621058557411822
764,20,interaction,0,True,10,6.320877851009753,53.35499358757866,36.8063572449692,12.603425577295262,11.741388532618124,-0.07341866273161468,20.279194361303915,83.56271384698604,0.7573176668431605
765,20,interaction,0,True,10,4.82579834366207,62.21699979035905,36.23276184690541,21.63607414910247,22.160728041745347,0.02367493936365983,33.57746144359846,90.15299825257374,0.6275502524106027
766,20,interaction,0,True,10,4.9071018295990205,56.82116188325286,32.15988597425293,12.400280432273973,13.793318122739686,0.100993660703667,7.756886010001671,77.58394875793246,0.9000194481695728
767,20,interaction,0,True,10,3.0756085320446536,45.9244975589262,33.31604812397228,10.027263076664813,5.636873480185723,-0.7788696361399328,10.91996685176759,83.18431793499624,0.8687256549930371
768,20,interaction,0,True,10,3.05282487235684,51.5385455652692,31.659138295872317,9.219142014052318,9.579854092984412,0.03765319131491296,24.70565750397245,95.08550797864018,0.740174312267204
769,20,interaction,0,True,10,4.903892211550181,46.85554253635444,32.91880429560939,5.526829150753966,5.822193728110141,0.05073080545742137,33.08737380660565,104.95985436394965,0.6847616261749492
770,20,interaction,0,True,10,5.707759243749858,44.670449942589826,33.39236303015169,5.035167686449117,6.449407815900056,0.21928216819602264,31.746422030153337,116.12065396841643,0.7266083082964033
771,20,interaction,0,True,10,6.192578636159174,42.17730015368704,32.53486245603853,3.44434436077827,4.317551737387752,0.20224595551408453,26.435178311317582,105.62813915054569,0.7497335603570461
772,20,transport_free,0,True,10,5.919266900103534,40.60743866023907,31.20699240355501,3.388539996226734,4.467246725615342,0.24147014831378522,24.037583714718163,102.69541497467397,0.765933233527065
773,20,transport_free,0,True,10,5.674320305354591,48.899907521211475,30.17590183311705,6.4753426070155,7.66051422758482,0.15471175763914446,17.500477170860805,90.02145537213063,0.8055965980719002
774,20,transport_free,0,True,10,5.068297820577719,64.10120916074916,29.838071353929646,13.232069703212806,15.812275241166736,0.16317737318639947,17.585775769772074,80.53787219062579,0.7816458854519008
775,20,transport_free,0,True,10,5.0404156290084465,54.84339833877839,30.54288343846327,9.792469339552065,8.2403254555466,-0.18835953657154536,29.878395087709038,85.95654742252522,0.6524011726431989
776,20,transport_free,0,True,10,5.7377356645117406,48.6518586945586,33.5025056625463,9.090080594903666,7.988063638478621,-0.1379579590623956,20.388648325245942,83.00535010461907,0.7543694677566168
777,20,transport_free,0,True,10,5.033466723606741,48.96733566868572,33.2442285246221,8.769060908128628,7.994040407893738,-0.09694978517616626,15.44014773750385,83.88471539597218,0.815936101533877
778,20,transport_free,0,True,10,4.705496436233893,48.16700984655436,31.933979192770497,5.486770538617619,5.738575576301464,0.04387936245428603,16.641548804834667,92.80105544219055,0.820675004982014
779,20,transport_free,0,True,10,4.977513545436407,43.02248803645456,32.589604899260486,3.039650239462338,4.704975142256466,0.3539497770854221,25.06895311794511,105.19338955322439,0.7616869916976956
780,20,interaction,0,True,10,5.777490285968101,43.64158923846817,33.47466464190253,4.663033905077895,4.935280048948727,0.05516326149087003,24.64908484871302,102.56922935840824,0.7596834352476064
781,20,interaction,0,True,10,5.586137817145465,44.09027901677328,30.586629350183436,5.6834746612533955,6.909797345364638,0.17747592625620312,26.71903533216688,107.69847695551312,0.7519088840671008
782,20,interaction,0,True,10,5.8687981347033125,43.32837034118802,32.53486245603853,5.5351184233020305,5.985622774592174,0.07526440744018281,21.727355984805428,97.84663851031378,0.7779447887469819
783,20,interaction,0,True,10,5.28539745723536,58.00936443573889,33.392363030151685,13.53821389657918,14.101980722163526,0.039977846849435617,24.265818344018996,95.30242009665322,0.7453808799460786
784,20,interaction,0,True,10,4.822316600720095,71.95216727666578,28.12205151140819,21.75575800320682,23.38787590609257,0.0697847854777005,31.276561299913237,98.34564122636766,0.6819730807599065
785,20,interaction,0,True,10,6.098377612270188,68.60279784522032,25.699525758936854,23.198354429023478,23.657082015830962,0.019390708731554906,24.413747124993034,97.63415994779233,0.7499466668423456
786,20,interaction,0,True,10,5.004008177387204,59.53317853626258,27.92818415777806,11.952292697041782,11.781130441575636,-0.014528508644816807,30.647646437018143,98.00209762661906,0.6872756075713453
787,20,interaction,0,True,10,5.230277209820119,42.28415815889689,28.810409094801127,4.839636777676474,5.516616078099596,0.12271640636923442,46.14502727532653,121.87971261243524,0.6213887751601213
788,20,interaction,0,True,10,6.6258413465279045,49.04390024558586,36.169644748941295,4.600737854430188,7.019939786230459,0.3446186157530171,27.406184286226566,105.61962573521367,0.740519964017546
789,20,interaction,0,True,10,6.067634525319365,41.120355478636746,31.20699240355501,3.2681669315674715,4.191958846272321,0.2203723721014883,23.67997350064424,99.69587291805665,0.7624778959495384
790,20,transport_free,0,True,10,5.751590969390683,43.649341600916365,30.175901833117052,4.411431259346945,5.38193457219127,0.18032610761545942,17.890731459109272,93.34101837215876,0.8083293736117452
791,20,transport_free,0,True,10,5.049636246562086,51.92525247521602,33.61061254129763,7.766568958255366,9.747817302572606,0.20325045934071384,13.735132094926314,82.49461613866713,0.8335026849286915
792,20,transport_free,0,True,10,4.655258495193181,43.973420364587284,33.711494494153285,7.568154982163461,6.354923045117019,-0.19091213669041385,31.321529232285684,89.84035488559026,0.6513645869701542
793,20,static,0,True,10,5.772928598058986,41.18116526186607,31.793277779051625,4.4558881373869,4.28501153185078,-0.039877746947933,26.472807787220063,89.02094601758874,0.7026227087949664
794,20,transport_free,0,True,10,5.704667485133536,47.47511123744638,30.938687252532876,4.548620512162736,5.026314826740413,0.09503867764834462,15.329134663155992,84.27283616284714,0.8181011182116349
795,20,transport_free,0,True,10,4.750070464634458,49.121153877950114,31.973000435762522,4.689658916053026,5.636721816139748,0.1680166116012638,11.872731803466463,84.02312379054409,0.8586968531060183
796,20,transport_free,0,True,10,4.395978571037491,44.38114902719806,32.78132953656436,3.2109636263186245,4.56841881316405,0.29713895383975597,18.063932635338293,99.44795163949512,0.8183579215304388
797,20,transport_free,0,True,10,5.2710561977103865,41.39528002358848,32.79177140896827,3.393617545421217,4.353229499318869,0.22043679389009885,26.93948363864027,106.63242840053198,0.7473612479549807
950,25,transport_free,0,True,10,31.669750817578034,49.99178235565811,40.26514075027118,18.05458390151224,11.239046787771885,-0.6064159392196566,626.1084425567085,1348.9579688515305,0.5358577086803069
951,25,transport_free,0,True,10,33.614435910469574,52.212915842299836,46.772213302275944,23.939357047471272,12.24621291522782,-0.9548375659632176,589.924468143678,1500.5058374083162,0.6068496013567002
952,25,transport_free,0,True,10,30.996874646492593,53.611883842606964,57.65524291706176,27.88432051007962,11.166659781033472,-1.4971048690353248,693.6161253532117,1605.3937447631708,0.5679464133856242
953,25,interaction,0,True,10,28.566576882379618,59.16968547896029,61.74448177307237,28.86786286968744,14.503734629156376,-0.9903744523603826,751.0364105770153,1707.343031913555,0.5601139334400369
954,25,interaction,0,True,10,28.797625854586933,130.3987159206507,61.74448177307237,64.03489668085722,72.01090810067184,0.1107611559163244,545.0830621112199,1958.765046110557,0.7217210593003127
955,25,interaction,0,True,10,23.93257503992247,155.96826477689476,57.65524291706176,72.50233371127786,118.9522419416361,0.39049207877182246,759.6191243440495,1116.0919673597684,0.3193937896166321
956,25,interaction,0,True,10,30.480164911734757,200.7921368433422,59.49269816706691,132.0615610319301,197.17924079168554,0.3302461227576715,630.3145207613369,470.08013775421085,-0.3408660994966506
957,25,interaction,0,True,10,18.619730706115732,108.55751062392352,59.738380103356086,53.41329825579921,61.719889532550674,0.13458532313753768,325.97619479829,497.33276186454503,0.344551133980846
958,25,interaction,0,True,10,21.230446967258374,153.51986638628426,74.42921931440672,196.83597093115534,128.35711357325908,-0.5335026275642476,495.9491568233861,722.0016092870351,0.31309134156483687
959,25,interaction,0,True,10,25.009833510232,90.30385241008673,38.056586976899844,52.0758142755868,42.12410759758715,-0.2362472998376275,603.2336895003252,773.6268142045511,0.22025235110215946
960,25,interaction,0,True,10,26.503905150993127,40.78444255486334,35.162056822579856,10.25362762453297,7.279162295438865,-0.4086274228228033,964.8462122316023,1102.376368534928,0.12475789596805753
961,25,interaction,0,True,10,31.804995522444948,84.99144659526465,28.559404532075618,36.30121659954291,31.96200417288385,-0.13576158751460254,1050.481684806294,1164.8973207225242,0.09821950302475091
962,25,transport_free,0,True,10,33.07602752145455,57.34180318301918,31.949827245856348,16.135911244913103,16.350758795676935,0.013139913165414407,1005.6264508155174,1098.9522035623982,0.08492248565893312
963,25,transport_free,0,True,10,31.71683024763742,107.25440046766585,31.949827245856348,58.475090042396516,58.280537349790336,-0.0033382103435064536,1105.1172945528226,1208.6641493193154,0.08567049401176274
964,25,transport_free,0,True,10,33.41603069687784,92.83225121800626,29.60707123363972,37.24394965849924,39.17156660532748,0.04920959547648207,1076.3433589786841,1196.3110693423407,0.10028136781314545
965,25,static,0,True,10,33.69310535346902,54.5541361286148,29.956453249240536,12.783491210988734,9.561139050508425,-0.33702596975712384,1021.0163143937763,1188.31577304176,0.14078703863346298
966,25,transport_free,0,True,10,33.641996891534376,56.556069997430356,29.956453249240536,13.79971447572476,9.133988346593293,-0.5108092929494097,1046.4147419774433,1200.6986368220398,0.12849510286190446
967,25,transport_free,0,True,10,33.9307901827473,42.6896069917269,36.365265201692004,9.00953394556227,5.873697213585824,-0.5338778316191164,1036.5073269558106,1243.7682621709707,0.16663951116857623
968,25,transport_free,0,True,10,34.21696680405381,56.452015640646344,29.18826097370894,14.671983005538026,11.231125988910195,-0.306367947436917,1091.1187519986986,1249.5513027170114,0.12679155339506165
969,25,transport_free,0,True,10,34.070252312966026,41.51660973764624,31.949827245856348,7.303306225850989,4.870504617597136,-0.4994968282062888,1174.808719702783,1240.045924078414,0.05260870029802678
970,25,interaction,0,True,10,34.31399771877386,62.66959055186839,28.30049846522303,16.889985827716895,15.078908620600721,-0.12010665046685753,873.9087774043763,1013.4872514391594,0.13772099632884438
971,25,interaction,0,True,10,30.758294898366294,90.30288669937148,30.194261578827437,34.44408430465443,29.925531922650034,-0.15099321855610515,462.80892757472424,525.0359464436409,0.11851954002466825
972,25,interaction,0,True,10,22.446749981068393,220.81098713536016,39.30631325696764,240.72561576563336,242.32561150960734,0.006602668756333863,535.2562868328979,590.8170243634319,0.09404051548852566
973,25,interaction,0,True,10,23.755313357368323,161.1060427283711,71.3333340324315,105.3323458029419,121.56447465698317,0.1335269115409189,126.30015091270252,299.870904789236,0.5788182551372483
974,25,interaction,0,True,10,16.855231445474267,58.560362853212695,29.499950867532075,16.48814158807232,11.199310576127765,-0.472246124080006,302.18427181203657,355.6147375027717,0.15024817606249707
975,25,interaction,0,True,10,18.416083169243382,119.62932258693627,30.58715664361528,78.9815047373652,70.34749393418961,-0.12273373677323507,615.2722978046938,661.0155397805752,0.06920146233031954
976,25,interaction,0,True,10,24.9480342850755,87.12091993700646,77.04417589952956,104.77100385521788,42.15285231771839,-1.4855021213162076,423.78120275234204,774.4434598918298,0.45279258628960006
977,25,interaction,0,True,10,26.264830923428683,100.46322782430413,38.056586976899844,67.2651185259623,56.425731365079464,-0.19210007382537997,935.2280628967532,1104.5470915369835,0.1532927205526584
978,25,interaction,0,True,10,31.84001956681641,61.264430122881336,28.559404532075618,18.864770409862075,15.102516577184913,-0.2491143653740946,1133.439604472281,1257.010116196534,0.09830510521120794
979,25,static,0,True,10,34.755355349708395,58.083837153953425,27.559571048584765,16.003633957820877,17.21123937497211,0.070163768618969,1014.3212848399921,1188.802784423519,0.1467707696093069
980,25,transport_free,0,True,10,33.17495237272335,101.07612884874686,28.60249255154698,45.8233530317018,48.29551329816466,0.051188197363186694,1069.1165154415073,1217.018223885832,0.12152793240193849
981,25,transport_free,0,True,10,33.7436775065917,66.18368178748048,29.022582793513944,15.98967006615706,17.62898859837581,0.09298993660758181,948.270312639887,1080.2680194218003,0.12218977550827004
982,25,transport_free,0,True,10,32.12346067482781,48.23719257201898,59.50831101675024,22.073639766142975,8.906768147994969,-1.4782995806522754,794.1337274535317,965.0296593463577,0.17708878710378573
983,25,transport_free,0,True,10,30.18284897894443,51.486835395524785,58.74090120766918,22.969623209636293,12.346190759598683,-0.8604623609738336,885.3702312359263,1043.6077555655947,0.15162547756643474
984,25,transport_free,0,True,10,31.29364309614256,50.50532824852008,29.612103689601515,12.28645169147179,11.667887667077297,-0.05301422520032184,1024.407747694582,1175.332482226427,0.12841024715487226
985,25,transport_free,0,True,10,33.11023522087901,44.875698892434166,29.022582793513944,9.153112397162408,9.247972367452956,0.01025738037717272,1140.385394162262,1287.1941398313631,0.11405330487935161
986,25,transport_free,0,True,10,34.59285934819228,84.9032506924144,29.022582793513944,34.32588033822291,30.964760473100668,-0.10854661278720612,978.3454291406205,1128.5799273120706,0.13311817314460161
987,25,static,0,True,10,31.959676953286582,69.78181639796848,31.949827245856348,25.524651272754493,22.19196155136636,-0.15017553602344536,1112.657926187526,1173.156957710248,0.05156942651629759
418,11,transport_free,1,True,10,11.832220387403158,42.715805918484804,39.1658138595896,5.109124115507117,5.594740661449454,0.08679875892880551,143.81741578792565,235.08592920129263,0.38823469240993236
419,11,transport_free,1,True,10,11.925436906672894,43.64173361129747,39.1658138595896,8.902197962698445,7.136803999914481,-0.2473647816032385,150.85254068114216,255.96355593165222,0.41064836307625363
420,11,transport_free,1,True,10,12.16614736864073,42.62922129742345,39.10218763642199,5.853770978486998,5.542472334669918,-0.056166025740860936,124.90725928928816,241.0889676205661,0.4819038775516622
421,11,interaction,1,True,10,10.966143276292186,47.34616636037242,39.25888464683866,7.739059456354217,6.926653299872946,-0.11728696692473006,96.97736868624999,229.5438415601366,0.5775213657350787
422,11,interaction,1,True,10,9.876821786086424,57.26678582009173,39.21228394974226,10.349921610123817,11.715598656905636,0.11656912179872558,48.76884755304305,171.37545314233867,0.7154268790610445
423,11,interaction,1,True,10,6.852614509927303,72.51377196852685,39.656018813714084,18.441259584730233,23.427800337659445,0.21284715940290422,27.85197337240777,91.91196464963916,0.6969711889134652
424,11,interaction,1,True,10,4.704312476392858,59.97429786154964,30.67329128672291,11.226686160495177,14.229221647147908,0.21101192750445041,35.268963873011224,100.02521509352898,0.6473992698737729
425,11,interaction,1,True,10,6.136990438124159,51.82424932097623,27.836351307820692,9.937339703964854,10.327110984528709,0.037742528491054306,28.402136215847364,97.33066670815197,0.7081892359680247
426,11,interaction,1,True,10,5.858875571659398,54.86894226534852,30.557515606476617,16.514242767167257,14.74132836072055,-0.12026829353932444,20.8083526814542,93.29270679573307,0.7769562766892952
427,11,interaction,1,True,10,5.189082123956652,48.6703933808168,51.84484860839735,26.160268660170786,8.776614981014875,-1.9806786234509937,44.673741265705935,102.81742866283616,0.5655041966454715
428,11,interaction,1,True,10,6.112725883250896,50.08146148705467,51.36308491686186,22.301898281476895,8.794889161448992,-1.5357793454900768,63.079524136448754,115.16830838596151,0.4522840091993757
429,11,interaction,1,True,10,7.28472963244436,42.204494732763116,28.98611678804207,4.981265430843658,5.338378321455926,0.0668953882824238,40.04152307039131,105.70860764024552,0.6212084903562134
430,11,transport_free,1,True,10,6.74896255296338,44.07055481194577,28.98611678804207,4.7799035913124825,4.619154169938233,-0.03480061835138937,38.24006695009062,110.78256998947784,0.6548187413081077
431,11,transport_free,1,True,10,6.641814128586403,49.26144434469043,29.439581124991694,8.152679679173565,7.890853534929705,-0.03318096617620103,27.988227326189605,103.61276145633981,0.7298766393946248
432,11,transport_free,1,True,10,5.922998244287724,46.41786327046845,32.31140106418842,11.495437922719502,8.243654266836488,-0.3944590045417915,26.959945878954855,97.01924743867234,0.7221175530556786
433,11,static,1,True,10,5.644100219371037,43.99989288942492,26.41016242869459,7.67449267404704,6.7738016341498986,-0.13296684617340104,25.332688590964533,96.74340856896106,0.7381455856715367
434,11,transport_free,1,True,10,5.53954623410997,42.81549277393031,33.74586526405251,13.09168272729116,5.737195757931623,-1.2818957692339543,32.225784232410014,101.53709481789026,0.6826205802893228
435,11,transport_free,1,True,10,5.659055204182367,42.75947001382815,26.22325893851022,5.6150743370674965,4.777222661346188,-0.17538468166882715,32.858988597334424,109.08580924082797,0.6987785228343325
436,11,transport_free,1,True,10,6.090318466320838,40.34169266695836,25.545593237513085,4.846804376336388,4.173013215676942,-0.16146394124231023,36.835982345123305,108.94441717945796,0.6618827903366036
437,11,transport_free,1,True,10,6.3592266295333495,39.465171749417536,29.91156431609362,6.384319899408861,3.4583746542139466,-0.8460463477054807,36.85189666314134,105.8352731329304,0.6517994844983779
438,11,interaction,1,True,10,6.513549144395076,40.2180695940318,30.017205148552804,5.6178177156374565,3.6242115081030466,-0.5500799837639405,41.07705709550002,107.66752889357053,0.6184824011693931
439,11,interaction,1,True,10,6.85884327707899,42.034130061346886,30.506720673510802,6.73587824760143,5.129485968673648,-0.313168276263587,30.951164459085817,96.53784955330504,0.679388295862178
440,11,interaction,1,True,10,6.026471005493786,42.535873858102285,35.07485460835754,9.18276641124127,8.337231776457125,-0.10141671210002645,16.840016830945775,89.57526820064906,0.8120014913801424
441,11,interaction,1,True,10,4.94571011303165,47.93208224516963,31.949188415806994,12.105623946266917,8.662346937717288,-0.3974993189844467,7.0891136977289975,82.67125054361983,0.9142493472505466
442,11,interaction,1,True,10,3.0733103695094943,39.93313779082237,32.10992989671907,7.158545280521427,4.6224317649055235,-0.5486535322967041,9.762833838281313,93.30627934381243,0.8953678797725125
443,11,interaction,1,True,10,3.15936408290571,51.880720304326694,40.7403816504405,12.052259696098053,12.88487139044495,0.06461932518506452,16.24691571657657,87.60098261477998,0.8145350059825083
444,11,interaction,1,True,10,4.821138858809337,53.25156012040588,51.84484860839734,26.114622948996296,10.598293697426964,-1.4640403157855832,38.43217993906904,97.92879687504696,0.6075497589528553
445,11,interaction,1,True,10,5.676656615474784,48.2403780375353,51.429266621945075,23.200652625884544,8.139716528935459,-1.8503022855169142,53.76966606932504,108.61120553603529,0.5049344512478944
446,11,interaction,1,True,10,6.715646736199755,44.67906572320748,52.20892435098395,20.70624527911925,6.032763022729991,-2.4322987992571776,61.6586076203529,118.50613019350659,0.4797011131856923
447,11,transport_free,1,True,10,7.247129500220172,42.59309825758102,49.565558424206756,17.939087006842062,4.930136290357371,-2.638659450840802,52.323087355383116,104.42863005789282,0.49895840511958833
448,11,transport_free,1,True,10,6.351610437551127,49.07704762318905,28.362752126174808,7.595935706152804,7.030745857011946,-0.08038832019182984,30.855993781206227,108.22007678771992,0.7148773619729352
449,11,transport_free,1,True,10,6.136032805425085,49.87481756976041,29.510998350647636,11.884283472986048,9.802617279296014,-0.21235820336337086,21.176413631721264,94.31232028888506,0.7754650339758744
450,11,transport_free,1,True,10,5.2800013802111705,50.001066653600525,25.97903618624683,10.655494623732379,8.539917105363985,-0.24772810933253475,24.932627101437337,96.1010529385725,0.7405582317878016
451,11,transport_free,1,True,10,5.492823124607511,45.19154177828548,31.003276505972337,7.966686199428827,7.860031467698115,-0.013569249966622232,23.366610154308372,93.21180019664261,0.7493170381323672
452,11,transport_free,1,True,10,5.2881173858147985,43.64278383583917,29.831266991917506,7.368564950361949,6.175317597960486,-0.1932284993399458,22.542103931365194,98.62769998259256,0.7714424656020186
453,11,transport_free,1,True,10,5.124470102857431,43.17291783434667,29.62844473658845,6.565716307896011,4.9636110370742665,-0.3227701080635206,27.88872740141369,108.1634434889777,0.7421612468887822
454,11,transport_free,1,True,10,5.72489356563163,41.620024572427454,30.06000471371671,6.540208533384884,4.424202407100897,-0.47827968333631654,32.721540122729756,109.43011650302931,0.7009823148472666
455,11,transport_free,1,True,10,6.245579833445408,40.66263516433825,51.97434755890725,17.015097580443808,3.361770548596626,-4.061350063747443,55.49057007817797,107.963718753614,0.4860257619986764
608,16,transport_free,1,True,10,29.31734870835203,47.77212655621628,61.22655243903938,17.09821871646862,12.371328252911374,-0.38208431357763506,922.5251828334684,943.1444968971142,0.02186230649861398
609,16,transport_free,1,True,10,29.3979473616846,34.43181253857893,44.9428596428984,11.070692227209406,4.390329859409337,-1.5216083031854075,924.3782317200843,1022.2659702145925,0.09575564612990073
610,16,transport_free,1,True,10,29.870978991976653,73.32534039775067,43.66558177984259,20.411846252507658,28.126371340094504,0.27428085174249595,863.7375683592846,1005.4297374436729,0.14092697262430665
611,16,interaction,1,True,10,28.84518381917237,35.31574535653605,38.40645642971354,8.724068770205044,6.945303400888467,-0.2561105349391979,788.3517075314923,955.7332017920567,0.17513412105670723
612,16,interaction,1,True,10,28.048898119070248,104.71698250208101,30.68939338496198,67.80543492921142,58.62483130244289,-0.15659923317145585,688.0513949695179,825.5653361141877,0.16656942234508942
613,16,interaction,1,True,10,27.021925630159455,125.12707938237054,34.54492152606993,66.45384337233575,83.93243801363325,0.20824600184327335,68.09318632694603,117.15831498323253,0.41879339646792124
614,16,interaction,1,True,10,7.452125836253906,51.75047540734403,31.526537663774658,16.490486301553897,16.026758329085354,-0.028934608168825315,15.325990803224231,90.06226351308875,0.8298289404974049
615,16,interaction,1,True,10,3.7596572125421472,44.47877769184695,31.96986690420362,12.950678215355202,11.769466631724612,-0.1003623716003097,6.906052844711735,81.71614388078446,0.9154872890871237
616,16,interaction,1,True,10,2.967708379900361,85.37270650989541,38.570416218066164,41.95531913421796,40.08992572613766,-0.046530228587181144,50.5904006439217,112.60392879055367,0.5507225974502079
617,16,interaction,1,True,10,6.491272394417952,40.98319865228345,62.88791890043344,27.503844168243532,5.332179464753958,-4.1580867354607385,70.4860233049141,125.83308609269311,0.4398450718041549
618,16,interaction,1,True,10,7.58584477522057,42.36439146305828,63.31800458140369,24.600317843535297,5.371110503326402,-3.5801176178185097,72.81567122993623,143.3696186856757,0.4921122627132204
619,16,interaction,1,True,10,8.558659592928166,38.946211676666074,63.02130389872929,21.35453795250281,4.434369509601648,-3.815687530383806,82.9538517376571,149.11397618641084,0.44368828557053186
620,16,static,1,True,10,9.178901574427494,48.312768883938126,67.7648313191335,24.170638411053663,10.534841775981453,-1.294352295462156,62.86782602258305,119.05600345904558,0.47194745165279184
621,16,transport_free,1,True,10,8.297449365338487,54.311589379895686,62.68542542627125,26.9558475210148,12.840545388261093,-1.0992759034719821,41.33559983416688,87.99761092172763,0.5302645219432811
622,16,transport_free,1,True,10,6.22541710433655,50.163803945758744,29.510433273368058,11.459407419518081,10.46070803789358,-0.09547148988450349,19.38149114257361,87.92434074869364,0.7795662614295851
623,16,static,1,True,10,5.0214312378908605,35.47157326539095,32.27892204283205,2.864312554231946,3.4020062022146274,0.15805193054399935,17.4171360394953,88.40105776174475,0.8029759317310736
624,16,transport_free,1,True,10,4.792497414858218,35.41492992302136,30.63759468374393,2.764956225183853,4.196764420324102,0.34116954199437166,17.25889160865017,82.99579039527681,0.7920510000994899
625,16,transport_free,1,True,10,4.779460593751951,31.47127413425377,30.40387367214006,3.0062974513493397,4.167022727012114,0.2785502627903953,37.22346119599833,90.78736374017075,0.5899929278425777
626,16,transport_free,1,True,10,6.431770717028074,35.33104293627026,62.71788308779203,17.752033337054474,4.339806881702013,-3.0905122787612083,67.57158558678405,99.33145881286039,0.3197363011240141
627,16,transport_free,1,True,10,7.077370996210506,48.92130499007513,61.38296313866572,22.608450967738808,9.137223904945019,-1.474323843098912,63.02193362180335,103.43815495420488,0.39072836662926735
628,16,interaction,1,True,10,6.41431457936139,39.592670598571694,60.70249218481388,21.271893945749735,5.2165081935898305,-3.0778032270493014,93.97503153607528,130.31030574729274,0.2788365356281297
629,16,interaction,1,True,10,7.950000750880337,42.21105573079474,61.14341660992572,22.9551053663224,5.291565105870929,-3.3380559261859934,74.2013473126773,129.45384380581848,0.42681232838493577
630,16,interaction,1,True,10,7.870155156193253,61.51027596910704,62.05967126028123,36.30885458680121,20.000347389864928,-0.8154111965675424,52.4513624600613,112.3436183064757,0.5331166714163247
631,16,interaction,1,True,10,6.452485565230029,49.258235124883925,61.87770854029902,23.703409004441017,10.423601758361466,-1.274013297316058,24.239284894717333,79.39884753381241,0.694714902701895
632,16,interaction,1,True,10,3.3798431172865646,31.02815704966493,31.793524922309356,5.253951002288029,4.141004767763744,-0.2687623649188182,6.132968885688709,83.71412297256747,0.9267391371023688
633,16,interaction,1,True,10,3.361855228407427,64.78799456524048,31.614133004499614,22.882913066323685,21.358125378205752,-0.07139145693347482,40.503692614881835,107.43070334445768,0.6229784283826769
634,16,interaction,1,True,10,6.545627091414996,52.69848929209374,63.4427732057551,33.60387545746422,10.17966625955489,-2.301078306562632,84.65232267659667,137.2954255939089,0.3834294018871357
635,16,interaction,1,True,10,8.305131569700198,40.16130537684373,66.49829198653475,27.702769638683424,4.634204705811425,-4.977890791907263,91.03016451316432,161.24537665369715,0.4354556614130547
636,16,interaction,1,True,10,9.588186145153482,47.51329676054756,67.10839453584859,29.37089598599829,7.256157657598937,-3.0477202083998156,66.7376800310732,141.4992327185026,0.5283530606569395
637,16,interaction,1,True,10,8.999932325312791,36.92805177447495,67.76483131913349,23.17893637006541,5.323299606772584,-3.3542423087695346,84.24783528654801,141.14420415118863,0.40310807805962234
638,16,transport_free,1,True,10,9.353106540833993,63.291509284530186,67.76483131913349,32.55530414099189,19.08137826066157,-0.7061295937992254,59.369825427499926,103.90950777445367,0.4286391428552595
639,16,transport_free,1,True,10,8.083841339100168,54.93419495755114,60.89945385010308,35.46753558488415,12.467072656926177,-1.8448968383271507,87.87733820392138,128.88433704322944,0.3181689860852044
640,16,transport_free,1,True,10,8.119233197303677,40.80853407701422,62.788528752975836,28.93459942041477,4.2241658927629535,-5.849778194077778,96.04598470303215,151.8488614053035,0.3674895958114992
641,16,transport_free,1,True,10,8.360081568453742,41.82835586164801,64.17806068249283,21.328245390337894,6.104434240368693,-2.4938938729643385,84.91756558588541,131.8907132499905,0.3561520482118439
642,16,transport_free,1,True,10,8.242267524792448,45.72689058940646,62.21626561818853,20.480144016482594,8.945834483310385,-1.2893497587833713,66.99716285623671,105.34884094696149,0.36404461355235185
643,16,transport_free,1,True,10,7.69394860061109,34.73894646931118,62.963981782111716,18.736105526850213,3.567344981710567,-4.2521148425253,78.68443162843792,108.87909956980589,0.27732290274874283
644,16,transport_free,1,True,10,8.21929731256721,35.24669063082046,62.28278559932343,20.23984518411074,4.368698022077674,-3.632923832644545,94.77163380001032,133.40711094233475,0.289605830374549
645,16,interaction,1,True,10,9.347803702614293,38.19699253717468,65.51427607334178,23.866959306354897,4.357967121859774,-4.476626747970877,102.23026976205136,168.42919221729665,0.39303710707013095
798,21,transport_free,1,True,10,25.530236954728714,49.22297631711516,36.61629179273445,11.869911345209422,7.307133253830098,-0.6244279299255566,621.9759046850291,685.2955323129399,0.09239754914817666
799,21,transport_free,1,True,10,25.146546422868816,57.44188928890865,36.44537293887138,18.591341469661646,14.265004573283248,-0.3032832463637021,551.0588158200943,592.1260555399534,0.06935556936843512
800,21,transport_free,1,True,10,23.692072757095865,47.658132332753894,36.44537293887138,12.921896910690243,8.48178996972407,-0.5234870182844928,452.1116997209586,461.787964307848,0.020953912476676773
801,21,interaction,1,True,10,21.364730708004085,58.96380955703724,36.43480323284813,24.120593848721896,17.81151247734469,-0.35421367946164195,443.15935205272416,439.4537509505081,-0.008432289163992968
802,21,interaction,1,True,10,21.19505906867562,88.43104745519338,35.187209046907434,35.871049142483876,34.529613339062344,-0.03884885099202684,138.305947729724,171.09609890311924,0.1916475675577045
803,21,interaction,1,True,10,12.05790274637534,213.54463995072283,55.009669828585864,250.2758994927493,227.86517242575982,-0.09835082223585978,278.53859339307206,314.2822938641544,0.11373119379907604
804,21,interaction,1,True,10,15.454435326320965,177.51831737445892,37.22322330835604,167.07832457679288,169.12507517641248,0.012101993731471583,719.9332732400084,873.4307272519633,0.1757408449493152
805,21,interaction,1,True,10,26.222084119764954,205.60487945176874,51.440042477100846,199.13259757870358,223.86982490058415,0.11049826537750607,217.34609230490005,336.55417276983684,0.35420176039968754
806,21,interaction,1,True,10,14.80902743522564,173.5700296518381,36.97947260214587,150.86160610225454,149.01448192711447,-0.01239560176468979,209.57612004773523,375.26780770456566,0.4415291806412377
807,21,interaction,1,True,10,14.47456847105888,115.73259154972719,42.55800660065232,67.08688190447798,56.16584901338653,-0.19444258535980707,493.03927514571205,705.0454854424296,0.3006986282079086
808,21,interaction,1,True,10,21.650517558166513,143.57265979276013,32.154909200377894,94.41020344283369,91.82841915374519,-0.02811530801554918,784.4473173164287,1027.8897938727052,0.2368371376070154
809,21,interaction,1,True,10,27.71047513209691,79.47563973606293,31.31834284661761,30.753368120291707,27.074349926208654,-0.13588574440790802,937.2578593850102,1158.6064865740107,0.19104728806026838
810,21,transport_free,1,True,10,30.046642460447817,72.08463983745288,34.8077526376632,24.833984938816396,27.660550826769068,0.10218762112348123,923.5518410723993,1083.2364010204801,0.14741432230088225
811,21,transport_free,1,True,10,29.43896173669183,97.93068348728471,29.655318495743852,47.90710421699868,54.55190736720385,0.12180698111025112,665.4038382438058,790.7787907418259,0.15854617494281353
812,21,transport_free,1,True,10,25.561746900788886,63.54332844685604,31.002340328434048,25.122680124601526,23.182429101241794,-0.08369489732444824,484.299509816522,584.0202455959544,0.1707487651865115
813,21,transport_free,1,True,10,22.227565227939404,43.024777601195915,29.82755795934918,8.705027272349659,7.462563218923151,-0.16649293506498375,514.9196048433706,631.9863768616909,0.18523622708395837
814,21,transport_free,1,True,10,23.000821162405778,53.53405603633165,29.429150833648976,12.07689691804658,11.501107006993125,-0.050063868695713554,662.6941905611719,821.4397134336436,0.1932527978333437
815,21,transport_free,1,True,10,25.931252953177154,47.78594020026164,32.1684924770868,10.490705201948524,9.061536325336002,-0.15771816448128928,787.2481921747252,982.9364925117364,0.1990853954734768
816,21,transport_free,1,True,10,28.147902870007336,43.57308114976447,29.655318495743852,10.015025527112538,6.7035269369636055,-0.4939934785506943,900.6799376502654,1087.7720339884106,0.1719956852100304
817,21,transport_free,1,True,10,29.28549448607682,78.72504398193769,29.01767466948357,30.984360757672633,24.98592561594693,-0.24007256060577098,989.4467312623524,1184.452748030912,0.16463807196424385
818,21,interaction,1,True,10,30.51631365217395,82.15257854268471,30.367291111064034,36.4683854688761,33.497418254482945,-0.08869242375106179,913.6832110815426,1138.7318599134344,0.197630940833604
819,21,interaction,1,True,10,29.618332317879265,63.1105372462195,35.23815525078474,22.77057794166809,20.58285092913462,-0.10628882364574621,784.8217724349538,966.7550138524057,0.18818960213350144
820,21,interaction,1,True,10,26.414687086949954,87.20527990897304,30.281344202048555,40.77360790893511,46.48185394831077,0.12280590283088544,520.2346465325785,732.4193483787162,0.2897038456395641
821,21,interaction,1,True,10,22.165312392397734,209.39539033171113,31.12605819820379,248.72712786304274,238.93488656466445,-0.04098288633848424,33.85737743676386,85.46619970609116,0.6038506736792364
822,21,interaction,1,True,10,3.5399077729591726,65.05647153451719,32.141582771185135,21.440400636842597,24.372324122202865,0.12029724660888308,19.108433749830237,100.79553623452007,0.8104238097868658
823,21,interaction,1,True,10,4.710278861347954,140.24760207327537,37.86316357070402,105.01237585953673,97.71995614910428,-0.0746256956900948,299.33854315100234,464.06694743458735,0.3549668968975739
824,21,interaction,1,True,10,16.4996232580136,61.406939851733306,40.04124604019855,16.27879229127303,15.5052522882203,-0.04988890142989866,412.0779459979539,637.7020525317731,0.3538080293736825
825,21,interaction,1,True,10,20.282220124212266,135.6330366847719,32.18196320076467,83.87229545794656,80.03475855696769,-0.04794837855664125,754.4790881006929,1008.0892617062055,0.25157511664817633
826,21,interaction,1,True,10,27.261614006639075,91.35380505192963,31.31834284661761,42.065840779238066,37.925493890464566,-0.10917054635416323,907.6212474952491,1128.3939433274975,0.19565214536796993
827,21,transport_free,1,True,10,29.586228586189,57.67474351076966,34.8077526376632,17.345926152266834,16.19229293831089,-0.07124582159864801,908.6431671306547,1078.107197263834,0.15718662352247348
828,21,transport_free,1,True,10,29.107518649514773,100.34099722361454,35.23815525078474,51.944326450480816,54.91457993434147,0.0540886133957873,744.7182833534175,866.2843536913297,0.14033044671753125
829,21,transport_free,1,True,10,26.455427085709495,81.02366919844117,31.86019002844918,41.79582195379179,36.8741332004564,-0.13347266297976246,535.958439666939,665.375964875901,0.19450285558947067
830,21,transport_free,1,True,10,23.356600008708973,71.68606761728644,30.854744419768075,29.318303197288074,26.90328751987349,-0.0897665638681,500.1288726188002,605.6282213195323,0.1741982044213064
831,21,transport_free,1,True,10,22.388150262817696,57.78825938019819,32.480780370669265,16.276898404601365,16.258547712313263,-0.0011286796713216862,541.6995154814609,677.5131208260408,0.20045900392156624
832,21,transport_free,1,True,10,23.428962776984772,51.56899582205642,32.78226215898162,15.778240680056596,13.184404701544457,-0.19673516076219122,622.1836210198657,773.1230693926153,0.19523340377274145
833,21,transport_free,1,True,10,24.86520966992155,40.06062058921311,32.77075065537357,8.062101903556773,6.1524446006724505,-0.31039000378412185,712.073464744852,912.4146703777169,0.21957253882155214
834,21,transport_free,1,True,10,26.796010078748168,43.065808168935455,30.856154901567194,11.053323539062587,6.077664495677659,-0.8186794527607668,859.9918633262396,1061.6074630424143,0.1899153940933812
835,21,transport_free,1,True,10,28.801461227756747,37.47171420910257,29.556630991274364,8.278528357297326,3.552455599141277,-1.3303678614022552,864.9753306909521,1078.77793458071,0.1981896338775755
988,26,transport_free,1,True,10,18.239699832927137,44.844838557413674,32.95406995031039,6.762294043118083,8.466117055065135,0.20125200264360665,222.6877104881853,495.5241533042195,0.5506017032605279
989,26,transport_free,1,True,10,16.92479367304635,42.643306183700545,32.95406995031039,6.077637127711767,6.823299412563206,0.10928177700637176,206.37092260936967,493.14424705785706,0.5815201660759561
990,26,transport_free,1,True,10,16.77741157772313,40.713585139999,32.51419243968533,4.710160722963878,4.511747789615494,-0.043976955849585275,193.1883337715723,454.57853434434827,0.5750165941068612
991,26,interaction,1,True,10,16.940145846866606,42.745903206207196,32.51419243968533,4.4721950765881875,5.551042549389375,0.1943504239433118,180.07044214352288,436.5335619889459,0.5874992032157136
992,26,interaction,1,True,10,17.294249218561703,78.67572645104927,33.369154936755,19.126253040126027,27.112494565210778,0.294559451395234,106.7281209716591,278.7064867632888,0.6170590709562297
993,26,interaction,1,True,10,13.843061425280354,112.23297499778273,29.550674529430236,52.990146095682064,60.76967672831114,0.12801665323002742,19.870571616597793,94.37667733739062,0.7894546388239356
994,26,interaction,1,True,10,4.952286496017763,68.31172351735108,33.71440295314189,26.376334334476216,16.896510743307726,-0.5610521447407835,9.353901660381988,85.90659923974097,0.8911154469719154
995,26,interaction,1,True,10,3.386227023483557,58.09973139564646,66.03059929179086,26.654188078407817,17.526328819345668,-0.5208083993600965,40.15856096279321,71.27724107236463,0.43658648456914884
996,26,interaction,1,True,10,4.256301568460463,551.2967658906309,75.01499206239026,1511.6492241287042,1644.6454371699547,0.08086619160303965,1477.7858187005015,1374.9709150108101,-0.07477605712763968
997,26,interaction,1,True,10,26.311147346310698,184.3466300606328,95.81405229462148,226.52898284199773,172.74607674323627,-0.311340825289494,707.8794481478952,2039.733172304359,0.652954877746005
998,26,interaction,1,True,10,23.54910169153083,107.69180026581984,122.75511173589923,160.4128859388339,61.26966362983219,-1.6181453664898022,665.0763673358828,2337.1684978469643,0.7154349941184979
999,26,interaction,1,True,10,24.573845783667515,52.62777594750708,134.97950707907304,75.0215896898609,7.6719138804870655,-8.778731990288977,563.890972596644,2375.7794811343974,0.7626501209079409
1000,26,static,1,True,10,24.61797164335782,102.00911573765204,94.0538258125884,46.25105794514889,42.88359988261249,-0.07852554523767408,543.9499287672833,2544.311102973455,0.7862093483255305
1001,26,transport_free,1,True,10,27.612837367568062,169.63564975921764,83.2369398683948,86.8921626441234,126.93142639171246,0.31544011507463277,578.8356462435022,2620.36520910287,0.7791011557348232
1002,26,transport_free,1,True,10,27.41354099593183,174.60117266730128,65.50781113633774,87.85417248306784,135.13762529854932,0.3498911033179821,602.0345732769258,2584.8580941323994,0.7670918281187127
1003,26,static,1,True,10,30.036255320386545,83.46666159178577,55.713055406059425,10.697870955754789,23.68299097171132,0.5482888555532068,572.9932214751345,2585.6109924514576,0.7783915588431689
1004,26,transport_free,1,True,10,29.799615297646426,83.68075331119573,55.713055406059425,10.627608636090551,22.681397687942138,0.5314394296899794,529.2581876952587,2706.4186742666225,0.8044433432537279
1005,26,transport_free,1,True,10,29.029406351264992,77.24349432659427,55.713055406059425,6.477363634117555,17.942922414033927,0.6390017476165792,440.013792673868,2712.627069444225,0.8377905324213918
1006,26,transport_free,1,True,10,27.935963838890892,51.10113109497123,56.10342511605749,8.055044352229254,7.574589311022496,-0.06342984701594356,433.55221781180427,2763.714361869433,0.8431269801997407
1007,26,transport_free,1,True,10,28.67713803406469,56.62558868025279,66.76830377220955,9.011197363072544,8.361084946495117,-0.07775455227852301,378.09461698813396,2659.361038932763,0.85782501456069
1008,26,interaction,1,True,10,27.41738287258419,66.63512115870678,99.8574197026962,73.98303770568806,18.74830508320264,-2.946118722591752,433.60999044428905,2801.472926531497,0.8452207100280131
1009,26,interaction,1,True,10,28.974988349171813,112.25042877018666,134.5152352678293,65.99223623761158,60.1024931839569,-0.09799498725664879,610.0817501983629,2552.404247281673,0.7609776151845447
1010,26,interaction,1,True,10,27.863983045356147,174.82609382537441,150.59283921178644,80.13963130361144,149.3446840288142,0.4633914703776836,814.887616276178,2159.765258494102,0.6226962105852378
1011,26,interaction,1,True,10,25.33018966594819,416.800666657165,109.07830731867375,639.0817641314474,866.4865700462468,0.2624446976744974,1126.1319375339037,454.07718562213927,-1.480045184368755
1012,26,interaction,1,True,10,18.604304772194016,43.61254011093539,108.60205128915722,82.07046493694816,7.460144930992123,-10.001189078244037,302.73701296015355,465.28263945644704,0.34934814392856506
1013,26,interaction,1,True,10,17.81540824093593,318.98859729775035,108.58288703220107,285.8352928461271,535.4592543444354,0.4661866602789857,442.61286784364574,939.822497782431,0.5290463157798222
1014,26,interaction,1,True,10,22.82405040303942,134.56434633908074,72.99300576029547,108.63821049567171,97.89353616903912,-0.10975877210196039,364.3417169420336,1656.4549200777835,0.7800473091504809
1015,26,interaction,1,True,10,21.38389172326636,65.53519111876781,133.2196759028531,127.76590809583097,22.018514630064534,-4.802657910510311,745.9559232429447,2035.3628130224786,0.6335022343582994
1016,26,interaction,1,True,10,22.24583617763422,80.35924709531706,123.05653937116647,56.67608919820017,24.871433963511254,-1.2787624260567103,610.8680795785325,2153.072393595058,0.7162807523816952
1017,26,transport_free,1,True,10,20.359951466762936,156.43306045799542,94.71788930848491,36.825197767187,103.76315845894767,0.6451033457914994,285.332663647449,2027.6983102249317,0.8592824868430269
1018,26,transport_free,1,True,10,18.597881574896483,231.16342884447266,113.97677820924555,94.12562109865642,244.1460879106544,0.6144700826289634,303.68342931279443,1836.2455649051665,0.8346172020143295
1019,26,transport_free,1,True,10,19.14515577905206,137.6082120255777,90.10638894827439,23.946347092843713,76.82321548204757,0.6882928299396734,225.91727085801926,1642.2347810220588,0.8624330251260311
1020,26,transport_free,1,True,10,16.40556784718297,78.46795055500023,80.00380955176534,11.995939996123928,22.238375162510348,0.46057479881233454,171.27446715520045,1465.9920257777367,0.8831682136440435
1021,26,transport_free,1,True,10,14.77994881180167,64.8289330653963,49.83391906588591,8.136600264993126,12.565123760797313,0.35244567264995863,218.63883928411883,1658.7321960539402,0.8681891870162934
1022,26,transport_free,1,True,10,16.995396836433663,66.41267042421357,80.00380955176534,6.243599553370189,11.784571199110951,0.47018865193489456,212.59814194248295,1732.5753003214631,0.8772935629966343
1023,26,transport_free,1,True,10,16.12447236930944,47.66893699970573,73.73610543093119,11.515969355558944,4.435920705218809,-1.5960719590885701,306.1172044031536,1819.6444967319696,0.8317708734025072
1024,26,transport_free,1,True,10,17.12874278618684,61.11131757710907,92.11060353559799,18.377424495442487,10.227769694825882,-0.7968164168518017,234.14962275623222,1882.9429362133644,0.8756469894796113
1025,26,transport_free,1,True,10,15.069096827867995,55.12971025415652,117.15625304491078,71.44514518669622,11.913328880755598,-4.997076543576865,347.10909196914344,1938.060197863715,0.8208987046162164
456,12,transport_free,2,True,10,28.25672472293903,55.303148402495005,44.304092187951944,19.65946510341046,13.54041932051978,-0.45190962244556165,760.724392327154,1682.6097788627433,0.5478901870870387
457,12,transport_free,2,True,10,27.351587036701357,78.12051741867197,44.304092187951944,33.48303240014797,29.982924531829113,-0.11673670674130632,679.892861682473,1601.1258659860857,0.5753657622264772
458,12,transport_free,2,True,10,25.04689446815331,51.81230947861182,42.482181423437616,15.560047255721075,10.865726301243368,-0.432030112330414,643.9086516191504,1527.2179649252137,0.5783780269696592
459,12,interaction,2,True,10,25.870359407778853,34.663326911980334,42.482181423437616,6.485400724185862,3.8505947304616535,-0.6842594918858982,542.0800422341666,1308.0947031602982,0.5855957210708632
460,12,interaction,2,True,10,27.749340891261753,128.37378735050737,41.67681301969442,84.40066638494018,76.29953563085878,-0.10617536118797766,490.5904004987096,1001.3126650564145,0.5100527361540269
461,12,interaction,2,True,10,28.476286856816753,126.20207287718696,48.41632254781374,50.05245128819806,74.48220539718854,0.3279945052474591,184.14800911441486,335.659730812742,0.4513848632705142
462,12,interaction,2,True,10,16.51354658234898,110.01880748196665,56.05453102864218,64.66250138108434,64.37958093636904,-0.004394567976373276,67.45294857768248,96.25183535794112,0.2992035078932407
463,12,interaction,2,True,10,6.398782088428166,111.69019411611885,25.23389051968975,64.68733079217648,66.92647555743,0.033456785922218346,40.69421773845539,93.07213318262711,0.5627668954508137
464,12,interaction,2,True,10,6.516608894701624,230.62425146251937,47.82789131356188,221.62109586938425,270.71647349092336,0.1813534913056748,16.60919913373211,65.15291717471699,0.7450735921894006
465,12,interaction,2,True,10,2.883648158869237,82.49178444635392,32.07660729962354,34.608440995436354,25.765035079516235,-0.3432328304086347,17.647868568812203,73.42412987769977,0.7596448388532804
466,12,interaction,2,True,10,4.186598213432784,46.17804473530123,34.671843518396216,10.347995584976337,7.223856014306066,-0.43247533789201364,33.30182656191226,87.36349159226506,0.6188130081002771
467,12,interaction,2,True,10,5.540935885185302,39.6544763265114,31.377401905470585,6.827712973311496,3.861933851327805,-0.767951817963946,29.15944766573536,90.18021535625768,0.6766536035588213
468,12,static,2,True,10,5.6883237263462245,41.39045363325546,28.533940704429686,7.1209327418395745,4.4811438046194905,-0.5890881998695952,24.32684396408341,86.61652132847438,0.7191431427749317
469,12,transport_free,2,True,10,5.252059751887176,47.8253844132756,28.489667022666712,9.638196587343712,8.151737903319278,-0.18234868461842568,18.94148672018154,82.10002871350599,0.7692876967646475
470,12,transport_free,2,True,10,4.77339360212474,56.217308020154064,35.45634329771742,17.483049949402425,14.746581840756065,-0.18556626465689896,37.794680044559755,83.10401008160432,0.5452123187864566
471,12,transport_free,2,True,10,6.04484679096824,68.05577169539079,35.73044577227372,25.273449350161496,20.727723350606684,-0.21930657422739874,56.53457800685269,92.99573458057313,0.3920734293692777
472,12,transport_free,2,True,10,7.629821759628301,53.555027262718525,26.650757334743968,10.198752810159961,9.3840960308136,-0.08681249389087187,26.26557637225811,79.63918525344326,0.6701928040992546
473,12,transport_free,2,True,10,5.814327660774731,48.78749362307288,27.241620986024415,8.575655054996881,7.050343901077983,-0.21634563864121326,15.843812446232358,79.57055012522171,0.8008834622696632
474,12,transport_free,2,True,10,4.769451047913158,38.76495350924385,32.729401480978574,5.653450534775178,3.644406096853636,-0.5512679938868592,20.984357492463264,82.89692386773447,0.7468620485128654
475,12,transport_free,2,True,10,4.9248463928536985,42.12860701332993,33.462977842870664,7.509328888194482,4.655533683541248,-0.6129899166538701,31.115254623244805,91.95986312189922,0.6616430955100556
476,12,transport_free,2,True,10,5.513003126132359,39.514839851739076,31.15888768314492,7.606125693457478,4.056119032412644,-0.8752225052264389,27.050139475218003,87.4018792569774,0.690508491291295
477,12,interaction,2,True,10,5.303026368310517,40.97596925204826,30.120670829341282,7.387002393612835,4.233556990005842,-0.7448690099250657,21.278653819769914,78.23158977368975,0.728004328157905
478,12,interaction,2,True,10,4.790997033621185,40.6940856334213,26.76635734338198,6.64772947593691,4.934738213535378,-0.34712910559328325,10.397749078455185,71.3771723451432,0.854326688255777
479,12,interaction,2,True,10,3.8333013553982376,47.825313360746584,40.46047756339143,17.80737432149419,8.571027873659597,-1.0776241290988735,24.863746312593637,76.51034544218798,0.6750276558170694
480,12,interaction,2,True,10,4.006384807958188,40.34067967326163,42.35628914057767,16.225856390104685,6.787109360800752,-1.390687334996815,22.666104369601914,73.6962790199086,0.6924389579631449
481,12,interaction,2,True,10,3.707629508945799,37.129954112292076,35.86910381392209,7.953555649151244,4.815628741782809,-0.6516131279270365,23.97701230095024,79.98700849741208,0.7002386668614317
482,12,interaction,2,True,10,4.22064162842817,48.12729987353563,74.23104958738125,33.29375688059573,10.181113903730298,-2.2701487475154463,66.47638417670073,74.18487276962448,0.1039091704970887
483,12,interaction,2,True,10,3.7920008157732896,39.17708265218554,46.762205468585016,11.020481543461708,5.076389241591021,-1.1709291819410828,30.413433779969854,76.72247803709486,0.6035916128091543
484,12,interaction,2,True,10,4.558771294441266,42.508787227361196,36.65574414192889,10.340643203915718,5.509002802970612,-0.8770444622645222,35.852906078095664,90.3910107059417,0.6033576148989898
485,12,interaction,2,True,10,5.788572494852053,39.34826645749154,26.081580028365693,5.505041590369193,4.3669803424648075,-0.26060599284997976,20.819887584160337,84.05542333393505,0.7523076232517779
486,12,transport_free,2,True,10,5.231843100557234,41.83684919588187,27.665093558321008,8.291752835759382,5.444986731755545,-0.5228233316715534,15.907572662808136,76.20749632834948,0.791259739143399
487,12,transport_free,2,True,10,4.525984267066308,39.84445977161454,31.7242736999478,7.3235421908124705,4.718927551057781,-0.5519505462996241,9.290699164883227,69.53516377485137,0.8663884765560389
488,12,transport_free,2,True,10,3.850285956778557,41.25943280990232,36.831298991939086,8.7187461153207,4.71939094012273,-0.8474303625064732,12.21566873319395,69.06737408025258,0.8231340210067926
489,12,transport_free,2,True,10,4.203083688484911,40.348823185738,31.00173266029679,8.750450805411054,4.968560548523375,-0.7611641681636814,12.239631411215221,67.34911241335797,0.8182658839496804
490,12,transport_free,2,True,10,4.157335020259247,38.04843188961251,38.85547754641609,11.83674491243776,4.483299684826872,-1.6401859667105545,16.654950421852277,68.35049367383478,0.7563302102640416
491,12,transport_free,2,True,10,3.6225334021442186,34.081807896900116,45.21156077626702,11.963914671788261,3.1662725321070506,-2.778548608962182,20.057170839439006,69.77521743232403,0.7125459213524811
492,12,transport_free,2,True,10,3.7796015169441577,39.0846652597559,34.761350473203336,7.617723971145996,4.0022575656463655,-0.903356754581019,17.372574103185745,74.45629456824925,0.7666742052646545
493,12,transport_free,2,True,10,4.1036087721610945,38.91298511415327,33.78084858915834,7.112115581898998,3.499462697804615,-1.0323450186683738,22.707608405790193,80.7397623709558,0.7187555705024131
646,17,transport_free,2,True,10,32.63258106715861,37.49422312535956,35.464176418394146,8.118991472938257,4.7897226625630935,-0.6950859256209196,1167.858830202313,1786.8148932486827,0.34640189388673603
647,17,transport_free,2,True,10,34.189638771751774,37.67198093274853,40.787404702997854,10.646825636425632,6.1940748979181635,-0.7188726019448108,1214.0889828654076,1890.7340753301503,0.35787427819355844
648,17,transport_free,2,True,10,34.31347075396946,44.14841824033751,32.65578808710352,11.822498341550386,8.21030769126895,-0.43995801206363216,969.3075808422199,1760.7686268643463,0.44949747169881993
649,17,interaction,2,True,10,32.39201705496046,50.72008058590706,30.68075999502614,14.618614524027414,16.666877212679925,0.12289420882600732,946.4881438422555,1760.1679929779648,0.4622739717923593
650,17,interaction,2,True,10,32.03152201056624,89.92443235964916,32.62738680346176,34.15918638610004,39.88598302957052,0.14357917765809525,601.0258701730642,1148.033723123746,0.47647368011307123
651,17,interaction,2,True,10,25.769869695765713,226.06310498830297,30.13695726456325,267.0939033896332,255.31317010887975,-0.04614228586691982,762.2827085312671,887.3197901631511,0.14091546589859505
652,17,interaction,2,True,10,26.36008193767555,360.5497856181429,85.54296183828068,421.5084775911498,666.9233008206998,0.3679805802669488,193.18585552858295,258.3327749867346,0.25218216876080457
653,17,interaction,2,True,10,14.50101428236404,148.6545570502841,55.864500673835295,128.47189593531786,115.11328055610431,-0.11604756040900743,45.981476677690836,65.67823637968652,0.29989781680690275
654,17,interaction,2,True,10,4.744463594579445,61.488745495652026,29.668931131716256,17.27237766439946,17.926125262691613,0.03646898527774722,18.641715027576563,63.18592363662976,0.7049704434997022
655,17,interaction,2,True,10,3.54445315937793,36.57381579822831,34.65665755768898,8.221756966782364,4.868426950571989,-0.6887912769886368,10.254234118629379,64.32864950770568,0.8405961543246596
656,17,interaction,2,True,10,3.3569116708561477,32.32114174493384,33.86235453119512,6.796959137527991,3.595353248282848,-0.8904843747340376,13.975551784687804,75.48175963220572,0.8148486223322638
657,17,interaction,2,True,10,4.256238784605154,28.110318544091736,32.30223515298713,6.753340376434953,3.907316768358518,-0.7283831275527894,12.784681843117673,81.06252014754837,0.8422861537015226
658,17,static,2,True,10,4.240551811331711,30.01007740940596,33.12793941125148,6.396266463698816,3.662522438214881,-0.7464101781220394,13.178224587105667,81.95309411396721,0.8391979615952083
659,17,transport_free,2,True,10,4.32823569768719,47.185248030734996,34.0447290074878,10.809994397420313,6.666501735733621,-0.6215392759109089,16.964048737510804,87.3418107923435,0.8057740206710038
660,17,transport_free,2,True,10,4.815991211005342,47.46346767285398,32.07829825965239,11.00997484972518,5.140313070617625,-1.1418879936825124,21.828439240180757,92.76654871080667,0.7646949299770824
661,17,transport_free,2,True,10,5.388216399191394,38.6355660234519,31.82582547564299,6.901932527188624,3.055379142111881,-1.2589447024954161,22.00422034913677,89.54988833565783,0.7542797567021094
662,17,transport_free,2,True,10,5.326122795956362,39.18761208990527,34.44260793966559,8.53154507963004,3.57732457984957,-1.3848954404883216,21.628048552173976,91.74928839623585,0.7642701220878211
663,17,transport_free,2,True,10,5.010201466774282,33.75326003223302,33.68057152140519,7.246681196641401,3.574501465953913,-1.0273264022029176,17.10337047506309,85.31333956623133,0.7995229050694326
664,17,transport_free,2,True,10,4.484068462645537,32.71560642994949,32.361721919292705,7.443943891576596,4.001231669444849,-0.8604131193956601,12.615725269796526,76.52166911179197,0.8351352575521325
665,17,transport_free,2,True,10,4.185179429427345,28.982166754880993,33.264977512566986,5.6841976044905955,3.74991627182858,-0.5158198723511227,14.3601560558461,79.31079731557976,0.8189381957830199
666,17,interaction,2,True,10,4.1576438592711185,30.053207547007396,32.30223515298713,7.30727743788909,4.083514329851368,-0.7894580127884752,6.508406165169377,71.27856412900358,0.9086905545208497
667,17,interaction,2,True,10,3.1531236245818475,36.922117146008816,32.06607772959148,7.538491196416743,5.737763399019978,-0.31383793164150564,6.747401454576875,65.00742936615093,0.8962056872519525
668,17,interaction,2,True,10,3.210418186984987,36.408784481561966,32.30223515298713,7.451897805238841,5.867912792060821,-0.26994010806042024,8.721220795065337,68.16158698107493,0.8720507960372639
669,17,interaction,2,True,10,3.4398053842920344,70.70252353157609,31.692770445170634,16.328078905838236,23.92096321940791,0.3174154921742157,23.65325557591916,85.11771062158472,0.722111233923143
670,17,interaction,2,True,10,5.622523450486611,43.55663928192332,42.031558530150214,8.059563558397441,6.195613007083959,-0.30085006103226153,10.426748864638547,75.8362194965704,0.8625096433622975
671,17,interaction,2,True,10,4.720305918441701,58.46533442504826,44.34408657018606,22.381793781430698,12.589074858331871,-0.7778743897624596,24.673790991994835,70.97510006112702,0.6523598984609443
672,17,interaction,2,True,10,3.373179331812364,31.91536459338616,32.361721919292705,7.337652268325694,4.5843199376122366,-0.6005977698292024,7.385281924747024,62.40559676207522,0.8816567374092452
673,17,interaction,2,True,10,3.014823395006606,31.41050059109045,33.86235453119512,7.94710092788976,4.152749472273491,-0.9136962104142994,9.697454556849022,66.73676809125438,0.8546909771898312
674,17,interaction,2,True,10,3.4937034149911446,27.78884702593137,32.30223515298712,6.0093255361193885,3.4565569468779613,-0.7385293019827561,12.065956983285233,80.48351419012945,0.8500816334289114
675,17,interaction,2,True,10,4.0355004837740704,28.564183059662337,34.077101972849135,6.975888677987101,3.623956295493246,-0.9249373086155372,11.188231237518655,77.83580839526432,0.8562585592905673
676,17,transport_free,2,True,10,4.034044802714607,37.30736483319172,34.0447290074878,8.592247835995066,5.223810621985282,-0.6448237613808492,13.619287174053731,82.15545345651259,0.8342254031710403
677,17,transport_free,2,True,10,4.377986754714193,43.444759335449184,38.641502403826905,14.84507922937918,4.503941552074643,-2.296019510408859,20.40005883276766,81.06284602079603,0.7483426768962171
678,17,transport_free,2,True,10,4.797124150063027,44.08885025049406,26.052861349760047,7.19361492154767,5.436517782785846,-0.32320268395432916,17.91985499455011,83.5645569667793,0.785556752228411
679,17,static,2,True,10,5.090910778752797,35.45216818447863,29.565367334808663,6.072208752471188,3.143499584823608,-0.9316715617800597,16.361238543613144,84.56186599840602,0.8065175318633395
680,17,transport_free,2,True,10,4.969952095638245,32.26404921261325,29.743543236030565,6.120236482341357,2.963428935635362,-1.0652550188550998,13.645477924117763,80.7740186734689,0.8310660018132815
681,17,transport_free,2,True,10,4.4880911424087415,32.786459642965255,29.73678835707259,5.703317722867695,2.861271053767386,-0.9932811731898783,12.529348209237341,82.64787828240638,0.8484008486409684
682,17,transport_free,2,True,10,4.226973364572327,30.98495031332811,35.686278064487645,7.318391919730034,3.671260706466613,-0.9934274639878637,13.436290696992467,78.2650825116107,0.828323305031983
683,17,transport_free,2,True,10,4.017670032464995,26.925116587369835,34.11698235643429,5.5505277586672355,3.081646077654675,-0.801156790494103,8.669545238730448,72.63583372369028,0.8806436879115375
836,22,transport_free,2,True,10,18.184663552767724,39.389610834059106,34.900596754073696,5.031817956248298,5.548432357425843,0.09310997555663181,240.81701454066,438.3505699611787,0.4506291743569826
837,22,transport_free,2,True,10,17.52104390136958,41.88881865985718,37.39691253397519,7.657978697527835,8.015315637322901,0.04458176770121758,248.9776472149482,498.2019413742246,0.5002475371168245
838,22,transport_free,2,True,10,16.291490275066828,43.832745729806064,36.806754662771375,5.0744137521263974,7.693217524688948,0.3404042280305124,205.92316592360888,454.0708169640943,0.5464954843378709
839,22,interaction,2,True,10,15.64479058678248,51.77104574408307,36.806754662771375,8.298321706941126,10.520333513228502,0.21121115632820664,120.9431333733835,308.6201689394721,0.6081165602721726
840,22,interaction,2,True,10,15.667148150434443,63.007773231061215,37.465322384675495,13.894842350269654,18.016908961655492,0.2287887794825756,60.59501294417557,142.4464667897326,0.574612032788284
841,22,interaction,2,True,10,9.254309928692386,54.375129824675575,32.401194717569396,16.137082286177254,13.3149392824107,-0.2119531260269929,7.959706863032644,64.43980455573102,0.8764784139568788
842,22,interaction,2,True,10,3.4092586985033786,54.854358065721634,37.26700637089604,15.831656677967592,12.632445184855674,-0.2532535424691391,16.858013599019863,72.64493901236314,0.7679396000848612
843,22,interaction,2,True,10,4.155283232630394,133.50138860863294,67.50034345793065,89.81743091026816,91.98031204304853,0.023514609645682638,77.1546170715436,133.09525131646197,0.4203052602673836
844,22,interaction,2,True,10,8.642332831891727,344.14484190823646,63.58099688936004,773.415089385157,591.043945298259,-0.3085576724669228,227.1046222393667,202.78123673632663,-0.1199488961331634
845,22,interaction,2,True,10,10.153084540879163,139.211789446195,32.32304522867165,101.38071541416404,118.16349591042416,0.1420301622506378,349.20224594117786,335.9070329875881,-0.039580037474479024
846,22,interaction,2,True,10,18.97152412923467,119.16461228753607,37.84827046915798,90.51986825658334,81.24466000725438,-0.11416391241591461,583.5064786907545,739.9656431378188,0.21144112013579486
847,22,interaction,2,True,10,18.361975994902416,159.71924956336042,56.44598010306758,159.95691194745496,135.5474640698079,-0.18008044669191325,174.30242720001775,1283.6888168483438,0.8642175386181541
848,22,static,2,True,10,16.99578779859251,152.0818904253231,80.34315753045009,51.22776430517192,97.04286560994268,0.4721119993397712,177.31251397661387,1245.9700077664756,0.8576911860868432
849,22,transport_free,2,True,10,16.497175511744416,224.07055817272166,103.96134598357133,91.71551318986862,228.69930046758648,0.5989689824046163,538.1769633321766,1233.1430328071392,0.5635729603020461
850,22,transport_free,2,True,10,19.813001241175666,128.51982070335973,62.043527261101495,38.10369461454082,67.92462034030805,0.4390297005174544,360.65580683060625,1267.7013440432172,0.7155041220668524
851,22,transport_free,2,True,10,21.376335991019566,60.3090231911859,46.73991823313469,11.83731992892285,11.848703472888209,0.0009607417378116878,470.12140239230774,1156.2948561399742,0.5934242897510584
852,22,transport_free,2,True,10,22.60391090937653,94.33316484341569,49.01905984343302,24.534873747395043,33.103559315538455,0.2588448416216489,360.7716412115149,1243.7015422240695,0.7099210470010682
853,22,transport_free,2,True,10,20.28977772760851,82.43976471795038,46.73991823313469,19.931874237642983,24.58679977728092,0.18932620681847556,373.12056618822936,1269.0510466668213,0.7059845881154778
854,22,transport_free,2,True,10,20.804395217011255,49.22350321146588,48.68016529649296,14.868369911932582,10.70670905656007,-0.38869654843405277,402.24961073021996,1207.7001447754649,0.6669292353152727
855,22,transport_free,2,True,10,22.999034113381708,53.91342309239771,70.41465780695991,18.218559261217095,10.552818941720853,-0.7264163596315987,542.8638460078917,1156.1316104978437,0.530448055326393
856,22,transport_free,2,True,10,21.19150430547176,70.95194602738756,98.0477800574935,62.604315568861125,22.17067074952189,-1.8237447696620177,646.7554700891145,1299.5096511182178,0.5023080670985502
857,22,interaction,2,True,10,26.171361768774776,57.19752432589996,71.45165810860439,23.069383014511445,10.276977287436065,-1.2447634522569695,453.9521800291415,1231.534653035714,0.6313930924232165
858,22,interaction,2,True,10,26.421023014185586,165.73940429568498,54.837925391198496,133.7261052105106,125.38354029130586,-0.0665363643411434,402.8033203167479,969.0849994126803,0.5843467595093628
859,22,interaction,2,True,10,23.35858260958618,381.68478552244267,57.495394284470756,648.6259138181233,715.7721770493631,0.09380954636716632,1510.637098560459,188.1730397933619,-7.027914626980209
860,22,interaction,2,True,10,9.442580541548505,132.60571026406134,33.587649570298716,95.29893835241596,86.64508648862999,-0.09987700646962328,484.30685127367695,565.4996973271919,0.1435771697796996
861,22,interaction,2,True,10,18.351326925022512,132.34407489859544,90.95161248507686,149.63276201220694,100.41840939309127,-0.49009293133158893,281.43974773344917,128.3263422166493,-1.193156470230433
862,22,interaction,2,True,10,6.839464548022214,225.41309295548703,33.02628323425531,289.2106018363411,291.84903591417634,0.009040407036366327,615.9842571549234,490.13086460248115,-0.25677508119084713
863,22,interaction,2,True,10,22.515586224872532,36.92711667263842,42.315513228459125,8.137819533201919,5.676636983439921,-0.43356349136677985,463.80146333905105,628.5287780132077,0.26208396566162495
864,22,interaction,2,True,10,25.025134724867726,87.92060629372762,51.5969908939956,58.82936976416161,43.70562192299426,-0.3460366693285857,453.62147218147396,987.5974964756759,0.5406818326289202
865,22,interaction,2,True,10,25.794124235517394,139.81252032184955,56.44598010306758,61.52291508839215,81.6709130682603,0.24669735188375463,507.78511826585714,626.281195792018,0.18920586842194176
866,22,transport_free,2,True,10,25.42694765223419,117.21719234670036,49.71016933109186,49.24780639447021,55.49819875791011,0.11262333739343278,330.4309107413258,802.1986639880702,0.588093416787042
867,22,transport_free,2,True,10,24.475512415745623,207.5329174762258,54.887638789808705,160.12936789045338,193.20461052498138,0.1711928227005295,477.6197105511563,843.7600432672342,0.43393893280167406
868,22,transport_free,2,True,10,19.972820082631728,130.19423031038045,56.956887137944676,46.45402128696178,70.33235470672696,0.33950709484039676,355.99058594735016,992.0257208499303,0.6411478266487376
869,22,transport_free,2,True,10,20.465316440056803,62.35379303735292,48.80750610292798,6.546172505102503,11.865578551000015,0.4483056618801954,388.32945475351517,1013.0031168662125,0.6166552221923698
870,22,transport_free,2,True,10,21.029452341691353,61.079673350848445,48.80750610292798,5.240509056787992,11.032391117650995,0.5249888260031343,352.03584087628974,984.6228157970345,0.6424662975219368
871,22,transport_free,2,True,10,20.11180279159434,67.07173896633186,46.45589448306531,7.771208886675132,13.111075963248192,0.4072790891869823,372.2926539947069,828.8240550368381,0.5508182324918648
872,22,transport_free,2,True,10,20.49958893294371,44.94767419647668,46.455894483065315,7.26747544745169,6.758985354746957,-0.0752317198538699,483.99119658197645,638.9821502915971,0.2425591288252592
873,22,transport_free,2,True,10,22.97558096945241,54.562835892106506,48.71988173426336,15.085805441936847,12.80994841115062,-0.1776632471685189,533.1352954302916,636.4104469728239,0.16227758678974413
1026,27,transport_free,2,True,10,3.3453295303560573,38.75763217341524,32.78350914495372,6.931738961646505,3.4296974786320678,-1.021093406877164,10.906330331584096,60.72568967401195,0.8204000581939616
1027,27,transport_free,2,True,10,3.5847661872728582,38.510621114401445,33.28434693624656,6.41445527876095,2.892613353305698,-1.2175294432041763,11.762124235603679,62.705318157026056,0.8124222222085042
1028,27,transport_free,2,True,10,3.648796251987542,40.80855908461777,33.316665950087355,8.254556680925916,3.9413717000555106,-1.094336010178806,10.32439932433904,63.2849983316093,0.8368586616651255
1029,27,interaction,2,True,10,3.3164059368042578,40.33988676463324,33.347006682897444,8.437565488044322,3.7269760315644667,-1.2639172928897264,12.980039611528007,68.79137222128281,0.8113129714904537
1030,27,interaction,2,True,10,3.8264522139157364,44.681431742514285,33.347006682897444,9.20057423202184,7.952081304215032,-0.15700203255530587,18.50494304157365,76.10264557338185,0.7568423160305211
1031,27,interaction,2,True,10,4.632747166902998,32.99677456164618,26.728733687545173,4.582391518354261,7.031915213853146,0.34834374718756966,10.648755116938062,69.93053093656043,0.8477238056922748
1032,27,interaction,2,True,10,3.937969359592447,37.85518447329392,25.82345420292697,3.8896428384775814,5.402536649908554,0.2800339746805014,3.6383550461983027,65.00310166239382,0.9440279778479679
1033,27,interaction,2,True,10,2.863549072463691,66.84069724444598,37.840713373724725,27.200464109499624,22.563718458323706,-0.205495634938905,31.074052136244287,80.06967653782137,0.6119123558396506
1034,27,interaction,2,True,10,5.519288608638797,587.705121309778,27.140389556245744,1821.5795714734877,1828.1985109890368,0.0036204709038780702,2031.1699564831604,1848.9027887446518,-0.09858126065257466
1035,27,interaction,2,True,10,25.345924406871116,175.1004781335846,79.59054304287129,156.20192774751618,167.52205783151496,0.0675739674555812,421.9251881452681,2779.4212261127145,0.8481967453578921
1036,27,interaction,2,True,10,15.598123082829446,110.10107778291395,49.0537324276448,66.49869332849654,67.88156047401289,0.020371764229635603,63.92228774825896,3776.607492600127,0.9830741511069107
1037,27,interaction,2,True,10,8.609187158005408,67.91433472035989,55.600872219235406,14.537435768240876,15.614521931734254,0.06897977204824679,76.12781090612987,3889.296239589247,0.9804263274853628
1038,27,static,2,True,10,9.914190977582289,112.40195403015454,68.74935648828058,28.490855274828693,56.49458425840308,0.49568873461369134,132.46692197003662,4006.5307112349933,0.9669372503251811
1039,27,transport_free,2,True,10,12.401093979489,229.73793451369664,73.75083564337933,139.74888074772386,252.45940541127143,0.44645009156991167,348.901138777825,4079.888823632083,0.9144826847347229
1040,27,transport_free,2,True,10,14.304783803580017,112.54049254560542,53.25225847790365,30.736341749926982,55.41332440577521,0.44532579339846246,181.24416640790994,3582.9108410575486,0.9494142683287053
1041,27,transport_free,2,True,10,12.903917367432715,53.48225885634722,37.044463741841724,13.814901468499057,9.818710098591053,-0.40699759232950994,220.58212447616043,3279.524456694184,0.9327396006985382
1042,27,transport_free,2,True,10,13.662157620405537,56.32670631136024,44.02400356317045,9.643910616053153,14.258622031947011,0.32364357548397127,114.26659182226949,3784.051296914821,0.9698031070785345
1043,27,transport_free,2,True,10,13.223122156760198,41.05274853234205,37.044463741841724,4.970175760352614,5.6901213732338425,0.12652552830732766,90.35452202720548,4014.8545652338194,0.9774949451943739
1044,27,transport_free,2,True,10,13.405990731276082,45.028211756648034,43.1047801133322,9.167294962353575,8.799468135343771,-0.0418010294886344,147.66041055942108,4197.490602308965,0.9648217412379206
1045,27,transport_free,2,True,10,12.673128279708227,67.90634992334779,75.33607198360755,55.09264801486589,23.92801925839976,-1.3024324504221552,178.60615563227054,4038.4659533553,0.9557737621920823
1046,27,interaction,2,True,10,12.182006124004147,69.70521749930596,73.75083564337933,21.66615383052016,16.536289121233473,-0.3102186150518902,147.26381760547596,3787.2051669057378,0.961115437079477
1047,27,interaction,2,True,10,11.956649759875262,103.45740682425328,68.74935648828058,59.76224893248695,50.09697897258959,-0.19293119381880652,179.9224485500324,3333.270316727933,0.9460222449865239
1048,27,interaction,2,True,10,12.035265765386804,193.68817816158565,67.20394507744606,122.50219013058104,174.07478354680347,0.2962668823445994,639.4744526756508,1633.245520548191,0.6084639788505195
1049,27,interaction,2,True,10,20.28080233398881,230.1298015592708,51.7554185867207,230.99599369671782,258.74811960423654,0.10725537232875926,2525.491266146686,357.2153151871667,-6.069941177699586
1050,27,interaction,2,True,10,16.447237316604845,111.50617949212266,93.70388191412192,112.3449886235157,52.27134427390023,-1.1492653419210233,403.67350143788275,234.68840858551104,-0.7200402178823431
1051,27,interaction,2,True,10,11.982863023947246,288.67661327656276,56.97191030482215,373.22479177832923,431.5085426475739,0.1350697497473341,536.1411808032307,730.033171343956,0.2655933978777697
1052,27,interaction,2,True,10,24.685334874864232,144.13312257104022,79.77369112964428,81.11720275356707,120.04648043856217,0.3242850397843897,1039.9188714005645,2064.449021359776,0.49627292287624103
1053,27,interaction,2,True,10,20.291303731614683,141.96411494412763,48.073433268021006,131.07140281212523,112.8005265724651,-0.16197509705703883,155.94951100079527,3049.687347994415,0.9488637708703637
1054,27,interaction,2,True,10,15.265561539898297,64.74001746426468,67.20394507744606,29.00105815917931,18.932564102757382,-0.5318082644154642,90.16129416384139,4026.708606702761,0.9776091833380341
1055,27,transport_free,2,True,10,7.8489335026200875,84.23468524159273,68.74935648828058,5.748926900335341,27.59057705322456,0.7916344087604557,72.05034342613727,4223.479737875839,0.9829405258464968
1056,27,transport_free,2,True,10,10.075848403142754,210.38483456160444,79.05826403094464,102.01097900225305,213.42937857298753,0.522038719859891,195.9487364928967,4397.8284509393125,0.9554442064580657
1057,27,transport_free,2,True,10,10.84942395913134,129.55972697609775,53.279565551336326,44.99926750146208,79.40303325807405,0.43328024566509415,161.254416273869,4139.8970322270825,0.9610486891295649
1058,27,transport_free,2,True,10,12.210297257194682,88.79683400378585,44.02400356317045,53.676603169570704,36.50419928721812,-0.47042269705023965,89.78422410312857,3510.2445134087793,0.9744222307704885
1059,27,transport_free,2,True,10,12.561231204694398,54.09352110782463,44.02400356317046,8.515139878565874,12.5564125349184,0.32184930569253467,64.00902988941596,3802.800442521248,0.9831679229933564
1060,27,transport_free,2,True,10,12.245654716029968,50.0101492050848,44.02400356317045,11.976007364844643,10.129632885545101,-0.182274570081834,45.62894101791209,4279.2022508935015,0.9893370450045018
1061,27,transport_free,2,True,10,11.034832985123433,44.46268418882183,43.1047801133322,9.793448488043401,7.593117046255435,-0.28977973451272754,71.13697713688296,4313.629433708175,0.9835087880797098
1062,27,transport_free,2,True,10,12.242985176281675,58.814133145328526,53.279565551336326,20.278910471167006,17.71255675542393,-0.14488894805981123,153.24336853691975,4447.856772789216,0.9655466944272079
1063,27,transport_free,2,True,10,11.786358209765162,55.922981769928946,78.57554697627029,35.48172858388693,11.604255372439132,-2.057648030407738,121.64863360680033,4094.5602400294415,0.97029018344448
494,13,transport_free,3,True,10,15.57887722983123,49.10169897624364,38.89501211399063,11.65636319884446,7.930919248230203,-0.46973671449820853,230.70450017070107,514.2456442091196,0.5513729619907402
495,13,transport_free,3,True,10,16.354084214067377,40.849402565859194,32.14960091882518,7.260946967693054,4.7485906004028555,-0.5290741145545499,126.81111525182534,479.48876886355896,0.7355284972526435
496,13,transport_free,3,True,10,16.699789977939325,35.518456826231414,28.792473903514306,3.1692160651806223,2.5395222614580204,-0.24795758370752563,122.4068770907091,461.3296809673282,0.7346650732854579
497,13,interaction,3,True,10,16.92056463718689,87.21068407769427,28.619536126383235,34.861716443618455,37.76301989559854,0.07682922234506584,234.04417212982992,290.2229014171494,0.19357097256281464
498,13,interaction,3,True,10,13.444377742791215,136.422202450982,32.0587617852612,94.41926311647295,85.4552329106159,-0.10489738194538889,190.44151435460776,278.67112113472825,0.3166083604962583
499,13,interaction,3,True,10,13.991573228260723,76.39914663878285,30.437637207235436,30.72994782489675,32.031423491245256,0.040631215365880324,76.9830747102671,83.75493092124614,0.08085322423997388
500,13,interaction,3,True,10,4.991287553439544,55.99569116240778,30.165176228279716,14.42525949125718,15.161665543894038,0.04857026099836548,8.990147391030886,90.83711809041868,0.901030024069212
501,13,interaction,3,True,10,3.155612618494307,46.55402172841162,29.7456466617925,10.186186479284341,10.895963054458386,0.06514124282787648,6.776465326079891,89.5313210563635,0.9243117911572662
502,13,interaction,3,True,10,3.0214166335622337,52.61597110832762,30.955783660401284,12.403076760553942,13.322048293487185,0.06898124918091653,21.59886558043998,104.01755347526664,0.7923536474487859
503,13,interaction,3,True,10,4.961692112596863,47.52254570578149,33.33527572401823,9.895028586394575,9.093732038076599,-0.0881152583958762,46.53170705471158,121.88883993450708,0.6182447295444451
504,13,interaction,3,True,10,7.042791006596832,57.26808143247589,33.72784804754805,16.18037758989438,14.47614966915088,-0.11772660270121849,100.17834843666905,174.43903238033172,0.42571139572564887
505,13,interaction,3,True,10,10.134744805687932,47.745990622106284,26.983796024941498,9.42765670753311,8.442905673995986,-0.11663650780443291,121.72435374408161,195.24697983252793,0.3765621683444731
506,13,static,3,True,10,11.187093617900384,53.34703191649008,26.016879828476906,11.762938555518092,10.305045850450787,-0.14147367476327433,131.83083153845934,208.10575474660607,0.3665200095068043
507,13,transport_free,3,True,10,11.614036204655042,85.59550905605687,26.016879828476906,32.761855312597554,31.71224054273101,-0.03309809562185384,165.18531714483598,248.9627553956217,0.336505908755937
508,13,transport_free,3,True,10,12.72130520538534,48.55160884099517,29.69167427245255,9.724579321354534,9.972132462562122,0.024824493871994147,155.53796439431827,245.85994805460146,0.3673716860959564
509,13,transport_free,3,True,10,12.755026796312105,43.32690534793608,29.70406121246608,6.26305768954231,7.0805387221247535,0.11545463765744801,156.7720696481132,244.2174103454122,0.35806349995120945
510,13,transport_free,3,True,10,12.667395570594167,51.86868795797218,29.70406121246608,8.903124479107545,9.879047603896627,0.09878716693339396,173.59266250574993,268.27113049729275,0.3529208223636955
511,13,transport_free,3,True,10,13.316536813465216,44.95606035768949,30.98078289532826,7.54460415130966,6.936836008388956,-0.08761460443719704,173.27253418902833,274.24530012808685,0.3681841252772572
512,13,transport_free,3,True,10,13.333799630599641,40.25410839321908,29.69167427245255,6.9666089315972775,5.998671900154341,-0.1613585552858845,137.5395978205842,229.50023959629706,0.40069954583697365
513,13,transport_free,3,True,10,12.061080999605835,46.502426140495885,26.989116499277806,10.155475310401407,10.633504018922412,0.04495495630324198,140.13540403658365,212.85081254584009,0.3416261729966207
514,13,interaction,3,True,10,11.935087182782151,41.13752400150837,26.016879828476906,8.184267834018081,7.601226442700489,-0.07670359457288511,146.5449797501881,215.9911799187366,0.3215233149551596
515,13,interaction,3,True,10,12.268573057265016,61.827218125153266,27.814014748025958,18.259156049955294,17.237086256423378,-0.059294812262776775,66.75248562687271,144.5518317646289,0.5382107247484449
516,13,interaction,3,True,10,8.541780047723519,72.25464257909509,26.287461007670732,23.657147327462855,25.463938957315747,0.07095491521879427,3.9202734377829564,92.33048006966472,0.9575408528708499
517,13,interaction,3,True,10,3.0971237757161036,47.41386102900114,29.85379998126535,9.769894854786536,12.822698659676552,0.23807810554654507,8.06892498383918,90.72066407998248,0.9110574744390613
518,13,interaction,3,True,10,3.198884914282271,31.41653418679691,28.91049203862137,4.698721542687259,4.575098121834667,-0.027020933226021615,10.98052829374374,97.7357777672032,0.8876508833858339
519,13,interaction,3,True,10,3.7529482081041046,75.53097813384494,31.08668282129239,25.29342702827095,27.449067993213813,0.0785323919003661,18.179909006331577,100.8112330053698,0.819663856255352
520,13,interaction,3,True,10,4.324953387308394,71.20732610545011,32.63762899967381,22.73877421107414,24.19891898466012,0.06033925624990011,51.10015606175384,127.31720808885314,0.5986390462937919
521,13,interaction,3,True,10,7.401239091365327,54.254604773238455,33.72784804754805,14.189781278962228,12.730194093385828,-0.11465553273337381,109.84238195390712,186.2464252073854,0.4102309247997774
522,13,interaction,3,True,10,10.60185591510421,55.400315289424476,28.11477050903525,14.262797845337689,12.575991748640705,-0.13412907152068576,93.66744539490384,165.42201924344724,0.43376676319579976
523,13,static,3,True,10,9.95221608785656,64.9450375314726,26.23078379153435,17.59219471859986,16.303051987721837,-0.07907370545397896,121.3254478178389,196.40202548074737,0.38225969146264216
524,13,transport_free,3,True,10,11.051935939557838,61.48861982124757,25.73332754720269,15.66962309511183,14.037701576265128,-0.11625275761709775,155.59027347873965,236.3403340107138,0.3416685555175427
525,13,transport_free,3,True,10,12.288164412230119,52.47169564224824,29.632939900574158,12.555745718778828,10.775622576882254,-0.1651990990957315,138.0774552335824,225.2792333928841,0.38708307395215125
526,13,transport_free,3,True,10,12.056961280688544,48.18929774315374,29.149859162518307,8.130129839809138,8.983430491521029,0.0949860582232227,156.15933050508815,244.11208405742488,0.3602965985561237
527,13,transport_free,3,True,10,12.743901190547232,55.03391338052052,34.49388800664662,18.31291891082528,11.699208291246089,-0.5653126651764879,149.84930522030191,234.0870328282948,0.35985644565703956
528,13,transport_free,3,True,10,12.269928145472356,55.23531907584592,28.197085158501142,10.673046226425662,11.085139618180762,0.037175300081852325,156.0375827739772,254.21437083098746,0.38619684534782805
529,13,transport_free,3,True,10,12.714720705357193,40.51403062250424,29.69167427245255,6.365823398377199,5.650987286878739,-0.12649756143643542,130.07556689420582,223.3874377082864,0.41771315241071516
530,13,transport_free,3,True,10,11.70273125591936,36.38553285325792,29.69167427245255,5.723913535595511,4.631515617576624,-0.23586186644243012,97.49398287166423,176.6382327176021,0.4480584334902662
531,13,interaction,3,True,10,10.198591835105699,39.6028749956511,26.43701971358793,6.9000708564150015,5.797552249020871,-0.1901696716196617,95.67320338654203,165.00168683689466,0.42016833148429766
684,18,transport_free,3,True,10,14.568991967018224,38.165659952374554,28.824129044439495,4.327281749146729,4.327867580288529,0.00013536253846302415,260.4021319402132,295.2039386962943,0.11789072635607745
685,18,transport_free,3,True,10,16.33117839089133,33.88628590737027,32.19630160083627,4.4576885352810836,3.5108096358043617,-0.26970385685972476,338.8499158745978,362.8536090681545,0.06615255462168523
686,18,transport_free,3,True,10,18.48244971126051,77.99956977573625,32.19630160083627,25.235790081143975,24.490524775134904,-0.030430760992338213,208.07385857042945,235.51162612316205,0.11650281561210007
687,18,interaction,3,True,10,14.407277952508423,101.90150071163355,42.24135894109453,71.72829977822778,62.755979558594845,-0.14297155877003775,441.9991634900428,449.86825263421156,0.017491985927193476
688,18,interaction,3,True,10,21.28161173786831,73.28265090227863,53.02410133481357,43.6973061782223,32.322111368208574,-0.3519322942870049,178.44147038535107,269.81983798565074,0.3386643779882458
689,18,interaction,3,True,10,15.805070878282859,35.03431950524991,28.310400310886283,6.205916778767221,6.106326064677895,-0.01630943271526375,38.00019051221168,102.91227585168684,0.6307516261036139
690,18,interaction,3,True,10,6.174904399616658,57.24634010151201,28.464631032735216,16.837812347912358,19.473913559432557,0.13536576525694566,15.88219390435566,94.46956237073861,0.8318803061453043
691,18,interaction,3,True,10,4.790071569303829,230.6696168813,32.333746447333624,279.9100799438861,260.1525708258819,-0.07594585383216423,300.0730151855409,379.16731003551337,0.2085999841140429
692,18,interaction,3,True,10,16.57581471568856,443.1215133932371,30.920750474813502,986.9562025069519,997.1082770729496,0.010181516691246006,1960.5935916307315,2085.9145789555064,0.06007963537391248
693,18,interaction,3,True,10,28.298887863237184,56.91470298517194,52.964532092489485,18.79264549412051,12.955427309591137,-0.4505616098210805,946.9742535070127,2689.056471333163,0.6478414404448978
694,18,interaction,3,True,10,31.69524643705543,94.91041538039259,52.964532092489485,33.00381578687822,41.873250706569436,0.21181624951558164,1237.5871911323834,2808.0759198605842,0.5592757366781496
695,18,interaction,3,True,10,36.00475371899239,42.46490385438636,52.964532092489485,9.619025523073812,7.480920316720877,-0.28580777709581784,1171.7570486616025,2623.8703090214117,0.5534241747266021
696,18,static,3,True,10,35.670595087830804,94.8013674732075,52.964532092489485,36.26125244183839,33.85725404614079,-0.07100393884339895,1325.1089505567027,2771.0738291495127,0.5218066957951099
697,18,transport_free,3,True,10,37.14492109117781,128.27729789524574,52.964532092489485,64.91179237803158,73.61289358099273,0.11820077678902474,1442.2405257248518,2616.364365521525,0.4487615927159415
698,18,transport_free,3,True,10,39.2164030597347,96.23855472412008,49.82854393143016,44.26516530528399,46.833640326982454,0.05484252353150254,1312.3139960783612,1946.8578273273317,0.3259322906593952
699,18,transport_free,3,True,10,38.126636689705194,44.26147488605981,40.019311519309554,16.488839355138975,9.091276400015472,-0.8136990483658502,1217.7326629628255,1808.0560539971782,0.3264961778863489
700,18,transport_free,3,True,10,37.05389289621635,67.79092240825632,40.01931151930956,28.50004353006271,17.94739917740646,-0.5879762437078191,1427.445892530386,2177.556694135179,0.3444736036609606
701,18,transport_free,3,True,10,39.17675957107021,42.83084147482633,46.46405120383092,17.43926643877736,7.037288761712429,-1.478122900634498,1392.6622924074957,2468.099671177052,0.43573498725708826
702,18,transport_free,3,True,10,38.03732746139128,38.61676687458331,52.964532092489485,12.959706616099716,4.3892756954943986,-1.9525843248814114,1217.192562310344,2559.3506357322417,0.5244135190713719
703,18,transport_free,3,True,10,35.926731427258886,63.372396495909285,52.964532092489485,13.686254065367747,12.762430513373625,-0.07238617683567838,1233.554033195386,2624.724116868629,0.53002526045783
704,18,interaction,3,True,10,36.33528543116117,75.8929099937821,52.964532092489485,20.90082102363839,21.39414546985454,0.023058852568394017,1270.5109985466786,2628.4863086162277,0.5166377719442861
705,18,interaction,3,True,10,36.86379809162801,107.83048266014319,53.574792722762,77.4947312375765,57.27068438473066,-0.3531308743751964,1045.3479714118678,2798.3482811661866,0.6264410765281052
706,18,interaction,3,True,10,33.67709096771338,107.157416033092,52.964532092489485,67.69186154614381,64.27916111792663,-0.05309186319274195,455.3921747559538,1879.9817251437953,0.757767765151482
707,18,interaction,3,True,10,24.898082968911922,261.8824164865015,67.66251985765074,242.88638315834442,351.3367402125527,0.30867923744211223,638.830889192992,406.0587580386728,-0.5732474095095126
708,18,interaction,3,True,10,18.257012642193175,97.75051402701983,49.407481145329136,43.8930309575023,40.5999384376621,-0.08111077618741902,331.6772577105789,529.6003538208373,0.37372160853430136
709,18,interaction,3,True,10,19.631125378239012,288.6749970418317,51.06029781335369,403.1513532950866,426.24644887590847,0.05418249381719886,926.006662487493,1117.3765284808285,0.17126712537403987
710,18,interaction,3,True,10,22.611563476704728,163.99014614041087,44.79156298603285,153.04515685538794,122.94685856226295,-0.24480737975002897,1330.3718084147797,2116.5570164228097,0.37144532460399327
711,18,interaction,3,True,10,28.683519934093027,60.426481577300905,52.964532092489485,20.901741327395886,13.556947289441638,-0.5417734450936817,1104.1600404137587,2921.9669041654547,0.6221175404691592
712,18,interaction,3,True,10,33.56767457699817,96.02721111187084,52.964532092489485,30.04285682712053,41.659971111425236,0.2788555530495487,1381.1700409319303,2907.6093808260102,0.5249808829067817
713,18,interaction,3,True,10,37.5970445516834,48.89050675911753,49.82854393143016,19.36703409036913,9.380383182765485,-1.0646314455418042,1345.132464891032,2900.6230746610668,0.5362608549033181
714,18,transport_free,3,True,10,37.23306395928705,116.53235793391728,52.964532092489485,64.71312284569728,62.50534066132875,-0.03532149670747198,1266.8271629379449,2787.467329182487,0.5455275297129736
715,18,transport_free,3,True,10,35.289913713199844,105.05814960886815,52.96453209248948,39.800621202999864,51.63340576264068,0.22916916645080998,1228.7820301991846,2424.120351681332,0.49310188772314023
716,18,transport_free,3,True,10,36.4363343466474,75.74098957637787,49.82854393143016,28.36325847348878,32.0208901690193,0.11422642144625128,1088.4403242376227,1896.6886055180512,0.4261365196843516
717,18,transport_free,3,True,10,35.73627525780195,53.55016680623623,46.46405120383092,21.204955212570884,10.15063793815357,-1.089026851491476,1156.2520016512105,2042.0349231839907,0.43377461936431816
718,18,transport_free,3,True,10,36.38016653882177,72.71611730065544,49.82854393143016,38.8404162610019,20.972784470875695,-0.8519437089976523,1218.3007338480672,2422.0495667077066,0.49699595309929845
719,18,transport_free,3,True,10,36.27909370562866,41.9677478152807,49.82854393143016,11.499175309427825,3.6241695424929112,-2.172913180413197,1267.1304410740354,2687.780283325545,0.5285587706201058
720,18,transport_free,3,True,10,36.00985286018322,51.25362811047461,49.82854393143016,11.516802790030198,9.656126617115897,-0.1926938457513776,1250.3280205365602,2853.195742283772,0.5617797958944922
721,18,transport_free,3,True,10,35.39573997680375,36.503454991175424,52.964532092489485,13.644932465364844,4.398561020738781,-2.1021355395617642,1142.3269982050067,2913.708504182396,0.6079473987994037
874,23,transport_free,3,True,10,3.495790108530233,33.824488556335616,47.37677240434827,15.556563171741944,2.970844347780749,-4.23641138700614,25.87186886732356,85.81316412043368,0.698509323918951
875,23,transport_free,3,True,10,2.8957963338415755,36.319158674264685,32.21376085793585,7.2837880476304235,3.893504584988687,-0.8707536844088724,12.163391975661384,94.52151728057197,0.871316158208122
876,23,transport_free,3,True,10,3.629512045030397,39.815787994069396,31.604609412114208,7.599933301679559,5.647298508668513,-0.34576440222059857,19.37496038920423,112.60538663461894,0.8279393111799176
877,23,interaction,3,True,10,4.585533812212802,34.533512755784386,31.41879654703047,8.029289617967889,6.638414665935184,-0.20951914305232178,25.438545747512347,120.14762126562898,0.7882725810170523
878,23,interaction,3,True,10,5.251463163113452,33.68160827176134,32.60450091454534,7.010356737204418,6.432910811346418,-0.08976432952241398,21.9070385979073,121.78701488382448,0.8201200791496126
879,23,interaction,3,True,10,5.036077961251241,73.43842010764337,30.77536738956944,24.89342554922823,24.68624851867313,-0.008392406420051568,68.67206273631827,209.5131168236784,0.6722302461181409
880,23,interaction,3,True,10,8.18080803621907,80.82402804607594,34.23491158837693,35.855764616872946,30.76407085130985,-0.16550780259779252,59.64404526024733,98.44352917218315,0.3941293474360654
881,23,interaction,3,True,10,7.319564893359056,45.85522604454571,83.23375323955031,49.68284739442856,10.219653160152056,-3.861500347991198,45.520923954522395,87.32083253528002,0.47869342706815476
882,23,interaction,3,True,10,3.006126406331232,158.46252513998684,31.189792878484738,127.26703045369419,130.35188040310575,0.023665557718629326,157.12103753304157,234.51035399243128,0.3300038362565749
883,23,interaction,3,True,10,10.795620969294738,197.6851679271697,35.269647425095556,209.85414199240643,198.6891692533369,-0.05619316231995386,597.7032018562637,700.5697124403541,0.14683265456305084
884,23,interaction,3,True,10,24.264818128482283,74.95406814967873,33.761065311828204,26.768574689727725,23.568519619570967,-0.13577666827658863,646.4054901063032,742.2149417079072,0.12908585669420414
885,23,interaction,3,True,10,25.333279010585358,51.44498102144596,36.02260369834114,11.275946423050106,9.598799543882421,-0.17472464879596084,552.1935848561046,649.2127258052582,0.14944121871427396
886,23,static,3,True,10,23.618953151888256,64.8772116000957,34.26439396085224,17.881563061104682,18.333308393792972,0.024640688029948565,495.24701863337805,586.5318256597376,0.1556348744139866
887,23,transport_free,3,True,10,22.44642894068845,119.40005949358066,35.42002590756464,59.736557744678926,65.91194437490667,0.09369146501129122,411.07493380310024,514.3724917332927,0.20082247707708534
888,23,transport_free,3,True,10,19.96222550226121,68.67291262878443,33.73647497926633,20.138114601858952,19.51578354316468,-0.031888602234074304,305.0554238894595,435.09316317129515,0.298873322517918
889,23,transport_free,3,True,10,17.43856821702042,47.27963531761698,34.14698990254137,11.252875772553166,8.597321867309319,-0.30888152685563575,297.20108645398767,431.29589130018735,0.3109113894916936
890,23,transport_free,3,True,10,17.277661533389818,47.80647889710896,35.42029463696718,7.6232349903848045,6.891214639545954,-0.10622515610500294,309.30822440231094,441.0541889258407,0.29870697939495516
891,23,transport_free,3,True,10,17.569142494862493,47.001321060814334,32.772918328017255,9.062464155970092,6.14264975722385,-0.4753346705650108,361.7479166755595,480.6286104257733,0.24734418877998388
892,23,transport_free,3,True,10,18.990697225273365,43.19741336576499,58.97070460935802,23.972868516599735,5.806800042890118,-3.1284129536976675,438.08880890795666,514.6115155143041,0.14869994996103109
893,23,transport_free,3,True,10,20.470358861094248,42.32808995509776,34.13137936448479,10.294405321688446,6.872072656772763,-0.49800589077631585,514.6027378065041,586.6298495730488,0.12278119127242881
894,23,interaction,3,True,10,22.4225156901647,45.59225382243116,35.42002590756464,9.844768335511429,7.345640947574755,-0.34021910487767415,493.6327297376758,582.9682899637382,0.15324257213307313
895,23,interaction,3,True,10,21.99026082839527,39.322397138261934,36.011726700884594,8.360682020424035,4.309178407717736,-0.9402032659984692,465.12839787595544,591.421977300703,0.21354224948007772
896,23,interaction,3,True,10,22.003150361242078,61.56006979399729,37.68987523052197,22.16454558763328,18.160304923476136,-0.22049413162555398,323.07052947008344,455.92087522752007,0.291389039142241
897,23,interaction,3,True,10,18.409434772971075,123.91903782713496,35.79595537050449,75.5959087650292,81.96812853925212,0.07774021302891476,45.65075595086071,163.74044445784506,0.7212004883581864
898,23,interaction,3,True,10,7.45647850608338,55.94153573081849,36.51742128706468,8.30017045491816,11.259024626359517,0.2627984456587934,23.30511990957343,133.35111661465996,0.8252349099039237
899,23,interaction,3,True,10,6.392568299282713,207.0881437548091,34.25963550347927,220.7745057507194,216.01655058211347,-0.02202588253439086,253.8442976488898,377.85226680419333,0.3281916771444583
900,23,interaction,3,True,10,16.167739803532946,80.62967830286382,33.41141376245488,37.65704073876188,30.327561770800312,-0.2416771589933242,465.83017953393255,590.602773037865,0.21126313522394002
901,23,interaction,3,True,10,21.785012692745035,64.54030110848561,33.059570945962356,19.702041446307224,16.96879287573849,-0.16107501521081424,662.3471995623719,773.8021150824078,0.14403542371833178
902,23,interaction,3,True,10,25.924645310510225,41.17457313953397,34.28414649720621,7.252046969246737,4.26837619182004,-0.6990177630417476,687.4494264964095,788.7082032491663,0.12838560108239105
903,23,transport_free,3,True,10,26.334196928138326,74.81909224089245,34.28414649720621,25.581616570350096,24.457166965251,-0.04597628199115311,623.9476983976124,722.0794482544565,0.13590159655432132
904,23,transport_free,3,True,10,25.123400193048383,109.20227304544214,33.40216450047142,53.65861087926882,54.906405235777164,0.02272584320809401,547.5948712611679,661.2697408105547,0.17190393349928468
905,23,transport_free,3,True,10,23.537368949844343,85.90141431418054,57.95609005602761,47.57615185636746,31.414743442627156,-0.5144529810741869,440.00854957230314,539.7356065065366,0.184770201802548
906,23,transport_free,3,True,10,20.544899338178993,54.22097708195066,56.12469562269465,26.6582507913503,10.8979319595919,-1.4461751908706706,334.68551569444907,433.3182548727888,0.22762193392312957
907,23,static,3,True,10,17.69567143607115,45.80130566952535,56.69660327482599,23.696829035533323,6.38734297681955,-2.7099665888511106,335.8336807602801,439.6544894592762,0.23614181405649604
908,23,transport_free,3,True,10,17.77163853373669,50.49019617470592,56.69660327482599,28.689560430092616,8.254064968091487,-2.4758098635036845,421.05442423111964,524.455650822644,0.19715914287382075
909,23,transport_free,3,True,10,19.98774944540387,47.63422823832613,58.489685253498614,29.414551438037154,7.244623909008083,-3.060190260734256,573.3196426279709,663.6783027837643,0.13614828114281974
910,23,transport_free,3,True,10,23.390637081041998,44.80906498122615,55.947372851504745,24.828185240488764,7.965013212092969,-2.1171555626289607,683.5290246004016,751.263763656179,0.09016106237592558
911,23,transport_free,3,True,10,25.48066287781944,45.293459428637995,33.40216450047142,10.34289758614087,7.8847239670149145,-0.3117640680142413,648.217476155931,729.5740373461059,0.11151241275815826
1064,28,transport_free,3,True,10,43.63405825889385,53.28851221016875,64.02370456384459,14.89210286667475,7.94922393182092,-0.873403365460788,1845.588948035088,3980.2952079523643,0.5363185764845471
1065,28,transport_free,3,True,10,43.526551421825985,61.03680355241115,73.75980662523669,22.732218055760807,10.91675478800965,-1.082323776359674,1829.0738284314946,3868.4828688520174,0.5271857494423189
1066,28,static,3,True,10,44.8603100799986,38.487092714901365,73.75980662523669,23.448360458477367,4.1004957929765435,-4.718420806245051,1911.020750396365,3762.7564972136875,0.4921221312589663
1067,28,interaction,3,True,10,45.103591606965566,55.97994467484781,81.26174070707671,65.22526488115756,20.324419254480258,-2.2092068198592925,1864.9042124938687,3888.047737900853,0.5203494560226964
1068,28,interaction,3,True,10,44.83952966040491,80.7353814047788,54.66354619238763,55.424055795180976,38.453335872354224,-0.44133283986494765,1888.3962444460603,3597.123051168423,0.47502595335662245
1069,28,interaction,3,True,10,43.343904982096554,152.78626874378708,96.8569243797413,85.78321013925483,113.28008158944498,0.24273350675934013,1494.244982859923,1678.008671758467,0.1095129554401939
1070,28,interaction,3,True,10,38.34197750820344,218.0130378327257,45.61563495665485,209.7473491153005,244.55037214826618,0.14231433273740957,409.8860305567221,238.120419919656,-0.7213392731921999
1071,28,interaction,3,True,10,15.124386139816774,202.8662930750562,82.4230396640105,139.5579811857699,212.936316053739,0.3446022558662587,60.64937889170229,86.2594625531507,0.2968959335408353
1072,28,interaction,3,True,10,5.6398386685226365,108.79962222772517,68.23868637417,77.56105224112284,57.909249427461845,-0.3393551636043426,150.53749421960757,205.98618840853916,0.26918646641957555
1073,28,interaction,3,True,10,8.164987557599808,44.33198300338128,66.05518920181784,28.93657138460766,7.515476841677273,-2.850264194034788,178.12662192582118,347.62019838234295,0.4875826469384209
1074,28,interaction,3,True,10,12.109874559709336,42.59958297934358,37.14361362817125,10.473918228106134,8.387601333161328,-0.2487382044132591,228.50737166800255,458.3918017432722,0.5015020539220272
1075,28,interaction,3,True,10,14.855831901541032,46.135564500947474,37.14361362817125,9.189642002256614,9.840833882961624,0.06617242892723563,196.03704125812774,429.4512551723404,0.5435173633863117
1076,28,transport_free,3,True,10,13.919090279194439,69.81246050040595,37.14361362817125,14.150695295255284,22.2241906798659,0.3632751131821791,142.13627112759053,331.4873088212308,0.5712165523530078
1077,28,transport_free,3,True,10,11.995667270894538,90.17688049588183,37.14361362817125,27.822846340163313,38.52994796988634,0.2778903734334477,103.54925296645031,198.24996783342587,0.4776833807435734
1078,28,transport_free,3,True,10,9.965962294883418,67.80655652138933,34.49003567736831,15.086664433819927,18.44513211016741,0.18207880845137525,99.47574293134683,162.49834897817044,0.3878353622859878
1079,28,static,3,True,10,9.937809316819967,39.20641365316627,30.870369609189463,3.9361998763454698,4.20405827560518,0.06371424506981938,89.44779481421902,163.44319759674894,0.4527285556728594
1080,28,transport_free,3,True,10,10.00665446517407,40.85707077064363,30.870369609189463,6.103192979596496,6.478881876424943,0.05798668720840339,102.23604037751578,188.88672727541243,0.458744180429114
1081,28,transport_free,3,True,10,10.359845654076068,43.24451319128869,32.08290304243192,8.708814011268307,6.228948170402181,-0.3981195176176928,135.7488451267993,245.74681456814736,0.4476068983219509
1082,28,transport_free,3,True,10,11.380226483879172,41.500179272736716,36.58567266173314,9.248713115051228,6.93171080063309,-0.3342612496479973,167.04608673386687,344.8803895905962,0.5156405183485049
1083,28,transport_free,3,True,10,12.637894626304883,37.040200056648715,37.14361362817125,7.4047909478034954,5.5644528407480545,-0.3307311895212388,214.83393565650536,442.6576979270283,0.5146725411924937
1084,28,interaction,3,True,10,14.479439342869671,34.424722103836565,37.14361362817125,5.9506283519702485,4.079361057911684,-0.45871578109747113,205.6338493082017,449.5926058646199,0.5426218166716879
1085,28,interaction,3,True,10,14.194358302477387,41.34201326049401,37.14361362817125,7.541154264966612,4.8970951749404295,-0.5399239744321176,188.54681100421658,433.7263245900435,0.565286217795449
1086,28,interaction,3,True,10,13.520413553611796,87.73050830756132,37.14361362817125,30.54802265403971,35.0813960205756,0.12922442892172892,82.2547960885511,239.5926731396755,0.656689017194616
1087,28,interaction,3,True,10,9.243969597535866,121.0086460988149,67.10829897120617,68.4150576168549,81.47958489145584,0.1603411123412698,138.11470226168558,110.54856746775273,-0.2493576843677685
1088,28,interaction,3,True,10,8.729919056870843,50.38035829757487,87.69405207025545,41.83830327680033,13.084628587936196,-2.1975155424262125,92.44962101801462,119.05884265145538,0.22349639086732276
1089,28,interaction,3,True,10,9.254552993952334,143.9550385900332,80.54632343776566,97.97383996801193,101.72248995489038,0.036851732478636934,158.68799562896956,169.56410058016579,0.06414155422040091
1090,28,interaction,3,True,10,7.437110552789564,59.854663574437076,63.942809144518456,36.88264627984086,16.111877604791943,-1.2891587923229597,178.71832733575545,318.2181775091262,0.4383780061381629
1091,28,interaction,3,True,10,11.084765551694304,42.84228425860024,37.14361362817125,10.977773307156232,8.173052179566737,-0.3431669180580439,193.98237356732088,429.04689962925045,0.5478760626520187
1092,28,interaction,3,True,10,13.698003368667752,38.88189441907751,37.14361362817125,6.8263836267026425,4.910069190627061,-0.3902825727453447,229.16530725597485,462.46298278019486,0.5044677827438238
1093,28,interaction,3,True,10,14.92211632537559,53.04506224772027,37.14361362817125,8.861743757757822,13.512830612757059,0.34419782118842557,172.79708843385973,400.7350031652223,0.5687996130385051
1094,28,transport_free,3,True,10,13.09909321915645,99.56712408013215,37.14361362817125,34.60441443790835,47.983582643153426,0.27882803801341605,125.34756995257516,273.94433931843827,0.5424341665009961
1095,28,transport_free,3,True,10,11.50035671766646,73.62888521286693,37.28263363862288,18.38013307331528,24.39416964486354,0.24653581815253867,122.6183975769517,205.76875933092586,0.4040961418261181
1096,28,transport_free,3,True,10,10.878757429717739,48.602849559728476,32.08290304243192,7.06703449263848,7.157497234942358,0.012638879112973456,103.37688439284177,182.63115816187997,0.43395811846513654
1097,28,transport_free,3,True,10,10.58203345758177,43.77265288766636,31.109134610969168,6.567915220506851,8.529319873419363,0.22996026436117167,105.75655960699311,198.51164008151798,0.4672526026002072
1098,28,transport_free,3,True,10,10.692667058058678,42.31000781728624,32.08290304243193,7.841341775216506,6.590307113020656,-0.18982949363985568,127.09685534355701,233.94369062799478,0.4567203116169528
1099,28,transport_free,3,True,10,11.236703412291249,38.99567491594829,34.97086890790558,7.063578737132134,5.644234075461465,-0.25146807214132516,151.9098075267492,305.8315283620867,0.5032892509797197
1100,28,transport_free,3,True,10,12.191904950379596,40.14320571749961,37.28263363862288,8.180888370835062,5.926223242821883,-0.38045565204519316,227.2257594005334,431.602070842499,0.4735294968418884
1101,28,interaction,3,True,10,14.850813812563734,39.47382460777643,37.14361362817125,10.131312034968486,6.665609729513498,-0.5199377770513334,217.64680573438804,462.3913644970468,0.5293017507558186
532,14,transport_free,4,True,10,8.53949427889252,42.04128380173858,37.28110336558773,7.3140287231505665,3.8068275480767717,-0.921292370295484,81.94987923536362,155.8859084901968,0.4742957844677975
533,14,transport_free,4,True,10,8.776393393969155,41.796707979781104,37.10634461512945,6.760226739789419,3.422799746595642,-0.9750576254170937,78.0445318783987,150.00904067167104,0.4797344778091279
534,14,static,4,True,10,8.45405003203199,40.80424604060875,40.26553231388842,8.809650856112906,3.1890626106859323,-1.7624577913878108,74.85347190722153,137.8593726183329,0.4570302295335753
535,14,interaction,4,True,10,7.995572889868745,37.06246740559013,37.498926690883636,8.228433990331117,2.9040042504781756,-1.833478631781003,72.46195396705484,134.86492800452785,0.4627072060971845
536,14,interaction,4,True,10,7.991287277074015,43.747809729339366,37.498926690883636,9.747907178893572,5.786853079239368,-0.6844919069856272,57.96540222322261,120.59639362574653,0.5193438171699407
537,14,interaction,4,True,10,7.0470488807210705,41.71372321710922,37.43487280496955,8.822408733527984,6.564619446151763,-0.3439330041743329,27.981625389361806,86.37915696899978,0.6760604482467454
538,14,interaction,4,True,10,4.968564248161509,46.490628340187385,35.42643360775109,7.481810427214349,8.265820588793302,0.09484964658462403,4.7304884131415195,61.11487273237116,0.922596772247946
539,14,interaction,4,True,10,2.9680895232063396,46.11561679790726,27.685361856224855,8.617970786249673,10.676828442711184,0.1928341986113904,4.890873581433304,63.24098771956407,0.9226629159696018
540,14,interaction,4,True,10,3.3626798334104255,293.3172560291402,59.64196044673711,436.9983489224955,465.653795692258,0.06153809339653771,451.44561689235593,407.3705836190334,-0.10819395176196811
541,14,interaction,4,True,10,18.161106383204952,300.68355731607977,96.83859866884319,295.91010271150793,466.5220673947535,0.3657103845826871,563.252607749817,510.6724890174337,-0.10296250505593285
542,14,interaction,4,True,10,21.98370713304505,101.9306813376893,72.5273661367381,74.18229442777346,58.77043878665632,-0.26223822655236595,429.32027351210263,1129.9574651098376,0.6200562527631335
543,14,interaction,4,True,10,22.99534412060355,96.68802285722431,82.4622907252381,51.20619316177638,47.6283555329546,-0.07511990680312763,181.02156940106423,1384.9921602551042,0.869297766012104
544,14,transport_free,4,True,10,18.36361929344063,152.51056009238047,91.48114753622677,25.32103132623034,98.48008868039675,0.742881716847289,128.53735093010903,1325.48794253141,0.9030263899008926
545,14,transport_free,4,True,10,17.0401268706661,212.33232692808008,95.46082124992964,80.89357403942859,203.30324531614644,0.6021038724018638,238.4108479063029,1286.5085938911075,0.8146838279678974
546,14,transport_free,4,True,10,17.203232715800304,113.98987983751222,70.70816128050288,13.88551855332826,48.04550885489255,0.710992371935004,199.04085041589678,1286.4995778717762,0.8452849469681405
547,14,transport_free,4,True,10,14.428642394335856,55.46587707896723,59.37302141533068,17.634702493704246,10.661872426086868,-0.6539967642603424,240.72598885620434,1125.095202983166,0.7860394496235301
548,14,transport_free,4,True,10,16.21210568656893,57.23654491864305,59.37302141533069,8.955000218262951,10.599770145282116,0.15517033902393074,179.15662491146168,1271.8045209499066,0.8591319483770586
549,14,transport_free,4,True,10,14.291287636113722,50.96522884487193,59.37302141533069,22.183283862932242,11.692036656340791,-0.8972985216311196,189.97012073758881,1334.675862830649,0.857665725418387
550,14,transport_free,4,True,10,15.747061938861966,47.207611079461884,57.88212759655724,21.062572382238006,8.873354952812663,-1.373687572991952,198.33437081480983,1333.8509592343833,0.8513069474203837
551,14,transport_free,4,True,10,14.272647507403274,43.88169229845007,76.09841587600238,20.1622866504113,4.299641797618525,-3.689294503923265,253.18529313208387,1303.2931819836576,0.8057341996167531
552,14,interaction,4,True,10,18.68715366097635,49.059826005432214,83.34935076563573,28.78159614797879,8.060082064544437,-2.570881278564941,202.72930869917187,1380.2531694336265,0.853121649572187
553,14,interaction,4,True,10,18.281159773503767,41.3630238696956,92.8124537019862,40.02705397323228,5.228074086031193,-6.656175737864909,224.7379713832853,1397.7998482649057,0.8392202061960062
554,14,interaction,4,True,10,16.946468040467504,198.48872893632083,80.26192637477756,170.53962996876365,182.03410714775683,0.06314463459126995,392.4890729592142,697.7976832896817,0.43753170530909113
555,14,interaction,4,True,10,18.897289883889265,227.1107244523226,66.9865804567022,228.58600883958357,242.39367142317678,0.05696379159787324,641.0007691005678,237.49460138587108,-1.6990119579985619
556,14,interaction,4,True,10,15.579414659697909,149.9424700613778,24.875294637276415,119.97071718670378,108.53012886698791,-0.10541393840725277,325.2707913698119,419.2182906630444,0.22410162291498104
557,14,interaction,4,True,10,16.136349806508722,105.03233313559151,43.722807314038384,69.47423748867948,59.00283166348502,-0.17747293697558053,173.96249331908498,232.4604879399401,0.25164704393104864
558,14,interaction,4,True,10,11.095344114047748,136.54469497008213,37.947674512319885,80.57967325024414,106.93961296242246,0.24649368912005454,522.0842270122276,495.55941655560946,-0.05352498523987115
559,14,interaction,4,True,10,21.629650479195774,131.41010423634498,72.5273661367381,121.50995768279216,99.77457419283418,-0.21784491355432944,296.76808117581396,1100.0870406005577,0.7302321814337502
560,14,interaction,4,True,10,19.456868910190256,78.80135483727935,80.26192637477757,22.669624107274274,23.355060032795127,0.029348497694219766,332.36543381770196,1292.7057135411444,0.7428916494015918
561,14,interaction,4,True,10,19.59243617617127,71.33706360336299,91.48114753622679,7.515832622705322,15.378721030332047,0.5112836361436328,233.5116148200925,1351.1023379423475,0.8271695575808732
562,14,transport_free,4,True,10,19.830095660779477,155.60923349824816,91.48114753622679,31.303598767139874,102.64339456816839,0.6950256867591196,219.67790943893837,1407.839288427151,0.8439609469314042
563,14,transport_free,4,True,10,17.88305111958104,196.75426573906526,95.46082124992964,69.14547649853215,172.7005729468133,0.5996221939586331,380.3956650745167,1371.6219115012407,0.7226672584588755
564,14,transport_free,4,True,10,21.363770762622423,72.09113552578262,64.45293121922788,9.692303469013268,18.482063716343312,0.4755832672277521,262.4831706121674,1311.9273125360824,0.7999255232328673
565,14,transport_free,4,True,10,22.947691001645296,66.89611675106855,59.06909977281019,3.921427748713091,14.416370588743312,0.7279878645895073,270.73202665006403,1311.2610695898334,0.7935330858753018
566,14,transport_free,4,True,10,22.998442952650763,84.3629840915371,59.06909977281019,7.586992568576523,23.868672391682633,0.6821359628187651,284.16183206066444,1330.9345862041341,0.7864945167056612
567,14,transport_free,4,True,10,22.80110634353465,64.56298127759744,61.16285611892778,2.5958435126144472,10.673001904729235,0.7567841235496995,256.8953021784435,1357.9908111170305,0.8108269215996157
568,14,transport_free,4,True,10,22.465425199647292,55.60356719553098,59.06909977281019,27.83564415710857,13.305432182812266,-1.092051109250415,369.1953458571684,1432.7292789884057,0.7423132539611093
569,14,transport_free,4,True,10,20.258279670574854,85.61780090456017,78.41645187799044,63.117647319052736,36.55896098741793,-0.7264617378151199,300.1687455599433,1518.804661623448,0.8023651407290959
722,19,transport_free,4,True,10,8.530487789598826,37.352937266879806,28.260000796069324,4.854007038388219,3.8094002204507653,-0.27421818593107705,78.90859696023485,158.5659432327879,0.5023610029274035
723,19,transport_free,4,True,10,9.038372337391337,39.110013491759446,27.46724133050972,4.018721254556501,3.6775021530989345,-0.09278556130008808,80.22356298526249,138.1670865102836,0.41937284043916245
724,19,transport_free,4,True,10,9.111436443096041,41.24233680513127,35.47004309853407,5.017355091722349,3.4302185509045766,-0.46269254196623466,73.64487659026705,126.82108530895458,0.41930100652539415
725,19,interaction,4,True,10,8.840398716823273,43.231695597939506,37.412057463127,6.980888357581466,4.895730718184013,-0.4259134661252173,71.68963266759589,110.31842647024747,0.3501572224932854
726,19,interaction,4,True,10,8.745846510120273,43.43598353764798,35.54900001555365,9.438046106939943,7.284772995560129,-0.295585478462016,51.760158117161154,86.65816834680129,0.40270883744023056
727,19,interaction,4,True,10,7.458384008658289,52.40874118501213,26.70629150203031,10.307048253505927,11.57373291381142,0.10944478067174901,29.04453207750343,78.17205541067683,0.6284537751384686
728,19,interaction,4,True,10,5.7726806727902815,72.79661549624426,28.754021942685995,23.41037055178731,26.20727642182935,0.1067224928307452,9.512986147251414,66.80390584121196,0.8575983540563767
729,19,interaction,4,True,10,3.4299039330391152,45.23978630449799,31.930718565292413,10.395439709236138,6.623263309090284,-0.5695344159077331,21.142522444474704,76.1074540042374,0.7222016854840847
730,19,interaction,4,True,10,4.6173141388529295,50.90746124518575,31.903044227586882,12.3952255274718,8.678000132647353,-0.4283504653151522,38.92697154840749,91.26294154661429,0.573463545128832
731,19,interaction,4,True,10,6.132271452394461,43.17033233143821,29.654784244637877,8.26351306397339,5.920197527968614,-0.39581712011032066,61.24232960518828,111.43002041865873,0.4503964966075392
732,19,interaction,4,True,10,7.759094014383462,41.39852458125017,30.42421462344602,7.2706401853767675,5.167797285936633,-0.406912806963752,91.40057295780394,138.5465721558326,0.3402899000994437
733,19,interaction,4,True,10,9.563295135241166,37.16699597406302,31.455626815391213,5.658353120342658,3.9022004260108076,-0.4500416438443047,84.98484820327072,140.61837280617,0.3956348199220394
734,19,static,4,True,10,9.85968716725493,39.292125047214626,31.455626815391213,8.17232643532299,6.640726503277372,-0.23063740560460277,99.78106298207308,148.18212112758138,0.3266322399571815
735,19,transport_free,4,True,10,10.511987589795046,53.99107660423398,31.48910068227992,18.61625855462277,17.138755760955277,-0.0862082880621633,124.29721738731274,159.1160884556667,0.21882684149852816
736,19,transport_free,4,True,10,11.46185986374499,55.33612645995971,39.168359212621425,25.936537653981944,18.814918441936907,-0.37850917260271144,102.59812310119186,145.10495669452135,0.292938536088853
737,19,transport_free,4,True,10,10.645710226426012,35.825887561182974,38.38862468735501,11.571403829546485,5.787336906728854,-0.999434976058259,97.4173217321625,141.22695557911214,0.31020730898931315
738,19,transport_free,4,True,10,10.391017443176894,37.76988725299155,44.917779746828614,9.319290071206384,3.605120711931075,-1.5850147098720937,109.06782371882524,151.134292958358,0.2783383467518079
739,19,transport_free,4,True,10,10.930912688427199,34.75732447116797,45.336359246297796,8.734376586254294,2.9039980569159316,-2.007707448513333,115.81248318352715,156.8661023073772,0.26171122071616204
740,19,transport_free,4,True,10,11.313255030376435,46.51770415115557,45.253342691399766,10.5898528169332,6.372114223915293,-0.6619056791524922,113.67494750647803,161.93854018952166,0.2980364811647632
741,19,transport_free,4,True,10,11.414597420025736,44.8592809463767,41.25541342712277,8.521885639173501,4.615069909805249,-0.8465344633388479,85.0978970781784,141.53958984671254,0.3987696504537036
742,19,interaction,4,True,10,10.087962733588,39.5380715336587,32.74910314785219,5.927878382196822,3.5487978080976608,-0.6703905668197174,75.49213626239451,132.48029885206572,0.4301633003810409
743,19,interaction,4,True,10,9.353108884950288,41.4800985004784,31.489100682279922,7.235258863911945,5.740365771087931,-0.2604177420806928,37.42023716499565,92.70948197486024,0.5963709820410519
744,19,interaction,4,True,10,6.714733052120616,56.709156957031055,24.718438328531036,15.915753207943316,14.887809643425463,-0.06904599058813177,25.10033344846856,83.13272507101408,0.6980691607663863
745,19,interaction,4,True,10,5.390377062280492,51.659760927639,27.514383005852622,12.105703408512724,12.089990641996463,-0.0012996508418856578,16.90763148040186,69.99739420761021,0.7584534157049572
746,19,interaction,4,True,10,4.318594376708802,36.823024962018366,32.1438027663378,7.903842760609968,3.7801959665749725,-1.0908552970525505,26.990892397334846,73.23177997572358,0.6314319765778962
747,19,interaction,4,True,10,4.919499045931745,65.83511604684665,34.235255867651595,18.65912684987821,16.540069736379888,-0.12811657672987042,37.9999253446765,91.231147971563,0.5834764092136473
748,19,interaction,4,True,10,6.063068635333214,42.21900563745056,29.378973992137,7.876800810730561,5.570171540801774,-0.41410381224933857,54.220966663712495,104.70015046660359,0.48213095757672797
749,19,interaction,4,True,10,7.321028383219348,42.449040814691486,29.654784244637877,7.546061664791395,5.588770486307284,-0.35021856475937874,66.3196974156983,115.17599969336486,0.4241882198351876
750,19,interaction,4,True,10,8.145654492353366,42.0068651965682,29.173489991910092,11.502293271049524,8.607820480744493,-0.33626082197925755,95.37450436814508,138.3962043858182,0.3108589589475885
751,19,transport_free,4,True,10,9.816924465255356,45.70416090890625,26.961471823794977,11.964749191329323,11.892680061175776,-0.006059957030948748,114.24741134768489,147.33502216425896,0.22457396979033117
752,19,transport_free,4,True,10,10.950318911975781,53.297874032518955,29.191067788773253,16.503137507972777,14.860930670011536,-0.11050497942737292,122.05670768492381,146.45637446454097,0.16660023757125464
753,19,transport_free,4,True,10,11.25180251109425,54.103319444890744,37.420250530980596,22.263628302810957,15.950637511351744,-0.3957829765090195,94.30725889390276,129.47912532503665,0.2716412112210408
754,19,transport_free,4,True,10,10.129294646846844,65.92519305181104,39.54486680540476,31.607841349844534,22.189768957431138,-0.42443309844645216,102.32603476628914,147.33537598714204,0.30548903085421164
755,19,transport_free,4,True,10,10.45155245921784,46.55585937071887,40.737142832407834,12.576618033975736,8.051841256527231,-0.5619555370370088,91.02222697917607,132.32815896401908,0.31214771147896325
756,19,transport_free,4,True,10,10.155980327404649,48.48504348834408,41.03250288772321,9.787627131223887,6.905370294731738,-0.4173935232251176,113.83985153884639,152.02607297935188,0.2511820551050603
757,19,transport_free,4,True,10,11.278911321550016,39.848634438211356,41.99300427070619,10.09382443410203,5.035386216411496,-1.0045780006315916,109.10784941513923,150.56170191795186,0.2753280015750804
758,19,transport_free,4,True,10,11.21978047785175,40.474266965335794,41.25541342712277,8.895477901972733,4.604169885809219,-0.9320481482210301,92.1802627021811,138.96272812187541,0.33665477104525743
759,19,static,4,True,10,10.34615538630908,40.32967626203092,31.489100682279922,6.011236011215465,3.8918985567845987,-0.5445510522714694,91.25408405626173,140.95144024621092,0.3525849477177312
912,24,transport_free,4,True,10,3.2012791676186314,47.426693144617765,41.51101051133723,1.4474439047973202,5.31588119704158,0.7277132706421545,4.3743003713216355,68.7610600651653,0.9363840469129463
913,24,transport_free,4,True,10,3.329610555961879,42.93794538438517,43.5806019574223,2.190679330736996,4.175946233871501,0.47540528348564803,8.115228723369823,75.52828859004238,0.8925537851464076
914,24,transport_free,4,True,10,3.046494294933492,41.62975026564687,39.24633812256487,2.8054163451572354,4.30407456501733,0.3481952269230866,8.030054614912139,81.28472736827219,0.9012107824569452
915,24,interaction,4,True,10,3.2880173685936285,46.110380280796534,37.43920626871375,5.760171140250434,7.135741903301176,0.1927719334151321,23.814263379112504,79.1523639411013,0.6991338957755813
916,24,interaction,4,True,10,4.754891084676206,50.792022357295735,27.52587111308398,9.028640445231694,9.45060233161382,0.044649205582441454,15.702973554898266,73.62927731813429,0.7867292179570157
917,24,interaction,4,True,10,4.409348528725989,55.21327874571793,26.86042315188535,13.30983196865443,13.26124998204867,-0.003663454551533496,10.501558613775776,70.3303352442975,0.8506823751472554
918,24,interaction,4,True,10,3.5410548041591383,57.99045696122467,26.87160615184001,14.951676567310962,15.976938899604507,0.06417138719350834,7.827799515694981,68.51412838639823,0.8857491191955528
919,24,interaction,4,True,10,3.2395311906588655,73.46083682428349,30.393891937694587,35.430503350886646,25.868347975263756,-0.36964692854629,13.423504904372196,63.59055115017684,0.78890724075231
920,24,interaction,4,True,10,3.525214789621777,452.3160060362148,39.248271333191106,1096.4739763538737,1086.8812515567602,-0.008825917995525012,2339.5358556474507,2170.6161069759637,-0.07782110716335788
921,24,interaction,4,True,10,24.64207423392001,147.79758900274405,53.74448056257413,86.67541193498812,124.33215892594762,0.30287213956759096,123.63651850154298,3333.8866959299135,0.9629152008517622
922,24,interaction,4,True,10,16.552981127202628,41.57608901373232,64.93388688855704,16.136458815680253,5.533750801475652,-1.9160074955629085,151.78053199393446,3986.8313814785365,0.9619295331377556
923,24,interaction,4,True,10,11.7948664038096,50.222828163985845,81.390863203827,19.764276866037857,6.816925674266635,-1.899294756967421,98.00238556873411,4119.2472031337975,0.9762086661139985
924,24,static,4,True,10,12.19302480139008,93.57238610224692,86.59399339201481,45.06925637940849,41.37794637256823,-0.0892095990845847,56.008973128056276,4327.155574742981,0.987056399484462
925,24,transport_free,4,True,10,9.17354471715702,204.82600109919068,83.5008261939043,99.68226467042956,202.0236779224788,0.5065812795038809,207.83454308981302,4561.836896326248,0.9544406019300719
926,24,transport_free,4,True,10,13.232783458408345,193.39201282635293,76.73932357931885,100.27878093576152,181.40690726370204,0.44721630257445855,259.03701754085273,3721.8693640943147,0.9304013676460976
927,24,transport_free,4,True,10,10.02527050729228,68.4612510235069,38.005020431935165,19.168593878192045,23.738482796545963,0.19250973019298667,185.58660729565554,3364.251539223085,0.9448356922388409
928,24,transport_free,4,True,10,12.85199122947289,64.49672594903438,38.005020431935165,13.977052521814398,22.567082549015485,0.38064424183071177,100.23450530024957,3954.0699377363685,0.9746502952960837
929,24,transport_free,4,True,10,11.857262862031414,50.37019196537003,38.005020431935165,7.872211559177809,13.182230478562127,0.4028164223057582,62.93555541427611,4384.897808683675,0.9856472013350822
930,24,transport_free,4,True,10,11.876867618950804,45.00171218933034,38.005020431935165,12.155230138551516,8.793721993264102,-0.38226227163677606,91.14811088448205,4504.509382342926,0.9797651412955714
931,24,transport_free,4,True,10,11.88337859326404,72.12818000251738,53.4658050557746,41.574189144363686,27.801836173968606,-0.49537566095330066,201.14618655386292,4346.897817799988,0.9537264976116542
932,24,interaction,4,True,10,11.300834204002363,48.698803979464806,82.00706161734833,43.59317207649161,9.542666154803022,-3.568238201914909,114.87307104298128,3937.9569800888985,0.9708292722282639
933,24,interaction,4,True,10,10.066003207770937,186.36799049537623,86.59399339201481,138.37010278194822,165.93081456671214,0.16609761036087245,439.25429503827496,3173.0106305817267,0.8615654511823228
934,24,interaction,4,True,10,19.680492559155695,248.65630309152218,65.28039724593816,247.00866575723308,302.5524312122331,0.1835839336423558,1174.455729876823,757.5337040950984,-0.550367625265932
935,24,interaction,4,True,10,23.22995395598818,258.6796438924863,103.94310588106883,364.49763034876827,313.92772844729535,-0.16108771962131074,693.2467189601981,286.36913408292133,-1.420815082534212
936,24,interaction,4,True,10,14.125409922042792,75.52533476381336,35.88233527906413,28.220675177825587,33.21618837542273,0.1503939326552416,326.48611325329796,425.93956378998087,0.23349192935202578
937,24,interaction,4,True,10,18.672102626205387,572.0689140515788,41.46958289548758,1633.5803351137802,1705.8451428970181,0.042363052756659636,1168.5893503965408,1136.765285716382,-0.02799528194609091
938,24,interaction,4,True,10,26.251319236781406,173.4064049944124,65.09115566701469,248.15411613701613,154.44792404932284,-0.606717070912318,600.3613554983602,3046.9990717649785,0.8029663477545466
939,24,interaction,4,True,10,17.59958679797977,56.139130877737195,50.76762489207261,11.050980094388771,13.801857219297352,0.19931209845167686,141.5656088925602,3870.061309893143,0.9634203188123475
940,24,interaction,4,True,10,12.671691674693998,100.02540540007683,81.390863203827,116.96932456444766,57.56046487340647,-1.032112228796274,156.7310935053471,4089.7375510993948,0.9616769801125221
941,24,interaction,4,True,10,14.460705393083632,88.48777419509118,81.390863203827,16.749151807848005,30.427412618865393,0.44953742805382957,87.12012236011473,4263.301946991266,0.9795651062384643
942,24,transport_free,4,True,10,11.575551120763144,145.05708750900428,86.59399339201481,39.54555857508158,97.78058454690706,0.5955683967494501,150.73896550490068,4496.577934361553,0.9664769592109153
943,24,transport_free,4,True,10,12.89549833699958,174.84989532337553,86.72978051697588,52.230958364995566,145.33898742919135,0.6406266529795228,204.02886999808618,4297.166909963404,0.952520143091248
944,24,transport_free,4,True,10,12.290903521232053,120.98540400659815,40.6615298170012,58.891211617895245,69.48105330903752,0.15241337295277935,317.4229339658861,2985.0986878430745,0.893664174233635
945,24,transport_free,4,True,10,14.846722384724648,56.47019004461548,45.67681335508467,13.026638481621303,16.270186425650603,0.19935530295557746,117.3205655571514,3488.564404080574,0.9663699585365483
946,24,transport_free,4,True,10,11.704826288392248,64.14231534587097,45.67681335508467,32.62797382182843,21.502967396900377,-0.5173707525842086,113.5059650773793,4345.087714629391,0.9738771752074835
947,24,transport_free,4,True,10,12.229459858864546,53.630802914346404,40.6615298170012,15.678859536744866,13.849453843385954,-0.1320922625575287,166.32661772618854,4521.58249076265,0.9632149544841911
948,24,transport_free,4,True,10,13.61531920387168,52.71623603847915,72.5554826383844,25.35864630125869,12.277170894940566,-1.0655122029545923,186.1629565869899,4455.023433027899,0.9582127996888082
949,24,static,4,True,10,12.40950151234254,49.46332068494196,82.00706161734833,45.72021301804643,11.313036972259928,-3.041373959101737,186.16380360457904,4048.6778554835914,0.9540186178674512
1102,29,transport_free,4,True,10,41.46040603720812,44.90348495787749,59.24039549214521,19.39510887396502,7.455835068629082,-1.6013328749144708,1338.733940505225,1831.8402871989038,0.2691863205212587
1103,29,transport_free,4,True,10,41.517342630619495,49.40710142067768,55.03855500570263,16.70337414360557,9.19152195470124,-0.8172587984802884,1257.724540617292,1892.7398066918877,0.3355005605257858
1104,29,transport_free,4,True,10,41.61057604900417,33.821974554850755,52.65432053666486,14.634474361682893,4.593569533965667,-2.185861072412858,1281.8142314048453,2000.1017798484509,0.35912549835240426
1105,29,interaction,4,True,10,42.326559523950316,59.66834508308684,62.37470703277708,40.16292093792824,16.130236009449877,-1.4899152693363473,1174.317787666865,1929.7987652617492,0.3914817395441821
1106,29,interaction,4,True,10,41.66841762923686,100.40002738033422,62.37470703277709,77.41276062954842,45.68436838110801,-0.6945130987421322,1167.780154335744,1994.582566025858,0.4145240341378754
1107,29,interaction,4,True,10,41.725591825691495,117.28791793759419,65.35651750952908,101.83599772519769,67.85413685965233,-0.5008075032452703,1134.5977992311848,1913.6824882538642,0.4071128276528013
1108,29,interaction,4,True,10,40.68738174625233,319.21556354114983,86.2827913875996,358.15634921944934,522.3035696115388,0.3142755093827394,576.1991485715254,614.0169736945088,0.06159084641493784
1109,29,interaction,4,True,10,22.92548936442686,208.68616224312288,67.2809866259292,299.969788174863,230.60330914774306,-0.3008043522162911,46.28526462401181,70.58737240518983,0.3442840688512616
1110,29,interaction,4,True,10,3.6549576853042325,150.83198397601956,34.28820837681215,111.55369493089837,117.46138912648543,0.05029477549618877,91.22368929870929,158.25566955455568,0.42356763864777924
1111,29,interaction,4,True,10,9.093117869817103,74.1818665839578,38.69572388598372,22.192972231228925,22.971613971233364,0.03389582207760877,141.52948434384805,230.31724740496477,0.3855020154222405
1112,29,interaction,4,True,10,12.436073595919833,37.00305215872307,35.06201543465678,7.235891289964151,4.139389054315438,-0.748057791866777,176.04791545279795,251.11194402687283,0.2989265559030593
1113,29,interaction,4,True,10,13.30813176372797,31.995269478490886,32.14419201740266,5.6492913722658935,3.4381461978303895,-0.6431213355123837,170.42219689757218,240.892219476327,0.2925375619517676
1114,29,transport_free,4,True,10,13.158815410425225,50.39588158671832,44.50893615327462,15.225209981205424,11.507929519945542,-0.32301905002260334,129.4259362459469,175.90884493478578,0.26424429485664214
1115,29,transport_free,4,True,10,11.148112405096262,65.59917061509705,45.90674605225277,25.686878930388648,21.220152617370417,-0.21049454231360487,55.45218216757564,97.01174517955026,0.4283972310265709
1116,29,transport_free,4,True,10,7.747853099397053,60.746146123882355,78.06017350113804,55.25202397112861,12.061090502274238,-3.5810139606124576,59.00260533739701,77.78450922449333,0.2414607236627283
1117,29,transport_free,4,True,10,5.463240992043635,56.85805465512771,58.64352935806091,43.85434403820184,12.6744889186224,-2.4600483159338626,58.827106068252675,90.7981082756502,0.3521108844067333
1118,29,transport_free,4,True,10,6.0508097732796,51.59090441788983,37.4451539993641,13.497400206850934,10.960743808644663,-0.2314310454191646,18.01625303969956,74.43108238121529,0.7579471846529744
1119,29,transport_free,4,True,10,4.707660301153073,45.04213167451976,38.562438756557114,8.244182394172997,5.800789019310058,-0.42121741830795867,21.318013961437618,70.00322279789467,0.6954709639156963
1120,29,transport_free,4,True,10,5.195355975579262,39.38700907600739,37.85098919936752,5.769967769102183,3.464449806257928,-0.6654788182180433,43.31233792844242,93.31381028273364,0.5358421460102274
1121,29,transport_free,4,True,10,7.290344719931406,38.958766024318884,44.54016965077429,13.450386471373966,4.102032199087177,-2.2789568239778983,119.28440526327672,168.63027792430594,0.29262759492799617
1122,29,transport_free,4,True,10,10.716875695582576,54.88152300882059,46.78137513895681,20.201117888866737,12.440168812270615,-0.6238620386679119,216.54221179389958,275.0046648289977,0.21258713219083392
1123,29,interaction,4,True,10,14.165384604287446,39.88346859334028,34.08950263414336,7.286610701201251,5.173510449998261,-0.40844611635097805,191.17490499142116,276.6737676687027,0.30902410227651356
1124,29,interaction,4,True,10,13.70304688201249,58.97519223805151,37.41064174416426,14.600963515608548,14.197104718808825,-0.02844656039373139,135.91789174321133,246.58401288931702,0.44879682121070785
1125,29,interaction,4,True,10,12.278005014293582,52.137528276995354,50.939859474843175,18.890713933808268,13.05407177987396,-0.4471127669860768,57.006048560964956,153.31641872005085,0.6281804060069031
1126,29,interaction,4,True,10,8.5306101258032,55.93798772133307,50.76085985126975,11.449956439082788,10.863302774264033,-0.05400325085374402,34.655058817059704,105.52574867203855,0.6715961814707092
1127,29,interaction,4,True,10,6.823146376051461,47.83911614060307,37.230886513920176,8.900370794709987,7.925601349844906,-0.12298996654482952,32.402632002283816,121.03028852563318,0.7322766689478625
1128,29,interaction,4,True,10,7.383127340497314,59.907241332316225,37.97153757941842,12.333190918623602,13.831933921258388,0.10835382898492296,74.96257513640406,165.00377861993584,0.545691766798442
1129,29,interaction,4,True,10,9.43925441168056,47.566663159669,40.248354221521495,11.293930896322436,7.393626934534116,-0.5275224184724279,109.02964506291426,199.52091760831073,0.4535427845367287
1130,29,interaction,4,True,10,11.200938442508196,44.41867029151274,35.20724480142276,10.951405666422852,7.562712555751825,-0.4480790570433295,142.0990405256495,213.49220310553264,0.33440641644693847
1131,29,interaction,4,True,10,12.116702001771692,31.3247911971753,46.731871907925054,10.704452039946629,3.0794493652187893,-2.4760928888292004,156.21844171317397,210.9481451859232,0.25944624175060726
1132,29,transport_free,4,True,10,12.20508710086738,47.81923207809741,44.012383151723924,14.35580881373898,10.681306105006032,-0.3440124899155179,113.13465294385388,159.10163047632872,0.28891581685779044
1133,29,transport_free,4,True,10,10.414748915825973,78.91600773875979,46.78137513895681,33.22748065490037,30.169562295021915,-0.10135773035006945,35.42513641728735,69.95498563909047,0.4936009764900592
1134,29,transport_free,4,True,10,5.836673305139735,49.636290960042956,30.964060014449288,16.919551712323393,9.256452095237126,-0.827865745778481,16.929778362966477,64.31922895547376,0.7367851163967396
1135,29,static,4,True,10,4.507816529573259,38.847537690071675,34.3328047009267,7.936021576893698,3.6162152451192213,-1.194565599380426,17.073027536932,63.999211871055586,0.7332306596004585
1136,29,transport_free,4,True,10,4.637992499525311,42.55374433458696,32.584874766766,5.486406722304053,4.118552642476667,-0.3321200913447193,21.049175863199235,65.95731950932914,0.6808667177534102
1137,29,transport_free,4,True,10,5.097880103926637,39.15065367246909,36.32186397656932,7.780859354462357,3.5232871765943408,-1.2084090692781522,45.63474475007323,91.79150020199404,0.5028434588207996
1138,29,transport_free,4,True,10,7.2640596551420655,36.42183429733626,46.892225402176265,12.197181925716025,3.500621825446911,-2.484290087278667,118.9614641142072,161.00898346476745,0.26115014482878984
1139,29,transport_free,4,True,10,10.52688835767842,30.796099877454328,46.19986303954488,11.215321739361762,3.039712190334409,-2.689599882194086,167.90108511597563,219.61150327135908,0.2354631582822343
